timestamp_unix,timestamp_iso,sample_timestamp,sample_clockbase,block_index,block_name,mode,sweep_variable,sweep_value,point_index_block,point_index_total,set_bias_V,set_amplitude_V,set_frequency_Hz,measured_drive_V,measured_frequency_Hz,model,model_name,param0_name,param1_name,param0,param1,C_F,R_Ohm,demod_R_raw,demod_R,demod_R_gain,Z_real_Ohm,Z_imag_Ohm,Z_abs_Ohm,Z_phase_rad,imps_current_range_A,currin_index,currin_range_A,currin_norm_min,currin_norm_max,currin_est_A,currin_peak_A,iv_autorange_mode
1781063484.8573694,2026-06-10T11:51:24.857,87697796835696,,1,cf_0V,frequency,frequency,0.0,1,1,0.0,0.1,0.0,0.099945068359375,0.0,0,Rp || Cp,Rp,Cp,100.27098654933863,nan,nan,100.27098654933863,8.717036232473186e-06,8.717036232473186e-06,1.0,-100.27098495481894,0.017882061433636066,100.27098654933863,3.1414143162447266,0.0010000000474974513,0,0.0010000000474974513,-0.227264404296875,0.561065673828125,0.00016690064269297977,0.0005610657004773145,off
1781063485.2700021,2026-06-10T11:51:25.270,87697822353776,,1,cf_0V,frequency,frequency,100.0,2,2,0.0,0.1,100.0,0.099945068359375,99.99999996068709,0,Rp || Cp,Rp,Cp,1326.8320354479545,4.129904177990777e-09,4.129904177990777e-09,1326.8320354479545,4.92933685873566e-05,4.92933685873566e-05,1.0,1326.8163071262018,-4.568215601879778,1326.8241712637723,-0.0034429766401372704,0.0010000000474974513,0,0.0010000000474974513,-0.108551025390625,0.561065673828125,0.00022625733496539624,0.0005610657004773145,off
1781063485.6914468,2026-06-10T11:51:25.691,87697847871856,,1,cf_0V,frequency,frequency,111.67312606580774,3,3,0.0,0.1,111.67312606580774,0.099945068359375,111.6731259998005,0,Rp || Cp,Rp,Cp,1328.534552104644,-3.0636276226736023e-09,-3.0636276226736023e-09,1328.534552104644,4.964601424266625e-05,4.964601424266625e-05,1.0,1328.5237167269074,3.7940817469800883,1328.5291344047291,0.002855855250814189,0.0010000000474974513,0,0.0010000000474974513,-0.085418701171875,0.073455810546875,-5.9814455966034075e-06,8.54187052290456e-05,off
1781063486.116622,2026-06-10T11:51:26.116,87697872529776,,1,cf_0V,frequency,frequency,124.70887085309788,4,4,0.0,0.1,124.70887085309788,0.099945068359375,124.70887085669347,0,Rp || Cp,Rp,Cp,1323.3374435518342,4.833229215608889e-09,4.833229215608889e-09,1323.3374435518342,4.957961644100236e-05,4.957961644100236e-05,1.0,1323.3042059171974,-6.6320058586689195,1323.3208246301626,-0.005011659680478641,0.0010000000474974513,0,0.0010000000474974513,-0.085784912109375,0.073455810546875,-6.1645510740504506e-06,8.578491618393969e-05,off
1781063486.5745726,2026-06-10T11:51:26.574,87697899194736,,1,cf_0V,frequency,frequency,139.2662945630255,5,5,0.0,0.1,139.2662945630255,0.099945068359375,139.26629449656502,0,Rp || Cp,Rp,Cp,1332.6822603221137,4.712811388015057e-09,4.712811388015057e-09,1332.6822603221137,4.9633486257895234e-05,4.9633486257895234e-05,1.0,1332.6420091409948,-7.3239616927279565,1332.662134579588,-0.005495765483954279,0.0010000000474974513,0,0.0010000000474974513,-0.085784912109375,0.073760986328125,-6.011963176177915e-06,8.578491618393969e-05,off
1781063487.0381632,2026-06-10T11:51:27.038,87697926146416,,1,cf_0V,frequency,frequency,155.52302469454662,6,6,0.0,0.1,155.52302469454662,0.099945068359375,155.52302464527656,0,Rp || Cp,Rp,Cp,1323.948568516048,4.601535775356152e-09,4.601535775356152e-09,1323.948568516048,4.9768893678777867e-05,4.9768893678777867e-05,1.0,1323.9016490909403,-7.8814151187700014,1323.9251085956432,-0.005953102346901462,0.0010000000474974513,0,0.0010000000474974513,-0.085784912109375,0.073760986328125,-6.011963176177915e-06,8.578491618393969e-05,off
1781063487.445776,2026-06-10T11:51:27.445,87697951951216,,1,cf_0V,frequency,frequency,173.67742342849834,7,7,0.0,0.1,173.67742342849834,0.099945068359375,173.6774233762617,0,Rp || Cp,Rp,Cp,1323.5159753162104,4.300418862540606e-09,4.300418862540606e-09,1323.5159753162104,4.9672358088951084e-05,4.9672358088951084e-05,1.0,1323.464920255413,-8.220071895474868,1323.4904475396238,-0.006210943766411762,0.0010000000474974513,0,0.0010000000474974513,-0.085784912109375,0.074249267578125,-5.767822539581857e-06,8.578491618393969e-05,off
1781063487.8507853,2026-06-10T11:51:27.850,87697977469296,,1,cf_0V,frequency,frequency,193.95100801315368,8,8,0.0,0.1,193.95100801315368,0.099945068359375,193.9510080006812,0,Rp || Cp,Rp,Cp,1320.262591657782,4.370300472125183e-09,4.370300472125183e-09,1320.262591657782,4.9676351392641625e-05,4.9676351392641625e-05,1.0,1320.1973198116832,-9.282872199855452,1320.2299553313544,-0.007031311971576222,0.0010000000474974513,0,0.0010000000474974513,-0.085540771484375,0.076263427734375,-4.6386720953250915e-06,8.554077554734363e-05,off
1781063488.2657876,2026-06-10T11:51:28.265,87698001553776,,1,cf_0V,frequency,frequency,216.59115368443398,9,9,0.0,0.1,216.59115368443398,0.099945068359375,216.5911537588272,0,Rp || Cp,Rp,Cp,1325.9869034192632,4.357514119884494e-09,4.357514119884494e-09,1325.9869034192632,4.911967624135004e-05,4.911967624135004e-05,1.0,1325.9049230963344,-10.425838756106248,1325.945912624216,-0.00786302524934139,0.0010000000474974513,0,0.0010000000474974513,-0.085906982421875,0.076263427734375,-4.821777572772135e-06,8.590698650223771e-05,off
1781063488.7179358,2026-06-10T11:51:28.717,87698026211696,,1,cf_0V,frequency,frequency,241.8741121014056,10,10,0.0,0.1,241.8741121014056,0.099945068359375,241.87411220566446,0,Rp || Cp,Rp,Cp,1341.825572989948,4.435086639968917e-09,4.435086639968917e-09,1341.825572989948,4.962548691943931e-05,4.962548691943931e-05,1.0,1341.7158252965894,-12.134670039559568,1341.770698021192,-0.009043896605425424,0.0010000000474974513,0,0.0010000000474974513,-0.085906982421875,0.076263427734375,-4.821777572772135e-06,8.590698650223771e-05,off
1781063489.1148362,2026-06-10T11:51:29.114,87698054310256,,1,cf_0V,frequency,frequency,270.1083821275558,11,11,0.0,0.1,270.1083821275558,0.099945068359375,270.1083821676775,0,Rp || Cp,Rp,Cp,1315.4052350498143,4.619106422773235e-09,4.619106422773235e-09,1315.4052350498143,4.9957788817999584e-05,4.9957788817999584e-05,1.0,1315.265378014788,-13.562784228981965,1315.3353046734605,-0.010311457869519588,0.0010000000474974513,0,0.0010000000474974513,-0.085906982421875,0.076263427734375,-4.821777572772135e-06,8.590698650223771e-05,off
1781063489.5840156,2026-06-10T11:51:29.584,87698078681456,,1,cf_0V,frequency,frequency,301.6384740876191,12,12,0.0,0.1,301.6384740876191,0.099945068359375,301.6384739851219,0,Rp || Cp,Rp,Cp,1298.9838648139114,4.7846957009445155e-09,4.7846957009445155e-09,1298.9838648139114,4.977401525797503e-05,4.977401525797503e-05,1.0,1298.803649013508,-15.299180996834044,1298.893753788191,-0.011778896258538424,0.0010000000474974513,0,0.0010000000474974513,-0.087890625,0.0755615234375,-6.1645510740504506e-06,8.789062917458068e-05,off
1781063490.0782354,2026-06-10T11:51:30.078,87698108500336,,1,cf_0V,frequency,frequency,336.849113430846,13,13,0.0,0.1,336.849113430846,0.099945068359375,336.84911350917446,0,Rp || Cp,Rp,Cp,1325.1758167546247,4.555471102964164e-09,4.555471102964164e-09,1325.1758167546247,4.9475985516955725e-05,4.9475985516955725e-05,1.0,1324.9595216149978,-16.928741971207444,1325.0676647714906,-0.012776104174305528,0.0010000000474974513,0,0.0010000000474974513,-0.087890625,0.0755615234375,-6.1645510740504506e-06,8.789062917458068e-05,off
1781063490.5253146,2026-06-10T11:51:30.525,87698136885616,,1,cf_0V,frequency,frequency,376.169935093184,14,14,0.0,0.1,376.169935093184,0.099945068359375,376.1699350945946,0,Rp || Cp,Rp,Cp,1326.1108312170104,4.563140002641454e-09,4.563140002641454e-09,1326.1108312170104,4.908608406712185e-05,4.908608406712185e-05,1.0,1325.839620950158,-18.962629495974284,1325.975219149536,-0.014301380327719222,0.0010000000474974513,0,0.0010000000474974513,-0.087890625,0.074005126953125,-6.942749353200384e-06,8.789062917458068e-05,off
1781063490.9426408,2026-06-10T11:51:30.942,87698161830256,,1,cf_0V,frequency,frequency,420.08072583827897,15,15,0.0,0.1,420.08072583827897,0.099945068359375,420.08072583143985,0,Rp || Cp,Rp,Cp,1329.0353132640842,4.534907050151715e-09,4.534907050151715e-09,1329.0353132640842,4.9620257962552086e-05,4.9620257962552086e-05,1.0,1328.6990637247125,-21.137039720383758,1328.8671778590474,-0.015906729778662327,0.0010000000474974513,0,0.0010000000474974513,-0.087890625,0.074005126953125,-6.942749353200384e-06,8.789062917458068e-05,off
1781063491.3336844,2026-06-10T11:51:31.333,87698185914736,,1,cf_0V,frequency,frequency,469.11727854354143,16,16,0.0,0.1,469.11727854354143,0.099945068359375,469.11727856979724,0,Rp || Cp,Rp,Cp,1327.2037153756319,4.556476373885841e-09,4.556476373885841e-09,1327.2037153756319,4.969999025806838e-05,4.969999025806838e-05,1.0,1326.7821590201877,-23.64980869742673,1326.9929204580164,-0.017823049756527615,0.0010000000474974513,0,0.0010000000474974513,-0.087127685546875,0.074005126953125,-6.561279608519044e-06,8.7127689685218e-05,off
1781063491.7335384,2026-06-10T11:51:31.733,87698209999216,,1,cf_0V,frequency,frequency,523.8779298644155,17,17,0.0,0.1,523.8779298644155,0.099945068359375,523.877929836658,0,Rp || Cp,Rp,Cp,1326.492607574242,4.5220244265573e-09,4.5220244265573e-09,1326.492607574242,4.912953559276039e-05,4.912953559276039e-05,1.0,1325.975678479991,-26.180821348370728,1326.2341178415477,-0.0197420061224917,0.0010000000474974513,0,0.0010000000474974513,-0.1044921875,0.073822021484375,-1.533508373618986e-05,0.00010449219246311259,off
1781063492.140158,2026-06-10T11:51:32.140,87698235230576,,1,cf_0V,frequency,frequency,585.0308610484332,18,18,0.0,0.1,585.0308610484332,0.099945068359375,585.0308610888533,0,Rp || Cp,Rp,Cp,1329.7122151675414,4.540860628317247e-09,4.540860628317247e-09,1329.7122151675414,4.978409522756907e-05,4.978409522756907e-05,1.0,1329.0574995192271,-29.498385420984018,1329.3848170378453,-0.022191322095351577,0.0010000000474974513,0,0.0010000000474974513,-0.1119384765625,0.08782958984375,-1.2054443931930336e-05,0.00011193848187929234,off
1781063492.588626,2026-06-10T11:51:32.588,87698263615856,,1,cf_0V,frequency,frequency,653.3222509824973,19,19,0.0,0.1,653.3222509824973,0.099945068359375,653.3222509119696,0,Rp || Cp,Rp,Cp,1320.0913530380453,4.548946766533294e-09,4.548946766533294e-09,1320.0913530380453,4.997917365222487e-05,4.997917365222487e-05,1.0,1319.2897036029094,-32.520883224071945,1319.6904674499722,-0.024645306159920933,0.0010000000474974513,0,0.0010000000474974513,-0.1119384765625,0.08782958984375,-1.2054443931930336e-05,0.00011193848187929234,off
1781063492.9998808,2026-06-10T11:51:32.999,87698287700336,,1,cf_0V,frequency,frequency,729.585380955657,20,20,0.0,0.1,729.585380955657,0.099945068359375,729.5853809097252,0,Rp || Cp,Rp,Cp,1326.1635727551914,4.5172868249793875e-09,4.5172868249793875e-09,1326.1635727551914,4.94800391010403e-05,4.94800391010403e-05,1.0,1325.1641915033867,-36.39154089278842,1325.663787953558,-0.027455010448596256,0.0010000000474974513,0,0.0010000000474974513,-0.1119384765625,0.08782958984375,-1.2054443931930336e-05,0.00011193848187929234,off
1781063493.423156,2026-06-10T11:51:33.423,87698311784816,,1,cf_0V,frequency,frequency,814.7508022323145,21,21,0.0,0.1,814.7508022323145,0.099945068359375,814.7508022915417,0,Rp || Cp,Rp,Cp,1319.9837306176078,4.530922685909869e-09,4.530922685909869e-09,1319.9837306176078,4.9606267770609585e-05,4.9606267770609585e-05,1.0,1318.7475513475868,-40.375839128951924,1319.3654962028613,-0.030607245658648,0.0010000000474974513,0,0.0010000000474974513,-0.115509033203125,0.102447509765625,-6.530762028944537e-06,0.00011550903868950968,off
1781063493.8236256,2026-06-10T11:51:33.823,87698335869296,,1,cf_0V,frequency,frequency,909.8576904990725,22,22,0.0,0.1,909.8576904990725,0.099945068359375,909.8576904165157,0,Rp || Cp,Rp,Cp,1325.1499183764379,4.520806306589957e-09,4.520806306589957e-09,1325.1499183764379,4.967088689010522e-05,4.967088689010522e-05,1.0,1323.5974440546306,-45.330464858684344,1324.3734537328414,-0.0342345435289141,0.0010000000474974513,0,0.0010000000474974513,-0.115509033203125,0.103607177734375,-5.9509280170289e-06,0.00011550903868950968,off
1781063494.2560554,2026-06-10T11:51:34.256,87698360527216,,1,cf_0V,frequency,frequency,1016.0665257304771,23,23,0.0,0.1,1016.0665257304771,0.099945068359375,1016.0665256364609,0,Rp || Cp,Rp,Cp,1340.332422327126,4.5274892246334116e-09,4.5274892246334116e-09,1340.332422327126,4.872158351593418e-05,4.872158351593418e-05,1.0,1338.3237684268447,-51.848136488110704,1339.3277188177358,-0.03872173676493402,0.0010000000474974513,0,0.0010000000474974513,-0.115509033203125,0.103607177734375,-5.9509280170289e-06,0.00011550903868950968,off
1781063494.6491053,2026-06-10T11:51:34.649,87698386045296,,1,cf_0V,frequency,frequency,1134.6732521914685,24,24,0.0,0.1,1134.6732521914685,0.099945068359375,1134.67325220995,0,Rp || Cp,Rp,Cp,1339.0960240173213,4.512536126100537e-09,4.512536126100537e-09,1339.0960240173213,4.9108487067634114e-05,4.9108487067634114e-05,1.0,1336.6153332237589,-57.582370146273895,1337.8551036493163,-0.04305411213334644,0.0010000000474974513,0,0.0010000000474974513,-0.115509033203125,0.103607177734375,-5.9509280170289e-06,0.00011550903868950968,off
1781063495.1153746,2026-06-10T11:51:35.115,87698411276656,,1,cf_0V,frequency,frequency,1267.1250913547792,25,25,0.0,0.1,1267.1250913547792,0.099945068359375,1267.1250913598442,0,Rp || Cp,Rp,Cp,1338.9441924588361,4.5167335053895485e-09,4.5167335053895485e-09,1338.9441924588361,4.9667902482013766e-05,4.9667902482013766e-05,1.0,1335.8472765433587,-64.31956694019587,1337.394838086226,-0.04811173607605253,0.0010000000474974513,0,0.0010000000474974513,-0.085906982421875,0.073577880859375,-6.1645510740504506e-06,8.590698650223771e-05,off
1781063495.53032,2026-06-10T11:51:35.530,87698438228336,,1,cf_0V,frequency,frequency,1415.0382006801042,26,26,0.0,0.1,1415.0382006801042,0.099945068359375,1415.0382007471762,0,Rp || Cp,Rp,Cp,1354.5832698882998,4.519024176856108e-09,4.519024176856108e-09,1354.5832698882998,4.9123811811899575e-05,4.9123811811899575e-05,1.0,1350.5827355381434,-73.50545983971878,1352.581523665004,-0.05437135413194349,0.0010000000474974513,0,0.0010000000474974513,-0.085906982421875,0.073577880859375,-6.1645510740504506e-06,8.590698650223771e-05,off
1781063495.9814832,2026-06-10T11:51:35.981,87698462886256,,1,cf_0V,frequency,frequency,1580.2173937248301,27,27,0.0,0.1,1580.2173937248301,0.099945068359375,1580.217393737371,0,Rp || Cp,Rp,Cp,1353.384251124686,4.518134869822349e-09,4.518134869822349e-09,1353.384251124686,4.881670203070223e-05,4.881670203070223e-05,1.0,1348.414011954277,-81.86537815306008,1350.8968457194546,-0.06063791560825795,0.0010000000474974513,0,0.0010000000474974513,-0.084991455078125,0.071929931640625,-6.530762028944537e-06,8.49914591150025e-05,off
1781063496.3941662,2026-06-10T11:51:36.394,87698490124656,,1,cf_0V,frequency,frequency,1764.6781622081528,28,28,0.0,0.1,1764.6781622081528,0.099945068359375,1764.6781621039054,0,Rp || Cp,Rp,Cp,1349.378745034928,4.508425939424736e-09,4.508425939424736e-09,1349.378745034928,4.8906628078414536e-05,4.8906628078414536e-05,1.0,1343.266923141612,-90.60799186288169,1346.3193658993982,-0.06735142739203293,0.0010000000474974513,0,0.0010000000474974513,-0.084991455078125,0.073394775390625,-5.798340119156364e-06,8.49914591150025e-05,off
1781063496.8466442,2026-06-10T11:51:36.846,87698516789616,,1,cf_0V,frequency,frequency,1970.6712687384897,29,29,0.0,0.1,1970.6712687384897,0.099945068359375,1970.6712688360994,0,Rp || Cp,Rp,Cp,1351.7231286757717,4.504658389761639e-09,4.504658389761639e-09,1351.7231286757717,4.875195990389123e-05,4.875195990389123e-05,1.0,1344.082777226741,-101.33738103287307,1347.897539441389,-0.07525281905225105,0.0010000000474974513,0,0.0010000000474974513,-0.084991455078125,0.073394775390625,-5.798340119156364e-06,8.49914591150025e-05,off
1781063497.25736,2026-06-10T11:51:37.257,87698541447536,,1,cf_0V,frequency,frequency,2200.7102102809863,30,30,0.0,0.1,2200.7102102809863,0.099945068359375,2200.7102103316356,0,Rp || Cp,Rp,Cp,1348.1534322661814,4.502271702994526e-09,4.502271702994526e-09,1348.1534322661814,4.896103671380091e-05,4.896103671380091e-05,1.0,1338.72328845412,-112.35814672144672,1343.430086079693,-0.08373308753699628,0.0010000000474974513,0,0.0010000000474974513,-0.084381103515625,0.073577880859375,-5.401611584687771e-06,8.438110752351236e-05,off
1781063497.6682875,2026-06-10T11:51:37.668,87698566678896,,1,cf_0V,frequency,frequency,2457.6018874701913,31,31,0.0,0.1,2457.6018874701913,0.099945068359375,2457.6018875421823,0,Rp || Cp,Rp,Cp,1346.1311578178247,4.500927537462251e-09,4.500927537462251e-09,1346.1311578178247,4.89245214135175e-05,4.89245214135175e-05,1.0,1334.4505863016907,-124.84849021131024,1340.278147545863,-0.09328642252514725,0.0010000000474974513,0,0.0010000000474974513,-0.086151123046875,0.073577880859375,-6.286621392348479e-06,8.615112713883377e-05,off
1781063498.1179593,2026-06-10T11:51:38.117,87698590763376,,1,cf_0V,frequency,frequency,2744.480853990254,32,32,0.0,0.1,2744.480853990254,0.099945068359375,2744.480853991149,0,Rp || Cp,Rp,Cp,1349.0153437594313,4.4940839535326434e-09,4.4940839535326434e-09,1349.0153437594313,4.901254552831388e-05,4.901254552831388e-05,1.0,1334.4308166713192,-139.50642419958348,1341.7032633466456,-0.10416537826819636,0.0010000000474974513,0,0.0010000000474974513,-0.086151123046875,0.073577880859375,-6.286621392348479e-06,8.615112713883377e-05,off
1781063498.5132303,2026-06-10T11:51:38.513,87698619722096,,1,cf_0V,frequency,frequency,3064.8475639284966,33,33,0.0,0.1,3064.8475639284966,0.099945068359375,3064.8475640049355,0,Rp || Cp,Rp,Cp,1342.0689050061458,4.489231679307783e-09,4.489231679307783e-09,1342.0689050061458,4.9157853766524455e-05,4.9157853766524455e-05,1.0,1324.2435160174516,-153.63969470409353,1333.1264176750192,-0.11550431325377353,0.0010000000474974513,0,0.0010000000474974513,-0.086151123046875,0.073577880859375,-6.286621392348479e-06,8.615112713883377e-05,off
1781063499.019993,2026-06-10T11:51:39.019,87698641799536,,1,cf_0V,frequency,frequency,3422.6110837907077,34,34,0.0,0.1,3422.6110837907077,0.099945068359375,3422.6110837209944,0,Rp || Cp,Rp,Cp,1344.796011149783,4.486958415371805e-09,4.486958415371805e-09,1344.796011149783,4.937197636935024e-05,4.937197636935024e-05,1.0,1322.5272334966442,-171.613125672128,1333.6151424767359,-0.1290404665608762,0.0010000000474974513,0,0.0010000000474974513,-0.086151123046875,0.072479248046875,-6.8359378246896085e-06,8.615112713883377e-05,off
1781063499.4774835,2026-06-10T11:51:39.477,87698675059056,,1,cf_0V,frequency,frequency,3822.1367903439054,35,35,0.0,0.1,3822.1367903439054,0.099945068359375,3822.136790319064,0,Rp || Cp,Rp,Cp,1326.6771414413395,4.4804803607014866e-09,4.4804803607014866e-09,1326.6771414413395,5.0092016509932094e-05,5.0092016509932094e-05,1.0,1300.182613169466,-185.60098330347458,1313.363069600862,-0.14179198916586014,0.0010000000474974513,0,0.0010000000474974513,-0.087127685546875,0.072723388671875,-7.202148779583695e-06,8.7127689685218e-05,off
1781063499.8803115,2026-06-10T11:51:39.880,87698701150576,,1,cf_0V,frequency,frequency,4268.299636288371,36,36,0.0,0.1,4268.299636288371,0.099945068359375,4268.299636294159,0,Rp || Cp,Rp,Cp,1327.002383055909,4.477537923758581e-09,4.477537923758581e-09,1327.002383055909,5.02962706758399e-05,5.02962706758399e-05,1.0,1294.141941166925,-206.21851530309397,1310.4691678712281,-0.15801915963552438,0.0010000000474974513,0,0.0010000000474974513,-0.087127685546875,0.074371337890625,-6.378174131072001e-06,8.7127689685218e-05,off
1781063500.2697806,2026-06-10T11:51:40.269,87698723228016,,1,cf_0V,frequency,frequency,4766.543633698721,37,37,0.0,0.1,4766.543633698721,0.099945068359375,4766.543633607512,0,Rp || Cp,Rp,Cp,1324.9889915142999,4.473240749181789e-09,4.473240749181789e-09,1324.9889915142999,5.028341392405832e-05,5.028341392405832e-05,1.0,1284.5150802783312,-228.01173070797998,1304.5950869150533,-0.17567812162434165,0.0010000000474974513,0,0.0010000000474974513,-0.087127685546875,0.074371337890625,-6.378174131072001e-06,8.7127689685218e-05,off
1781063500.7215745,2026-06-10T11:51:40.721,87698748746096,,1,cf_0V,frequency,frequency,5322.948281042111,38,38,0.0,0.1,5322.948281042111,0.099945068359375,5322.948280976902,0,Rp || Cp,Rp,Cp,1324.1270778620903,4.470188146354912e-09,4.470188146354912e-09,1324.1270778620903,5.050263154200803e-05,5.050263154200803e-05,1.0,1274.1915229988429,-252.24484276788226,1298.9193577682581,-0.19543770144628841,0.0010000000474974513,0,0.0010000000474974513,-0.086578369140625,0.074371337890625,-6.103515914901436e-06,8.657837325287687e-05,off
1781063501.1733906,2026-06-10T11:51:41.173,87698775697776,,1,cf_0V,frequency,frequency,5944.302744305904,39,39,0.0,0.1,5944.302744305904,0.099945068359375,5944.302744325114,0,Rp || Cp,Rp,Cp,1325.783276993155,4.465563501356657e-09,4.465563501356657e-09,1325.783276993155,5.075509441032151e-05,5.075509441032151e-05,1.0,1263.9816432629002,-279.4926305981949,1294.5137021539326,-0.21761910963964873,0.0010000000474974513,0,0.0010000000474974513,-0.086578369140625,0.074371337890625,-6.103515914901436e-06,8.657837325287687e-05,off
1781063501.6222768,2026-06-10T11:51:41.622,87698801502576,,1,cf_0V,frequency,frequency,6638.188697382001,40,40,0.0,0.1,6638.188697382001,0.099945068359375,6638.188697394298,0,Rp || Cp,Rp,Cp,1326.417976015097,4.462352784152685e-09,4.462352784152685e-09,1326.417976015097,5.13895109324454e-05,5.13895109324454e-05,1.0,1250.2215658265893,-308.6460679422974,1287.7563274603351,-0.2420335357841253,0.0010000000474974513,0,0.0010000000474974513,-0.086578369140625,0.07379150390625,-6.393432920859254e-06,8.657837325287687e-05,off
1781063502.0788767,2026-06-10T11:51:42.078,87698828740976,,1,cf_0V,frequency,frequency,7413.07283251361,41,41,0.0,0.1,7413.07283251361,0.099945068359375,7413.072832491707,0,Rp || Cp,Rp,Cp,1303.168216707505,4.454967533090725e-09,4.454967533090725e-09,1303.168216707505,5.213938774363475e-05,5.213938774363475e-05,1.0,1214.3713143387697,-328.37845702593324,1257.986526210676,-0.2640941746945431,0.0010000000474974513,0,0.0010000000474974513,-0.08807373046875,0.075469970703125,-6.301880182135733e-06,8.807373465202772e-05,off
1781063502.489422,2026-06-10T11:51:42.489,87698857126256,,1,cf_0V,frequency,frequency,8278.410169603068,42,42,0.0,0.1,8278.410169603068,0.099945068359375,8278.410169637595,0,Rp || Cp,Rp,Cp,1314.2967872762968,4.453466356878153e-09,4.453466356878153e-09,1314.2967872762968,5.175867492765354e-05,5.175867492765354e-05,1.0,1202.8075351484797,-366.19682214269307,1257.3170161726787,-0.29553592010941265,0.0010000000474974513,0,0.0010000000474974513,-0.08837890625,0.075469970703125,-6.454468080008269e-06,8.83789104477728e-05,off
1781063502.9085047,2026-06-10T11:51:42.908,87698880063856,,1,cf_0V,frequency,frequency,9244.759424945483,43,43,0.0,0.1,9244.759424945483,0.099945068359375,9244.759424973381,0,Rp || Cp,Rp,Cp,1326.7361609922395,4.451481894407621e-09,4.451481894407621e-09,1326.7361609922395,5.2898003799193254e-05,5.2898003799193254e-05,1.0,1187.037063812977,-407.21984987595516,1254.9442206722692,-0.33047503000182554,0.0010000000474974513,0,0.0010000000474974513,-0.08837890625,0.07708740234375,-5.6457522212838285e-06,8.83789104477728e-05,off
1781063503.4151382,2026-06-10T11:51:43.415,87698908162416,,1,cf_0V,frequency,frequency,10323.911847100022,44,44,0.0,0.1,10323.911847100022,0.099945068359375,10323.911847009982,0,Rp || Cp,Rp,Cp,1329.4008380623636,4.447826974117584e-09,4.447826974117584e-09,1329.4008380623636,5.3051348182905824e-05,5.3051348182905824e-05,1.0,1158.908411502753,-444.5054636755863,1241.2307656069772,-0.366250030360742,0.0010000000474974513,0,0.0010000000474974513,-0.0892333984375,0.07745361328125,-5.889892857879886e-06,8.9233402675859e-05,off
1781063503.8348072,2026-06-10T11:51:43.834,87698937121136,,1,cf_0V,frequency,frequency,11529.035091934857,45,45,0.0,0.1,11529.035091934857,0.099945068359375,11529.035091939477,0,Rp || Cp,Rp,Cp,1329.6012536829312,4.445229601411846e-09,4.445229601411846e-09,1329.6012536829312,5.3833506949920374e-05,5.3833506949920374e-05,1.0,1123.632565180862,-481.07496901056686,1222.2860824469212,-0.4045294446691118,0.0010000000474974513,0,0.0010000000474974513,-0.0899658203125,0.078033447265625,-5.966186806816154e-06,8.996582458564717e-05,off
1781063504.2918308,2026-06-10T11:51:44.291,87698962352496,,1,cf_0V,frequency,frequency,12874.833892387638,46,46,0.0,0.1,12874.833892387638,0.099945068359375,12874.83389234012,0,Rp || Cp,Rp,Cp,1312.629892658969,4.440782747727066e-09,4.440782747727066e-09,1312.629892658969,5.5474716526377075e-05,5.5474716526377075e-05,1.0,1073.853369167218,-506.370392331199,1187.2539882861788,-0.4406257507663947,0.0010000000474974513,0,0.0010000000474974513,-0.091461181640625,0.079376220703125,-6.042480755752422e-06,9.146118598479802e-05,off
1781063504.6880538,2026-06-10T11:51:44.688,87698987297136,,1,cf_0V,frequency,frequency,14377.729483409405,47,47,0.0,0.1,14377.729483409405,0.099945068359375,14377.729483356916,0,Rp || Cp,Rp,Cp,1295.7891455897004,4.436452853857212e-09,4.436452853857212e-09,1295.7891455897004,5.67058140215323e-05,5.67058140215323e-05,1.0,1020.5475763505461,-529.9972796137164,1149.9628133087235,-0.47898890425979895,0.0010000000474974513,0,0.0010000000474974513,-0.09466552734375,0.081024169921875,-6.820679034902355e-06,9.466553184012128e-05,off
1781063505.0941737,2026-06-10T11:51:45.094,87699012528496,,1,cf_0V,frequency,frequency,16056.059971408577,48,48,0.0,0.1,16056.059971408577,0.099945068359375,16056.059971489845,0,Rp || Cp,Rp,Cp,1316.8274214249443,4.435973335014567e-09,4.435973335014567e-09,1316.8274214249443,5.779126150101202e-05,5.779126150101202e-05,1.0,977.4007617349474,-575.9825307543205,1134.4902488669557,-0.532514900645621,0.0010000000474974513,0,0.0010000000474974513,-0.094879150390625,0.08172607421875,-6.5765383983062975e-06,9.487915489714283e-05,off
1781063505.550987,2026-06-10T11:51:45.550,87699039480176,,1,cf_0V,frequency,frequency,17930.304093072773,49,49,0.0,0.1,17930.304093072773,0.099945068359375,17930.304093098926,0,Rp || Cp,Rp,Cp,1315.7603225856535,4.43374382541016e-09,4.43374382541016e-09,1315.7603225856535,5.976841659390347e-05,5.976841659390347e-05,1.0,918.8614638374623,-603.8998810604132,1099.5460227158776,-0.581438428705529,0.0010000000474974513,0,0.0010000000474974513,-0.09637451171875,0.085174560546875,-5.599975851922068e-06,9.637451629629368e-05,off
1781063505.945062,2026-06-10T11:51:45.945,87699063851376,,1,cf_0V,frequency,frequency,20023.331093839864,50,50,0.0,0.1,20023.331093839864,0.099945068359375,20023.331093881323,0,Rp || Cp,Rp,Cp,1304.5533547361467,4.430573015559786e-09,4.430573015559786e-09,1304.5533547361467,6.219817876653359e-05,6.219817876653359e-05,1.0,853.3290987210758,-620.5181606580328,1055.0892561440248,-0.628731270891536,0.0010000000474974513,0,0.0010000000474974513,-0.104278564453125,0.086822509765625,-8.728027758309054e-06,0.00010427856940609104,off
1781063506.3920481,2026-06-10T11:51:46.392,87699089082736,,1,cf_0V,frequency,frequency,22360.679774997894,51,51,0.0,0.1,22360.679774997894,0.099945068359375,22360.6797749909,0,Rp || Cp,Rp,Cp,1296.2579825425141,4.427946593146162e-09,4.427946593146162e-09,1296.2579825425141,6.498213080604243e-05,6.498213080604243e-05,1.0,785.4655041558025,-633.4112973061109,1009.0420852341786,-0.6786404080373045,0.0010000000474974513,0,0.0010000000474974513,-0.104644775390625,0.092376708984375,-6.134033494475943e-06,0.00010464478036098512,off
1781063506.8154864,2026-06-10T11:51:46.815,87699116894576,,1,cf_0V,frequency,frequency,24970.870114304947,52,52,0.0,0.1,24970.870114304947,0.099945068359375,24970.87011427368,0,Rp || Cp,Rp,Cp,1294.658652003306,4.425993605485154e-09,4.425993605485154e-09,1294.658652003306,6.825681735893245e-05,6.825681735893245e-05,1.0,715.9633182180269,-643.6805352146337,962.771055053051,-0.7322851365718617,0.0010000000474974513,0,0.0010000000474974513,-0.107177734375,0.09527587890625,-5.9509280170289e-06,0.00010717773946566922,off
1781063507.2604496,2026-06-10T11:51:47.260,87699140692336,,1,cf_0V,frequency,frequency,27885.751262476904,53,53,0.0,0.1,27885.751262476904,0.099945068359375,27885.751262459737,0,Rp || Cp,Rp,Cp,1296.9024204231382,4.425076297573872e-09,4.425076297573872e-09,1296.9024204231382,7.167703185731301e-05,7.167703185731301e-05,1.0,644.8822831422177,-648.4413888582546,914.5214015511838,-0.7881500628706997,0.0010000000474974513,0,0.0010000000474974513,-0.11053466796875,0.0989990234375,-5.767822539581857e-06,0.00011053467321886501,off
1781063507.653747,2026-06-10T11:51:47.653,87699167930736,,1,cf_0V,frequency,frequency,31140.89016174344,54,54,0.0,0.1,31140.89016174344,0.099945068359375,31140.890161793777,0,Rp || Cp,Rp,Cp,1293.9691756628665,4.423902197481949e-09,4.423902197481949e-09,1293.9691756628665,7.639725521567629e-05,7.639725521567629e-05,1.0,573.9421494104279,-642.8482395409692,861.7792350427023,-0.8419671288837551,0.0010000000474974513,0,0.0010000000474974513,-0.11669921875,0.105224609375,-5.73730496000735e-06,0.00011669922429291546,off
1781063508.0046277,2026-06-10T11:51:48.004,87699189148016,,1,cf_0V,frequency,frequency,34776.005528338435,55,55,0.0,0.1,34776.005528338435,0.099945068359375,34776.005528271984,0,Rp || Cp,Rp,Cp,1276.1836003283604,4.421148676467909e-09,4.421148676467909e-09,1276.1836003283604,8.150976881236216e-05,8.150976881236216e-05,1.0,506.4416874731854,-624.3631901907835,803.9356790663667,-0.8893036429293487,0.0010000000474974513,0,0.0010000000474974513,-0.122467041015625,0.109466552734375,-6.5002444493700295e-06,0.00012246704683249732,off
1781063508.4611812,2026-06-10T11:51:48.461,87699212659056,,1,cf_0V,frequency,frequency,38835.452494313686,56,56,0.0,0.1,38835.452494313686,0.099945068359375,38835.45249436793,0,Rp || Cp,Rp,Cp,1255.4422555619085,4.418405150072063e-09,4.418405150072063e-09,1255.4422555619085,8.761301980651944e-05,8.761301980651944e-05,1.0,443.295604289834,-600.0175335334955,746.0107461225397,-0.9344989790689192,0.0010000000474974513,0,0.0010000000474974513,-0.131011962890625,0.12042236328125,-5.294800056176996e-06,0.00013101196911335933,off
1781063508.8654504,2026-06-10T11:51:48.865,87699238463856,,1,cf_0V,frequency,frequency,43368.76382220184,57,57,0.0,0.1,43368.76382220184,0.099945068359375,43368.763822186906,0,Rp || Cp,Rp,Cp,1244.0120855189396,4.4174223608208556e-09,4.4174223608208556e-09,1244.0120855189396,9.441805578103366e-05,9.441805578103366e-05,1.0,383.6776085030771,-574.5355294968202,690.8687154017267,-0.9820061695780304,0.0010000000474974513,0,0.0010000000474974513,-0.141204833984375,0.12689208984375,-7.156372410221934e-06,0.00014120484069124473,off
1781063509.3074508,2026-06-10T11:51:49.307,87699262548336,,1,cf_0V,frequency,frequency,48431.254296349834,58,58,0.0,0.1,48431.254296349834,0.099945068359375,48431.25429637496,0,Rp || Cp,Rp,Cp,1231.301700314793,4.41699810870692e-09,4.41699810870692e-09,1231.301700314793,0.00010225209715136982,0.00010225209715136982,1.0,329.3117037550341,-545.0099655392473,636.7747331412694,-1.0272718893109438,0.0010000000474974513,0,0.0010000000474974513,-0.149688720703125,0.141937255859375,-3.875732605962412e-06,0.00014968872781295772,off
1781063509.7583587,2026-06-10T11:51:49.758,87699292653936,,1,cf_0V,frequency,frequency,54084.69566561462,59,59,0.0,0.1,54084.69566561462,0.099945068359375,54084.69566560825,0,Rp || Cp,Rp,Cp,1213.7697439917767,4.416179219372662e-09,4.416179219372662e-09,1213.7697439917767,0.00011114988455154249,0.00011114988455154249,1.0,281.0962852010009,-512.0264100333652,584.111432969308,-1.068730519681938,0.0010000000474974513,0,0.0010000000474974513,-0.16156005859375,0.149749755859375,-5.9051516476671395e-06,0.00016156006626744102,off
1781063510.1624038,2026-06-10T11:51:50.162,87699316738416,,1,cf_0V,frequency,frequency,60398.07037297046,60,60,0.0,0.1,60398.07037297046,0.099945068359375,60398.070372897906,0,Rp || Cp,Rp,Cp,1189.077436433846,4.415359469801639e-09,4.415359469801639e-09,1189.077436433846,0.00012120431008715243,0.00012120431008715243,1.0,239.265177567536,-476.7147981481906,533.3899361348081,-1.1056264879459015,0.0010000000474974513,0,0.0010000000474974513,-0.1727294921875,0.162139892578125,-5.294800056176996e-06,0.00017272950039171064,off
1781063510.6101322,2026-06-10T11:51:50.610,87699340822896,,1,cf_0V,frequency,frequency,67448.41326892251,61,61,0.0,0.1,67448.41326892251,0.099945068359375,67448.4132688491,0,Rp || Cp,Rp,Cp,1173.3599475868964,4.416570555900264e-09,4.416570555900264e-09,1173.3599475868964,0.0001325531190786398,0.0001325531190786398,1.0,201.49714000494114,-442.52409675060227,486.2393172452298,-1.14351387341092,0.0010000000474974513,0,0.0010000000474974513,-0.188995361328125,0.17510986328125,-6.942749353200384e-06,0.00018899537030492297,off
1781063511.027289,2026-06-10T11:51:51.027,87699367774576,,1,cf_0V,frequency,frequency,75321.75157919075,62,62,0.0,0.1,75321.75157919075,0.099945068359375,75321.7515791249,0,Rp || Cp,Rp,Cp,1142.4711847527637,4.416916188642678e-09,4.416916188642678e-09,1142.4711847527637,0.00014520928509455366,0.00014520928509455366,1.0,170.4330839106402,-407.0226666970342,441.26509866117476,-1.1742473803608164,0.0010000000474974513,0,0.0010000000474974513,-0.203704833984375,0.19146728515625,-6.11877470468869e-06,0.00020370484365983543,off
1781063511.4160914,2026-06-10T11:51:51.416,87699393292656,,1,cf_0V,frequency,frequency,84114.1545960043,63,63,0.0,0.1,84114.1545960043,0.099945068359375,84114.15459598004,0,Rp || Cp,Rp,Cp,1109.5114107441211,4.4180103878207914e-09,4.4180103878207914e-09,1109.5114107441211,0.00015930702602566442,0.00015930702602566442,1.0,143.8788577200126,-372.7386600640833,399.5437828388572,-1.2024128163292185,0.0010000000474974513,0,0.0010000000474974513,-0.220001220703125,0.207305908203125,-6.347656551497494e-06,0.00022000123115262227,off
1781063511.7784274,2026-06-10T11:51:51.778,87699415083376,,1,cf_0V,frequency,frequency,93932.9059011844,64,64,0.0,0.1,93932.9059011844,0.099945068359375,93932.90590111291,0,Rp || Cp,Rp,Cp,1073.5679925238144,4.420448362823064e-09,4.420448362823064e-09,1073.5679925238144,0.0001749128430017977,0.0001749128430017977,1.0,121.37716459623257,-339.9620903106537,360.9801087786002,-1.2278711773031683,0.0010000000474974513,0,0.0010000000474974513,-0.240936279296875,0.22857666015625,-6.179809863837704e-06,0.0002409362907407342,off
1781063512.2435002,2026-06-10T11:51:52.243,87699440314736,,1,cf_0V,frequency,frequency,104897.8124243061,65,65,0.0,0.1,104897.8124243061,0.099945068359375,104897.81242434049,0,Rp || Cp,Rp,Cp,1023.1670035273326,4.422595874279864e-09,4.422595874279864e-09,1023.1670035273326,0.00019204477491831126,0.00019204477491831126,1.0,103.40366467153149,-308.39406587710704,325.2679168558067,-1.2472793411120566,0.0010000000474974513,0,0.0010000000474974513,-0.262603759765625,0.24945068359375,-6.5765383983062975e-06,0.0002626037722386343,off
1781063512.6622677,2026-06-10T11:51:52.662,87699466406256,,1,cf_0V,frequency,frequency,117142.66630887002,66,66,0.0,0.1,117142.66630887002,0.099945068359375,117142.66630889369,0,Rp || Cp,Rp,Cp,974.8738514915192,4.4276719501540794e-09,4.4276719501540794e-09,974.8738514915192,0.00021079863860784884,0.00021079863860784884,1.0,87.87869262972147,-279.1916455226891,292.6954723735506,-1.2658527764737588,0.0010000000474974513,0,0.0010000000474974513,-0.2855224609375,0.27227783203125,-6.622314767668058e-06,0.0002855224744990892,off
1781063513.0721402,2026-06-10T11:51:53.072,87699491350896,,1,cf_0V,frequency,frequency,130816.87742395303,67,67,0.0,0.1,130816.87742395303,0.099945068359375,130816.87742399595,0,Rp || Cp,Rp,Cp,925.9600987185491,4.435532199758027e-09,4.435532199758027e-09,925.9600987185491,0.0002311352950328479,0.0002311352950328479,1.0,74.6965788289626,-252.16358305205904,262.9943944391289,-1.282808532559915,0.0010000000474974513,0,0.0010000000474974513,-0.3123779296875,0.30029296875,-6.042480755752422e-06,0.0003123779445246555,off
1781063513.4753716,2026-06-10T11:51:53.475,87699516868976,,1,cf_0V,frequency,frequency,146087.29644100412,68,68,0.0,0.1,146087.29644100412,0.099945068359375,146087.29644095319,0,Rp || Cp,Rp,Cp,859.2979008842293,4.442302460819674e-09,4.442302460819674e-09,859.2979008842293,0.0002528888875555013,0.0002528888875555013,1.0,64.72132035023179,-226.77311439307041,235.8281041763469,-1.2927861427205873,0.0010000000474974513,0,0.0010000000474974513,-0.338348388671875,0.32598876953125,-6.179809863837704e-06,0.0003383484047425611,off
1781063513.9258714,2026-06-10T11:51:53.925,87699540953456,,1,cf_0V,frequency,frequency,163140.25072069294,69,69,0.0,0.1,163140.25072069294,0.099945068359375,163140.25072077243,0,Rp || Cp,Rp,Cp,790.5479749316969,4.452019242332067e-09,4.452019242332067e-09,790.5479749316969,0.0002762900147083039,0.0002762900147083039,1.0,56.406270006961925,-203.49495136576724,211.1678539159175,-1.3003974939743597,0.0010000000474974513,0,0.0010000000474974513,-0.367340087890625,0.354644775390625,-6.347656551497494e-06,0.00036734010533834294,off
1781063514.379091,2026-06-10T11:51:54.379,87699568191856,,1,cf_0V,frequency,frequency,182183.81785139444,70,70,0.0,0.1,182183.81785139444,0.099945068359375,182183.81785146677,0,Rp || Cp,Rp,Cp,721.9574932721487,4.4663105174775726e-09,4.4663105174775726e-09,721.9574932721487,0.00030045691324017326,0.00030045691324017326,1.0,49.36843699524751,-182.22148734026723,188.790659249479,-1.3062221321223964,0.0010000000474974513,0,0.0010000000474974513,-0.396514892578125,0.389251708984375,-3.6315919693663545e-06,0.0003965149114115718,off
1781063514.8394783,2026-06-10T11:51:54.839,87699592849776,,1,cf_0V,frequency,frequency,203450.36458068906,71,71,0.0,0.1,203450.36458068906,0.099945068359375,203450.36458074616,0,Rp || Cp,Rp,Cp,647.7446500790321,4.483606318306655e-09,4.483606318306655e-09,647.7446500790321,0.0003257478643067922,0.0003257478643067922,1.0,43.817280143811615,-162.6728457824689,168.47079507786555,-1.3076826935043615,0.0010000000474974513,0,0.0010000000474974513,-0.4287109375,0.422119140625,-3.2958985940467755e-06,0.0004287109578626769,off
1781063515.2824402,2026-06-10T11:51:55.282,87699622955376,,1,cf_0V,frequency,frequency,227199.38211953812,72,72,0.0,0.1,227199.38211953812,0.099945068359375,227199.38211963608,0,Rp || Cp,Rp,Cp,577.3464761542691,4.508359884205237e-09,4.508359884205237e-09,577.3464761542691,0.0003520571621577811,0.0003520571621577811,1.0,38.992719614864285,-144.88573802258773,150.04102527413409,-1.3078979956757277,0.0010000000474974513,0,0.0010000000474974513,-0.4635009765625,0.451263427734375,-6.11877470468869e-06,0.00046350099857761506,off
1781063515.694129,2026-06-10T11:51:55.694,87699648186736,,1,cf_0V,frequency,frequency,253720.6524150888,73,73,0.0,0.1,253720.6524150888,0.099945068359375,253720.65241505482,0,Rp || Cp,Rp,Cp,502.10173412701664,4.5357957370220915e-09,4.5357957370220915e-09,502.10173412701664,0.00037807209265986434,0.00037807209265986434,1.0,35.405634068129636,-128.54443332835604,133.3312801388874,-1.302025758769929,0.0010000000474974513,0,0.0010000000474974513,-0.49578857421875,0.483154296875,-6.3171389719229865e-06,0.0004957885977674437,off
1781063516.1055887,2026-06-10T11:51:56.105,87699672271216,,1,cf_0V,frequency,frequency,283337.78402649175,74,74,0.0,0.1,283337.78402649175,0.099945068359375,283337.7840264717,0,Rp || Cp,Rp,Cp,430.1949084651502,4.5712213201862264e-09,4.5712213201862264e-09,430.1949084651502,0.0004041387862599673,0.0004041387862599673,1.0,32.451808349374815,-113.61110358254312,118.15499448769779,-1.292565895889112,0.0010000000474974513,0,0.0010000000474974513,-0.52642822265625,0.515167236328125,-5.630493431496575e-06,0.0005264282476602489,off
1781063516.5401607,2026-06-10T11:51:56.540,87699697502576,,1,cf_0V,frequency,frequency,316412.1607479698,75,75,0.0,0.1,316412.1607479698,0.099945068359375,316412.1607480297,0,Rp || Cp,Rp,Cp,360.57132589191826,4.61236083462264e-09,4.61236083462264e-09,360.57132589191826,0.000429463999029197,0.000429463999029197,1.0,30.21914568802472,-99.91476698635721,104.38466088488344,-1.2770940374183883,0.0010000000474974513,0,0.0010000000474974513,-0.559234619140625,0.546356201171875,-6.439209290221015e-06,0.0005592346457028441,off
1781063517.0055053,2026-06-10T11:51:57.005,87699724740976,,1,cf_0V,frequency,frequency,353347.35115962697,76,76,0.0,0.1,353347.35115962697,0.099945068359375,353347.35115966963,0,Rp || Cp,Rp,Cp,299.1487866708389,4.6684447130623965e-09,4.6684447130623965e-09,299.1487866708389,0.0004536706276167482,0.0004536706276167482,1.0,28.18563873018196,-87.39147210711239,91.82428669843583,-1.2588076725883848,0.0010000000474974513,0,0.0010000000474974513,-0.589080810546875,0.5792236328125,-4.92858910128291e-06,0.0005890808385267121,off
1781063517.4033217,2026-06-10T11:51:57.403,87699750545776,,1,cf_0V,frequency,frequency,394594.03291068296,77,77,0.0,0.1,394594.03291068296,0.099945068359375,394594.0329106179,0,Rp || Cp,Rp,Cp,242.7666396847395,4.735488289874843e-09,4.735488289874843e-09,242.7666396847395,0.0004764160136892155,0.0004764160136892155,1.0,26.607566588387105,-75.83842648087598,80.37057627546716,-1.2333685244526023,0.0010000000474974513,0,0.0010000000474974513,-0.61590576171875,0.6055908203125,-5.157470948091714e-06,0.0006159057909727039,off
1781063517.7974179,2026-06-10T11:51:57.797,87699776063856,,1,cf_0V,frequency,frequency,440655.49182050145,78,78,0.0,0.1,440655.49182050145,0.099945068359375,440655.49182050745,0,Rp || Cp,Rp,Cp,192.90153847442136,4.81480494615295e-09,4.81480494615295e-09,192.90153847442136,0.0004973178855111503,0.0004973178855111503,1.0,25.33902889097403,-65.16035045469818,69.91378731349562,-1.1999198004373026,0.0010000000474974513,0,0.0010000000474974513,-0.644073486328125,0.631195068359375,-6.439209290221015e-06,0.000644073516919974,off
1781063518.2435882,2026-06-10T11:51:58.243,87699800721776,,1,cf_0V,frequency,frequency,492093.7628966142,79,79,0.0,0.1,492093.7628966142,0.099945068359375,492093.7628966726,0,Rp || Cp,Rp,Cp,149.77584257777957,4.9058431943326406e-09,4.9058431943326406e-09,149.77584257777957,0.0005160913537608419,0.0005160913537608419,1.0,24.308791307250086,-55.22637381968282,60.33961965484027,-1.156150093683274,0.0010000000474974513,0,0.0010000000474974513,-0.67138671875,0.6558837890625,-7.751465211924824e-06,0.000671386750639158,off
1781063518.5979457,2026-06-10T11:51:58.597,87699824806256,,1,cf_0V,frequency,frequency,549536.4882015135,80,80,0.0,0.1,549536.4882015135,0.099945068359375,549536.4882015963,0,Rp || Cp,Rp,Cp,113.33946413741727,4.9977345552134994e-09,4.9977345552134994e-09,113.33946413741727,0.0005324880675825224,0.0005324880675825224,1.0,23.4887560647066,-45.93997566565599,51.59654083006298,-1.0981557376591597,0.0010000000474974513,0,0.0010000000474974513,-0.68701171875,0.675048828125,-5.9814455966034075e-06,0.0006870117513813057,off
1781063519.0477247,2026-06-10T11:51:59.047,87699846883696,,1,cf_0V,frequency,frequency,613684.5752468883,81,81,0.0,0.1,613684.5752468883,0.099945068359375,613684.5752469356,0,Rp || Cp,Rp,Cp,83.47958819404543,5.068416266747988e-09,5.068416266747988e-09,83.47958819404543,0.0005467561782272646,0.0005467561782272646,1.0,22.79818657439892,-37.19443393467272,43.625488270067954,-1.0209119127059514,0.0010000000474974513,0,0.0010000000474974513,-0.706390380859375,0.6927490234375,-6.820679034902355e-06,0.0007063904144111177,off
1781063519.438987,2026-06-10T11:51:59.438,87699874122096,,1,cf_0V,frequency,frequency,685320.749361875,82,82,0.0,0.1,685320.749361875,0.099945068359375,685320.7493619351,0,Rp || Cp,Rp,Cp,59.719818241199114,5.042388379317975e-09,5.042388379317975e-09,59.719818241199114,0.0005585145906651532,0.0005585145906651532,1.0,22.272330013188817,-28.87979944492774,36.470529200926606,-0.9138597374644686,0.0010000000474974513,0,0.0010000000474974513,-0.719940185546875,0.707611083984375,-6.1645510740504506e-06,0.0007199402197421989,off
1781063519.8539276,2026-06-10T11:51:59.853,87699896486256,,1,cf_0V,frequency,frequency,765319.1043900257,83,83,0.0,0.1,765319.1043900257,0.099945068359375,765319.1043900875,0,Rp || Cp,Rp,Cp,41.84965780219395,4.7601108529549e-09,4.7601108529549e-09,41.84965780219395,0.0005678379424921369,0.0005678379424921369,1.0,21.823750788812152,-20.905511330268148,30.22112675715697,-0.7639117603526598,0.0010000000474974513,0,0.0010000000474974513,-0.731170654296875,0.720703125,-5.2337648970279815e-06,0.0007311706890256175,off
1781063520.3004,2026-06-10T11:52:00.300,87699921144176,,1,cf_0V,frequency,frequency,854655.7682511833,84,84,0.0,0.1,854655.7682511833,0.099945068359375,854655.7682512201,0,Rp || Cp,Rp,Cp,29.5800431514892,3.862014806003564e-09,3.862014806003564e-09,29.5800431514892,0.0005751912841990071,0.0005751912841990071,1.0,21.49198592110415,-13.18440033238221,25.213763522280033,-0.550255337794016,0.0010000000474974513,0,0.0010000000474974513,-0.74346923828125,0.730926513671875,-6.271362602561226e-06,0.0007434692735941439,off
1781063520.7158768,2026-06-10T11:52:00.715,87699949242736,,1,cf_0V,frequency,frequency,954420.8135078406,85,85,0.0,0.1,954420.8135078406,0.099945068359375,954420.8135078946,0,Rp || Cp,Rp,Cp,22.679871891632253,1.9526297652351792e-09,1.9526297652351792e-09,22.679871891632253,0.0005801975601197614,0.0005801975601197614,1.0,21.185690999211097,-5.626300266050515,21.92005378181847,-0.25957897258959267,0.0010000000474974513,0,0.0010000000474974513,-0.74822998046875,0.735809326171875,-6.210327443412211e-06,0.0007482300160077671,off
1781063521.1388154,2026-06-10T11:52:01.138,87699973613936,,1,cf_0V,frequency,frequency,1065831.5582669198,86,86,0.0,0.1,1065831.5582669198,0.099945068359375,1065831.5582669075,0,Rp || Cp,Rp,Cp,21.10183961599265,-6.280812257709552e-10,-6.280812257709552e-10,21.10183961599265,0.000583163242114439,0.000583163242114439,1.0,20.936901301441264,1.8583049299263084,21.01920867489738,0.08852542254766163,0.0010000000474974513,0,0.0010000000474974513,-0.7503662109375,0.73895263671875,-5.706787380432843e-06,0.0007503662465779826,off
1781063521.5375986,2026-06-10T11:52:01.537,87699998845296,,1,cf_0V,frequency,frequency,1190247.4197125817,87,87,0.0,0.1,1190247.4197125817,0.099945068359375,1190247.4197125202,0,Rp || Cp,Rp,Cp,24.94252962492962,-2.41991157759989e-09,-2.41991157759989e-09,24.94252962492962,0.0005841516780929582,0.0005841516780929582,1.0,20.720555103206348,9.353162872616958,22.73374275183721,0.42401372028310624,0.0010000000474974513,0,0.0010000000474974513,-0.751556396484375,0.74139404296875,-5.081176999155446e-06,0.0007515564321813883,off
1781063521.9391043,2026-06-10T11:52:01.939,87700022929776,,1,cf_0V,frequency,frequency,1329186.5015106536,88,88,0.0,0.1,1329186.5015106536,0.099945068359375,1329186.5015105486,0,Rp || Cp,Rp,Cp,34.5167435503819,-2.8648328017889857e-09,-2.8648328017889857e-09,34.5167435503819,0.0005831933321325596,0.0005831933321325596,1.0,20.52114717620399,16.947144096078603,26.61434151807399,0.6902984913337704,0.0010000000474974513,0,0.0010000000474974513,-0.754150390625,0.74139404296875,-6.378174131072001e-06,0.0007541504264452215,off
1781063522.3971121,2026-06-10T11:52:02.397,87700047587696,,1,cf_0V,frequency,frequency,1484344.1174816934,89,89,0.0,0.1,1484344.1174816934,0.099945068359375,1484344.1174816263,0,Rp || Cp,Rp,Cp,50.42375363645404,-2.5879329447316295e-09,-2.5879329447316295e-09,50.42375363645404,0.000580375179119469,0.000580375179119469,1.0,20.32255977779795,24.733243046062977,32.0115564679038,0.882981026819957,0.0010000000474974513,0,0.0010000000474974513,-0.7548828125,0.74139404296875,-6.744385085966087e-06,0.0007548828483550096,off
1781063522.811999,2026-06-10T11:52:02.811,87700077119856,,1,cf_0V,frequency,frequency,1657613.4775657344,90,90,0.0,0.1,1657613.4775657344,0.099945068359375,1657613.477565718,0,Rp || Cp,Rp,Cp,73.61978223336423,-2.12756725202902e-09,-2.12756725202902e-09,73.61978223336423,0.0005756779178683817,0.0005756779178683817,1.0,20.107953324064447,32.802642545891366,38.47522767803041,1.020874274006805,0.0010000000474974513,0,0.0010000000474974513,-0.7548828125,0.74139404296875,-6.744385085966087e-06,0.0007548828483550096,off
1781063523.228756,2026-06-10T11:52:03.228,87700100057456,,1,cf_0V,frequency,frequency,1851108.7884858004,91,91,0.0,0.1,1851108.7884858004,0.099945068359375,1851108.7884859024,0,Rp || Cp,Rp,Cp,105.62258900191466,-1.6925066301057946e-09,-1.6925066301057946e-09,105.62258900191466,0.0005690503616422811,0.0005690503616422811,1.0,19.84220712028095,41.25617655760373,45.77974756981846,1.1225035665273664,0.0010000000474974513,0,0.0010000000474974513,-0.7548828125,0.740203857421875,-7.339477887668977e-06,0.0007548828483550096,off
1781063523.6794338,2026-06-10T11:52:03.679,87700125288816,,1,cf_0V,frequency,frequency,2067191.0509809963,92,92,0.0,0.1,2067191.0509809963,0.099945068359375,2067191.0509810941,0,Rp || Cp,Rp,Cp,148.58864775856256,-1.33225111955464e-09,-1.33225111955464e-09,148.58864775856256,0.0005604158560937134,0.0005604158560937134,1.0,19.522988028814016,50.19708487387354,53.85995164691553,1.1998721691839422,0.0010000000474974513,0,0.0010000000474974513,-0.74676513671875,0.735504150390625,-5.630493431496575e-06,0.0007467651721881907,off
1781063524.0561895,2026-06-10T11:52:04.056,87700150233456,,1,cf_0V,frequency,frequency,2308496.8683831017,93,93,0.0,0.1,2308496.8683831017,0.099945068359375,2308496.8683831166,0,Rp || Cp,Rp,Cp,205.79626507474973,-1.046761633818304e-09,-1.046761633818304e-09,205.79626507474973,0.0005497133926832266,0.0005497133926832266,1.0,19.120492364892936,59.74389246449637,62.728987837245036,1.2610562324614414,0.0010000000474974513,0,0.0010000000474974513,-0.74676513671875,0.735076904296875,-5.844116488518125e-06,0.0007467651721881907,off
1781063524.481397,2026-06-10T11:52:04.481,87700174031216,,1,cf_0V,frequency,frequency,2577970.6180546875,94,94,0.0,0.1,2577970.6180546875,0.099945068359375,2577970.6180546926,0,Rp || Cp,Rp,Cp,282.16174859171423,-8.236101337205921e-10,-8.236101337205921e-10,282.16174859171423,0.000536843167393223,0.000536843167393223,1.0,18.6005654194583,70.0170481356175,72.44562142427192,1.3111361867830391,0.0010000000474974513,0,0.0010000000474974513,-0.73248291015625,0.72564697265625,-3.4179689123448043e-06,0.0007324829449473214,off
1781063524.9037755,2026-06-10T11:52:04.903,87700201269616,,1,cf_0V,frequency,frequency,2878900.378239697,95,95,0.0,0.1,2878900.378239697,0.099945068359375,2878900.378239635,0,Rp || Cp,Rp,Cp,385.1329095315327,-6.495136435741282e-10,-6.495136435741282e-10,385.1329095315327,0.0005215808418282783,0.0005215808418282783,1.0,17.93452717478109,81.15127458587953,83.10942565013777,1.3532912658958018,0.0010000000474974513,0,0.0010000000474974513,-0.723297119140625,0.7130126953125,-5.14221215830446e-06,0.0007232971534953947,off
1781063525.306187,2026-06-10T11:52:05.306,87700224780656,,1,cf_0V,frequency,frequency,3214958.0487006293,96,96,0.0,0.1,3214958.0487006293,0.099945068359375,3214958.048700538,0,Rp || Cp,Rp,Cp,525.5322158004155,-5.133283667650572e-10,-5.133283667650572e-10,525.5322158004155,0.0005037769827861071,0.0005037769827861071,1.0,17.12048215627026,93.29659165206957,94.85444071394963,1.3893095283668793,0.0010000000474974513,0,0.0010000000474974513,-0.7183837890625,0.7130126953125,-2.685547002556632e-06,0.000718383823183899,off
1781063525.7068489,2026-06-10T11:52:05.706,87700249438576,,1,cf_0V,frequency,frequency,3590244.1546882903,97,97,0.0,0.1,3590244.1546882903,0.099945068359375,3590244.154688378,0,Rp || Cp,Rp,Cp,724.2325252181372,-4.0680565814940663e-10,-4.0680565814940663e-10,724.2325252181372,0.00048365444511722176,0.00048365444511722176,1.0,16.033112443031676,106.55815697126275,107.75760535443969,1.4214531167217281,0.0010000000474974513,0,0.0010000000474974513,-0.705902099609375,0.692901611328125,-6.5002444493700295e-06,0.0007059021331379256,off
1781063526.1219542,2026-06-10T11:52:06.121,87700273523056,,1,cf_0V,frequency,frequency,4009337.880935344,98,98,0.0,0.1,4009337.880935344,0.099945068359375,4009337.8809352485,0,Rp || Cp,Rp,Cp,1020.641027272437,-3.227934328520001e-10,-3.227934328520001e-10,1020.641027272437,0.0004609399249670457,0.0004609399249670457,1.0,14.605381075179691,121.21688821251597,122.0936163125526,1.4508847244325411,0.0010000000474974513,0,0.0010000000474974513,-0.689239501953125,0.679168701171875,-5.035400629793685e-06,0.0006892395346902447,off
1781063526.5750768,2026-06-10T11:52:06.575,87700301908336,,1,cf_0V,frequency,frequency,4477352.946181116,99,99,0.0,0.1,4477352.946181116,0.099945068359375,4477352.946181128,0,Rp || Cp,Rp,Cp,1488.6515939103208,-2.564208030635236e-10,-2.564208030635236e-10,1488.6515939103208,0.0004355647419006622,0.0004355647419006622,1.0,12.798179017407858,137.4344796885127,138.02908966378732,1.477942071495035,0.0010000000474974513,0,0.0010000000474974513,-0.671600341796875,0.659820556640625,-5.889892857879886e-06,0.0006716003736961795,off
1781063526.9828577,2026-06-10T11:52:06.982,87700324845936,,1,cf_0V,frequency,frequency,4999999.999999999,100,100,0.0,0.1,4999999.999999999,0.099945068359375,4999999.999999929,0,Rp || Cp,Rp,Cp,2331.6835792294873,-2.0385473947213342e-10,-2.0385473947213342e-10,2331.6835792294873,0.00040785375966621254,0.00040785375966621254,1.0,10.409880664388199,155.4483264350109,155.7964948479025,1.5039293401175062,0.0010000000474974513,0,0.0010000000474974513,-0.654754638671875,0.64410400390625,-5.325317635751503e-06,0.0006547546697710516,off
1781063527.393733,2026-06-10T11:52:07.393,87700348930416,,1,cf_0V,frequency,frequency,4482348.925241931,101,101,0.0,0.1,4482348.925241931,0.099945068359375,4482348.925241979,0,Rp || Cp,Rp,Cp,1494.19445931461,-2.558250598029904e-10,-2.558250598029904e-10,1494.19445931461,0.000435312778683619,0.000435312778683619,1.0,12.782166599012204,137.60689927222182,138.19928549120763,1.4781731170846697,0.0010000000474974513,0,0.0010000000474974513,-0.624755859375,0.61688232421875,-3.936767765111426e-06,0.000624755889049311,off
1781063527.8374643,2026-06-10T11:52:07.837,87700377315696,,1,cf_0V,frequency,frequency,4018290.377523501,102,102,0.0,0.1,4018290.377523501,0.099945068359375,4018290.3775235703,0,Rp || Cp,Rp,Cp,1028.0320338706501,-3.213009129113273e-10,-3.213009129113273e-10,1028.0320338706501,0.0004604375119775677,0.0004604375119775677,1.0,14.572260602881169,121.52530570459304,122.39587699621696,1.451454816481858,0.0010000000474974513,0,0.0010000000474974513,-0.598968505859375,0.585693359375,-6.637573557455312e-06,0.0005989685343088524,off
1781063528.3444932,2026-06-10T11:52:08.344,87700404267376,,1,cf_0V,frequency,frequency,3602275.9110004925,103,103,0.0,0.1,3602275.9110004925,0.099945068359375,3602275.9110004897,0,Rp || Cp,Rp,Cp,731.6344669168983,-4.0399144415655396e-10,-4.0399144415655396e-10,731.6344669168983,0.0004830200408488312,0.0004830200408488312,1.0,15.990090791633834,106.97298046126008,108.16146056840128,1.4224170814773351,0.0010000000474974513,0,0.0010000000474974513,-0.62689208984375,0.615386962890625,-5.752563749794604e-06,0.0006268921196195265,off
1781063528.7459652,2026-06-10T11:52:08.745,87700432652656,,1,cf_0V,frequency,frequency,3229331.511619592,104,104,0.0,0.1,3229331.511619592,0.099945068359375,3229331.5116196196,0,Rp || Cp,Rp,Cp,532.1030136329837,-5.084963664837599e-10,-5.084963664837599e-10,532.1030136329837,0.0005030104078666291,0.0005030104078666291,1.0,17.087105514993276,93.8090142998645,95.35250567653004,1.3906237757403188,0.0010000000474974513,0,0.0010000000474974513,-0.6500244140625,0.6385498046875,-5.73730496000735e-06,0.000650024444937003,off
1781063529.236284,2026-06-10T11:52:09.236,87700459891056,,1,cf_0V,frequency,frequency,2894998.1260715965,105,105,0.0,0.1,2894998.1260715965,0.099945068359375,2894998.126071542,0,Rp || Cp,Rp,Cp,391.1277324388103,-6.417910998848019e-10,-6.417910998848019e-10,391.1277324388103,0.0005207404042761282,0.0005207404042761282,1.0,17.901571848948574,81.73943313790859,83.6767662160154,1.3551926315251455,0.0010000000474974513,0,0.0010000000474974513,-0.671478271484375,0.66058349609375,-5.447387954049532e-06,0.0006714783033778815,off
1781063529.7490046,2026-06-10T11:52:09.749,87700488563056,,1,cf_0V,frequency,frequency,2595278.3477948857,106,106,0.0,0.1,2595278.3477948857,0.099945068359375,2595278.3477949738,0,Rp || Cp,Rp,Cp,287.4203051725943,-8.117508635943278e-10,-8.117508635943278e-10,287.4203051725943,0.0005359610867588178,0.0005359610867588178,1.0,18.573623817026107,70.66439785319203,73.06460583381403,1.3137673796281824,0.0010000000474974513,0,0.0010000000474974513,-0.690460205078125,0.67999267578125,-5.2337648970279815e-06,0.000690460237873225,off
1781063530.2084868,2026-06-10T11:52:10.208,87700520102256,,1,cf_0V,frequency,frequency,2326588.622588413,107,107,0.0,0.1,2326588.622588413,0.099945068359375,2326588.6225883747,0,Rp || Cp,Rp,Cp,210.50307991333062,-1.029111147822542e-09,-1.029111147822542e-09,210.50307991333062,0.0005488827269557557,0.0005488827269557557,1.0,19.087013321525152,60.44469383652908,63.38671067761613,1.264929260813204,0.0010000000474974513,0,0.0010000000474974513,-0.706451416015625,0.69873046875,-3.860473816175158e-06,0.0007064514495702667,off
1781063530.6073787,2026-06-10T11:52:10.607,87700544186736,,1,cf_0V,frequency,frequency,2085716.402387856,108,108,0.0,0.1,2085716.402387856,0.099945068359375,2085716.4023878027,0,Rp || Cp,Rp,Cp,152.6165142605543,-1.3066109141525915e-09,-1.3066109141525915e-09,152.6165142605543,0.0005596198961149938,0.0005596198961149938,1.0,19.49340005252763,50.94135963532372,54.54369594282435,1.2053239386674655,0.0010000000474974513,0,0.0010000000474974513,-0.719207763671875,0.709747314453125,-4.730224834048613e-06,0.0007192077978324107,off
1781063531.0471606,2026-06-10T11:52:11.047,87700567124336,,1,cf_0V,frequency,frequency,1869781.7349205392,109,109,0.0,0.1,1869781.7349205392,0.099945068359375,1869781.734920437,0,Rp || Cp,Rp,Cp,109.01424956805438,-1.656487822089508e-09,-1.656487822089508e-09,109.01424956805438,0.0005683517151233067,0.0005683517151233067,1.0,19.818081139130076,42.04398771791199,46.48067601983729,1.1303176712028977,0.0010000000474974513,0,0.0010000000474974513,-0.73211669921875,0.720458984375,-5.8288576987308716e-06,0.0007321167339924273,off
1781063531.4599845,2026-06-10T11:52:11.459,87700595222896,,1,cf_0V,frequency,frequency,1676202.829991615,110,110,0.0,0.1,1676202.829991615,0.099945068359375,1676202.8299915243,0,Rp || Cp,Rp,Cp,76.4173775416553,-2.0809394940515985e-09,-2.0809394940515985e-09,76.4173775416553,0.0005750756178416575,0.0005750756178416575,1.0,20.083984228126216,33.636274806014846,39.17608205654786,1.032517068221745,0.0010000000474974513,0,0.0010000000474974513,-0.74005126953125,0.72857666015625,-5.73730496000735e-06,0.0007400513046817991,off
1781063531.8554845,2026-06-10T11:52:11.855,87700618160496,,1,cf_0V,frequency,frequency,1502665.19070008,111,111,0.0,0.1,1502665.19070008,0.099945068359375,1502665.1907001564,0,Rp || Cp,Rp,Cp,52.61112386257534,-2.5389063347807204e-09,-2.5389063347807204e-09,52.61112386257534,0.0005799149306335931,0.0005799149306335931,1.0,20.309282319956413,25.613028312629183,32.68782904530734,0.9003825999142769,0.0010000000474974513,0,0.0010000000474974513,-0.74554443359375,0.733734130859375,-5.9051516476671395e-06,0.0007455444690052104,off
1781063532.303925,2026-06-10T11:52:12.303,87700645398896,,1,cf_0V,frequency,frequency,1347093.9405065936,112,112,0.0,0.1,1347093.9405065936,0.099945068359375,1347093.940506525,0,Rp || Cp,Rp,Cp,36.08875268912323,-2.8552740080959933e-09,-2.8552740080959933e-09,36.08875268912323,0.0005829903847286489,0.0005829903847286489,1.0,20.497199959486142,17.876889382055353,27.19776424924303,0.7172206644781508,0.0010000000474974513,0,0.0010000000474974513,-0.75,0.739227294921875,-5.3863527949005174e-06,0.0007500000356230885,off
1781063532.7551134,2026-06-10T11:52:12.755,87700668049776,,1,cf_0V,frequency,frequency,1207629.01528593,113,113,0.0,0.1,1207629.01528593,0.099945068359375,1207629.0152859315,0,Rp || Cp,Rp,Cp,25.87425217497202,-2.5440531021403566e-09,-2.5440531021403566e-09,25.87425217497202,0.0005841004836373738,0.0005841004836373738,1.0,20.708215851401114,10.343084418329235,23.14756140574867,0.4632216580827626,0.0010000000474974513,0,0.0010000000474974513,-0.752838134765625,0.74169921875,-5.5694582723475605e-06,0.0007528381705235176,off
1781063533.156941,2026-06-10T11:52:13.156,87700696435056,,1,cf_0V,frequency,frequency,1082602.9237515721,114,114,0.0,0.1,1082602.9237515721,0.099945068359375,1082602.9237515656,0,Rp || Cp,Rp,Cp,21.302169215804543,-9.617877156341815e-10,-9.617877156341815e-10,21.302169215804543,0.000583415805080837,0.000583415805080837,1.0,20.89631143872405,2.912203720501399,21.098264437006467,0.13847259062035053,0.0010000000474974513,0,0.0010000000474974513,-0.752838134765625,0.74169921875,-5.5694582723475605e-06,0.0007528381705235176,off
1781063533.5586095,2026-06-10T11:52:13.558,87700720806256,,1,cf_0V,frequency,frequency,970520.8103483266,115,115,0.0,0.1,970520.8103483266,0.099945068359375,970520.8103482476,0,Rp || Cp,Rp,Cp,22.112093433684432,1.5736434804724737e-09,1.5736434804724737e-09,22.112093433684432,0.0005807491652503411,0.0005807491652503411,1.0,21.159416723806608,-4.489775440639526,21.630510849239705,-0.20908690493654639,0.0010000000474974513,0,0.0010000000474974513,-0.752838134765625,0.74169921875,-5.5694582723475605e-06,0.0007528381705235176,off
1781063533.9605944,2026-06-10T11:52:13.960,87700744890736,,1,cf_0V,frequency,frequency,870042.5822379502,116,116,0.0,0.1,870042.5822379502,0.099945068359375,870042.5822379998,0,Rp || Cp,Rp,Cp,28.088318572744846,3.637058844929669e-09,3.637058844929669e-09,28.088318572744846,0.0005761431819149127,0.0005761431819149127,1.0,21.41067478121249,-11.95712588899532,24.523251295701606,-0.5093194897840038,0.0010000000474974513,0,0.0010000000474974513,-0.752838134765625,0.74169921875,-5.5694582723475605e-06,0.0007528381705235176,off
1781063534.3676682,2026-06-10T11:52:14.367,87700770122096,,1,cf_0V,frequency,frequency,779966.8866817983,117,117,0.0,0.1,779966.8866817983,0.099945068359375,779966.88668172,0,Rp || Cp,Rp,Cp,39.352624778447975,4.665688032545888e-09,4.665688032545888e-09,39.352624778447975,0.000569357405901314,0.000569357405901314,1.0,21.7461311767347,-19.567143875006312,29.253501338830365,-0.7327039593501992,0.0010000000474974513,0,0.0010000000474974513,-0.75067138671875,0.741302490234375,-4.684448464686852e-06,0.0007506714223737276,off
1781063534.816244,2026-06-10T11:52:14.816,87700797073776,,1,cf_0V,frequency,frequency,699216.7472484909,118,118,0.0,0.1,699216.7472484909,0.099945068359375,699216.7472483857,0,Rp || Cp,Rp,Cp,56.05067509648902,5.019451905181809e-09,5.019451905181809e-09,56.05067509648902,0.0005604220776679898,0.0005604220776679898,1.0,22.173971158660574,-27.407682427886733,35.2543054535613,-0.890566127273366,0.0010000000474974513,0,0.0010000000474974513,-0.7506103515625,0.737335205078125,-6.637573557455312e-06,0.0007506103872145786,off
1781063535.1813617,2026-06-10T11:52:15.181,87700818864496,,1,cf_0V,frequency,frequency,626826.6871080867,119,119,0.0,0.1,626826.6871080867,0.099945068359375,626826.687107993,0,Rp || Cp,Rp,Cp,78.41127878496701,5.072056183526861e-09,5.072056183526861e-09,78.41127878496701,0.0005491575751189844,0.0005491575751189844,1.0,22.705102668513863,-35.564229894577835,42.19402961536311,-1.0026010893148274,0.0010000000474974513,0,0.0010000000474974513,-0.747650146484375,0.735382080078125,-6.134033494475943e-06,0.0007476501819958514,off
1781063535.5509772,2026-06-10T11:52:15.550,87700841228656,,1,cf_0V,frequency,frequency,561931.1854543786,120,120,0.0,0.1,561931.1854543786,0.099945068359375,561931.1854543696,0,Rp || Cp,Rp,Cp,106.74255917773421,5.013939256204838e-09,5.013939256204838e-09,106.74255917773421,0.0005355430531038363,0.0005355430531038363,1.0,23.353404719367955,-44.12958954343575,49.92796996933394,-1.084062055786326,0.0010000000474974513,0,0.0010000000474974513,-0.740020751953125,0.733123779296875,-3.4484864919193114e-06,0.0007400207871022246,off
1781063535.9507606,2026-06-10T11:52:15.950,87700863592816,,1,cf_0V,frequency,frequency,503754.32903627184,121,121,0.0,0.1,503754.32903627184,0.099945068359375,503754.3290362123,0,Rp || Cp,Rp,Cp,141.48080044391423,4.925743582868607e-09,4.925743582868607e-09,141.48080044391423,0.0005196390446208349,0.0005196390446208349,1.0,24.120452559685887,-53.205119147782774,58.417299965111525,-1.1451614083545991,0.0010000000474974513,0,0.0010000000474974513,-0.7344970703125,0.720428466796875,-7.034302091923905e-06,0.0007344971051992388,off
1781063536.309008,2026-06-10T11:52:16.309,87700887390576,,1,cf_0V,frequency,frequency,451600.5350683417,122,122,0.0,0.1,451600.5350683417,0.099945068359375,451600.5350683372,0,Rp || Cp,Rp,Cp,182.4903683677747,4.832825321385806e-09,4.832825321385806e-09,182.4903683677747,0.0005015413374799425,0.0005015413374799425,1.0,25.12761261147406,-62.882035321054396,67.71666915664595,-1.1906354926901537,0.0010000000474974513,0,0.0010000000474974513,-0.721771240234375,0.711090087890625,-5.340576425538757e-06,0.0007217712745166693,off
1781063536.7223349,2026-06-10T11:52:16.722,87700908607856,,1,cf_0V,frequency,frequency,404846.2346004526,123,123,0.0,0.1,404846.2346004526,0.099945068359375,404846.23460045556,0,Rp || Cp,Rp,Cp,230.4467991132433,4.752398460857921e-09,4.752398460857921e-09,230.4467991132433,0.00048165590536302305,0.00048165590536302305,1.0,26.304282788324443,-73.27907258236013,77.8571626219383,-1.2261614059772863,0.0010000000474974513,0,0.0010000000474974513,-0.707122802734375,0.696044921875,-5.538940692773053e-06,0.0007071228363209059,off
1781063537.1032076,2026-06-10T11:52:17.103,87700935846256,,1,cf_0V,frequency,frequency,362932.4169099164,124,124,0.0,0.1,362932.4169099164,0.099945068359375,362932.41690984246,0,Rp || Cp,Rp,Cp,285.7191428848351,4.685828911821545e-09,4.685828911821545e-09,285.7191428848351,0.0004593322709348768,0.0004593322709348768,1.0,27.68326467425152,-84.51790054158063,88.93614931500676,-1.2542659011848278,0.0010000000474974513,0,0.0010000000474974513,-0.6890869140625,0.6788330078125,-5.126953368517206e-06,0.0006890869467923721,off
1781063537.6274147,2026-06-10T11:52:17.627,87700960504176,,1,cf_0V,frequency,frequency,325357.9457743241,125,125,0.0,0.1,325357.9457743241,0.099945068359375,325357.9457742717,0,Rp || Cp,Rp,Cp,344.90490182337055,4.625853684093786e-09,4.625853684093786e-09,344.90490182337055,0.00043557693374691466,0.00043557693374691466,1.0,29.635779145478416,-96.66046808841116,101.10156030759528,-1.2732985687716811,0.0010000000474974513,0,0.0010000000474974513,-0.675445556640625,0.658538818359375,-8.453369542138489e-06,0.0006754455887225674,off
1781063538.0888553,2026-06-10T11:52:18.088,87700991756656,,1,cf_0V,frequency,frequency,291673.56771209295,126,126,0.0,0.1,291673.56771209295,0.099945068359375,291673.56771218067,0,Rp || Cp,Rp,Cp,410.61750626381695,4.579846153429122e-09,4.579846153429122e-09,410.61750626381695,0.00041085075186404643,0.00041085075186404643,1.0,31.886054700970732,-109.89200053466568,114.42452650504724,-1.288393070517724,0.0010000000474974513,0,0.0010000000474974513,-0.62677001953125,0.61236572265625,-7.202148779583695e-06,0.0006267700493012285,off
1781063538.5900242,2026-06-10T11:52:18.590,87701016988016,,1,cf_0V,frequency,frequency,261476.54055115595,127,127,0.0,0.1,261476.54055115595,0.099945068359375,261476.54055115767,0,Rp || Cp,Rp,Cp,481.1869051078485,4.543583712882256e-09,4.543583712882256e-09,481.1869051078485,0.0003851576385600188,0.0003851576385600188,1.0,34.6133131671809,-124.32775872682326,129.05608485633104,-1.2992684466584707,0.0010000000474974513,0,0.0010000000474974513,-0.595184326171875,0.584075927734375,-5.554199482560307e-06,0.0005951843544416136,off
1781063539.0429544,2026-06-10T11:52:19.042,87701047380336,,1,cf_0V,frequency,frequency,234405.81810309048,128,128,0.0,0.1,234405.81810309048,0.099945068359375,234405.81810305617,0,Rp || Cp,Rp,Cp,553.0784919410569,4.513654045495555e-09,4.513654045495555e-09,553.0784919410569,0.00035926062095419624,0.00035926062095419624,1.0,38.094897190395905,-140.06515304231434,145.15325793351582,-1.3052401017466593,0.0010000000474974513,0,0.0010000000474974513,-0.56597900390625,0.555572509765625,-5.203247317453474e-06,0.0005659790307888102,off
1781063539.4443507,2026-06-10T11:52:19.444,87701073185136,,1,cf_0V,frequency,frequency,210137.7333689687,129,129,0.0,0.1,210137.7333689687,0.099945068359375,210137.7333689669,0,Rp || Cp,Rp,Cp,628.1040818088934,4.490550119661646e-09,4.490550119661646e-09,628.1040818088934,0.0003333890622216185,0.0003333890622216185,1.0,42.243884130652155,-157.31818174477033,162.89123995453087,-1.308459665706229,0.0010000000474974513,0,0.0010000000474974513,-0.535980224609375,0.525238037109375,-5.371094005113264e-06,0.0005359802500670696,off
1781063539.8475177,2026-06-10T11:52:19.847,87701097269616,,1,cf_0V,frequency,frequency,188382.12866383453,130,130,0.0,0.1,188382.12866383453,0.099945068359375,188382.12866391757,0,Rp || Cp,Rp,Cp,702.6781384036775,4.472362109255034e-09,4.472362109255034e-09,702.6781384036775,0.00030817010335502893,0.00030817010335502893,1.0,47.361480329478525,-176.1725489710607,182.42773043032784,-1.308169947724197,0.0010000000474974513,0,0.0010000000474974513,-0.53289794921875,0.491485595703125,-2.0706177741303122e-05,0.0005328979745300444,off
1781063540.2514288,2026-06-10T11:52:20.251,87701122500976,,1,cf_0V,frequency,frequency,168878.88639022523,131,131,0.0,0.1,168878.88639022523,0.099945068359375,168878.88639026016,0,Rp || Cp,Rp,Cp,776.462502187762,4.4583082067811836e-09,4.4583082067811836e-09,776.462502187762,0.00028377851301036687,0.00028377851301036687,1.0,53.57694512063602,-196.79938978433293,203.9619789763412,-1.3049965511525068,0.0010000000474974513,0,0.0010000000474974513,-0.501953125,0.46075439453125,-2.0599366212792347e-05,0.0005019531488414941,off
1781063540.6900554,2026-06-10T11:52:20.690,87701144291696,,1,cf_0V,frequency,frequency,151394.81898145608,132,132,0.0,0.1,151394.81898145608,0.099945068359375,151394.81898145846,0,Rp || Cp,Rp,Cp,838.9884705116708,4.445647210951426e-09,4.445647210951426e-09,838.9884705116708,0.00026023840315123986,0.00026023840315123986,1.0,61.74388671876807,-219.06643178379707,227.60142592177468,-1.2960728899301974,0.0010000000474974513,0,0.0010000000474974513,-0.439666748046875,0.426513671875,-6.5765383983062975e-06,0.00043966676892992496,off
1781063541.051191,2026-06-10T11:52:21.051,87701171530096,,1,cf_0V,frequency,frequency,135720.88082974532,133,133,0.0,0.1,135720.88082974532,0.099945068359375,135720.88082980827,0,Rp || Cp,Rp,Cp,902.3808093089583,4.437030797497663e-09,4.437030797497663e-09,902.3808093089583,0.00023819756511453475,0.00023819756511453475,1.0,71.29033280581342,-243.41059274742184,253.63562094708797,-1.2858834725836636,0.0010000000474974513,0,0.0010000000474974513,-0.438385009765625,0.396270751953125,-2.1057129906409955e-05,0.00043838503058779565,off
1781063541.4414299,2026-06-10T11:52:21.441,87701194754416,,1,cf_0V,frequency,frequency,121669.66886401946,134,134,0.0,0.1,121669.66886401946,0.099945068359375,121669.66886411501,0,Rp || Cp,Rp,Cp,960.1718675366507,4.430574195136674e-09,4.430574195136674e-09,960.1718675366507,0.00021759866079993316,0.00021759866079993316,1.0,82.94139553946813,-269.73824266720624,282.20204579560925,-1.2724836279064808,0.0010000000474974513,0,0.0010000000474974513,-0.40679931640625,0.38671875,-1.0040283680012863e-05,0.0004067993357281807,off
1781063541.8561332,2026-06-10T11:52:21.856,87701219125616,,1,cf_0V,frequency,frequency,109073.18189343589,135,135,0.0,0.1,109073.18189343589,0.099945068359375,109073.18189339321,0,Rp || Cp,Rp,Cp,1010.7018611761606,4.425161787536326e-09,4.425161787536326e-09,1010.7018611761606,0.00019850653024005197,0.00019850653024005197,1.0,97.22893735073724,-298.0201363703749,313.47961327743536,-1.255434661948529,0.0010000000474974513,0,0.0010000000474974513,-0.38092041015625,0.359405517578125,-1.0757446800013781e-05,0.00038092042824899863,off
1781063542.2446353,2026-06-10T11:52:22.244,87701242923376,,1,cf_0V,frequency,frequency,97780.81192655204,136,136,0.0,0.1,97780.81192655204,0.099945068359375,97780.81192649779,0,Rp || Cp,Rp,Cp,1067.0073645989373,4.423212614621824e-09,4.423212614621824e-09,1067.0073645989373,0.00018099082568711982,0.00018099082568711982,1.0,113.41845140521544,-328.86863306130965,347.87687898273947,-1.238694806550908,0.0010000000474974513,0,0.0010000000474974513,-0.346527099609375,0.34002685546875,-3.2501222246850148e-06,0.00034652711606852904,off
1781063542.6516414,2026-06-10T11:52:22.651,87701265860976,,1,cf_0V,frequency,frequency,87657.5434496528,137,137,0.0,0.1,87657.5434496528,0.099945068359375,87657.54344956634,0,Rp || Cp,Rp,Cp,1113.1456721581092,4.421415844261987e-09,4.421415844261987e-09,1113.1456721581092,0.0001649299839078721,0.0001649299839078721,1.0,133.34390238705168,-361.45620972257814,385.26768337199,-1.2173777060689766,0.0010000000474974513,0,0.0010000000474974513,-0.31939697265625,0.30560302734375,-6.896972983838623e-06,0.00031939698782679216,off
1781063543.110657,2026-06-10T11:52:23.110,87701289945456,,1,cf_0V,frequency,frequency,78582.33913417984,138,138,0.0,0.1,78582.33913417984,0.099945068359375,78582.33913417223,0,Rp || Cp,Rp,Cp,1137.9277724309052,4.418411902083184e-09,4.418411902083184e-09,1137.9277724309052,0.00015041852278089928,0.00015041852278089928,1.0,158.86842275098283,-394.3876451706522,425.1832433323746,-1.1878586822443538,0.0010000000474974513,0,0.0010000000474974513,-0.27032470703125,0.26019287109375,-5.065918209368192e-06,0.0002703247198709846,off
1781063543.5132792,2026-06-10T11:52:23.513,87701318330736,,1,cf_0V,frequency,frequency,70446.69267221761,139,139,0.0,0.1,70446.69267221761,0.099945068359375,70446.69267216364,0,Rp || Cp,Rp,Cp,1180.7459680583233,4.4192050413223226e-09,4.4192050413223226e-09,1180.7459680583233,0.00013735470900645588,0.00013735470900645588,1.0,186.40340043088835,-430.5215857526013,469.14290305953955,-1.1621935134722015,0.0010000000474974513,0,0.0010000000474974513,-0.266387939453125,0.253448486328125,-6.469726869795522e-06,0.0002663879521058732,off
1781063543.9101338,2026-06-10T11:52:23.910,87701341268336,,1,cf_0V,frequency,frequency,63153.33143723267,140,140,0.0,0.1,63153.33143723267,0.099945068359375,63153.33143732005,0,Rp || Cp,Rp,Cp,1200.4032350698794,4.418102246968982e-09,4.418102246968982e-09,1200.4032350698794,0.00012563237647437384,0.00012563237647437384,1.0,221.12090865231522,-465.3383691945088,515.2031192528152,-1.1271986431712517,0.0010000000474974513,0,0.0010000000474974513,-0.228271484375,0.216644287109375,-5.813598908943618e-06,0.0002282714952173137,off
1781063544.3153932,2026-06-10T11:52:24.315,87701366499696,,1,cf_0V,frequency,frequency,56615.05345862548,141,141,0.0,0.1,56615.05345862548,0.099945068359375,56615.05345855744,0,Rp || Cp,Rp,Cp,1204.9244364905614,4.416134161854278e-09,4.416134161854278e-09,1204.9244364905614,0.0001151956788591885,0.0001151956788591885,1.0,262.92075845120235,-497.6668780358308,562.8495773459246,-1.0847606150007505,0.0010000000474974513,0,0.0010000000474974513,-0.22247314453125,0.21282958984375,-4.821777572772135e-06,0.00022247315509815735,off
1781063544.7070835,2026-06-10T11:52:24.707,87701390584176,,1,cf_0V,frequency,frequency,50753.68480455689,142,142,0.0,0.1,50753.68480455689,0.099945068359375,50753.68480454756,0,Rp || Cp,Rp,Cp,1226.9897178657404,4.416919932669926e-09,4.416919932669926e-09,1226.9897178657404,0.00010585637450191579,0.00010585637450191579,1.0,307.75792398487556,-531.8842623594611,614.5045226205813,-1.0462471118205405,0.0010000000474974513,0,0.0010000000474974513,-0.208831787109375,0.19781494140625,-5.508423113198546e-06,0.00020883179702835264,off
1781063545.1553595,2026-06-10T11:52:25.155,87701413521776,,1,cf_0V,frequency,frequency,45499.144907154674,143,143,0.0,0.1,45499.144907154674,0.099945068359375,45499.14490716844,0,Rp || Cp,Rp,Cp,1238.3005170449899,4.417245860830688e-09,4.417245860830688e-09,1238.3005170449899,9.763666714610462e-05,9.763666714610462e-05,1.0,359.42360514197355,-562.040130375249,667.1389930782642,-1.0018392631141522,0.0010000000474974513,0,0.0010000000474974513,-0.192413330078125,0.181304931640625,-5.554199482560307e-06,0.00019241333921726778,off
1781063545.6053696,2026-06-10T11:52:25.605,87701439613296,,1,cf_0V,frequency,frequency,40788.608654802425,144,144,0.0,0.1,40788.608654802425,0.099945068359375,40788.608654906966,0,Rp || Cp,Rp,Cp,1263.8142825568834,4.41951045451338e-09,4.41951045451338e-09,1263.8142825568834,9.009932957952585e-05,9.009932957952585e-05,1.0,414.49456353903844,-593.3282449364773,723.7707851542631,-0.9610157295045212,0.0010000000474974513,0,0.0010000000474974513,-0.180908203125,0.16534423828125,-7.781982791499331e-06,0.00018090821171767857,off
1781063546.040887,2026-06-10T11:52:26.040,87701469432176,,1,cf_0V,frequency,frequency,36565.755233193486,145,145,0.0,0.1,36565.755233193486,0.099945068359375,36565.755233297634,0,Rp || Cp,Rp,Cp,1287.2247356261264,4.4223533732362065e-09,4.4223533732362065e-09,1287.2247356261264,8.400513729757527e-05,8.400513729757527e-05,1.0,474.9020962435909,-621.1068541474104,781.8604257061803,-0.9180126549063182,0.0010000000474974513,0,0.0010000000474974513,-0.1656494140625,0.152496337890625,-6.5765383983062975e-06,0.00016564942193042498,off
1781063546.456099,2026-06-10T11:52:26.456,87701493229936,,1,cf_0V,frequency,frequency,32780.09473403288,146,146,0.0,0.1,32780.09473403288,0.099945068359375,32780.09473397958,0,Rp || Cp,Rp,Cp,1297.38137281342,4.4238729081012246e-09,4.4238729081012246e-09,1297.38137281342,7.858008869822248e-05,7.858008869822248e-05,1.0,541.1618259112923,-639.7164612477668,837.9100623664866,-0.8686639537798853,0.0010000000474974513,0,0.0010000000474974513,-0.1514892578125,0.14300537109375,-4.241943560856498e-06,0.00015148926500785365,off
1781063546.855424,2026-06-10T11:52:26.855,87701520181616,,1,cf_0V,frequency,frequency,29386.364480084198,147,147,0.0,0.1,29386.364480084198,0.099945068359375,29386.3644801462,0,Rp || Cp,Rp,Cp,1285.694922423358,4.423461403356048e-09,4.423461403356048e-09,1285.694922423358,7.362989292705483e-05,7.362989292705483e-05,1.0,611.4536436019981,-642.0804362400331,886.6469674432719,-0.809825660975787,0.0010000000474974513,0,0.0010000000474974513,-0.1331787109375,0.12176513671875,-5.706787380432843e-06,0.00013317871726314934,off
1781063547.2487476,2026-06-10T11:52:27.248,87701541398896,,1,cf_0V,frequency,frequency,26343.98784881462,148,148,0.0,0.1,26343.98784881462,0.099945068359375,26343.987848775898,0,Rp || Cp,Rp,Cp,1283.3959245393708,4.424200505785711e-09,4.424200505785711e-09,1283.3959245393708,6.938818605323306e-05,6.938818605323306e-05,1.0,681.4572102442376,-640.4650474316022,935.1895029219604,-0.7543985861262782,0.0010000000474974513,0,0.0010000000474974513,-0.132904052734375,0.11962890625,-6.637573557455312e-06,0.00013290405904697877,off
1781063547.670175,2026-06-10T11:52:27.670,87701567203696,,1,cf_0V,frequency,frequency,23616.58912414415,149,149,0.0,0.1,23616.58912414415,0.099945068359375,23616.589124202394,0,Rp || Cp,Rp,Cp,1311.8554743136276,4.428874019043997e-09,4.428874019043997e-09,1311.8554743136276,6.605978519597637e-05,6.605978519597637e-05,1.0,752.5211786185848,-648.7764664645517,993.5788985821576,-0.7114982414915172,0.0010000000474974513,0,0.0010000000474974513,-0.118988037109375,0.108001708984375,-5.4931643234112926e-06,0.0001189880427610035,off
1781063548.1214328,2026-06-10T11:52:28.121,87701594442096,,1,cf_0V,frequency,frequency,21171.558575697567,150,150,0.0,0.1,21171.558575697567,0.099945068359375,21171.5585756167,0,Rp || Cp,Rp,Cp,1314.9780298379587,4.430738108234513e-09,4.430738108234513e-09,1314.9780298379587,6.325396004280517e-05,6.325396004280517e-05,1.0,821.5040476495317,-636.703128449614,1039.3554608901084,-0.6593385801017626,0.0010000000474974513,0,0.0010000000474974513,-0.115020751953125,0.10455322265625,-5.2337648970279815e-06,0.00011502075741631757,off
1781063548.4811354,2026-06-10T11:52:28.481,87701617379696,,1,cf_0V,frequency,frequency,18979.66256549492,151,151,0.0,0.1,18979.66256549492,0.099945068359375,18979.662565428156,0,Rp || Cp,Rp,Cp,1317.3383277508922,4.432720398822936e-09,4.432720398822936e-09,1317.3383277508922,6.0840765330986255e-05,6.0840765330986255e-05,1.0,887.1430109946779,-617.7740433385957,1081.0492544651331,-0.6082812121994018,0.0010000000474974513,0,0.0010000000474974513,-0.11004638671875,0.09844970703125,-5.798340119156364e-06,0.0001100463919456729,off
1781063548.8735466,2026-06-10T11:52:28.873,87701640604016,,1,cf_0V,frequency,frequency,17014.69402038014,152,152,0.0,0.1,17014.69402038014,0.099945068359375,17014.694020431874,0,Rp || Cp,Rp,Cp,1325.34508811398,4.436071263287319e-09,4.436071263287319e-09,1325.34508811398,5.875298534816321e-05,5.875298534816321e-05,1.0,950.027340207565,-597.1282289225866,1122.1025215719308,-0.5611394087183377,0.0010000000474974513,0,0.0010000000474974513,-0.104949951171875,0.094207763671875,-5.371094005113264e-06,0.0001049499561567302,off
1781063549.236232,2026-06-10T11:52:29.236,87701664975216,,1,cf_0V,frequency,frequency,15253.159091114281,153,153,0.0,0.1,15253.159091114281,0.099945068359375,15253.159091201951,0,Rp || Cp,Rp,Cp,1336.0181809347812,4.438662373807142e-09,4.438662373807142e-09,1336.0181809347812,5.734488460994573e-05,5.734488460994573e-05,1.0,1009.8366169053379,-573.9251581141785,1161.5335035887701,-0.5168106784992909,0.0010000000474974513,0,0.0010000000474974513,-0.104949951171875,0.09100341796875,-6.973266932774891e-06,0.0001049499561567302,off
1781063549.685763,2026-06-10T11:52:29.685,87701684758896,,1,cf_0V,frequency,frequency,13673.996251720062,154,154,0.0,0.1,13673.996251720062,0.099945068359375,13673.996251668541,0,Rp || Cp,Rp,Cp,1322.9388471681705,4.4399832996558896e-09,4.4399832996558896e-09,1322.9388471681705,5.6099261113875984e-05,5.6099261113875984e-05,1.0,1054.4043669597415,-532.1127029220705,1181.0641378328296,-0.46736638437772055,0.0010000000474974513,0,0.0010000000474974513,-0.099761962890625,0.0902099609375,-4.776001203410374e-06,9.976196762906397e-05,off
1781063550.0771601,2026-06-10T11:52:30.077,87701711997296,,1,cf_0V,frequency,frequency,12258.324480531926,155,155,0.0,0.1,12258.324480531926,0.099945068359375,12258.324480498573,0,Rp || Cp,Rp,Cp,1306.3984047367335,4.441144904761062e-09,4.441144904761062e-09,1306.3984047367335,5.447517690740802e-05,5.447517690740802e-05,1.0,1088.9438039446648,-486.61672820792325,1192.7256383264596,-0.4202482832918599,0.0010000000474974513,0,0.0010000000474974513,-0.09735107421875,0.084991455078125,-6.179809863837704e-06,9.735107884267791e-05,off
1781063550.457979,2026-06-10T11:52:30.457,87701737802096,,1,cf_0V,frequency,frequency,10989.217512115829,156,156,0.0,0.1,10989.217512115829,0.099945068359375,10989.217512076266,0,Rp || Cp,Rp,Cp,1331.1581808648448,4.446483350770954e-09,4.446483350770954e-09,1331.1581808648448,5.393659033071111e-05,5.393659033071111e-05,1.0,1140.6407069826582,-466.16733701700673,1232.2228729119688,-0.3879743997958108,0.0010000000474974513,0,0.0010000000474974513,-0.094146728515625,0.083526611328125,-5.3100588459642495e-06,9.414673298735465e-05,off
1781063550.9510078,2026-06-10T11:52:30.951,87701760166256,,1,cf_0V,frequency,frequency,9851.501460936432,157,157,0.0,0.1,9851.501460936432,0.099945068359375,9851.501461000113,0,Rp || Cp,Rp,Cp,1326.438634619941,4.448424749199469e-09,4.448424749199469e-09,1326.438634619941,5.324058573948517e-05,5.324058573948517e-05,1.0,1170.3195896321743,-427.4449399207461,1245.9362417638677,-0.35018467357541677,0.0010000000474974513,0,0.0010000000474974513,-0.094146728515625,0.079071044921875,-7.537842154903274e-06,9.414673298735465e-05,off
1781063551.4171195,2026-06-10T11:52:31.417,87701788264816,,1,cf_0V,frequency,frequency,8831.573397089549,158,158,0.0,0.1,8831.573397089549,0.099945068359375,8831.57339707452,0,Rp || Cp,Rp,Cp,1313.420645977696,4.450568792337112e-09,4.450568792337112e-09,1313.420645977696,5.2479125975832396e-05,5.2479125975832396e-05,1.0,1188.3855378306698,-385.4736232779354,1249.3398659964828,-0.3136597008900528,0.0010000000474974513,0,0.0010000000474974513,-0.091552734375,0.07891845703125,-6.3171389719229865e-06,9.155273872352154e-05,off
1781063551.8846996,2026-06-10T11:52:31.884,87701816076656,,1,cf_0V,frequency,frequency,7917.238704927916,159,159,0.0,0.1,7917.238704927916,0.099945068359375,7917.238704848728,0,Rp || Cp,Rp,Cp,1315.055247987884,4.454589271884959e-09,4.454589271884959e-09,1315.055247987884,5.2201275974052534e-05,5.2201275974052534e-05,1.0,1212.1217371998107,-353.22506410575505,1262.5399208360905,-0.2835580573637315,0.0010000000474974513,0,0.0010000000474974513,-0.090789794921875,0.077667236328125,-6.561279608519044e-06,9.078979923415886e-05,off
1781063552.3005323,2026-06-10T11:52:32.300,87701844461936,,1,cf_0V,frequency,frequency,7097.565279983502,160,160,0.0,0.1,7097.565279983502,0.099945068359375,7097.565280034246,0,Rp || Cp,Rp,Cp,1314.8991311737511,4.457933448979729e-09,4.457933448979729e-09,1314.8991311737511,5.137407539143213e-05,5.137407539143213e-05,1.0,1230.795188360492,-321.7370481258029,1272.1523194287877,-0.25568442839429734,0.0010000000474974513,0,0.0010000000474974513,-0.090789794921875,0.0772705078125,-6.759643875753341e-06,9.078979923415886e-05,off
1781063552.6878562,2026-06-10T11:52:32.687,87701869693296,,1,cf_0V,frequency,frequency,6362.752820913701,161,161,0.0,0.1,6362.752820913701,0.099945068359375,6362.7528208343165,0,Rp || Cp,Rp,Cp,1315.1775886531188,4.462250754839371e-09,4.462250754839371e-09,1315.1775886531188,5.1337835341156076e-05,5.1337835341156076e-05,1.0,1246.559353266119,-292.4665846319559,1280.4088895120676,-0.2304509269227908,0.0010000000474974513,0,0.0010000000474974513,-0.090301513671875,0.0772705078125,-6.515503239157283e-06,9.030151796096675e-05,off
1781063553.090633,2026-06-10T11:52:33.090,87701891484016,,1,cf_0V,frequency,frequency,5704.01565368052,162,162,0.0,0.1,5704.01565368052,0.099945068359375,5704.015653620331,0,Rp || Cp,Rp,Cp,1316.3726845842825,4.465464015750133e-09,4.465464015750133e-09,1316.3726845842825,5.0928985249689116e-05,5.0928985249689116e-05,1.0,1260.431542473378,-265.53715378185785,1288.0984641324546,-0.2076353589234899,0.0010000000474974513,0,0.0010000000474974513,-0.090301513671875,0.0771484375,-6.5765383983062975e-06,9.030151796096675e-05,off
1781063553.5050209,2026-06-10T11:52:33.505,87701916715376,,1,cf_0V,frequency,frequency,5113.477686967608,163,163,0.0,0.1,5113.477686967608,0.099945068359375,5113.477686933265,0,Rp || Cp,Rp,Cp,1315.9553092549322,4.4698589729314345e-09,4.4698589729314345e-09,1315.9553092549322,5.047767305352176e-05,5.047767305352176e-05,1.0,1270.5754797099466,-240.12184134991892,1293.0663356276186,-0.1867837511596444,0.0010000000474974513,0,0.0010000000474974513,-0.087921142578125,0.075714111328125,-6.103515914901436e-06,8.792114675415519e-05,off
1781063553.9080768,2026-06-10T11:52:33.908,87701940799856,,1,cf_0V,frequency,frequency,4584.078242885572,164,164,0.0,0.1,4584.078242885572,0.099945068359375,4584.078242970691,0,Rp || Cp,Rp,Cp,1318.6898462207735,4.473739859941641e-09,4.473739859941641e-09,1318.6898462207735,5.0399872699989405e-05,5.0399872699989405e-05,1.0,1281.6839021364015,-217.7841197523349,1300.0552095245387,-0.16831269976316446,0.0010000000474974513,0,0.0010000000474974513,-0.087890625,0.075592041015625,-6.149292284263197e-06,8.789062917458068e-05,off
1781063554.2943351,2026-06-10T11:52:34.294,87701963737456,,1,cf_0V,frequency,frequency,4109.487637044614,165,165,0.0,0.1,4109.487637044614,0.099945068359375,4109.487637009579,0,Rp || Cp,Rp,Cp,1306.2129909361604,4.476772564842697e-09,4.476772564842697e-09,1306.2129909361604,5.067031801990408e-05,5.067031801990408e-05,1.0,1277.0979528841406,-192.8283057395318,1291.5734345190137,-0.14985747512459735,0.0010000000474974513,0,0.0010000000474974513,-0.087890625,0.075592041015625,-6.149292284263197e-06,8.789062917458068e-05,off
1781063554.6481256,2026-06-10T11:52:34.648,87701990115696,,1,cf_0V,frequency,frequency,3684.0314986403864,166,166,0.0,0.1,3684.0314986403864,0.099945068359375,3684.0314986363865,0,Rp || Cp,Rp,Cp,1315.6343441274473,4.481719473986076e-09,4.481719473986076e-09,1315.6343441274473,5.042435491616847e-05,5.042435491616847e-05,1.0,1291.574891519949,-176.27984822877207,1303.5491111946367,-0.13564628941624632,0.0010000000474974513,0,0.0010000000474974513,-0.087890625,0.075592041015625,-6.149292284263197e-06,8.789062917458068e-05,off
1781063555.0580142,2026-06-10T11:52:35.058,87702011332976,,1,cf_0V,frequency,frequency,3302.622925697632,167,167,0.0,0.1,3302.622925697632,0.099945068359375,3302.6229256449824,0,Rp || Cp,Rp,Cp,1315.7155939940822,4.484633639727539e-09,4.484633639727539e-09,1315.7155939940822,5.062730240942704e-05,5.062730240942704e-05,1.0,1296.281908774793,-158.71841282783924,1305.9626034413884,-0.12183484863549633,0.0010000000474974513,0,0.0010000000474974513,-0.086700439453125,0.0745849609375,-6.057739545539675e-06,8.67004435711749e-05,off
1781063555.5551052,2026-06-10T11:52:35.555,87702034270576,,1,cf_0V,frequency,frequency,2960.70166429603,168,168,0.0,0.1,2960.70166429603,0.099945068359375,2960.701664207477,0,Rp || Cp,Rp,Cp,1311.67999255828,4.487869056160331e-09,4.487869056160331e-09,1311.67999255828,5.038468950171009e-05,5.038468950171009e-05,1.0,1296.1369489425354,-141.93629954804297,1303.8853107322961,-0.10907257056015189,0.0010000000474974513,0,0.0010000000474974513,-0.08892822265625,0.0745849609375,-7.1716312000091875e-06,8.892822688011393e-05,off
1781063556.0010233,2026-06-10T11:52:36.001,87702065523056,,1,cf_0V,frequency,frequency,2654.1795845838647,169,169,0.0,0.1,2654.1795845838647,0.099945068359375,2654.179584595795,0,Rp || Cp,Rp,Cp,1311.0537381266693,4.503685168551344e-09,4.503685168551344e-09,1311.0537381266693,5.062453847027075e-05,5.062453847027075e-05,1.0,1298.4636958031906,-127.85817488789193,1304.7435311985814,-0.09815239403033774,0.0010000000474974513,0,0.0010000000474974513,-0.08892822265625,0.074493408203125,-7.217407569370948e-06,8.892822688011393e-05,off
1781063556.4140658,2026-06-10T11:52:36.414,87702092474736,,1,cf_0V,frequency,frequency,2379.391801671713,170,170,0.0,0.1,2379.391801671713,0.099945068359375,2379.391801667907,0,Rp || Cp,Rp,Cp,1331.348139017019,4.499064146929225e-09,4.499064146929225e-09,1331.348139017019,4.946350725761903e-05,4.946350725761903e-05,1.0,1320.7570108199734,-118.27217263051013,1326.0420010123557,-0.08931055692300303,0.0010000000474974513,0,0.0010000000474974513,-0.089569091796875,0.074005126953125,-7.781982791499331e-06,8.956909605117858e-05,off
1781063556.8531098,2026-06-10T11:52:36.853,87702115699056,,1,cf_0V,frequency,frequency,2133.052856990533,171,171,0.0,0.1,2133.052856990533,0.099945068359375,2133.0528569052376,0,Rp || Cp,Rp,Cp,1321.7858849261431,4.504410482105795e-09,4.504410482105795e-09,1321.7858849261431,4.980934416521988e-05,4.980934416521988e-05,1.0,1313.4228161500475,-104.8057505271349,1317.5977152860723,-0.07962717644796567,0.0010000000474974513,0,0.0010000000474974513,-0.089569091796875,0.074005126953125,-7.781982791499331e-06,8.956909605117858e-05,off
1781063557.3217454,2026-06-10T11:52:37.321,87702145517936,,1,cf_0V,frequency,frequency,1912.21743620315,172,172,0.0,0.1,1912.21743620315,0.099945068359375,1912.2174361285715,0,Rp || Cp,Rp,Cp,1325.4569367094446,4.5036264464860096e-09,4.5036264464860096e-09,1325.4569367094446,4.984278068336009e-05,4.984278068336009e-05,1.0,1318.6738457127299,-94.5763431861108,1322.0610409724875,-0.0715982039413674,0.0010000000474974513,0,0.0010000000474974513,-0.089569091796875,0.076171875,-6.698608716604326e-06,8.956909605117858e-05,off
1781063557.7114694,2026-06-10T11:52:37.711,87702169889136,,1,cf_0V,frequency,frequency,1714.2451539988147,173,173,0.0,0.1,1714.2451539988147,0.099945068359375,1714.2451539342574,0,Rp || Cp,Rp,Cp,1311.2401347183313,4.508503399528674e-09,4.508503399528674e-09,1311.2401347183313,5.030210748456899e-05,5.030210748456899e-05,1.0,1305.9452095751851,-83.15577024928038,1308.5899940539532,-0.06358892995983526,0.0010000000474974513,0,0.0010000000474974513,-0.087615966796875,0.076171875,-5.7220461702200964e-06,8.761597095841012e-05,off
1781063558.0916276,2026-06-10T11:52:38.091,87702193686896,,1,cf_0V,frequency,frequency,1536.7689847255556,174,174,0.0,0.1,1536.7689847255556,0.099945068359375,1536.7689847067822,0,Rp || Cp,Rp,Cp,1316.5540965130813,4.510273460054755e-09,4.510273460054755e-09,1316.5540965130813,5.039069337699114e-05,5.039069337699114e-05,1.0,1312.2401634471964,-75.23906054355847,1314.3953601543951,-0.0572736428073649,0.0010000000474974513,0,0.0010000000474974513,-0.087615966796875,0.076171875,-5.7220461702200964e-06,8.761597095841012e-05,off
1781063558.5458257,2026-06-10T11:52:38.545,87702219778416,,1,cf_0V,frequency,frequency,1377.6669614059458,175,175,0.0,0.1,1377.6669614059458,0.099945068359375,1377.6669614173898,0,Rp || Cp,Rp,Cp,1312.0341331165273,4.504858184568281e-09,4.504858184568281e-09,1312.0341331165273,5.016760518574876e-05,5.016760518574876e-05,1.0,1308.608738945454,-66.95148054075631,1310.3203167130587,-0.05111776581448747,0.0010000000474974513,0,0.0010000000474974513,-0.087615966796875,0.073822021484375,-6.896972983838623e-06,8.761597095841012e-05,off
1781063558.9243677,2026-06-10T11:52:38.924,87702243289456,,1,cf_0V,frequency,frequency,1235.0368047598533,176,176,0.0,0.1,1235.0368047598533,0.099945068359375,1235.036804771994,0,Rp || Cp,Rp,Cp,1323.7648099553144,4.496846962909853e-09,4.496846962909853e-09,1323.7648099553144,4.9643815244723446e-05,4.9643815244723446e-05,1.0,1320.9461510088543,-61.018822393857135,1322.3547294699104,-0.04616045612757171,0.0010000000474974513,0,0.0010000000474974513,-0.087615966796875,0.073638916015625,-6.9885257225621444e-06,8.761597095841012e-05,off
1781063559.39715,2026-06-10T11:52:39.397,87702267947376,,1,cf_0V,frequency,frequency,1107.1731788899117,177,177,0.0,0.1,1107.1731788899117,0.099945068359375,1107.1731789513706,0,Rp || Cp,Rp,Cp,1318.770670117535,4.527729483269469e-09,4.527729483269469e-09,1318.770670117535,4.996405090747178e-05,4.996405090747178e-05,1.0,1316.4991795137607,-54.684691789768095,1317.634435333468,-0.04151409596760416,0.0010000000474974513,0,0.0010000000474974513,-0.087310791015625,0.0731201171875,-7.0953372510729196e-06,8.731079516266504e-05,off
1781063559.8475811,2026-06-10T11:52:39.847,87702294612336,,1,cf_0V,frequency,frequency,992.547301690778,178,178,0.0,0.1,992.547301690778,0.099945068359375,992.5473017347031,0,Rp || Cp,Rp,Cp,1324.1957322045446,4.538574479849946e-09,4.538574479849946e-09,1324.1957322045446,5.054694881982524e-05,5.054694881982524e-05,1.0,1322.3381502140758,-49.561593327369984,1323.2666152536046,-0.03746273621554779,0.0010000000474974513,0,0.0010000000474974513,-0.087310791015625,0.073028564453125,-7.14111362043468e-06,8.731079516266504e-05,off
1781063560.2099233,2026-06-10T11:52:40.209,87702322137456,,1,cf_0V,frequency,frequency,889.7886661970878,179,179,0.0,0.1,889.7886661970878,0.099945068359375,889.7886662140309,0,Rp || Cp,Rp,Cp,1289.4093338642417,4.550486005428073e-09,4.550486005428073e-09,1289.4093338642417,5.05994406004387e-05,5.05994406004387e-05,1.0,1288.0233620394213,-42.251202225464915,1288.7161616309588,-0.03279137514696634,0.0010000000474974513,0,0.0010000000474974513,-0.087310791015625,0.072967529296875,-7.1716312000091875e-06,8.731079516266504e-05,off
1781063560.635111,2026-06-10T11:52:40.635,87702343354736,,1,cf_0V,frequency,frequency,797.6686543241938,180,180,0.0,0.1,797.6686543241938,0.099945068359375,797.6686543287315,0,Rp || Cp,Rp,Cp,1291.6526265308905,4.5218730695571346e-09,4.5218730695571346e-09,1291.6526265308905,5.0634547930763394e-05,5.0634547930763394e-05,1.0,1290.5467497799823,-37.77811067988569,1291.0995697521619,-0.029264593066924402,0.0010000000474974513,0,0.0010000000474974513,-0.087310791015625,0.074188232421875,-6.561279608519044e-06,8.731079516266504e-05,off
1781063561.02399,2026-06-10T11:52:41.023,87702367439216,,1,cf_0V,frequency,frequency,715.0858470818457,181,181,0.0,0.1,715.0858470818457,0.099945068359375,715.0858471760557,0,Rp || Cp,Rp,Cp,1289.8863619041163,4.53915102767253e-09,4.53915102767253e-09,1289.8863619041163,5.0578971033108436e-05,5.0578971033108436e-05,1.0,1288.9943322797942,-33.909012518457395,1289.4402699541417,-0.02630049864261899,0.0010000000474974513,0,0.0010000000474974513,-0.088134765625,0.074188232421875,-6.973266932774891e-06,8.813476981117674e-05,off
1781063561.4367023,2026-06-10T11:52:41.436,87702392670576,,1,cf_0V,frequency,frequency,641.0528556246055,182,182,0.0,0.1,641.0528556246055,0.099945068359375,641.0528555989004,0,Rp || Cp,Rp,Cp,1308.1070257319961,4.543348107283131e-09,4.543348107283131e-09,1308.1070257319961,5.025098994202107e-05,5.025098994202107e-05,1.0,1307.357855558038,-31.295902480581102,1307.7323869971967,-0.023933712145332655,0.0010000000474974513,0,0.0010000000474974513,-0.088592529296875,0.075225830078125,-6.683349926817073e-06,8.859253350479435e-05,off
1781063561.8414595,2026-06-10T11:52:41.841,87702416755056,,1,cf_0V,frequency,frequency,574.6845156864445,183,183,0.0,0.1,574.6845156864445,0.099945068359375,574.6845156551217,0,Rp || Cp,Rp,Cp,1310.0052180194837,4.551523479640879e-09,4.551523479640879e-09,1310.0052180194837,5.0042376281184155e-05,5.0042376281184155e-05,1.0,1309.3982719303772,-28.191029783086496,1309.7017098158226,-0.021526433780507327,0.0010000000474974513,0,0.0010000000474974513,-0.088592529296875,0.075225830078125,-6.683349926817073e-06,8.859253350479435e-05,off
1781063562.2404454,2026-06-10T11:52:42.240,87702441986416,,1,cf_0V,frequency,frequency,515.1873042480629,184,184,0.0,0.1,515.1873042480629,0.099945068359375,515.1873042308353,0,Rp || Cp,Rp,Cp,1313.9012965182355,4.513595859321076e-09,4.513595859321076e-09,1313.9012965182355,5.008935040921315e-05,5.008935040921315e-05,1.0,1313.4172762046055,-25.213501184002716,1313.6592640691424,-0.01919451274193322,0.0010000000474974513,0,0.0010000000474974513,-0.088592529296875,0.075225830078125,-6.683349926817073e-06,8.859253350479435e-05,off
1781063562.608754,2026-06-10T11:52:42.608,87702464924016,,1,cf_0V,frequency,frequency,461.8498518989187,185,185,0.0,0.1,461.8498518989187,0.099945068359375,461.8498518027536,0,Rp || Cp,Rp,Cp,1316.0170537259442,4.544830936621934e-09,4.544830936621934e-09,1316.0170537259442,4.992127143346902e-05,4.992127143346902e-05,1.0,1315.6207295538304,-22.83445415279286,1315.8188767183,-0.01735466850932057,0.0010000000474974513,0,0.0010000000474974513,-0.088592529296875,0.075225830078125,-6.683349926817073e-06,8.859253350479435e-05,off
1781063563.011323,2026-06-10T11:52:43.011,87702489008496,,1,cf_0V,frequency,frequency,414.03443745645274,186,186,0.0,0.1,414.03443745645274,0.099945068359375,414.0344374548022,0,Rp || Cp,Rp,Cp,1303.5186078031095,4.5330298489252975e-09,4.5330298489252975e-09,1303.5186078031095,5.053190388860721e-05,5.053190388860721e-05,1.0,1303.2106728958036,-20.03257491582773,1303.3646312553105,-0.015370498206866217,0.0010000000474974513,0,0.0010000000474974513,-0.08660888671875,0.0751953125,-5.706787380432843e-06,8.660889083245138e-05,off
1781063563.4139597,2026-06-10T11:52:43.413,87702510225776,,1,cf_0V,frequency,frequency,371.1693631492158,187,187,0.0,0.1,371.1693631492158,0.099945068359375,371.1693631913704,0,Rp || Cp,Rp,Cp,1301.275352542793,4.568597226422186e-09,4.568597226422186e-09,1301.275352542793,5.027809064608189e-05,5.027809064608189e-05,1.0,1301.0252639622388,-18.038058696251415,1301.1503022439579,-0.01386360706833493,0.0010000000474974513,0,0.0010000000474974513,-0.087066650390625,0.07537841796875,-5.844116488518125e-06,8.706665452606899e-05,off
1781063563.8662224,2026-06-10T11:52:43.866,87702535457136,,1,cf_0V,frequency,frequency,332.7421191989247,188,188,0.0,0.1,332.7421191989247,0.099945068359375,332.74211929779085,0,Rp || Cp,Rp,Cp,1307.0436321369727,4.53725964375646e-09,4.53725964375646e-09,1307.0436321369727,5.003220165070465e-05,5.003220165070465e-05,1.0,1306.8427385568066,-16.202972457636896,1306.9431814869065,-0.01239792806912229,0.0010000000474974513,0,0.0010000000474974513,-0.087066650390625,0.07537841796875,-5.844116488518125e-06,8.706665452606899e-05,off
1781063564.2690427,2026-06-10T11:52:44.269,87702563268976,,1,cf_0V,frequency,frequency,298.2932560748046,189,189,0.0,0.1,298.2932560748046,0.099945068359375,298.2932561224061,0,Rp || Cp,Rp,Cp,1317.1198842517927,4.531715044999216e-09,4.531715044999216e-09,1317.1198842517927,4.996694425737614e-05,4.996694425737614e-05,1.0,1316.9550705307265,-14.732693767642552,1317.0374748131662,-0.011186470637096256,0.0010000000474974513,0,0.0010000000474974513,-0.087066650390625,0.07537841796875,-5.844116488518125e-06,8.706665452606899e-05,off
1781063564.7010233,2026-06-10T11:52:44.701,87702587353456,,1,cf_0V,frequency,frequency,267.41089115476336,190,190,0.0,0.1,267.41089115476336,0.099945068359375,267.4108910838413,0,Rp || Cp,Rp,Cp,1308.608641194361,4.553522037761418e-09,4.553522037761418e-09,1308.608641194361,5.0192843755327606e-05,5.0192843755327606e-05,1.0,1308.4774820347438,-13.100336137746206,1308.5430599712436,-0.010011558186354944,0.0010000000474974513,0,0.0010000000474974513,-0.087066650390625,0.074249267578125,-6.408691710646508e-06,8.706665452606899e-05,off
1781063565.144285,2026-06-10T11:52:45.144,87702612584816,,1,cf_0V,frequency,frequency,239.7257841131082,191,191,0.0,0.1,239.7257841131082,0.099945068359375,239.72578418351986,0,Rp || Cp,Rp,Cp,1307.7910993374053,4.560169403909099e-09,4.560169403909099e-09,1307.7910993374053,5.0258827967199595e-05,5.0258827967199595e-05,1.0,1307.685580189675,-11.746738607837928,1307.7383386992706,-0.008982604723173623,0.0010000000474974513,0,0.0010000000474974513,-0.08685302734375,0.074249267578125,-6.301880182135733e-06,8.685303146904744e-05,off
1781063565.5512033,2026-06-10T11:52:45.551,87702642690416,,1,cf_0V,frequency,frequency,214.90692215443403,192,192,0.0,0.1,214.90692215443403,0.099945068359375,214.9069221246691,0,Rp || Cp,Rp,Cp,1312.3181602481461,4.525742940558208e-09,4.525742940558208e-09,1312.3181602481461,5.003553911436908e-05,5.003553911436908e-05,1.0,1312.2337627066595,-10.523749494750845,1312.2759607989112,-0.008019549707988677,0.0010000000474974513,0,0.0010000000474974513,-0.08685302734375,0.073638916015625,-6.607055977880805e-06,8.685303146904744e-05,off
1781063566.0534384,2026-06-10T11:52:46.053,87702665628016,,1,cf_0V,frequency,frequency,192.65756230919578,193,193,0.0,0.1,192.65756230919578,0.099945068359375,192.65756222353048,0,Rp || Cp,Rp,Cp,1317.8864259310324,4.647686884457516e-09,4.647686884457516e-09,1317.8864259310324,4.97718972084456e-05,4.97718972084456e-05,1.0,1317.8139797224705,-9.770907144200981,1317.850202328928,-0.007414345461573309,0.0010000000474974513,0,0.0010000000474974513,-0.08685302734375,0.07421875,-6.3171389719229865e-06,8.685303146904744e-05,off
1781063566.4993994,2026-06-10T11:52:46.499,87702698887536,,1,cf_0V,frequency,frequency,172.71168347127087,194,194,0.0,0.1,172.71168347127087,0.099945068359375,172.7116834615572,0,Rp || Cp,Rp,Cp,1322.5957849975862,4.599362838520279e-09,4.599362838520279e-09,1322.5957849975862,4.98017070082613e-05,4.98017070082613e-05,1.0,1322.5381533555571,-8.730409235766247,1322.5669688626551,-0.006601157330126053,0.0010000000474974513,0,0.0010000000474974513,-0.085784912109375,0.07550048828125,-5.14221215830446e-06,8.578491618393969e-05,off
1781063566.873731,2026-06-10T11:52:46.873,87702719818096,,1,cf_0V,frequency,frequency,154.83080575683516,195,195,0.0,0.1,154.83080575683516,0.099945068359375,154.83080566980334,0,Rp || Cp,Rp,Cp,1321.4708728233586,3.5967344847655157e-09,3.5967344847655157e-09,1321.4708728233586,4.9661679383998783e-05,4.9661679383998783e-05,1.0,1321.4426204626818,-6.110145131434148,1321.4567465675168,-0.00462381150156408,0.0010000000474974513,0,0.0010000000474974513,-0.08599853515625,0.07550048828125,-5.249023686815235e-06,8.599853924096124e-05,off
1781063567.303571,2026-06-10T11:52:47.303,87702745336176,,1,cf_0V,frequency,frequency,138.8011391556985,196,196,0.0,0.1,138.8011391556985,0.099945068359375,138.80113911568515,0,Rp || Cp,Rp,Cp,1330.745219579556,4.676397146914203e-09,4.676397146914203e-09,1330.745219579556,4.963125678935988e-05,4.963125678935988e-05,1.0,1330.7060236901723,-7.222063839856935,1330.7256214905522,-0.00542718887869386,0.0010000000474974513,0,0.0010000000474974513,-0.086181640625,0.07830810546875,-3.936767765111426e-06,8.618164471840828e-05,off
1781063567.7548065,2026-06-10T11:52:47.754,87702773434736,,1,cf_0V,frequency,frequency,124.43102738338021,197,197,0.0,0.1,124.43102738338021,0.099945068359375,124.43102740178347,0,Rp || Cp,Rp,Cp,1321.912509568678,4.186203360298981e-09,4.186203360298981e-09,1321.912509568678,4.956681317512839e-05,4.956681317512839e-05,1.0,1321.8877662605805,-5.719080019621378,1321.9001378567361,-0.004326422017390189,0.0010000000474974513,0,0.0010000000474974513,-0.087677001953125,0.07830810546875,-4.684448464686852e-06,8.767700611755913e-05,off
1781063568.204145,2026-06-10T11:52:48.204,87702800673136,,1,cf_0V,frequency,frequency,111.54865637172875,198,198,0.0,0.1,111.54865637172875,0.099945068359375,111.54865639184663,0,Rp || Cp,Rp,Cp,1324.10276116149,4.7197762302034024e-09,4.7197762302034024e-09,1324.10276116149,4.961121448607554e-05,4.961121448607554e-05,1.0,1324.0773579874976,-5.799635118209553,1324.090059513573,-0.0043801051304812235,0.0010000000474974513,0,0.0010000000474974513,-0.087677001953125,0.07830810546875,-4.684448464686852e-06,8.767700611755913e-05,off
1781063568.6710138,2026-06-10T11:52:48.671,87702824757616,,1,cf_0V,frequency,frequency,100.0,199,199,0.0,0.1,100.0,0.099945068359375,99.99999996068709,0,Rp || Cp,Rp,Cp,1316.9052748257259,4.298472680073212e-09,4.298472680073212e-09,1316.9052748257259,4.971696249945701e-05,4.971696249945701e-05,1.0,1316.888615930536,-4.683792206084276,1316.8969453517886,-0.0035566959872553147,0.0010000000474974513,0,0.0010000000474974513,-0.087677001953125,0.073577880859375,-7.049560881711159e-06,8.767700611755913e-05,off
1781063569.0571418,2026-06-10T11:52:49.057,87702850562416,,1,cf_0V,frequency,frequency,0.0,200,200,0.0,0.1,0.0,0.099945068359375,0.0,0,Rp || Cp,Rp,Cp,100.27098654933863,nan,nan,100.27098654933863,8.639153894016737e-06,8.639153894016737e-06,1.0,-100.27098495481894,0.017882061433636066,100.27098654933863,3.1414143162447266,0.0010000000474974513,0,0.0010000000474974513,-0.577117919921875,0.073577880859375,-0.00025177003148968424,0.0005771179473335053,off
