timestamp_unix,timestamp_iso,sample_timestamp,sample_clockbase,block_index,block_name,mode,sweep_variable,sweep_value,point_index_block,point_index_total,set_bias_V,set_amplitude_V,set_frequency_Hz,measured_drive_V,measured_frequency_Hz,model,model_name,param0_name,param1_name,param0,param1,C_F,R_Ohm,demod_R_raw,demod_R,demod_R_gain,Z_real_Ohm,Z_imag_Ohm,Z_abs_Ohm,Z_phase_rad,imps_current_range_A,currin_index,currin_range_A,currin_norm_min,currin_norm_max,currin_est_A,currin_peak_A,iv_autorange_mode
1781063816.7451882,2026-06-10T11:56:56.745,87717711833456,,1,cf_0V,frequency,frequency,0.0,1,1,0.0,0.1,0.0,0.099945068359375,0.0,0,Rp || Cp,Rp,Cp,100.27098654933863,nan,nan,100.27098654933863,8.720797118400576e-06,8.720797118400576e-06,1.0,-100.27098495481894,0.017882061433636066,100.27098654933863,3.1414143162447266,0.0010000000474974513,0,0.0010000000474974513,-0.1220703125,0.35455322265625,0.00011624146059929785,0.00035455323949662443,off
1781063817.2230508,2026-06-10T11:56:57.223,87717737351536,,1,cf_0V,frequency,frequency,100.0,2,2,0.0,0.1,100.0,0.099945068359375,99.99999996068709,0,Rp || Cp,Rp,Cp,881.757536099436,1.0540822164506773e-09,1.0540822164506773e-09,881.757536099436,7.19698788940757e-05,7.19698788940757e-05,1.0,881.757235383737,-0.5149351837585529,881.7573857415738,-0.0005839874112248138,0.0010000000474974513,0,0.0010000000474974513,-0.121978759765625,0.35455322265625,0.00011628723696865961,0.00035455323949662443,off
1781063817.6303475,2026-06-10T11:56:57.630,87717764303216,,1,cf_0V,frequency,frequency,111.67312606580774,3,3,0.0,0.1,111.67312606580774,0.099945068359375,111.6731259998005,0,Rp || Cp,Rp,Cp,887.9459962287428,5.886519439666092e-10,5.886519439666092e-10,887.9459962287428,7.191740018441905e-05,7.191740018441905e-05,1.0,887.9458767931279,-0.3256568160317236,887.9459365109334,-0.00036675298567377917,0.0010000000474974513,0,0.0010000000474974513,-0.1131591796875,0.10198974609375,-5.584717062134814e-06,0.00011315918506227263,off
1781063818.093432,2026-06-10T11:56:58.093,87717788961136,,1,cf_0V,frequency,frequency,124.70887085309788,4,4,0.0,0.1,124.70887085309788,0.099945068359375,124.70887085669347,0,Rp || Cp,Rp,Cp,896.7046152132256,5.986054058040412e-09,5.986054058040412e-09,896.7046152132256,7.179486837949099e-05,7.179486837949099e-05,1.0,896.6887525453202,-3.771455408208976,896.6966838441964,-0.004205955699100967,0.0010000000474974513,0,0.0010000000474974513,-0.1131591796875,0.10198974609375,-5.584717062134814e-06,0.00011315918506227263,off
1781063818.5123425,2026-06-10T11:56:58.512,87717816199536,,1,cf_0V,frequency,frequency,139.2662945630255,5,5,0.0,0.1,139.2662945630255,0.099945068359375,139.26629449656502,0,Rp || Cp,Rp,Cp,883.8630413638037,3.4979042514169777e-10,3.4979042514169777e-10,883.8630413638037,7.127518190355029e-05,7.127518190355029e-05,1.0,883.8629766759856,-0.23911329429081196,883.8630090198941,-0.0002705320788033095,0.0010000000474974513,0,0.0010000000474974513,-0.113189697265625,0.10198974609375,-5.599975851922068e-06,0.00011318970264184713,off
1781063818.9132643,2026-06-10T11:56:58.913,87717841430896,,1,cf_0V,frequency,frequency,155.52302469454662,6,6,0.0,0.1,155.52302469454662,0.099945068359375,155.52302464527656,0,Rp || Cp,Rp,Cp,894.4934051214472,6.067149222203897e-10,6.067149222203897e-10,894.4934051214472,7.120757629730202e-05,7.120757629730202e-05,1.0,894.4931535566983,-0.47436583516362524,894.4932793390639,-0.0005303179670047544,0.0010000000474974513,0,0.0010000000474974513,-0.113189697265625,0.10223388671875,-5.477905533624039e-06,0.00011318970264184713,off
1781063819.405281,2026-06-10T11:56:59.405,87717868669296,,1,cf_0V,frequency,frequency,173.67742342849834,7,7,0.0,0.1,173.67742342849834,0.099945068359375,173.6774233762617,0,Rp || Cp,Rp,Cp,892.5555264666145,4.195846573717597e-10,4.195846573717597e-10,892.5555264666145,7.151479589033672e-05,7.151479589033672e-05,1.0,892.5553773962451,-0.3647650748802018,892.5554519314267,-0.00040867498399615483,0.0010000000474974513,0,0.0010000000474974513,-0.113189697265625,0.10223388671875,-5.477905533624039e-06,0.00011318970264184713,off
1781063819.8069582,2026-06-10T11:56:59.806,87717895907696,,1,cf_0V,frequency,frequency,193.95100801315368,8,8,0.0,0.1,193.95100801315368,0.099945068359375,193.9510080006812,0,Rp || Cp,Rp,Cp,889.1791375315892,6.279750048236509e-10,6.279750048236509e-10,889.1791375315892,7.133908730977055e-05,7.133908730977055e-05,1.0,889.1787258171229,-0.6050518528002304,889.1789316743323,-0.000680461353659761,0.0010000000474974513,0,0.0010000000474974513,-0.113189697265625,0.10223388671875,-5.477905533624039e-06,0.00011318970264184713,off
1781063820.2533247,2026-06-10T11:57:00.253,87717919705456,,1,cf_0V,frequency,frequency,216.59115368443398,9,9,0.0,0.1,216.59115368443398,0.099945068359375,216.5911537588272,0,Rp || Cp,Rp,Cp,881.8218668827607,4.806447209180985e-10,4.806447209180985e-10,881.8218668827607,7.178721900476996e-05,7.178721900476996e-05,1.0,881.8215735017725,-0.5086351193413606,881.8217201922544,-0.000576800430175591,0.0010000000474974513,0,0.0010000000474974513,-0.113128662109375,0.101470947265625,-5.8288576987308716e-06,0.00011312866748269812,off
1781063820.6717355,2026-06-10T11:57:00.671,87717946943856,,1,cf_0V,frequency,frequency,241.8741121014056,10,10,0.0,0.1,241.8741121014056,0.099945068359375,241.87411220566446,0,Rp || Cp,Rp,Cp,883.1462606620638,6.481001944938356e-10,6.481001944938356e-10,883.1462606620638,7.199091457783863e-05,7.199091457783863e-05,1.0,883.1455924406459,-0.7682036188123081,883.1459265512916,-0.0008698491297892878,0.0010000000474974513,0,0.0010000000474974513,-0.113128662109375,0.101470947265625,-5.8288576987308716e-06,0.00011312866748269812,off
1781063821.1192589,2026-06-10T11:57:01.119,87717971028336,,1,cf_0V,frequency,frequency,270.1083821275558,11,11,0.0,0.1,270.1083821275558,0.099945068359375,270.1083821676775,0,Rp || Cp,Rp,Cp,889.3182258235842,4.598830384125837e-10,4.598830384125837e-10,889.3182258235842,7.166774064299122e-05,7.166774064299122e-05,1.0,889.3177973717427,-0.6172761520287176,889.3180115976377,-0.0006941006406522387,0.0010000000474974513,0,0.0010000000474974513,-0.113128662109375,0.101470947265625,-5.8288576987308716e-06,0.00011312866748269812,off
1781063821.512466,2026-06-10T11:57:01.512,87717998266736,,1,cf_0V,frequency,frequency,301.6384740876191,12,12,0.0,0.1,301.6384740876191,0.099945068359375,301.6384739851219,0,Rp || Cp,Rp,Cp,874.5915338057138,5.621642390482874e-10,5.621642390482874e-10,874.5915338057138,7.163314043981406e-05,7.163314043981406e-05,1.0,874.5907743978896,-0.8149669176982925,874.5911541017193,-0.000931826295996185,0.0010000000474974513,0,0.0010000000474974513,-0.113128662109375,0.1046142578125,-4.257202350643752e-06,0.00011312866748269812,off
1781063821.9278297,2026-06-10T11:57:01.927,87718023211376,,1,cf_0V,frequency,frequency,336.849113430846,13,13,0.0,0.1,336.849113430846,0.099945068359375,336.84911350917446,0,Rp || Cp,Rp,Cp,881.9570272876654,1.4736522181468412e-10,1.4736522181468412e-10,881.9570272876654,7.179605710489114e-05,7.179605710489114e-05,1.0,881.9569605512615,-0.24260798809405104,881.9569939194628,-0.000275079162392625,0.0010000000474974513,0,0.0010000000474974513,-0.1121826171875,0.1046142578125,-3.7841798672388904e-06,0.0001121826225158884,off
1781063822.315325,2026-06-10T11:57:02.315,87718047582576,,1,cf_0V,frequency,frequency,376.169935093184,14,14,0.0,0.1,376.169935093184,0.099945068359375,376.1699350945946,0,Rp || Cp,Rp,Cp,881.4304226742435,5.657869645936194e-10,5.657869645936194e-10,881.4304226742435,7.174724667520891e-05,7.174724667520891e-05,1.0,881.4291980657116,-1.0389445202292253,881.4298103697648,-0.0011787039065180391,0.0010000000474974513,0,0.0010000000474974513,-0.1158447265625,0.1046142578125,-5.615234641709321e-06,0.00011584473206482926,off
1781063822.729685,2026-06-10T11:57:02.729,87718070233456,,1,cf_0V,frequency,frequency,420.08072583827897,15,15,0.0,0.1,420.08072583827897,0.099945068359375,420.08072583143985,0,Rp || Cp,Rp,Cp,878.9848066339491,5.427810905675142e-10,5.427810905675142e-10,878.9848066339491,7.207597371561406e-05,7.207597371561406e-05,1.0,878.9834127773908,-1.1068770458042394,878.9841097053936,-0.0012592688833876183,0.0010000000474974513,0,0.0010000000474974513,-0.1158447265625,0.1046142578125,-5.615234641709321e-06,0.00011584473206482926,off
1781063823.120449,2026-06-10T11:57:03.120,87718093457776,,1,cf_0V,frequency,frequency,469.11727854354143,16,16,0.0,0.1,469.11727854354143,0.099945068359375,469.11727856979724,0,Rp || Cp,Rp,Cp,883.8524427539614,5.068843479313772e-10,5.068843479313772e-10,883.8524427539614,7.200392054410181e-05,7.200392054410181e-05,1.0,883.8509014833439,-1.1671561269594042,883.8516721183167,-0.001320534319269609,0.0010000000474974513,0,0.0010000000474974513,-0.1158447265625,0.102691650390625,-6.5765383983062975e-06,0.00011584473206482926,off
1781063823.5693238,2026-06-10T11:57:03.569,87718119836016,,1,cf_0V,frequency,frequency,523.8779298644155,17,17,0.0,0.1,523.8779298644155,0.099945068359375,523.877929836658,0,Rp || Cp,Rp,Cp,880.1117329200841,5.32787155968158e-10,5.32787155968158e-10,880.1117329200841,7.186655360551151e-05,7.186655360551151e-05,1.0,880.1096362030052,-1.358433254006642,880.1106845609203,-0.00154348062943671,0.0010000000474974513,0,0.0010000000474974513,-0.1158447265625,0.104827880859375,-5.508423113198546e-06,0.00011584473206482926,off
1781063823.995474,2026-06-10T11:57:03.995,87718144493936,,1,cf_0V,frequency,frequency,585.0308610484332,18,18,0.0,0.1,585.0308610484332,0.099945068359375,585.0308610888533,0,Rp || Cp,Rp,Cp,887.8178373238453,6.321291783307612e-10,6.321291783307612e-10,887.8178373238453,7.157398952561851e-05,7.157398952561851e-05,1.0,887.8140590040433,-1.8315145207186525,887.8159481619343,-0.002062945392665212,0.0010000000474974513,0,0.0010000000474974513,-0.1134033203125,0.104827880859375,-4.287719930218259e-06,0.00011340332569886868,off
1781063824.3742218,2026-06-10T11:57:04.374,87718171158896,,1,cf_0V,frequency,frequency,653.3222509824973,19,19,0.0,0.1,653.3222509824973,0.099945068359375,653.3222509119696,0,Rp || Cp,Rp,Cp,888.994539875951,5.087519265263417e-10,5.087519265263417e-10,888.994539875951,7.178881360127088e-05,7.178881360127088e-05,1.0,888.9914756375313,-1.6504792741546204,888.9930077554209,-0.0018565727828217065,0.0010000000474974513,0,0.0010000000474974513,-0.1134033203125,0.104827880859375,-4.287719930218259e-06,0.00011340332569886868,off
1781063824.78747,2026-06-10T11:57:04.787,87718193809776,,1,cf_0V,frequency,frequency,729.585380955657,20,20,0.0,0.1,729.585380955657,0.099945068359375,729.5853809097252,0,Rp || Cp,Rp,Cp,873.3808312423935,5.073415114062451e-10,5.073415114062451e-10,873.3808312423935,7.198665274553613e-05,7.198665274553613e-05,1.0,873.3772277637233,-1.7740338810950695,873.3790295012001,-0.0020312316200490795,0.0010000000474974513,0,0.0010000000474974513,-0.113616943359375,0.101806640625,-5.9051516476671395e-06,0.00011361694875589023,off
1781063825.1792994,2026-06-10T11:57:05.179,87718218180976,,1,cf_0V,frequency,frequency,814.7508022323145,21,21,0.0,0.1,814.7508022323145,0.099945068359375,814.7508022915417,0,Rp || Cp,Rp,Cp,877.4487374994956,5.463598452923781e-10,5.463598452923781e-10,877.4487374994956,7.233034434899907e-05,7.233034434899907e-05,1.0,877.4434526877493,-2.1533981204984523,877.4460950896436,-0.002454168175324507,0.0010000000474974513,0,0.0010000000474974513,-0.113616943359375,0.101806640625,-5.9051516476671395e-06,0.00011361694875589023,off
1781063825.5932796,2026-06-10T11:57:05.593,87718243412336,,1,cf_0V,frequency,frequency,909.8576904990725,22,22,0.0,0.1,909.8576904990725,0.099945068359375,909.8576904165157,0,Rp || Cp,Rp,Cp,878.6074383848455,5.321061416249788e-10,5.321061416249788e-10,878.6074383848455,7.277718689002703e-05,7.277718689002703e-05,1.0,878.6011623586825,-2.3482171709399973,878.6043003661601,-0.0026726706955363714,0.0010000000474974513,0,0.0010000000474974513,-0.113616943359375,0.102691650390625,-5.462646743836785e-06,0.00011361694875589023,off
1781063826.0126793,2026-06-10T11:57:06.012,87718267496816,,1,cf_0V,frequency,frequency,1016.0665257304771,23,23,0.0,0.1,1016.0665257304771,0.099945068359375,1016.0665256364609,0,Rp || Cp,Rp,Cp,875.6167837295252,5.192669880781767e-10,5.192669880781767e-10,875.6167837295252,7.265544263821391e-05,7.265544263821391e-05,1.0,875.6094059779996,-2.54165863772879,875.613094845992,-0.002902722928590665,0.0010000000474974513,0,0.0010000000474974513,-0.113616943359375,0.102691650390625,-5.462646743836785e-06,0.00011361694875589023,off
1781063826.4841478,2026-06-10T11:57:06.484,87718293301616,,1,cf_0V,frequency,frequency,1134.6732521914685,24,24,0.0,0.1,1134.6732521914685,0.099945068359375,1134.67325220995,0,Rp || Cp,Rp,Cp,871.7165337608457,5.158796413156473e-10,5.158796413156473e-10,871.7165337608457,7.262152556052274e-05,7.262152556052274e-05,1.0,871.7075735230505,-2.7947642381008104,871.7120536304353,-0.0032060690388615713,0.0010000000474974513,0,0.0010000000474974513,-0.113922119140625,0.102691650390625,-5.615234641709321e-06,0.0001139221245516353,off
1781063826.8958752,2026-06-10T11:57:06.895,87718320540016,,1,cf_0V,frequency,frequency,1267.1250913547792,25,25,0.0,0.1,1267.1250913547792,0.099945068359375,1267.1250913598442,0,Rp || Cp,Rp,Cp,882.1006980711032,5.266441447752924e-10,5.266441447752924e-10,882.1006980711032,7.25584244685809e-05,7.25584244685809e-05,1.0,882.0886315578316,-3.2624736289259224,882.0946647938345,-0.00369856116042747,0.0010000000474974513,0,0.0010000000474974513,-0.113922119140625,0.102203369140625,-5.859375278305379e-06,0.0001139221245516353,off
1781063827.3382614,2026-06-10T11:57:07.338,87718348925296,,1,cf_0V,frequency,frequency,1415.0382006801042,26,26,0.0,0.1,1415.0382006801042,0.099945068359375,1415.0382007471762,0,Rp || Cp,Rp,Cp,874.0766459441192,5.145566137696686e-10,5.145566137696686e-10,874.0766459441192,7.27066447713304e-05,7.27066447713304e-05,1.0,874.0626692648162,-3.4952100965394233,874.0696575765312,-0.003998788175717495,0.0010000000474974513,0,0.0010000000474974513,-0.113922119140625,0.1044921875,-4.7149660442613595e-06,0.0001139221245516353,off
1781063827.7849388,2026-06-10T11:57:07.784,87718371576176,,1,cf_0V,frequency,frequency,1580.2173937248301,27,27,0.0,0.1,1580.2173937248301,0.099945068359375,1580.217393737371,0,Rp || Cp,Rp,Cp,871.6014486460891,5.039666821500105e-10,5.039666821500105e-10,871.6014486460891,7.226796036312525e-05,7.226796036312525e-05,1.0,871.5848702453528,-3.801247591854071,871.5931594063042,-0.004361277508068929,0.0010000000474974513,0,0.0010000000474974513,-0.113922119140625,0.1044921875,-4.7149660442613595e-06,0.0001139221245516353,off
1781063828.198375,2026-06-10T11:57:08.198,87718398814576,,1,cf_0V,frequency,frequency,1764.6781622081528,28,28,0.0,0.1,1764.6781622081528,0.099945068359375,1764.6781621039054,0,Rp || Cp,Rp,Cp,870.2613423838465,5.012338187957584e-10,5.012338187957584e-10,870.2613423838465,7.259486232179324e-05,7.259486232179324e-05,1.0,870.2409855417219,-4.208961671605381,870.2511639032609,-0.004836509568097184,0.0010000000474974513,0,0.0010000000474974513,-0.113494873046875,0.1044921875,-4.501342987239809e-06,0.0001134948784375922,off
1781063828.6540513,2026-06-10T11:57:08.654,87718425766256,,1,cf_0V,frequency,frequency,1970.6712687384897,29,29,0.0,0.1,1970.6712687384897,0.099945068359375,1970.6712688360994,0,Rp || Cp,Rp,Cp,872.9871308231313,4.931092561215433e-10,4.931092561215433e-10,872.9871308231313,7.291748337445397e-05,7.291748337445397e-05,1.0,872.9623288860163,-4.653080354437652,872.9747297664934,-0.005330168478794978,0.0010000000474974513,0,0.0010000000474974513,-0.113494873046875,0.104949951171875,-4.272461140431005e-06,0.0001134948784375922,off
1781063829.0472214,2026-06-10T11:57:09.047,87718451284336,,1,cf_0V,frequency,frequency,2200.7102102809863,30,30,0.0,0.1,2200.7102102809863,0.099945068359375,2200.7102103316356,0,Rp || Cp,Rp,Cp,870.0132205671522,4.948780987195042e-10,4.948780987195042e-10,870.0132205671522,7.279868913565379e-05,7.279868913565379e-05,1.0,869.9823855577184,-5.179374003285944,869.9978029258262,-0.005953353653214442,0.0010000000474974513,0,0.0010000000474974513,-0.113494873046875,0.106658935546875,-3.4179689123448043e-06,0.0001134948784375922,off
1781063829.4965632,2026-06-10T11:57:09.496,87718478236016,,1,cf_0V,frequency,frequency,2457.6018874701913,31,31,0.0,0.1,2457.6018874701913,0.099945068359375,2457.6018875421823,0,Rp || Cp,Rp,Cp,866.3763533596257,4.891817013859711e-10,4.891817013859711e-10,866.3763533596257,7.338777421321842e-05,7.338777421321842e-05,1.0,866.339249048086,-5.669649142201496,866.3578010052181,-0.006544281826084025,0.0010000000474974513,0,0.0010000000474974513,-0.13897705078125,0.11639404296875,-1.1291504442567657e-05,0.0001389770573823057,off
1781063829.8476706,2026-06-10T11:57:09.847,87718500026736,,1,cf_0V,frequency,frequency,2744.480853990254,32,32,0.0,0.1,2744.480853990254,0.099945068359375,2744.480853991149,0,Rp || Cp,Rp,Cp,865.3254990723914,4.840443388108627e-10,4.840443388108627e-10,865.3254990723914,7.337668606020459e-05,7.337668606020459e-05,1.0,865.2803585805807,-6.249734469602094,865.302928532129,-0.007222659951769996,0.0010000000474974513,0,0.0010000000474974513,-0.1474609375,0.136138916015625,-5.661011011071082e-06,0.0001474609445040187,off
1781063830.2787817,2026-06-10T11:57:10.278,87718524111216,,1,cf_0V,frequency,frequency,3064.8475639284966,33,33,0.0,0.1,3064.8475639284966,0.099945068359375,3064.8475640049355,0,Rp || Cp,Rp,Cp,871.0213012492552,4.836364265671914e-10,4.836364265671914e-10,871.0213012492552,7.290934761932942e-05,7.290934761932942e-05,1.0,870.963985595399,-7.065399515925948,870.9926429508703,-0.008111982417531968,0.0010000000474974513,0,0.0010000000474974513,-0.1734619140625,0.136138916015625,-1.866149990981114e-05,0.00017346192230149882,off
1781063830.683414,2026-06-10T11:57:10.683,87718547622256,,1,cf_0V,frequency,frequency,3422.6110837907077,34,34,0.0,0.1,3422.6110837907077,0.099945068359375,3422.6110837209944,0,Rp || Cp,Rp,Cp,876.2332570151502,4.745435589802065e-10,4.745435589802065e-10,876.2332570151502,7.289383148525808e-05,7.289383148525808e-05,1.0,876.1632000239783,-7.83462555386306,876.1982278193829,-0.008941732256975485,0.0010000000474974513,0,0.0010000000474974513,-0.1734619140625,0.136138916015625,-1.866149990981114e-05,0.00017346192230149882,off
1781063831.100119,2026-06-10T11:57:11.100,87718572280176,,1,cf_0V,frequency,frequency,3822.1367903439054,35,35,0.0,0.1,3822.1367903439054,0.099945068359375,3822.136790319064,0,Rp || Cp,Rp,Cp,869.7892326294884,4.731505969524932e-10,4.731505969524932e-10,869.7892326294884,7.282813358058389e-05,7.282813358058389e-05,1.0,869.7042812108987,-8.595499545835503,869.7467558830033,-0.00988292214115844,0.0010000000474974513,0,0.0010000000474974513,-0.1734619140625,0.165496826171875,-3.982544134473187e-06,0.00017346192230149882,off
1781063831.504047,2026-06-10T11:57:11.504,87718597511536,,1,cf_0V,frequency,frequency,4268.299636288371,36,36,0.0,0.1,4268.299636288371,0.099945068359375,4268.299636294159,0,Rp || Cp,Rp,Cp,868.9784975076454,4.657595624022504e-10,4.657595624022504e-10,868.9784975076454,7.297385078102694e-05,7.297385078102694e-05,1.0,868.8761283754747,-9.431123752013725,868.9273114340348,-0.010853967654590093,0.0010000000474974513,0,0.0010000000474974513,-0.1734619140625,0.165496826171875,-3.982544134473187e-06,0.00017346192230149882,off
1781063831.9618342,2026-06-10T11:57:11.961,87718621882736,,1,cf_0V,frequency,frequency,4766.543633698721,37,37,0.0,0.1,4766.543633698721,0.099945068359375,4766.543633607512,0,Rp || Cp,Rp,Cp,865.57857786042,4.6369217282886446e-10,4.6369217282886446e-10,865.57857786042,7.379182703595804e-05,7.379182703595804e-05,1.0,865.4535280134754,-10.403116418442956,865.5160506785458,-0.012019842862182053,0.0010000000474974513,0,0.0010000000474974513,-0.173004150390625,0.165496826171875,-3.7536622876643833e-06,0.0001730041586078812,off
1781063832.4628806,2026-06-10T11:57:12.462,87718653135216,,1,cf_0V,frequency,frequency,5322.948281042111,38,38,0.0,0.1,5322.948281042111,0.099945068359375,5322.948280976902,0,Rp || Cp,Rp,Cp,877.645003427131,4.593253653582936e-10,4.593253653582936e-10,877.645003427131,7.235030485472809e-05,7.235030485472809e-05,1.0,877.4854953044345,-11.830725423633584,877.5652457417159,-0.013481714179180327,0.0010000000474974513,0,0.0010000000474974513,-0.173004150390625,0.165496826171875,-3.7536622876643833e-06,0.0001730041586078812,off
1781063832.861439,2026-06-10T11:57:12.861,87718677793136,,1,cf_0V,frequency,frequency,5944.302744305904,39,39,0.0,0.1,5944.302744305904,0.099945068359375,5944.302744325114,0,Rp || Cp,Rp,Cp,879.6653641920564,4.531196012424834e-10,4.531196012424834e-10,879.6653641920564,7.138286792808551e-05,7.138286792808551e-05,1.0,879.4704499773724,-13.092795427069044,879.5679016855362,-0.014886035475007867,0.0010000000474974513,0,0.0010000000474974513,-0.1680908203125,0.15850830078125,-4.791259993197627e-06,0.00016809082829638555,off
1781063833.273643,2026-06-10T11:57:13.273,87718703024496,,1,cf_0V,frequency,frequency,6638.188697382001,40,40,0.0,0.1,6638.188697382001,0.099945068359375,6638.188697394298,0,Rp || Cp,Rp,Cp,873.7447607687569,4.503592214707973e-10,4.503592214707973e-10,873.7447607687569,7.265303676247263e-05,7.265303676247263e-05,1.0,873.5094651570352,-14.336420192953574,873.6271050413205,-0.016410964865902704,0.0010000000474974513,0,0.0010000000474974513,-0.1680908203125,0.126434326171875,-2.082824805960115e-05,0.00016809082829638555,off
1781063833.646439,2026-06-10T11:57:13.646,87718727108976,,1,cf_0V,frequency,frequency,7413.07283251361,41,41,0.0,0.1,7413.07283251361,0.099945068359375,7413.072832491707,0,Rp || Cp,Rp,Cp,875.5310329604334,4.456639932883204e-10,4.456639932883204e-10,875.5310329604334,7.252053189444786e-05,7.252053189444786e-05,1.0,875.2419366345781,-15.906892471992558,875.3864728632504,-0.018172279892787278,0.0010000000474974513,0,0.0010000000474974513,-0.1317138671875,0.126434326171875,-2.639770633194871e-06,0.000131713873443573,off
1781063834.080925,2026-06-10T11:57:14.080,87718749473136,,1,cf_0V,frequency,frequency,8278.410169603068,42,42,0.0,0.1,8278.410169603068,0.099945068359375,8278.410169637595,0,Rp || Cp,Rp,Cp,875.6482501842078,4.4149188635746606e-10,4.4149188635746606e-10,875.6482501842078,7.610165424075492e-05,7.610165424075492e-05,1.0,875.2943241159008,-17.600837444442224,875.4712692648784,-0.02010576925954513,0.0010000000474974513,0,0.0010000000474974513,-0.12164306640625,0.10870361328125,-6.469726869795522e-06,0.00012164307218398562,off
1781063834.4786484,2026-06-10T11:57:14.478,87718775277936,,1,cf_0V,frequency,frequency,9244.759424945483,43,43,0.0,0.1,9244.759424945483,0.099945068359375,9244.759424973381,0,Rp || Cp,Rp,Cp,835.0546284173722,4.3694474737793823e-10,4.3694474737793823e-10,835.0546284173722,7.572091228482316e-05,7.572091228482316e-05,1.0,834.6796954451455,-17.690362886910872,834.8671408837885,-0.02119102081488009,0.0010000000474974513,0,0.0010000000474974513,-0.118255615234375,0.10687255859375,-5.691528590645589e-06,0.00011825562085121533,off
1781063834.9261222,2026-06-10T11:57:14.926,87718799649136,,1,cf_0V,frequency,frequency,10323.911847100022,44,44,0.0,0.1,10323.911847100022,0.099945068359375,10323.911847009982,0,Rp || Cp,Rp,Cp,848.2043772412198,4.330584380748369e-10,4.330584380748369e-10,848.2043772412198,7.309504331903425e-05,7.309504331903425e-05,1.0,847.7230988554542,-20.198782255210027,847.9637039034675,-0.023822591474476216,0.0010000000474974513,0,0.0010000000474974513,-0.118255615234375,0.10687255859375,-5.691528590645589e-06,0.00011825562085121533,off
1781063835.3188708,2026-06-10T11:57:15.318,87718826600816,,1,cf_0V,frequency,frequency,11529.035091934857,45,45,0.0,0.1,11529.035091934857,0.099945068359375,11529.035091939477,0,Rp || Cp,Rp,Cp,835.0899770629,4.2934022090374976e-10,4.2934022090374976e-10,835.0899770629,7.638691175089409e-05,7.638691175089409e-05,1.0,834.5270452819229,-21.674450301542365,834.8084637225779,-0.025966298973637805,0.0010000000474974513,0,0.0010000000474974513,-0.118255615234375,0.10687255859375,-5.691528590645589e-06,0.00011825562085121533,off
1781063835.7705042,2026-06-10T11:57:15.770,87718851832176,,1,cf_0V,frequency,frequency,12874.833892387638,46,46,0.0,0.1,12874.833892387638,0.099945068359375,12874.83389234012,0,Rp || Cp,Rp,Cp,827.8407011124916,4.2585023160471175e-10,4.2585023160471175e-10,827.8407011124916,7.420293689271164e-05,7.420293689271164e-05,1.0,827.1679660890009,-23.589507436520872,827.5042652366888,-0.028510673059458806,0.0010000000474974513,0,0.0010000000474974513,-0.1397705078125,0.10760498046875,-1.6082764435765284e-05,0.0001397705144512429,off
1781063836.1853888,2026-06-10T11:57:16.185,87718877636976,,1,cf_0V,frequency,frequency,14377.729483409405,47,47,0.0,0.1,14377.729483409405,0.099945068359375,14377.729483356916,0,Rp || Cp,Rp,Cp,859.7494272455111,4.2406629876420103e-10,4.2406629876420103e-10,859.7494272455111,7.271713494961727e-05,7.271713494961727e-05,1.0,858.817777459619,-28.286346503049618,859.2834760887528,-0.03292447537514383,0.0010000000474974513,0,0.0010000000474974513,-0.279571533203125,0.267059326171875,-6.256103812773972e-06,0.0002795715464820603,off
1781063836.6251671,2026-06-10T11:57:16.625,87718902008176,,1,cf_0V,frequency,frequency,16056.059971408577,48,48,0.0,0.1,16056.059971408577,0.099945068359375,16056.059971489845,0,Rp || Cp,Rp,Cp,878.1367468407623,4.2180913633337434e-10,4.2180913633337434e-10,878.1367468407623,7.279833130009148e-05,7.279833130009148e-05,1.0,876.912271299944,-32.76824114367833,877.5242954950461,-0.037350374734885575,0.0010000000474974513,0,0.0010000000474974513,-0.279571533203125,0.267059326171875,-6.256103812773972e-06,0.0002795715464820603,off
1781063836.9936838,2026-06-10T11:57:16.993,87718927812976,,1,cf_0V,frequency,frequency,17930.304093072773,49,49,0.0,0.1,17930.304093072773,0.099945068359375,17930.304093098926,0,Rp || Cp,Rp,Cp,868.0218790039378,4.1970081360215143e-10,4.1970081360215143e-10,868.0218790039378,7.515194582933598e-05,7.515194582933598e-05,1.0,866.5621382835444,-35.566220490847954,867.2917015321618,-0.041019874303484076,0.0010000000474974513,0,0.0010000000474974513,-0.279571533203125,0.267059326171875,-6.256103812773972e-06,0.0002795715464820603,off
1781063837.4058573,2026-06-10T11:57:17.405,87718951897456,,1,cf_0V,frequency,frequency,20023.331093839864,50,50,0.0,0.1,20023.331093839864,0.099945068359375,20023.331093881323,0,Rp || Cp,Rp,Cp,830.6184924976714,4.1649109408993004e-10,4.1649109408993004e-10,830.6184924976714,7.604498810505378e-05,7.604498810505378e-05,1.0,829.0480330830937,-36.08304710930747,829.8328912785025,-0.043496019028246305,0.0010000000474974513,0,0.0010000000474974513,-0.279571533203125,0.267059326171875,-6.256103812773972e-06,0.0002795715464820603,off
1781063837.777296,2026-06-10T11:57:17.777,87718977415536,,1,cf_0V,frequency,frequency,22360.679774997894,51,51,0.0,0.1,22360.679774997894,0.099945068359375,22360.6797749909,0,Rp || Cp,Rp,Cp,829.5293252191717,4.146079740624329e-10,4.146079740624329e-10,829.5293252191717,7.615531830042976e-05,7.615531830042976e-05,1.0,827.59696797192,-39.9901612757956,828.5625832700745,-0.04828326104732975,0.0010000000474974513,0,0.0010000000474974513,-0.153411865234375,0.1422119140625,-5.599975851922068e-06,0.0001534118725210476,off
1781063838.2798557,2026-06-10T11:57:18.279,87719001213296,,1,cf_0V,frequency,frequency,24970.870114304947,52,52,0.0,0.1,24970.870114304947,0.099945068359375,24970.87011427368,0,Rp || Cp,Rp,Cp,831.7949754834092,4.131519384566752e-10,4.131519384566752e-10,831.7949754834092,7.613044476703595e-05,7.613044476703595e-05,1.0,829.3837668291413,-44.71931703735657,830.5884961856764,-0.05386656675358969,0.0010000000474974513,0,0.0010000000474974513,-0.153411865234375,0.1444091796875,-4.501342987239809e-06,0.0001534118725210476,off
1781063838.6957464,2026-06-10T11:57:18.695,87719028451696,,1,cf_0V,frequency,frequency,27885.751262476904,53,53,0.0,0.1,27885.751262476904,0.099945068359375,27885.751262459737,0,Rp || Cp,Rp,Cp,832.9252715000182,4.118764189203152e-10,4.118764189203152e-10,832.9252715000182,7.638414888075e-05,7.638414888075e-05,1.0,829.9267296012564,-49.88556977334876,831.424648767553,-0.060036167909514306,0.0010000000474974513,0,0.0010000000474974513,-0.3240966796875,0.316192626953125,-3.95202655489868e-06,0.00032409669508126626,off
1781063839.0656238,2026-06-10T11:57:19.065,87719052536176,,1,cf_0V,frequency,frequency,31140.89016174344,54,54,0.0,0.1,31140.89016174344,0.099945068359375,31140.890161793777,0,Rp || Cp,Rp,Cp,812.4616695767313,4.0985566909527654e-10,4.0985566909527654e-10,812.4616695767313,7.807163148297254e-05,7.807163148297254e-05,1.0,809.0272560152907,-52.711803039110684,810.7426442190301,-0.06506258329295322,0.0010000000474974513,0,0.0010000000474974513,-0.3240966796875,0.316192626953125,-3.95202655489868e-06,0.00032409669508126626,off
1781063839.4366503,2026-06-10T11:57:19.436,87719074900336,,1,cf_0V,frequency,frequency,34776.005528338435,55,55,0.0,0.1,34776.005528338435,0.099945068359375,34776.005528271984,0,Rp || Cp,Rp,Cp,810.9373314176025,4.087229640817066e-10,4.087229640817066e-10,810.9373314176025,7.811784775292116e-05,7.811784775292116e-05,1.0,806.706096540573,-58.423993112375534,808.8189470869999,-0.07229667350298889,0.0010000000474974513,0,0.0010000000474974513,-0.3240966796875,0.316192626953125,-3.95202655489868e-06,0.00032409669508126626,off
1781063839.855557,2026-06-10T11:57:19.855,87719097551216,,1,cf_0V,frequency,frequency,38835.452494313686,56,56,0.0,0.1,38835.452494313686,0.099945068359375,38835.45249436793,0,Rp || Cp,Rp,Cp,809.0573805564386,4.0776707548095675e-10,4.0776707548095675e-10,809.0573805564386,7.829080213477307e-05,7.829080213477307e-05,1.0,803.8481514973186,-64.71034808977386,806.4485599314787,-0.08032749314038465,0.0010000000474974513,0,0.0010000000474974513,-0.3240966796875,0.316192626953125,-3.95202655489868e-06,0.00032409669508126626,off
1781063840.3005178,2026-06-10T11:57:20.300,87719123069296,,1,cf_0V,frequency,frequency,43368.76382220184,57,57,0.0,0.1,43368.76382220184,0.099945068359375,43368.763822186906,0,Rp || Cp,Rp,Cp,814.8180014435613,4.0720644798998e-10,4.0720644798998e-10,814.8180014435613,7.802821883078686e-05,7.802821883078686e-05,1.0,808.2112308491191,-73.07301960417406,811.5078926693936,-0.09016810768180254,0.0010000000474974513,0,0.0010000000474974513,-0.171875,0.15972900390625,-6.072998335326929e-06,0.00017187500816362444,off
1781063840.6926272,2026-06-10T11:57:20.692,87719150020976,,1,cf_0V,frequency,frequency,48431.254296349834,58,58,0.0,0.1,48431.254296349834,0.099945068359375,48431.25429637496,0,Rp || Cp,Rp,Cp,813.2135426793069,4.065519405508932e-10,4.065519405508932e-10,813.2135426793069,7.814304400345477e-05,7.814304400345477e-05,1.0,805.0649358511937,-80.99480003896316,809.1289814179432,-0.1002691539219035,0.0010000000474974513,0,0.0010000000474974513,-0.171875,0.159759521484375,-6.057739545539675e-06,0.00017187500816362444,off
1781063841.1049151,2026-06-10T11:57:21.104,87719174105456,,1,cf_0V,frequency,frequency,54084.69566561462,59,59,0.0,0.1,54084.69566561462,0.099945068359375,54084.69566560825,0,Rp || Cp,Rp,Cp,819.0327372631407,4.061453774046555e-10,4.061453774046555e-10,819.0327372631407,7.782232532042837e-05,7.782232532042837e-05,1.0,808.6989163719678,-91.41635387978192,813.8494253225645,-0.11256343702354521,0.0010000000474974513,0,0.0010000000474974513,-0.169219970703125,0.159759521484375,-4.730224834048613e-06,0.00016921997874064232,off
1781063841.594618,2026-06-10T11:57:21.594,87719197043056,,1,cf_0V,frequency,frequency,60398.07037297046,60,60,0.0,0.1,60398.07037297046,0.099945068359375,60398.070372897906,0,Rp || Cp,Rp,Cp,809.8021236795294,4.050905764041249e-10,4.050905764041249e-10,809.8021236795294,7.936600712405491e-05,7.936600712405491e-05,1.0,797.4435621546853,-99.27363862314816,803.599085457066,-0.12385267285502097,0.0010000000474974513,0,0.0010000000474974513,-0.1705322265625,0.1611328125,-4.699707254474106e-06,0.00017053223466234613,off
1781063842.0121815,2026-06-10T11:57:22.012,87719227148656,,1,cf_0V,frequency,frequency,67448.41326892251,61,61,0.0,0.1,67448.41326892251,0.099945068359375,67448.4132688491,0,Rp || Cp,Rp,Cp,804.8003011470332,4.0441409329002106e-10,4.0441409329002106e-10,804.8003011470332,7.99171464554064e-05,7.99171464554064e-05,1.0,789.7745846934145,-108.93543487716828,797.2520452150205,-0.13706742853733908,0.0010000000474974513,0,0.0010000000474974513,-0.172210693359375,0.1611328125,-5.538940692773053e-06,0.00017221070153894402,off
1781063842.4036016,2026-06-10T11:57:22.403,87719251519856,,1,cf_0V,frequency,frequency,75321.75157919075,62,62,0.0,0.1,75321.75157919075,0.099945068359375,75321.7515791249,0,Rp || Cp,Rp,Cp,799.2674406193098,4.0365666322825224e-10,4.0365666322825224e-10,799.2674406193098,7.965971217215708e-05,7.965971217215708e-05,1.0,781.058174806811,-119.25810630763159,790.1103520095338,-0.15151762571807764,0.0010000000474974513,0,0.0010000000474974513,-0.172210693359375,0.1611328125,-5.538940692773053e-06,0.00017221070153894402,off
1781063842.8957446,2026-06-10T11:57:22.895,87719279618416,,1,cf_0V,frequency,frequency,84114.1545960043,63,63,0.0,0.1,84114.1545960043,0.099945068359375,84114.15459598004,0,Rp || Cp,Rp,Cp,800.4872516824264,4.03384239189944e-10,4.03384239189944e-10,800.4872516824264,8.004015028049919e-05,8.004015028049919e-05,1.0,777.8339508809916,-132.7422557548107,789.0793126207329,-0.16902794319217374,0.0010000000474974513,0,0.0010000000474974513,-0.172210693359375,0.158966064453125,-6.622314767668058e-06,0.00017221070153894402,off
1781063843.3036342,2026-06-10T11:57:23.303,87719305709936,,1,cf_0V,frequency,frequency,93932.9059011844,64,64,0.0,0.1,93932.9059011844,0.099945068359375,93932.90590111291,0,Rp || Cp,Rp,Cp,802.7615101776489,4.031577563544865e-10,4.031577563544865e-10,802.7615101776489,8.010607557603897e-05,8.010607557603897e-05,1.0,774.5034885939801,-147.93896139055292,788.5059227054423,-0.18873788309956144,0.0010000000474974513,0,0.0010000000474974513,-0.171539306640625,0.158966064453125,-6.286621392348479e-06,0.00017153931478830486,off
1781063843.7543354,2026-06-10T11:57:23.754,87719330941296,,1,cf_0V,frequency,frequency,104897.8124243061,65,65,0.0,0.1,104897.8124243061,0.099945068359375,104897.81242434049,0,Rp || Cp,Rp,Cp,780.793161669499,4.016732913676182e-10,4.016732913676182e-10,780.793161669499,8.055505133044566e-05,8.055505133044566e-05,1.0,748.7986444711189,-154.78194697268464,764.6285771997017,-0.20383623469746498,0.0010000000474974513,0,0.0010000000474974513,-0.1727294921875,0.1646728515625,-4.028320503834948e-06,0.00017272950039171064,off
1781063844.2055032,2026-06-10T11:57:24.205,87719357892976,,1,cf_0V,frequency,frequency,117142.66630887002,66,66,0.0,0.1,117142.66630887002,0.099945068359375,117142.66630889369,0,Rp || Cp,Rp,Cp,798.9629595882936,4.024262035835935e-10,4.024262035835935e-10,798.9629595882936,8.10964152846246e-05,8.10964152846246e-05,1.0,756.5911512989798,-179.04785733493597,777.4884600044861,-0.2323757349665378,0.0010000000474974513,0,0.0010000000474974513,-0.1727294921875,0.1646728515625,-4.028320503834948e-06,0.00017272950039171064,off
1781063844.6205616,2026-06-10T11:57:24.620,87719382264176,,1,cf_0V,frequency,frequency,130816.87742395303,67,67,0.0,0.1,130816.87742395303,0.099945068359375,130816.87742399595,0,Rp || Cp,Rp,Cp,798.6163182270412,4.0232319973355975e-10,4.0232319973355975e-10,798.6163182270412,8.182695965565319e-05,8.182695965565319e-05,1.0,746.5482249907988,-197.15816641512035,772.1435066236617,-0.25819806253007566,0.0010000000474974513,0,0.0010000000474974513,-0.174896240234375,0.1646728515625,-5.111694578729953e-06,0.00017489624854150065,off
1781063845.0405624,2026-06-10T11:57:25.040,87719408068976,,1,cf_0V,frequency,frequency,146087.29644100412,68,68,0.0,0.1,146087.29644100412,0.099945068359375,146087.29644095319,0,Rp || Cp,Rp,Cp,796.1920950911418,4.0197117348719463e-10,4.0197117348719463e-10,796.1920950911418,8.24770755552606e-05,8.24770755552606e-05,1.0,732.9395050790188,-215.31447238504785,763.9114085572544,-0.28572997896316044,0.0010000000474974513,0,0.0010000000474974513,-0.1749267578125,0.1646728515625,-5.126953368517206e-06,0.00017492676612107516,off
1781063845.4518483,2026-06-10T11:57:25.451,87719433873776,,1,cf_0V,frequency,frequency,163140.25072069294,69,69,0.0,0.1,163140.25072069294,0.099945068359375,163140.25072077243,0,Rp || Cp,Rp,Cp,795.3998196564297,4.01815389027742e-10,4.01815389027742e-10,795.3998196564297,8.326677116823867e-05,8.326677116823867e-05,1.0,718.3066371033892,-235.32221464042064,755.871000641017,-0.31658794621678116,0.0010000000474974513,0,0.0010000000474974513,-0.176513671875,0.16607666015625,-5.218506107240728e-06,0.00017651368025894953,off
1781063845.874717,2026-06-10T11:57:25.874,87719457958256,,1,cf_0V,frequency,frequency,182183.81785139444,70,70,0.0,0.1,182183.81785139444,0.099945068359375,182183.81785146677,0,Rp || Cp,Rp,Cp,795.6403272805228,4.018076628645063e-10,4.018076628645063e-10,795.6403272805228,8.440183016076051e-05,8.440183016076051e-05,1.0,701.6716203690122,-256.77845478657366,747.1801909003315,-0.35081508258680383,0.0010000000474974513,0,0.0010000000474974513,-0.176513671875,0.166168212890625,-5.172729737878967e-06,0.00017651368025894953,off
1781063846.2676878,2026-06-10T11:57:26.267,87719484623216,,1,cf_0V,frequency,frequency,203450.36458068906,71,71,0.0,0.1,203450.36458068906,0.099945068359375,203450.36458074616,0,Rp || Cp,Rp,Cp,795.6947144381616,4.019114592304397e-10,4.019114592304397e-10,795.6947144381616,8.585936447791795e-05,8.585936447791795e-05,1.0,681.7586840340193,-278.70571962625377,736.5268368553761,-0.388072969957955,0.0010000000474974513,0,0.0010000000474974513,-0.176513671875,0.166168212890625,-5.172729737878967e-06,0.00017651368025894953,off
1781063846.6808863,2026-06-10T11:57:26.680,87719508420976,,1,cf_0V,frequency,frequency,227199.38211953812,72,72,0.0,0.1,227199.38211953812,0.099945068359375,227199.38211963608,0,Rp || Cp,Rp,Cp,790.7000106782219,4.01752653347124e-10,4.01752653347124e-10,790.7000106782219,8.752370375271914e-05,8.752370375271914e-05,1.0,655.8323407469151,-297.4064216894641,720.1157121127889,-0.42574358356485226,0.0010000000474974513,0,0.0010000000474974513,-0.176513671875,0.166168212890625,-5.172729737878967e-06,0.00017651368025894953,off
1781063847.0784216,2026-06-10T11:57:27.078,87719531645296,,1,cf_0V,frequency,frequency,253720.6524150888,73,73,0.0,0.1,253720.6524150888,0.099945068359375,253720.65241505482,0,Rp || Cp,Rp,Cp,786.4597142896263,4.018051122392364e-10,4.018051122392364e-10,786.4597142896263,8.95866331273687e-05,8.95866331273687e-05,1.0,627.2715295399494,-315.9971774124222,702.3701217335525,-0.46665473415385345,0.0010000000474974513,0,0.0010000000474974513,-0.134368896484375,0.122161865234375,-6.103515914901436e-06,0.00013436890286655512,off
1781063847.5247924,2026-06-10T11:57:27.524,87719559743856,,1,cf_0V,frequency,frequency,283337.78402649175,74,74,0.0,0.1,283337.78402649175,0.099945068359375,283337.7840264717,0,Rp || Cp,Rp,Cp,781.2557584302476,4.018812379100402e-10,4.018812379100402e-10,781.2557584302476,9.216737241853706e-05,9.216737241853706e-05,1.0,595.2749094554423,-332.73072150603036,681.9545079117144,-0.5096909519360256,0.0010000000474974513,0,0.0010000000474974513,-0.14080810546875,0.127471923828125,-6.668091137029819e-06,0.00014080811215677613,off
1781063848.023505,2026-06-10T11:57:28.023,87719585835376,,1,cf_0V,frequency,frequency,316412.1607479698,75,75,0.0,0.1,316412.1607479698,0.099945068359375,316412.1607480297,0,Rp || Cp,Rp,Cp,777.911845555767,4.022571396032902e-10,4.022571396032902e-10,777.911845555767,9.506085630442608e-05,9.506085630442608e-05,1.0,560.8508669073633,-348.91093139470115,660.524437820024,-0.5565184114398098,0.0010000000474974513,0,0.0010000000474974513,-0.140899658203125,0.128631591796875,-6.134033494475943e-06,0.00014089966489549965,off
1781063848.4754512,2026-06-10T11:57:28.475,87719613073776,,1,cf_0V,frequency,frequency,353347.35115962697,76,76,0.0,0.1,353347.35115962697,0.099945068359375,353347.35115966963,0,Rp || Cp,Rp,Cp,771.4664352909757,4.026447805092678e-10,4.026447805092678e-10,771.4664352909757,9.866513023603259e-05,9.866513023603259e-05,1.0,522.8155027099231,-360.5531338328017,635.0863029466813,-0.6037373020869663,0.0010000000474974513,0,0.0010000000474974513,-0.145751953125,0.1337890625,-5.9814455966034075e-06,0.0001457519600478463,off
1781063848.9262807,2026-06-10T11:57:28.926,87719638878576,,1,cf_0V,frequency,frequency,394594.03291068296,77,77,0.0,0.1,394594.03291068296,0.099945068359375,394594.0329106179,0,Rp || Cp,Rp,Cp,760.7228356107286,4.030445989490326e-10,4.030445989490326e-10,760.7228356107286,0.00010297095640300872,0.00010297095640300872,1.0,482.1242700593138,-366.4957435715287,605.6095622067685,-0.6499773279325781,0.0010000000474974513,0,0.0010000000474974513,-0.150665283203125,0.138336181640625,-6.1645510740504506e-06,0.00015066529035934195,off
1781063849.3299062,2026-06-10T11:57:29.329,87719667263856,,1,cf_0V,frequency,frequency,440655.49182050145,78,78,0.0,0.1,440655.49182050145,0.099945068359375,440655.49182050745,0,Rp || Cp,Rp,Cp,750.886979662803,4.03811016129339e-10,4.03811016129339e-10,750.886979662803,0.0001082835729257837,0.0001082835729257837,1.0,440.455556283946,-369.7718827498267,575.0933335848642,-0.6983791768131465,0.0010000000474974513,0,0.0010000000474974513,-0.155120849609375,0.14453125,-5.294800056176996e-06,0.00015512085697722,off
1781063849.7429767,2026-06-10T11:57:29.742,87719691061616,,1,cf_0V,frequency,frequency,492093.7628966142,79,79,0.0,0.1,492093.7628966142,0.099945068359375,492093.7628966726,0,Rp || Cp,Rp,Cp,735.7625703936224,4.046530349499441e-10,4.046530349499441e-10,735.7625703936224,0.00011443746230042916,0.00011443746230042916,1.0,398.2658689615357,-366.6243541658164,541.3216413992601,-0.7440543425681626,0.0010000000474974513,0,0.0010000000474974513,-0.1636962890625,0.151885986328125,-5.9051516476671395e-06,0.00016369629683765652,off
1781063850.133766,2026-06-10T11:57:30.133,87719715432816,,1,cf_0V,frequency,frequency,549536.4882015135,80,80,0.0,0.1,549536.4882015135,0.099945068359375,549536.4882015963,0,Rp || Cp,Rp,Cp,722.7208405405371,4.060879992078551e-10,4.060879992078551e-10,722.7208405405371,0.0001214934260870819,0.0001214934260870819,1.0,356.56208111036057,-361.32856139421307,507.636530368888,-0.7920376290235163,0.0010000000474974513,0,0.0010000000474974513,-0.17578125,0.16119384765625,-7.293701518307216e-06,0.00017578125834916136,off
1781063850.5457783,2026-06-10T11:57:30.545,87719740664176,,1,cf_0V,frequency,frequency,613684.5752468883,81,81,0.0,0.1,613684.5752468883,0.099945068359375,613684.5752469356,0,Rp || Cp,Rp,Cp,699.2450197453581,4.073876125119104e-10,4.073876125119104e-10,699.2450197453581,0.00012988604739692542,0.00012988604739692542,1.0,316.90344905323235,-348.08815330137986,470.73682508446217,-0.8322587169925467,0.0010000000474974513,0,0.0010000000474974513,-0.1834716796875,0.173095703125,-5.187988527666221e-06,0.00018347168840193717,off
1781063850.9860466,2026-06-10T11:57:30.986,87719764748656,,1,cf_0V,frequency,frequency,685320.749361875,82,82,0.0,0.1,685320.749361875,0.099945068359375,685320.7493619351,0,Rp || Cp,Rp,Cp,675.996327387722,4.0939650130380247e-10,4.0939650130380247e-10,675.996327387722,0.000139511983414886,0.000139511983414886,1.0,279.3237079262107,-332.8664400338251,434.5363053997205,-0.8726371232225866,0.0010000000474974513,0,0.0010000000474974513,-0.19879150390625,0.184539794921875,-7.125854830647427e-06,0.00019879151334833978,off
1781063851.439753,2026-06-10T11:57:31.439,87719791987056,,1,cf_0V,frequency,frequency,765319.1043900257,83,83,0.0,0.1,765319.1043900257,0.099945068359375,765319.1043900875,0,Rp || Cp,Rp,Cp,644.5247016771464,4.1167808893131976e-10,4.1167808893131976e-10,644.5247016771464,0.00015068465776958362,0.00015068465776958362,1.0,245.25814871414272,-312.9271091215708,397.5863870077446,-0.9060397371658214,0.0010000000474974513,0,0.0010000000474974513,-0.207794189453125,0.19964599609375,-4.074096873196709e-06,0.0002077941993228194,off
1781063851.8508883,2026-06-10T11:57:31.850,87719817791856,,1,cf_0V,frequency,frequency,854655.7682511833,84,84,0.0,0.1,854655.7682511833,0.099945068359375,854655.7682512201,0,Rp || Cp,Rp,Cp,612.5422290435731,4.149982841394902e-10,4.149982841394902e-10,612.5422290435731,0.00016332975638239984,0.00016332975638239984,1.0,213.92104470340075,-292.0161985146656,361.9884992122691,-0.9385468718355208,0.0010000000474974513,0,0.0010000000474974513,-0.22344970703125,0.211578369140625,-5.935669227241647e-06,0.00022344971764454158,off
1781063852.2539213,2026-06-10T11:57:32.253,87719841876336,,1,cf_0V,frequency,frequency,954420.8135078406,85,85,0.0,0.1,954420.8135078406,0.099945068359375,954420.8135078946,0,Rp || Cp,Rp,Cp,570.4441378729007,4.1862430308348316e-10,4.1862430308348316e-10,570.4441378729007,0.00017761318038788616,0.00017761318038788616,1.0,186.98432413898752,-267.77037570556195,326.59472068484473,-0.961211533677332,0.0010000000474974513,0,0.0010000000474974513,-0.24395751953125,0.231231689453125,-6.362915341284747e-06,0.0002439575311186104,off
1781063852.6527417,2026-06-10T11:57:32.652,87719864813936,,1,cf_0V,frequency,frequency,1065831.5582669198,86,86,0.0,0.1,1065831.5582669198,0.099945068359375,1065831.5582669075,0,Rp || Cp,Rp,Cp,531.0422888488897,4.242973324999553e-10,4.242973324999553e-10,531.0422888488897,0.00019377098044099338,0.00019377098044099338,1.0,162.05843972538258,-244.53414255032268,293.3596508708159,-0.9855288143922519,0.0010000000474974513,0,0.0010000000474974513,-0.265899658203125,0.25152587890625,-7.186889989796441e-06,0.00026589967083268107,off
1781063853.0506,2026-06-10T11:57:33.050,87719890045296,,1,cf_0V,frequency,frequency,1190247.4197125817,87,87,0.0,0.1,1190247.4197125817,0.099945068359375,1190247.4197125202,0,Rp || Cp,Rp,Cp,480.3693745319385,4.304525454710896e-10,4.304525454710896e-10,480.3693745319385,0.000211807721879555,0.000211807721879555,1.0,141.647249852545,-219.04122311803994,260.8505334781516,-0.9967660623229425,0.0010000000474974513,0,0.0010000000474974513,-0.286529541015625,0.274322509765625,-6.103515914901436e-06,0.0002865295546250479,off
1781063853.457819,2026-06-10T11:57:33.457,87719915850096,,1,cf_0V,frequency,frequency,1329186.5015106536,88,88,0.0,0.1,1329186.5015106536,0.099945068359375,1329186.5015105486,0,Rp || Cp,Rp,Cp,428.704227695983,4.3890051344713376e-10,4.3890051344713376e-10,428.704227695983,0.0002318252038792701,0.0002318252038792701,1.0,123.56971405662973,-194.17874394285195,230.16267905822806,-1.004061895255442,0.0010000000474974513,0,0.0010000000474974513,-0.311737060546875,0.30145263671875,-5.14221215830446e-06,0.00031173707535359085,off
1781063853.8949928,2026-06-10T11:57:33.894,87719938214256,,1,cf_0V,frequency,frequency,1484344.1174816934,89,89,0.0,0.1,1484344.1174816934,0.099945068359375,1484344.1174816263,0,Rp || Cp,Rp,Cp,372.7430037955308,4.4929457642547184e-10,4.4929457642547184e-10,372.7430037955308,0.00025395352046297124,0.00025395352046297124,1.0,108.3696018568272,-169.26322787195173,200.98261346753233,-1.001310744203609,0.0010000000474974513,0,0.0010000000474974513,-0.338409423828125,0.3280029296875,-5.203247317453474e-06,0.00033840943990171013,off
1781063854.3111544,2026-06-10T11:57:34.311,87719966599536,,1,cf_0V,frequency,frequency,1657613.4775657344,90,90,0.0,0.1,1657613.4775657344,0.099945068359375,1657613.477565718,0,Rp || Cp,Rp,Cp,314.23564286886017,4.618341452113716e-10,4.618341452113716e-10,314.23564286886017,0.00027802900860512665,0.00027802900860512665,1.0,95.66952183332684,-144.60330663036206,173.38619811349437,-0.9863097471570451,0.0010000000474974513,0,0.0010000000474974513,-0.3704833984375,0.357635498046875,-6.423950500433762e-06,0.0003704834160345172,off
1781063854.7013984,2026-06-10T11:57:34.701,87719989537136,,1,cf_0V,frequency,frequency,1851108.7884858004,91,91,0.0,0.1,1851108.7884858004,0.099945068359375,1851108.7884859024,0,Rp || Cp,Rp,Cp,254.94183225211245,4.759974061825971e-10,4.759974061825971e-10,254.94183225211245,0.00030385495974075274,0.00030385495974075274,1.0,85.20447909363713,-120.25964725792527,147.38448363453548,-0.9543855420769297,0.0010000000474974513,0,0.0010000000474974513,-0.402618408203125,0.389892578125,-6.362915341284747e-06,0.00040261842732647324,off
1781063855.0830202,2026-06-10T11:57:35.083,87720012474736,,1,cf_0V,frequency,frequency,2067191.0509809963,92,92,0.0,0.1,2067191.0509809963,0.099945068359375,2067191.0509810941,0,Rp || Cp,Rp,Cp,198.12400112619437,4.904494278141467e-10,4.904494278141467e-10,198.12400112619437,0.00033117294211553285,0.00033117294211553285,1.0,76.41072699240628,-96.43754331788418,123.03982672572663,-0.9007473971281376,0.0010000000474974513,0,0.0010000000474974513,-0.436126708984375,0.423858642578125,-6.134033494475943e-06,0.0004361267296992821,off
1781063855.5526922,2026-06-10T11:57:35.552,87720040573296,,1,cf_0V,frequency,frequency,2308496.8683831017,93,93,0.0,0.1,2308496.8683831017,0.099945068359375,2308496.8683831166,0,Rp || Cp,Rp,Cp,146.27043172786819,4.98355945190559e-10,4.98355945190559e-10,146.27043172786819,0.0003590644184797545,0.0003590644184797545,1.0,69.06324985599069,-73.02176998878068,100.50826519727315,-0.8132511800162985,0.0010000000474974513,0,0.0010000000474974513,-0.470123291015625,0.463897705078125,-3.1127931165997325e-06,0.0004701233133452831,off
1781063855.9568698,2026-06-10T11:57:35.956,87720066091376,,1,cf_0V,frequency,frequency,2577970.6180546875,94,94,0.0,0.1,2577970.6180546875,0.099945068359375,2577970.6180546926,0,Rp || Cp,Rp,Cp,102.642873212636,4.796345142059762e-10,4.796345142059762e-10,102.642873212636,0.0003868981577727719,0.0003868981577727719,1.0,62.743680485789206,-50.03421029749745,80.25080461277011,-0.6731769418355755,0.0010000000474974513,0,0.0010000000474974513,-0.5045166015625,0.49444580078125,-5.035400629793685e-06,0.0005045166255257527,off
1781063856.3687518,2026-06-10T11:57:36.368,87720088742256,,1,cf_0V,frequency,frequency,2878900.378239697,95,95,0.0,0.1,2878900.378239697,0.099945068359375,2878900.378239635,0,Rp || Cp,Rp,Cp,70.2476581809648,3.728898715120184e-10,3.728898715120184e-10,70.2476581809648,0.0004132651021957989,0.0004132651021957989,1.0,57.36792107867728,-27.182416036808462,63.48198256582324,-0.44249007136207574,0.0010000000474974513,0,0.0010000000474974513,-0.5382080078125,0.52740478515625,-5.401611584687771e-06,0.0005382080333760086,off
1781063856.759942,2026-06-10T11:57:36.759,87720114260336,,1,cf_0V,frequency,frequency,3214958.0487006293,96,96,0.0,0.1,3214958.0487006293,0.099945068359375,3214958.048700538,0,Rp || Cp,Rp,Cp,52.99138521210096,7.869636705608119e-11,7.869636705608119e-11,52.99138521210096,0.0004357945488704234,0.0004357945488704234,1.0,52.617993603460405,-4.432506883811256,52.8043593667117,-0.08404095707576642,0.0010000000474974513,0,0.0010000000474974513,-0.56597900390625,0.55584716796875,-5.065918209368192e-06,0.0005659790307888102,off
1781063857.2248864,2026-06-10T11:57:37.224,87720138344816,,1,cf_0V,frequency,frequency,3590244.1546882903,97,97,0.0,0.1,3590244.1546882903,0.099945068359375,3590244.154688378,0,Rp || Cp,Rp,Cp,55.551150284735805,-3.0722930196458985e-10,-3.0722930196458985e-10,55.551150284735805,0.0004528259458319471,0.0004528259458319471,1.0,48.38005572530561,18.626270544493572,51.841756783314594,0.367507925733066,0.0010000000474974513,0,0.0010000000474974513,-0.585845947265625,0.575164794921875,-5.340576425538757e-06,0.0005858459750918144,off
1781063857.7416477,2026-06-10T11:57:37.741,87720165296496,,1,cf_0V,frequency,frequency,4009337.880935344,98,98,0.0,0.1,4009337.880935344,0.099945068359375,4009337.8809352485,0,Rp || Cp,Rp,Cp,84.39693179467687,-4.4624636371396945e-10,-4.4624636371396945e-10,84.39693179467687,0.0004614650377863877,0.0004614650377863877,1.0,44.416277056576,42.140145203247656,61.225791177552914,0.7591077119416334,0.0010000000474974513,0,0.0010000000474974513,-0.60028076171875,0.58905029296875,-5.615234641709321e-06,0.0006002807902305562,off
1781063858.1784236,2026-06-10T11:57:38.178,87720195688816,,1,cf_0V,frequency,frequency,4477352.946181116,99,99,0.0,0.1,4477352.946181116,0.099945068359375,4477352.946181128,0,Rp || Cp,Rp,Cp,149.29266394154664,-3.901985140834487e-10,-3.901985140834487e-10,149.29266394154664,0.0004605769294869874,0.0004605769294869874,1.0,40.506390419596855,66.38176909041479,77.76443230936594,1.0229079853221208,0.0010000000474974513,0,0.0010000000474974513,-0.60028076171875,0.58905029296875,-5.615234641709321e-06,0.0006002807902305562,off
1781063858.5693195,2026-06-10T11:57:38.569,87720222640496,,1,cf_0V,frequency,frequency,4999999.999999999,100,100,0.0,0.1,4999999.999999999,0.099945068359375,4999999.999999929,0,Rp || Cp,Rp,Cp,266.31562466323066,-2.9963238283820576e-10,-2.9963238283820576e-10,266.31562466323066,0.00044841630417683334,0.00044841630417683334,1.0,36.55923230830029,91.64997175351932,98.67266485401699,1.191238033699631,0.0010000000474974513,0,0.0010000000474974513,-0.60028076171875,0.58905029296875,-5.615234641709321e-06,0.0006002807902305562,off
1781063858.918462,2026-06-10T11:57:38.918,87720244431216,,1,cf_0V,frequency,frequency,4482348.925241931,101,101,0.0,0.1,4482348.925241931,0.099945068359375,4482348.925241979,0,Rp || Cp,Rp,Cp,150.16463634832806,-3.8955376295785623e-10,-3.8955376295785623e-10,150.16463634832806,0.0004604876205392717,0.0004604876205392717,1.0,40.42991726981764,66.60754922657684,77.91754503585925,1.0252551503470064,0.0010000000474974513,0,0.0010000000474974513,-0.60028076171875,0.58905029296875,-5.615234641709321e-06,0.0006002807902305562,off
1781063859.3775117,2026-06-10T11:57:39.377,87720267655536,,1,cf_0V,frequency,frequency,4018290.377523501,102,102,0.0,0.1,4018290.377523501,0.099945068359375,4018290.3775235703,0,Rp || Cp,Rp,Cp,85.20491319747468,-4.471740750056911e-10,-4.471740750056911e-10,85.20491319747468,0.00046187340820846574,0.00046187340820846574,1.0,44.25332300889316,42.570458634399486,61.405215948423724,0.7660180621245009,0.0010000000474974513,0,0.0010000000474974513,-0.6007080078125,0.58685302734375,-6.92749056341313e-06,0.0006007080363445993,off
1781063859.7837718,2026-06-10T11:57:39.783,87720293747056,,1,cf_0V,frequency,frequency,3602275.9110004925,103,103,0.0,0.1,3602275.9110004925,0.099945068359375,3602275.9110004897,0,Rp || Cp,Rp,Cp,55.82390118286976,-3.1661117330405653e-10,-3.1661117330405653e-10,55.82390118286976,0.00045340349264459337,0.00045340349264459337,1.0,48.1227299181529,19.2510099689707,51.83047867424048,0.3805407356582685,0.0010000000474974513,0,0.0010000000474974513,-0.6007080078125,0.587066650390625,-6.820679034902355e-06,0.0006007080363445993,off
1781063860.1846244,2026-06-10T11:57:40.184,87720318978416,,1,cf_0V,frequency,frequency,3229331.511619592,104,104,0.0,0.1,3229331.511619592,0.099945068359375,3229331.5116196196,0,Rp || Cp,Rp,Cp,52.548682222746145,6.435617393833553e-11,6.435617393833553e-11,52.548682222746145,0.00043704934116137314,0.00043704934116137314,1.0,52.30241261826179,-3.588940577534963,52.425402813521494,-0.06851162942399511,0.0010000000474974513,0,0.0010000000474974513,-0.6007080078125,0.587066650390625,-6.820679034902355e-06,0.0006007080363445993,off
1781063860.6266625,2026-06-10T11:57:40.626,87720346216816,,1,cf_0V,frequency,frequency,2894998.1260715965,105,105,0.0,0.1,2894998.1260715965,0.099945068359375,2894998.126071542,0,Rp || Cp,Rp,Cp,68.94534687318674,3.6581936615295603e-10,3.6581936615295603e-10,68.94534687318674,0.0004146842082077517,0.0004146842082077517,1.0,56.95728677865978,-26.130583168459506,62.66530055708878,-0.4301272678101083,0.0010000000474974513,0,0.0010000000474974513,-0.6007080078125,0.587066650390625,-6.820679034902355e-06,0.0006007080363445993,off
1781063861.0292282,2026-06-10T11:57:41.029,87720369154416,,1,cf_0V,frequency,frequency,2595278.3477948857,106,106,0.0,0.1,2595278.3477948857,0.099945068359375,2595278.3477949738,0,Rp || Cp,Rp,Cp,100.40373591625864,4.780625161250876e-10,4.780625161250876e-10,100.40373591625864,0.00038903883880717067,0.00038903883880717067,1.0,62.260945227652805,-48.73198335685829,79.06472982647759,-0.6641061855461964,0.0010000000474974513,0,0.0010000000474974513,-0.59796142578125,0.57781982421875,-1.007080125958737e-05,0.0005979614541828937,off
1781063861.427459,2026-06-10T11:57:41.427,87720393238896,,1,cf_0V,frequency,frequency,2326588.622588413,107,107,0.0,0.1,2326588.622588413,0.099945068359375,2326588.6225883747,0,Rp || Cp,Rp,Cp,143.16087151060708,4.996356900230599e-10,4.996356900230599e-10,143.16087151060708,0.00036121985704014737,0.00036121985704014737,1.0,68.38879331827208,-71.50924556638307,98.94745703151047,-0.8076996547555643,0.0010000000474974513,0,0.0010000000474974513,-0.586822509765625,0.557708740234375,-1.4556885457039925e-05,0.0005868225376381986,off
1781063861.9402897,2026-06-10T11:57:41.940,87720417323376,,1,cf_0V,frequency,frequency,2085716.402387856,108,108,0.0,0.1,2085716.402387856,0.099945068359375,2085716.4023878027,0,Rp || Cp,Rp,Cp,194.05103568716146,4.922068407164338e-10,4.922068407164338e-10,194.05103568716146,0.00033334957204098444,0.00033334957204098444,1.0,75.60208230283958,-94.63079584599673,121.12250976169557,-0.8967165458855172,0.0010000000474974513,0,0.0010000000474974513,-0.542327880859375,0.528717041015625,-6.805420245115101e-06,0.0005423279066185671,off
1781063862.3824496,2026-06-10T11:57:42.382,87720447428976,,1,cf_0V,frequency,frequency,1869781.7349205392,109,109,0.0,0.1,1869781.7349205392,0.099945068359375,1869781.734920437,0,Rp || Cp,Rp,Cp,249.19859792099945,4.76995283119793e-10,4.76995283119793e-10,249.19859792099945,0.00030635666678512427,0.00030635666678512427,1.0,84.47071834178976,-117.96051169342935,145.08612813137464,-0.9493510259653669,0.0010000000474974513,0,0.0010000000474974513,-0.507293701171875,0.4947509765625,-6.271362602561226e-06,0.0005072937252670329,off
1781063862.7848115,2026-06-10T11:57:42.784,87720473233776,,1,cf_0V,frequency,frequency,1676202.829991615,110,110,0.0,0.1,1676202.829991615,0.099945068359375,1676202.8299915243,0,Rp || Cp,Rp,Cp,307.78954808811557,4.629374634752843e-10,4.629374634752843e-10,307.78954808811557,0.0002803325553092422,0.0002803325553092422,1.0,94.6467031980493,-142.03262857209242,170.67883877434133,-0.9829970858069165,0.0010000000474974513,0,0.0010000000474974513,-0.4730224609375,0.462432861328125,-5.294800056176996e-06,0.0004730224834048613,off
1781063863.1882067,2026-06-10T11:57:43.188,87720497318256,,1,cf_0V,frequency,frequency,1502665.19070008,111,111,0.0,0.1,1502665.19070008,0.099945068359375,1502665.1907001564,0,Rp || Cp,Rp,Cp,363.4388209350626,4.4952230585872835e-10,4.4952230585872835e-10,363.4388209350626,0.0002563616769666725,0.0002563616769666725,1.0,107.5485329736183,-165.8934147953139,197.7051137862335,-0.9956178261147589,0.0010000000474974513,0,0.0010000000474974513,-0.43817138671875,0.4271240234375,-5.5236819029858e-06,0.0004381714075307741,off
1781063863.5878193,2026-06-10T11:57:43.587,87720523983216,,1,cf_0V,frequency,frequency,1347093.9405065936,112,112,0.0,0.1,1347093.9405065936,0.099945068359375,1347093.940506525,0,Rp || Cp,Rp,Cp,419.09437277132326,4.3928857425042216e-10,4.3928857425042216e-10,419.09437277132326,0.000234409104308547,0.000234409104308547,1.0,122.2501947082805,-190.49739779384512,226.35010199343617,-1.000248250634054,0.0010000000474974513,0,0.0010000000474974513,-0.4375,0.424774169921875,-6.362915341284747e-06,0.00043750002078013495,off
1781063864.0008347,2026-06-10T11:57:44.000,87720546634096,,1,cf_0V,frequency,frequency,1207629.01528593,113,113,0.0,0.1,1207629.01528593,0.099945068359375,1207629.0152859315,0,Rp || Cp,Rp,Cp,471.2750703318284,4.3100270359160963e-10,4.3100270359160963e-10,471.2750703318284,0.00021435887726365375,0.00021435887726365375,1.0,139.62073979311873,-215.18787834217375,256.51466618067656,-0.9952427704382362,0.0010000000474974513,0,0.0010000000474974513,-0.403045654296875,0.393310546875,-4.867553942133895e-06,0.00040304567344051634,off
1781063864.3906367,2026-06-10T11:57:44.390,87720571005296,,1,cf_0V,frequency,frequency,1082602.9237515721,114,114,0.0,0.1,1082602.9237515721,0.099945068359375,1082602.9237515656,0,Rp || Cp,Rp,Cp,516.3732867707339,4.2394674263358603e-10,4.2394674263358603e-10,516.3732867707339,0.000196294298363194,0.000196294298363194,1.0,160.49289024802874,-238.99011155389562,287.8788655679838,-0.9794232200657392,0.0010000000474974513,0,0.0010000000474974513,-0.372039794921875,0.36029052734375,-5.874634068092632e-06,0.00037203981259281704,off
1781063864.794205,2026-06-10T11:57:44.794,87720593942896,,1,cf_0V,frequency,frequency,970520.8103483266,115,115,0.0,0.1,970520.8103483266,0.099945068359375,970520.8103482476,0,Rp || Cp,Rp,Cp,561.7377786282206,4.1905737981007836e-10,4.1905737981007836e-10,561.7377786282206,0.00018004878700991284,0.00018004878700991284,1.0,183.5412957034254,-263.4666440111448,321.0951256792721,-0.9623292312620139,0.0010000000474974513,0,0.0010000000474974513,-0.343414306640625,0.32891845703125,-7.2479251489454555e-06,0.0003434143229519293,off
1781063865.1995733,2026-06-10T11:57:45.199,87720618027376,,1,cf_0V,frequency,frequency,870042.5822379502,116,116,0.0,0.1,870042.5822379502,0.099945068359375,870042.5822379998,0,Rp || Cp,Rp,Cp,600.4945742545369,4.149611081449869e-10,4.149611081449869e-10,600.4945742545369,0.00016578903004358853,0.00016578903004358853,1.0,210.2900050867006,-286.4543957336981,355.35616932103864,-0.9375404237285325,0.0010000000474974513,0,0.0010000000474974513,-0.3177490234375,0.301177978515625,-8.2855228544787e-06,0.00031774903852976877,off
1781063865.697532,2026-06-10T11:57:45.697,87720647559536,,1,cf_0V,frequency,frequency,779966.8866817983,117,117,0.0,0.1,779966.8866817983,0.099945068359375,779966.88668172,0,Rp || Cp,Rp,Cp,638.3720329244211,4.121207067598715e-10,4.121207067598715e-10,638.3720329244211,0.0001528254704164469,0.0001528254704164469,1.0,239.78241804750365,-309.1517130209867,391.2421113179386,-0.9111027293033388,0.0010000000474974513,0,0.0010000000474974513,-0.289398193359375,0.255950927734375,-1.6723633606829935e-05,0.0002893982071050516,off
1781063866.110294,2026-06-10T11:57:46.110,87720673364336,,1,cf_0V,frequency,frequency,699216.7472484909,118,118,0.0,0.1,699216.7472484909,0.099945068359375,699216.7472483857,0,Rp || Cp,Rp,Cp,666.6665542154325,4.094836708298426e-10,4.094836708298426e-10,666.6665542154325,0.00014154503365043175,0.00014154503365043175,1.0,273.4054260689824,-327.902007156481,426.93120441262045,-0.8757813861997712,0.0010000000474974513,0,0.0010000000474974513,-0.246337890625,0.234375,-5.9814455966034075e-06,0.00024633790232542196,off
1781063866.5103588,2026-06-10T11:57:46.510,87720699169136,,1,cf_0V,frequency,frequency,626826.6871080867,119,119,0.0,0.1,626826.6871080867,0.099945068359375,626826.687107993,0,Rp || Cp,Rp,Cp,693.495906119816,4.0762220033414913e-10,4.0762220033414913e-10,693.495906119816,0.00013170810788862254,0.00013170810788862254,1.0,309.6609213507754,-344.75889405531217,463.40973365052776,-0.8389790265601897,0.0010000000474974513,0,0.0010000000474974513,-0.229949951171875,0.219451904296875,-5.249023686815235e-06,0.0002299499620939116,off
1781063866.9145823,2026-06-10T11:57:46.914,87720721533296,,1,cf_0V,frequency,frequency,561931.1854543786,120,120,0.0,0.1,561931.1854543786,0.099945068359375,561931.1854543696,0,Rp || Cp,Rp,Cp,708.635851474751,4.0563219131519656e-10,4.0563219131519656e-10,708.635851474751,0.0001234953167685419,0.0001234953167685419,1.0,349.0817614628356,-354.27923320811,497.36490755633577,-0.7927875085361853,0.0010000000474974513,0,0.0010000000474974513,-0.212799072265625,0.2030029296875,-4.8980715217084025e-06,0.00021279908237303857,off
1781063867.304895,2026-06-10T11:57:47.304,87720745617776,,1,cf_0V,frequency,frequency,503754.32903627184,121,121,0.0,0.1,503754.32903627184,0.099945068359375,503754.3290362123,0,Rp || Cp,Rp,Cp,726.3091160935721,4.0446347299752895e-10,4.0446347299752895e-10,726.3091160935721,0.0001161569681657148,0.0001161569681657148,1.0,389.5322120999487,-362.195323543538,531.9029955361106,-0.7490487597728391,0.0010000000474974513,0,0.0010000000474974513,-0.2099609375,0.198944091796875,-5.508423113198546e-06,0.0002099609474726094,off
1781063867.6976194,2026-06-10T11:57:47.697,87720769702256,,1,cf_0V,frequency,frequency,451600.5350683417,122,122,0.0,0.1,451600.5350683417,0.099945068359375,451600.5350683372,0,Rp || Cp,Rp,Cp,745.9190139047536,4.0386722540448565e-10,4.0386722540448565e-10,745.9190139047536,0.00010969842969952915,0.00010969842969952915,1.0,430.99681712277237,-368.41615661415454,566.9997538132673,-0.7072742230808305,0.0010000000474974513,0,0.0010000000474974513,-0.19671630859375,0.185638427734375,-5.538940692773053e-06,0.0001967163179372733,off
1781063868.1369958,2026-06-10T11:57:48.136,87720795507056,,1,cf_0V,frequency,frequency,404846.2346004526,123,123,0.0,0.1,404846.2346004526,0.099945068359375,404846.23460045556,0,Rp || Cp,Rp,Cp,752.1916594482864,4.0281287995932457e-10,4.0281287995932457e-10,752.1916594482864,0.00010436481174610865,0.00010436481174610865,1.0,471.8823978395762,-363.6935612635439,595.7734501430785,-0.6566363623628854,0.0010000000474974513,0,0.0010000000474974513,-0.184906005859375,0.171905517578125,-6.5002444493700295e-06,0.000184906014641939,off
1781063868.614778,2026-06-10T11:57:48.614,87720821025136,,1,cf_0V,frequency,frequency,362932.4169099164,124,124,0.0,0.1,362932.4169099164,0.099945068359375,362932.41690984246,0,Rp || Cp,Rp,Cp,764.2772196410182,4.0242712389485386e-10,4.0242712389485386e-10,764.2772196410182,9.975317638276421e-05,9.975317638276421e-05,1.0,512.2802995342146,-359.2952236170318,625.7189169306595,-0.6116411590549063,0.0010000000474974513,0,0.0010000000474974513,-0.174285888671875,0.161285400390625,-6.5002444493700295e-06,0.0001742858969500105,off
1781063869.022391,2026-06-10T11:57:49.022,87720847976816,,1,cf_0V,frequency,frequency,325357.9457743241,125,125,0.0,0.1,325357.9457743241,0.099945068359375,325357.9457742717,0,Rp || Cp,Rp,Cp,771.0533514366542,4.0202580975431004e-10,4.0202580975431004e-10,771.0533514366542,9.625890951642651e-05,9.625890951642651e-05,1.0,550.1361676279595,-348.6180329008768,651.2943541871488,-0.5648268238968546,0.0010000000474974513,0,0.0010000000474974513,-0.167694091796875,0.15167236328125,-8.010864638308135e-06,0.00016769409976191696,off
1781063869.4864767,2026-06-10T11:57:49.486,87720872348016,,1,cf_0V,frequency,frequency,291673.56771209295,126,126,0.0,0.1,291673.56771209295,0.099945068359375,291673.56771218067,0,Rp || Cp,Rp,Cp,775.0590674759093,4.01652691008622e-10,4.01652691008622e-10,775.0590674759093,9.278570713475987e-05,9.278570713475987e-05,1.0,584.7382305861547,-333.59836541354815,673.2062594150609,-0.5184525497165902,0.0010000000474974513,0,0.0010000000474974513,-0.15631103515625,0.139739990234375,-8.2855228544787e-06,0.00015631104258062578,off
1781063869.8753564,2026-06-10T11:57:49.875,87720900446576,,1,cf_0V,frequency,frequency,261476.54055115595,127,127,0.0,0.1,261476.54055115595,0.099945068359375,261476.54055115767,0,Rp || Cp,Rp,Cp,781.6281992698874,4.0157770792718905e-10,4.0157770792718905e-10,781.6281992698874,9.045665519086847e-05,9.045665519086847e-05,1.0,617.4347286568544,-318.40029989807675,694.6973406648025,-0.4761147723458485,0.0010000000474974513,0,0.0010000000474974513,-0.146087646484375,0.136932373046875,-4.577636936176077e-06,0.00014608765342316588,off
1781063870.2711508,2026-06-10T11:57:50.271,87720924531056,,1,cf_0V,frequency,frequency,234405.81810309048,128,128,0.0,0.1,234405.81810309048,0.099945068359375,234405.81810305617,0,Rp || Cp,Rp,Cp,788.1505799078817,4.016918764894416e-10,4.016918764894416e-10,788.1505799078817,8.842511497696199e-05,8.842511497696199e-05,1.0,647.3937413159011,-301.86933655451116,714.3134834558709,-0.43631287163268917,0.0010000000474974513,0,0.0010000000474974513,-0.142913818359375,0.13018798828125,-6.362915341284747e-06,0.00014291382514741713,off
1781063870.776181,2026-06-10T11:57:50.776,87720949188976,,1,cf_0V,frequency,frequency,210137.7333689687,129,129,0.0,0.1,210137.7333689687,0.099945068359375,210137.7333689669,0,Rp || Cp,Rp,Cp,785.1607016661347,4.0134932579719217e-10,4.0134932579719217e-10,785.1607016661347,8.697285385372616e-05,8.697285385372616e-05,1.0,669.2966618191783,-278.4733651436923,724.9175378046442,-0.394281467293264,0.0010000000474974513,0,0.0010000000474974513,-0.136474609375,0.125274658203125,-5.599975851922068e-06,0.0001364746158571961,off
1781063871.2712367,2026-06-10T11:57:51.271,87720980728176,,1,cf_0V,frequency,frequency,188382.12866383453,130,130,0.0,0.1,188382.12866383453,0.099945068359375,188382.12866391757,0,Rp || Cp,Rp,Cp,783.1595487207537,4.0113823893026805e-10,4.0113823893026805e-10,783.1595487207537,8.561399771108063e-05,8.561399771108063e-05,1.0,688.0262094572902,-255.84024469667642,734.053333012406,-0.3560032320430727,0.0010000000474974513,0,0.0010000000474974513,-0.13385009765625,0.12347412109375,-5.187988527666221e-06,0.0001338501040137885,off
1781063871.683257,2026-06-10T11:57:51.683,87721007679856,,1,cf_0V,frequency,frequency,168878.88639022523,131,131,0.0,0.1,168878.88639022523,0.099945068359375,168878.88639026016,0,Rp || Cp,Rp,Cp,779.9061111920645,4.0090099987459315e-10,4.0090099987459315e-10,779.9061111920645,8.439039827959619e-05,8.439039827959619e-05,1.0,702.5737461443504,-233.09159017385196,740.2307465791198,-0.32034122623578737,0.0010000000474974513,0,0.0010000000474974513,-0.132568359375,0.1209716796875,-5.798340119156364e-06,0.0001325683656716592,off
1781063872.0794358,2026-06-10T11:57:52.079,87721033484656,,1,cf_0V,frequency,frequency,151394.81898145608,132,132,0.0,0.1,151394.81898145608,0.099945068359375,151394.81898145846,0,Rp || Cp,Rp,Cp,798.1383111775069,4.0200588897868096e-10,4.0200588897868096e-10,798.1383111775069,8.282733694376565e-05,8.282733694376565e-05,1.0,730.124110478055,-222.8425627782163,763.374105198057,-0.2962314633751077,0.0010000000474974513,0,0.0010000000474974513,-0.13201904296875,0.1209716796875,-5.5236819029858e-06,0.00013201904923931806,off
1781063872.537015,2026-06-10T11:57:52.537,87721060149616,,1,cf_0V,frequency,frequency,135720.88082974532,133,133,0.0,0.1,135720.88082974532,0.099945068359375,135720.88082980827,0,Rp || Cp,Rp,Cp,800.2364883524987,4.0232544708499623e-10,4.0232544708499623e-10,800.2364883524987,8.136854624089605e-05,8.136854624089605e-05,1.0,744.1443532326948,-204.30527553190413,771.6809341031259,-0.267948355400922,0.0010000000474974513,0,0.0010000000474974513,-0.13201904296875,0.1209716796875,-5.5236819029858e-06,0.00013201904923931806,off
1781063872.9369116,2026-06-10T11:57:52.936,87721084234096,,1,cf_0V,frequency,frequency,121669.66886401946,134,134,0.0,0.1,121669.66886401946,0.099945068359375,121669.66886411501,0,Rp || Cp,Rp,Cp,834.199768632135,4.0415012904784036e-10,4.0415012904784036e-10,834.199768632135,7.852246907708763e-05,7.852246907708763e-05,1.0,782.2374449387067,-201.6107023920739,807.8009009547227,-0.25224619020125905,0.0010000000474974513,0,0.0010000000474974513,-0.12774658203125,0.11676025390625,-5.4931643234112926e-06,0.00012774658809888706,off
1781063873.307407,2026-06-10T11:57:53.307,87721107171696,,1,cf_0V,frequency,frequency,109073.18189343589,135,135,0.0,0.1,109073.18189343589,0.099945068359375,109073.18189339321,0,Rp || Cp,Rp,Cp,836.9764547101555,4.0451085160263503e-10,4.0451085160263503e-10,836.9764547101555,7.833435768294782e-05,7.833435768294782e-05,1.0,794.2179755946524,-184.28117842748074,815.3169601328608,-0.22799408361029222,0.0010000000474974513,0,0.0010000000474974513,-0.125030517578125,0.11517333984375,-4.92858910128291e-06,0.00012503052351675592,off
1781063873.7121444,2026-06-10T11:57:53.712,87721129822576,,1,cf_0V,frequency,frequency,97780.81192655204,136,136,0.0,0.1,97780.81192655204,0.099945068359375,97780.81192649779,0,Rp || Cp,Rp,Cp,829.956987152478,4.0447916619564195e-10,4.0447916619564195e-10,829.956987152478,7.767423494679808e-05,7.767423494679808e-05,1.0,796.0932831340256,-164.1909477137172,812.8488068283303,-0.20339392233910325,0.0010000000474974513,0,0.0010000000474974513,-0.124267578125,0.1143798828125,-4.943847891070163e-06,0.00012426758402739324,off
1781063874.082913,2026-06-10T11:57:54.082,87721153620336,,1,cf_0V,frequency,frequency,87657.5434496528,137,137,0.0,0.1,87657.5434496528,0.099945068359375,87657.54344956634,0,Rp || Cp,Rp,Cp,841.2841258015387,4.0526753830768586e-10,4.0526753830768586e-10,841.2841258015387,7.707941848033689e-05,7.707941848033689e-05,1.0,812.6291688471226,-152.59703094496055,826.8325222887538,-0.18562024027865395,0.0010000000474974513,0,0.0010000000474974513,-0.121246337890625,0.1099853515625,-5.630493431496575e-06,0.00012124634364951703,off
1781063874.538667,2026-06-10T11:57:54.538,87721176271216,,1,cf_0V,frequency,frequency,78582.33913417984,138,138,0.0,0.1,78582.33913417984,0.099945068359375,78582.33913417223,0,Rp || Cp,Rp,Cp,844.01150345089,4.058038831283779e-10,4.058038831283779e-10,844.01150345089,7.626652590658963e-05,7.626652590658963e-05,1.0,820.5453787791597,-138.76245946668715,832.1957334624341,-0.16752506477925805,0.0010000000474974513,0,0.0010000000474974513,-0.120086669921875,0.108489990234375,-5.798340119156364e-06,0.00012008667562568576,off
1781063874.9848554,2026-06-10T11:57:54.984,87721207810416,,1,cf_0V,frequency,frequency,70446.69267221761,139,139,0.0,0.1,70446.69267221761,0.099945068359375,70446.69267216364,0,Rp || Cp,Rp,Cp,840.5619252591879,4.0596576554344913e-10,4.0596576554344913e-10,840.5619252591879,7.624562360773246e-05,7.624562360773246e-05,1.0,821.8131758089107,-124.12884164519465,831.1346853917873,-0.14990950001241124,0.0010000000474974513,0,0.0010000000474974513,-0.119171142578125,0.1077880859375,-5.691528590645589e-06,0.00011917114823845054,off
1781063875.4429288,2026-06-10T11:57:55.442,87721230748016,,1,cf_0V,frequency,frequency,63153.33143723267,140,140,0.0,0.1,63153.33143723267,0.099945068359375,63153.33143732005,0,Rp || Cp,Rp,Cp,842.5371639875046,4.065307187762821e-10,4.065307187762821e-10,842.5371639875046,7.577628818919656e-05,7.577628818919656e-05,1.0,827.2559783955502,-112.43421248853163,834.8616088484938,-0.13508453067216383,0.0010000000474974513,0,0.0010000000474974513,-0.119842529296875,0.107177734375,-6.33239776171024e-06,0.0001198425349890897,off
1781063875.8439445,2026-06-10T11:57:55.843,87721258846576,,1,cf_0V,frequency,frequency,56615.05345862548,141,141,0.0,0.1,56615.05345862548,0.099945068359375,56615.05345855744,0,Rp || Cp,Rp,Cp,850.2079126151266,4.07379119067151e-10,4.07379119067151e-10,850.2079126151266,7.569997026361386e-05,7.569997026361386e-05,1.0,837.4947532955832,-103.1852907537137,843.8273911325458,-0.12258927916755921,0.0010000000474974513,0,0.0010000000474974513,-0.119842529296875,0.106201171875,-6.820679034902355e-06,0.0001198425349890897,off
1781063876.2909045,2026-06-10T11:57:56.290,87721284938096,,1,cf_0V,frequency,frequency,50753.68480455689,142,142,0.0,0.1,50753.68480455689,0.099945068359375,50753.68480454756,0,Rp || Cp,Rp,Cp,841.1031127757035,4.074769706943513e-10,4.074769706943513e-10,841.1031127757035,7.549551179253516e-05,7.549551179253516e-05,1.0,831.174428859316,-90.84309651001578,836.1240334861438,-0.1088627680428222,0.0010000000474974513,0,0.0010000000474974513,-0.119842529296875,0.106201171875,-6.820679034902355e-06,0.0001198425349890897,off
1781063876.7442708,2026-06-10T11:57:56.744,87721309022576,,1,cf_0V,frequency,frequency,45499.144907154674,143,143,0.0,0.1,45499.144907154674,0.099945068359375,45499.14490716844,0,Rp || Cp,Rp,Cp,846.4788908764477,4.0835089581384315e-10,4.0835089581384315e-10,846.4788908764477,7.568397503202018e-05,7.568397503202018e-05,1.0,838.2930861447928,-82.83781449964472,842.3760453557773,-0.09849747276790795,0.0010000000474974513,0,0.0010000000474974513,-0.118011474609375,0.1068115234375,-5.599975851922068e-06,0.00011801148021461927,off
1781063877.145239,2026-06-10T11:57:57.145,87721337407856,,1,cf_0V,frequency,frequency,40788.608654802425,144,144,0.0,0.1,40788.608654802425,0.099945068359375,40788.608654906966,0,Rp || Cp,Rp,Cp,844.2115757956578,4.089629891775806e-10,4.089629891775806e-10,844.2115757956578,7.577101558525466e-05,7.577101558525466e-05,1.0,837.6535582282398,-74.11711509679073,840.9261741453303,-0.08825199405814489,0.0010000000474974513,0,0.0010000000474974513,-0.11639404296875,0.1068115234375,-4.791259993197627e-06,0.00011639404849717039,off
1781063877.5226011,2026-06-10T11:57:57.522,87721359198576,,1,cf_0V,frequency,frequency,36565.755233193486,145,145,0.0,0.1,36565.755233193486,0.099945068359375,36565.755233297634,0,Rp || Cp,Rp,Cp,844.9248706347852,4.099097505829717e-10,4.099097505829717e-10,844.9248706347852,7.560646844371327e-05,7.560646844371327e-05,1.0,839.6087056418193,-66.80941856297281,842.2625938495984,-0.07940478138549054,0.0010000000474974513,0,0.0010000000474974513,-0.116180419921875,0.1068115234375,-4.684448464686852e-06,0.00011618042544014884,off
1781063877.936159,2026-06-10T11:57:57.936,87721384429936,,1,cf_0V,frequency,frequency,32780.09473403288,146,146,0.0,0.1,32780.09473403288,0.099945068359375,32780.09473397958,0,Rp || Cp,Rp,Cp,845.1006340630913,4.1072114998052166e-10,4.1072114998052166e-10,845.1006340630913,7.486473579691814e-05,7.486473579691814e-05,1.0,840.803433621495,-60.10907490765538,842.9492955545724,-0.07136862556979481,0.0010000000474974513,0,0.0010000000474974513,-0.117767333984375,0.105133056640625,-6.3171389719229865e-06,0.00011776733957802321,off
1781063878.352577,2026-06-10T11:57:58.352,87721406794096,,1,cf_0V,frequency,frequency,29386.364480084198,147,147,0.0,0.1,29386.364480084198,0.099945068359375,29386.3644801462,0,Rp || Cp,Rp,Cp,850.0035462949475,4.121433090244203e-10,4.121433090244203e-10,850.0035462949475,7.509496174919082e-05,7.509496174919082e-05,1.0,846.4619676470884,-54.75227512025164,848.2309085996715,-0.06459369416942769,0.0010000000474974513,0,0.0010000000474974513,-0.117767333984375,0.106231689453125,-5.767822539581857e-06,0.00011776733957802321,off
1781063878.8155448,2026-06-10T11:57:58.815,87721436612976,,1,cf_0V,frequency,frequency,26343.98784881462,148,148,0.0,0.1,26343.98784881462,0.099945068359375,26343.987848775898,0,Rp || Cp,Rp,Cp,847.875831013834,4.1311046932115475e-10,4.1311046932115475e-10,847.875831013834,7.524431309573657e-05,7.524431309573657e-05,1.0,845.0353325838142,-48.9930764038713,846.4543902955156,-0.05791271668958056,0.0010000000474974513,0,0.0010000000474974513,-0.117767333984375,0.106231689453125,-5.767822539581857e-06,0.00011776733957802321,off
1781063879.2148933,2026-06-10T11:57:59.214,87721460984176,,1,cf_0V,frequency,frequency,23616.58912414415,149,149,0.0,0.1,23616.58912414415,0.099945068359375,23616.589124202394,0,Rp || Cp,Rp,Cp,841.5249770868911,4.1426907460945016e-10,4.1426907460945016e-10,841.5249770868911,7.522945512064985e-05,7.522945512064985e-05,1.0,839.2790300718386,-43.416312975492936,840.4012533014883,-0.05168441663337361,0.0010000000474974513,0,0.0010000000474974513,-0.117767333984375,0.106231689453125,-5.767822539581857e-06,0.00011776733957802321,off
1781063879.607101,2026-06-10T11:57:59.607,87721483635056,,1,cf_0V,frequency,frequency,21171.558575697567,150,150,0.0,0.1,21171.558575697567,0.099945068359375,21171.5585756167,0,Rp || Cp,Rp,Cp,846.301720786164,4.1611567159389417e-10,4.1611567159389417e-10,846.301720786164,7.496596357472978e-05,7.496596357472978e-05,1.0,844.4485425951419,-39.55898915009974,845.3746238879169,-0.04681172059548452,0.0010000000474974513,0,0.0010000000474974513,-0.117401123046875,0.109527587890625,-3.936767765111426e-06,0.00011740112862312913,off
1781063880.0082836,2026-06-10T11:58:00.008,87721507719536,,1,cf_0V,frequency,frequency,18979.66256549492,151,151,0.0,0.1,18979.66256549492,0.099945068359375,18979.662565428156,0,Rp || Cp,Rp,Cp,847.8258594380088,4.177892274325787e-10,4.177892274325787e-10,847.8258594380088,7.537672118580021e-05,7.537672118580021e-05,1.0,846.3157898987711,-35.74906565075703,847.0704881690087,-0.04221571501251198,0.0010000000474974513,0,0.0010000000474974513,-0.116668701171875,0.109527587890625,-3.57055681021734e-06,0.00011666870671334095,off
1781063880.4236438,2026-06-10T11:58:00.423,87721531804016,,1,cf_0V,frequency,frequency,17014.69402038014,152,152,0.0,0.1,17014.69402038014,0.099945068359375,17014.694020431874,0,Rp || Cp,Rp,Cp,844.7117621526286,4.1960634175205885e-10,4.1960634175205885e-10,844.7117621526286,7.528381631682065e-05,7.528381631682065e-05,1.0,843.5006214482843,-31.962445725817084,844.105974579269,-0.037874496254849774,0.0010000000474974513,0,0.0010000000474974513,-0.116180419921875,0.109527587890625,-3.3264161736212827e-06,0.00011618042544014884,off
1781063880.8097546,2026-06-10T11:58:00.809,87721555888496,,1,cf_0V,frequency,frequency,15253.159091114281,153,153,0.0,0.1,15253.159091114281,0.099945068359375,15253.159091201951,0,Rp || Cp,Rp,Cp,839.2818487658645,4.219496140687207e-10,4.219496140687207e-10,839.2818487658645,7.543546224757942e-05,7.543546224757942e-05,1.0,838.316189217253,-28.45220611610226,838.7988800282285,-0.03392668457571072,0.0010000000474974513,0,0.0010000000474974513,-0.115875244140625,0.10546875,-5.203247317453474e-06,0.00011587524964440377,off
1781063881.320009,2026-06-10T11:58:01.320,87721578826096,,1,cf_0V,frequency,frequency,13673.996251720062,154,154,0.0,0.1,13673.996251720062,0.099945068359375,13673.996251668541,0,Rp || Cp,Rp,Cp,840.3048135325215,4.241396816951477e-10,4.241396816951477e-10,840.3048135325215,7.529921814080682e-05,7.529921814080682e-05,1.0,839.5176372702755,-25.706970957232638,839.9111331823515,-0.03061155548589811,0.0010000000474974513,0,0.0010000000474974513,-0.115875244140625,0.1072998046875,-4.287719930218259e-06,0.00011587524964440377,off
1781063881.7126327,2026-06-10T11:58:01.712,87721611512176,,1,cf_0V,frequency,frequency,12258.324480531926,155,155,0.0,0.1,12258.324480531926,0.099945068359375,12258.324480498573,0,Rp || Cp,Rp,Cp,844.5058628385634,4.27720373631012e-10,4.27720373631012e-10,844.5058628385634,7.495025709234496e-05,7.495025709234496e-05,1.0,843.8527114929319,-23.476872322061055,844.179223996895,-0.027813879950933148,0.0010000000474974513,0,0.0010000000474974513,-0.115631103515625,0.1072998046875,-4.16564961192023e-06,0.00011563110900780771,off
1781063882.1175473,2026-06-10T11:58:02.117,87721634449776,,1,cf_0V,frequency,frequency,10989.217512115829,156,156,0.0,0.1,10989.217512115829,0.099945068359375,10989.217512076266,0,Rp || Cp,Rp,Cp,838.9656471175083,4.312568978182039e-10,4.312568978182039e-10,838.9656471175083,7.502698311652392e-05,7.502698311652392e-05,1.0,838.4423757623163,-20.945951356182892,838.7039706309805,-0.024976785693174235,0.0010000000474974513,0,0.0010000000474974513,-0.115631103515625,0.1072998046875,-4.16564961192023e-06,0.00011563110900780771,off
1781063882.5166414,2026-06-10T11:58:02.516,87721659681136,,1,cf_0V,frequency,frequency,9851.501460936432,157,157,0.0,0.1,9851.501460936432,0.099945068359375,9851.501461000113,0,Rp || Cp,Rp,Cp,840.5434186258037,4.343744203184009e-10,4.343744203184009e-10,840.5434186258037,7.514335578788142e-05,7.514335578788142e-05,1.0,840.114325291757,-18.986507230654805,840.3288445705311,-0.022596062415934096,0.0010000000474974513,0,0.0010000000474974513,-0.115631103515625,0.1072998046875,-4.16564961192023e-06,0.00011563110900780771,off
1781063882.9262142,2026-06-10T11:58:02.926,87721681471856,,1,cf_0V,frequency,frequency,8831.573397089549,158,158,0.0,0.1,8831.573397089549,0.099945068359375,8831.57339707452,0,Rp || Cp,Rp,Cp,842.5641020452923,4.383467127101076e-10,4.383467127101076e-10,842.5641020452923,7.516164615469268e-05,7.516164615469268e-05,1.0,842.2103508726346,-17.260732871048262,842.3872078897282,-0.020491694032835957,0.0010000000474974513,0,0.0010000000474974513,-0.11590576171875,0.1072998046875,-4.3029787200055125e-06,0.00011590576722397827,off
1781063883.3013334,2026-06-10T11:58:03.301,87721708423536,,1,cf_0V,frequency,frequency,7917.238704927916,159,159,0.0,0.1,7917.238704927916,0.099945068359375,7917.238704848728,0,Rp || Cp,Rp,Cp,843.5196524122346,4.4292129068750865e-10,4.4292129068750865e-10,843.5196524122346,7.465571254873288e-05,7.465571254873288e-05,1.0,843.2283822785253,-15.671861524840478,843.3740047711409,-0.018583408429292427,0.0010000000474974513,0,0.0010000000474974513,-0.11590576171875,0.1072998046875,-4.3029787200055125e-06,0.00011590576722397827,off
1781063883.7232096,2026-06-10T11:58:03.723,87721730787696,,1,cf_0V,frequency,frequency,7097.565279983502,160,160,0.0,0.1,7097.565279983502,0.099945068359375,7097.565280034246,0,Rp || Cp,Rp,Cp,850.3127632409283,4.4693316725133635e-10,4.4693316725133635e-10,850.3127632409283,7.485542309192292e-05,7.485542309192292e-05,1.0,850.0686029295599,-14.406700343097308,850.1906743204077,-0.016946069074000845,0.0010000000474974513,0,0.0010000000474974513,-0.11590576171875,0.106109619140625,-4.8980715217084025e-06,0.00011590576722397827,off
1781063884.135638,2026-06-10T11:58:04.135,87721754872176,,1,cf_0V,frequency,frequency,6362.752820913701,161,161,0.0,0.1,6362.752820913701,0.099945068359375,6362.7528208343165,0,Rp || Cp,Rp,Cp,845.1688591455209,4.521433944043482e-10,4.521433944043482e-10,845.1688591455209,7.513525172838155e-05,7.513525172838155e-05,1.0,844.9716480560144,-12.908825636566922,845.0702478479598,-0.01527604095024466,0.0010000000474974513,0,0.0010000000474974513,-0.1165771484375,0.105438232421875,-5.5694582723475605e-06,0.00011657715397461743,off
1781063884.5081804,2026-06-10T11:58:04.508,87721780103536,,1,cf_0V,frequency,frequency,5704.01565368052,162,162,0.0,0.1,5704.01565368052,0.099945068359375,5704.015653620331,0,Rp || Cp,Rp,Cp,852.3230321970784,4.561004223432566e-10,4.561004223432566e-10,852.3230321970784,7.49737791842181e-05,7.49737791842181e-05,1.0,852.1576188753123,-11.872582802676506,852.240321523013,-0.013931477497609104,0.0010000000474974513,0,0.0010000000474974513,-0.1165771484375,0.106414794921875,-5.081176999155446e-06,0.00011657715397461743,off
1781063884.9617155,2026-06-10T11:58:04.961,87721801034096,,1,cf_0V,frequency,frequency,5113.477686967608,163,163,0.0,0.1,5113.477686967608,0.099945068359375,5113.477686933265,0,Rp || Cp,Rp,Cp,844.4511476060218,4.5992413554316387e-10,4.5992413554316387e-10,844.4511476060218,7.518977800152247e-05,7.518977800152247e-05,1.0,844.3196793684291,-10.535711661363873,844.3854109285749,-0.012477696700159656,0.0010000000474974513,0,0.0010000000474974513,-0.116668701171875,0.106414794921875,-5.126953368517206e-06,0.00011666870671334095,off
1781063885.358732,2026-06-10T11:58:05.358,87721828272496,,1,cf_0V,frequency,frequency,4584.078242885572,164,164,0.0,0.1,4584.078242885572,0.099945068359375,4584.078242970691,0,Rp || Cp,Rp,Cp,842.1235790989072,4.66920296588635e-10,4.66920296588635e-10,842.1235790989072,7.493506159015583e-05,7.493506159015583e-05,1.0,842.0155797672019,-9.536095631879892,842.0695777016275,-0.011324835529650787,0.0010000000474974513,0,0.0010000000474974513,-0.11883544921875,0.106414794921875,-6.210327443412211e-06,0.00011883545486313096,off
1781063885.7618449,2026-06-10T11:58:05.761,87721852356976,,1,cf_0V,frequency,frequency,4109.487637044614,165,165,0.0,0.1,4109.487637044614,0.099945068359375,4109.487637009579,0,Rp || Cp,Rp,Cp,839.4598044145478,4.691973255366804e-10,4.691973255366804e-10,839.4598044145478,7.525043158932275e-05,7.525043158932275e-05,1.0,839.3729881791277,-8.536463140379672,839.4163951744717,-0.01016969686950282,0.0010000000474974513,0,0.0010000000474974513,-0.11883544921875,0.106414794921875,-6.210327443412211e-06,0.00011883545486313096,off
1781063886.1472332,2026-06-10T11:58:06.147,87721876441456,,1,cf_0V,frequency,frequency,3684.0314986403864,166,166,0.0,0.1,3684.0314986403864,0.099945068359375,3684.0314986363865,0,Rp || Cp,Rp,Cp,846.2170935401269,4.744746469878577e-10,4.744746469878577e-10,846.2170935401269,7.504117059937512e-05,7.504117059937512e-05,1.0,846.1440065126326,-7.863978018035669,846.1805492372879,-0.009293632700889787,0.0010000000474974513,0,0.0010000000474974513,-0.11883544921875,0.1055908203125,-6.622314767668058e-06,0.00011883545486313096,off
1781063886.517905,2026-06-10T11:58:06.517,87721899665776,,1,cf_0V,frequency,frequency,3302.622925697632,167,167,0.0,0.1,3302.622925697632,0.099945068359375,3302.6229256449824,0,Rp || Cp,Rp,Cp,845.2749048356424,4.797574678274079e-10,4.797574678274079e-10,845.2749048356424,7.45970021918941e-05,7.45970021918941e-05,1.0,845.2150520483206,-7.112557680012,845.2449779122007,-0.008414887762725679,0.0010000000474974513,0,0.0010000000474974513,-0.117340087890625,0.1055908203125,-5.874634068092632e-06,0.00011734009346398011,off
1781063886.872928,2026-06-10T11:58:06.872,87721922316656,,1,cf_0V,frequency,frequency,2960.70166429603,168,168,0.0,0.1,2960.70166429603,0.099945068359375,2960.701664207477,0,Rp || Cp,Rp,Cp,841.2764283389782,4.834606616822195e-10,4.834606616822195e-10,841.2764283389782,7.52937789542144e-05,7.52937789542144e-05,1.0,841.2282709849075,-6.364850956639425,841.2523493173479,-0.007565995729391282,0.0010000000474974513,0,0.0010000000474974513,-0.117340087890625,0.1055908203125,-5.874634068092632e-06,0.00011734009346398011,off
1781063887.2892537,2026-06-10T11:58:07.289,87721943533936,,1,cf_0V,frequency,frequency,2654.1795845838647,169,169,0.0,0.1,2654.1795845838647,0.099945068359375,2654.179584595795,0,Rp || Cp,Rp,Cp,838.9681704066397,4.888820697413662e-10,4.888820697413662e-10,838.9681704066397,7.484529975695344e-05,7.484529975695344e-05,1.0,838.9289199513387,-5.738322235060248,838.9485449494463,-0.006839951048668038,0.0010000000474974513,0,0.0010000000474974513,-0.117340087890625,0.106048583984375,-5.6457522212838285e-06,0.00011734009346398011,off
1781063887.7478957,2026-06-10T11:58:07.747,87721967618416,,1,cf_0V,frequency,frequency,2379.391801671713,170,170,0.0,0.1,2379.391801671713,0.099945068359375,2379.391801667907,0,Rp || Cp,Rp,Cp,845.6483353130018,4.930468833111087e-10,4.930468833111087e-10,845.6483353130018,7.512390875748389e-05,7.512390875748389e-05,1.0,845.6154788647558,-5.271045552579379,845.631906929302,-0.006233302744528785,0.0010000000474974513,0,0.0010000000474974513,-0.11761474609375,0.106048583984375,-5.783081329369111e-06,0.00011761475168015068,off
1781063888.1412473,2026-06-10T11:58:08.141,87721997150576,,1,cf_0V,frequency,frequency,2133.052856990533,171,171,0.0,0.1,2133.052856990533,0.099945068359375,2133.0528569052376,0,Rp || Cp,Rp,Cp,845.8665881304354,4.909951945402168e-10,4.909951945402168e-10,845.8665881304354,7.485447269912759e-05,7.485447269912759e-05,1.0,845.8403815949385,-4.708136147656257,845.8534847611944,-0.005566165469513254,0.0010000000474974513,0,0.0010000000474974513,-0.11761474609375,0.106048583984375,-5.783081329369111e-06,0.00011761475168015068,off
1781063888.590208,2026-06-10T11:58:08.590,87722018654576,,1,cf_0V,frequency,frequency,1912.21743620315,172,172,0.0,0.1,1912.21743620315,0.099945068359375,1912.2174361285715,0,Rp || Cp,Rp,Cp,843.5984323020491,4.956631109926067e-10,4.956631109926067e-10,843.5984323020491,7.482283657446818e-05,7.482283657446818e-05,1.0,843.5771409220042,-4.238032739915008,843.5877865448548,-0.005023840594696353,0.0010000000474974513,0,0.0010000000474974513,-0.11761474609375,0.106048583984375,-5.783081329369111e-06,0.00011761475168015068,off
1781063889.0070562,2026-06-10T11:58:09.007,87722048186736,,1,cf_0V,frequency,frequency,1714.2451539988147,173,173,0.0,0.1,1714.2451539988147,0.099945068359375,1714.2451539342574,0,Rp || Cp,Rp,Cp,848.760787558123,5.050977754977685e-10,5.050977754977685e-10,848.760787558123,7.490941707249156e-05,7.490941707249156e-05,1.0,848.7426907004565,-3.9191294529712795,848.7517390810577,-0.004617537967350443,0.0010000000474974513,0,0.0010000000474974513,-0.116424560546875,0.105010986328125,-5.706787380432843e-06,0.0001164245660767449,off
1781063889.3979268,2026-06-10T11:58:09.397,87722072844656,,1,cf_0V,frequency,frequency,1536.7689847255556,174,174,0.0,0.1,1536.7689847255556,0.099945068359375,1536.7689847067822,0,Rp || Cp,Rp,Cp,844.8594608256808,5.084475942979413e-10,5.084475942979413e-10,844.8594608256808,7.478006442537584e-05,7.478006442537584e-05,1.0,844.8449258185987,-3.504258406587014,844.8521932908819,-0.0041477887876729186,0.0010000000474974513,0,0.0010000000474974513,-0.116424560546875,0.106475830078125,-4.9743654706446705e-06,0.0001164245660767449,off
1781063889.8081856,2026-06-10T11:58:09.808,87722095208816,,1,cf_0V,frequency,frequency,1377.6669614059458,175,175,0.0,0.1,1377.6669614059458,0.099945068359375,1377.6669614173898,0,Rp || Cp,Rp,Cp,845.3329081253007,5.208312624080584e-10,5.208312624080584e-10,845.3329081253007,7.531676898859835e-05,7.531676898859835e-05,1.0,845.3206303598402,-3.2215909793983495,845.3267692202799,-0.0038110691572139062,0.0010000000474974513,0,0.0010000000474974513,-0.11602783203125,0.106475830078125,-4.776001203410374e-06,0.0001160278375422763,off
1781063890.194865,2026-06-10T11:58:10.194,87722119293296,,1,cf_0V,frequency,frequency,1235.0368047598533,176,176,0.0,0.1,1235.0368047598533,0.099945068359375,1235.036804771994,0,Rp || Cp,Rp,Cp,837.5075235238621,5.155826515541907e-10,5.155826515541907e-10,837.5075235238621,7.510751897684629e-05,7.510751897684629e-05,1.0,837.4981202864075,-2.80627755093137,837.5028218919376,-0.0033507741453733812,0.0010000000474974513,0,0.0010000000474974513,-0.118560791015625,0.106475830078125,-6.042480755752422e-06,0.0001185607966469604,off
1781063890.6049302,2026-06-10T11:58:10.604,87722143377776,,1,cf_0V,frequency,frequency,1107.1731788899117,177,177,0.0,0.1,1107.1731788899117,0.099945068359375,1107.1731789513706,0,Rp || Cp,Rp,Cp,835.1988601372777,5.124469595922946e-10,5.124469595922946e-10,835.1988601372777,7.529266929739569e-05,7.529266929739569e-05,1.0,835.1914563399773,-2.486682177089157,835.1951582304235,-0.0029773710091016647,0.0010000000474974513,0,0.0010000000474974513,-0.118560791015625,0.106475830078125,-6.042480755752422e-06,0.0001185607966469604,off
1781063891.1047788,2026-06-10T11:58:11.104,87722170616176,,1,cf_0V,frequency,frequency,992.547301690778,178,178,0.0,0.1,992.547301690778,0.099945068359375,992.5473017347031,0,Rp || Cp,Rp,Cp,833.5364341922772,5.172396609490784e-10,5.172396609490784e-10,833.5364341922772,7.601639231676378e-05,7.601639231676378e-05,1.0,833.5304083685494,-2.2411397351621645,833.5334212749681,-0.002688725344722702,0.0010000000474974513,0,0.0010000000474974513,-0.118560791015625,0.10552978515625,-6.515503239157283e-06,0.0001185607966469604,off
1781063891.519194,2026-06-10T11:58:11.519,87722197567856,,1,cf_0V,frequency,frequency,889.7886661970878,179,179,0.0,0.1,889.7886661970878,0.099945068359375,889.7886662140309,0,Rp || Cp,Rp,Cp,827.3429523876493,5.189554626321197e-10,5.189554626321197e-10,827.3429523876493,7.605550204315355e-05,7.605550204315355e-05,1.0,827.3381853578761,-1.9859369985406778,827.3405688693293,-0.0024003886433044547,0.0010000000474974513,0,0.0010000000474974513,-0.11846923828125,0.1064453125,-6.011963176177915e-06,0.00011846924390823688,off
1781063891.914457,2026-06-10T11:58:11.914,87722221939056,,1,cf_0V,frequency,frequency,797.6686543241938,180,180,0.0,0.1,797.6686543241938,0.099945068359375,797.6686543287315,0,Rp || Cp,Rp,Cp,839.4601307104547,5.202150907747306e-10,5.202150907747306e-10,839.4601307104547,7.511950416314143e-05,7.511950416314143e-05,1.0,839.4561093886848,-1.8373141069551342,839.4581200471619,-0.0021886923599671987,0.0010000000474974513,0,0.0010000000474974513,-0.11846923828125,0.1064453125,-6.011963176177915e-06,0.00011846924390823688,off
1781063892.3208227,2026-06-10T11:58:12.320,87722245736816,,1,cf_0V,frequency,frequency,715.0858470818457,181,181,0.0,0.1,715.0858470818457,0.099945068359375,715.0858471760557,0,Rp || Cp,Rp,Cp,834.8820315315004,5.330362370141051e-10,5.330362370141051e-10,834.8820315315004,7.568907866457045e-05,7.568907866457045e-05,1.0,834.8786937094678,-1.6693341481949073,834.880362618816,-0.001999490388397077,0.0010000000474974513,0,0.0010000000474974513,-0.11846923828125,0.1064453125,-6.011963176177915e-06,0.00011846924390823688,off
1781063892.6682057,2026-06-10T11:58:12.668,87722270108016,,1,cf_0V,frequency,frequency,641.0528556246055,182,182,0.0,0.1,641.0528556246055,0.099945068359375,641.0528555989004,0,Rp || Cp,Rp,Cp,829.3090420293129,5.523507438551381e-10,5.523507438551381e-10,829.3090420293129,7.540417922307045e-05,7.540417922307045e-05,1.0,829.3062189373564,-1.5301005575220983,829.3076304821334,-0.0018450347849193773,0.0010000000474974513,0,0.0010000000474974513,-0.1173095703125,0.1064453125,-5.432129164262278e-06,0.0001173095758844056,off
1781063893.1236491,2026-06-10T11:58:13.123,87722295339376,,1,cf_0V,frequency,frequency,574.6845156864445,183,183,0.0,0.1,574.6845156864445,0.099945068359375,574.6845156551217,0,Rp || Cp,Rp,Cp,837.3818261894388,5.295775153093969e-10,5.295775153093969e-10,837.3818261894388,7.563974244397448e-05,7.563974244397448e-05,1.0,837.3796791141033,-1.3408643687974442,837.380752651083,-0.0016012607616745812,0.0010000000474974513,0,0.0010000000474974513,-0.11932373046875,0.106109619140625,-6.607055977880805e-06,0.00011932373613632308,off
1781063893.5417,2026-06-10T11:58:13.541,87722319423856,,1,cf_0V,frequency,frequency,515.1873042480629,184,184,0.0,0.1,515.1873042480629,0.099945068359375,515.1873042308353,0,Rp || Cp,Rp,Cp,838.2311808306923,5.319048181647941e-10,5.319048181647941e-10,838.2311808306923,7.551477215654093e-05,7.551477215654093e-05,1.0,838.2294348138826,-1.2097779480841193,838.2303078218328,-0.0014432529542128213,0.0010000000474974513,0,0.0010000000474974513,-0.11932373046875,0.106109619140625,-6.607055977880805e-06,0.00011932373613632308,off
1781063893.9985616,2026-06-10T11:58:13.998,87722343508336,,1,cf_0V,frequency,frequency,461.8498518989187,185,185,0.0,0.1,461.8498518989187,0.099945068359375,461.8498518027536,0,Rp || Cp,Rp,Cp,828.1605422715293,5.073797899379758e-10,5.073797899379758e-10,828.1605422715293,7.60644729722609e-05,7.60644729722609e-05,1.0,828.1593109523593,-1.0098160403693708,828.1599266117155,-0.0012193493770406199,0.0010000000474974513,0,0.0010000000474974513,-0.11932373046875,0.106109619140625,-6.607055977880805e-06,0.00011932373613632308,off
1781063894.396326,2026-06-10T11:58:14.396,87722370746736,,1,cf_0V,frequency,frequency,414.03443745645274,186,186,0.0,0.1,414.03443745645274,0.099945068359375,414.0344374548022,0,Rp || Cp,Rp,Cp,827.9669807073326,5.633163788707806e-10,5.633163788707806e-10,827.9669807073326,7.613982057149531e-05,7.613982057149531e-05,1.0,827.9657617855504,-1.0046021610324516,827.9663712462171,-0.0012133372108025964,0.0010000000474974513,0,0.0010000000474974513,-0.11932373046875,0.105926513671875,-6.698608716604326e-06,0.00011932373613632308,off
1781063894.8013487,2026-06-10T11:58:14.801,87722395404656,,1,cf_0V,frequency,frequency,371.1693631492158,187,187,0.0,0.1,371.1693631492158,0.099945068359375,371.1693631913704,0,Rp || Cp,Rp,Cp,824.4391385143336,5.502404708087241e-10,5.502404708087241e-10,824.4391385143336,7.605851370586765e-05,7.605851370586765e-05,1.0,824.4382157636901,-0.8722103497728185,824.4386771388829,-0.0010579446800129172,0.0010000000474974513,0,0.0010000000474974513,-0.117218017578125,0.105926513671875,-5.6457522212838285e-06,0.00011721802314568208,off
1781063895.2131662,2026-06-10T11:58:15.213,87722419489136,,1,cf_0V,frequency,frequency,332.7421191989247,188,188,0.0,0.1,332.7421191989247,0.099945068359375,332.74211929779085,0,Rp || Cp,Rp,Cp,831.1642679539627,5.731828198202325e-10,5.731828198202325e-10,831.1642679539627,7.595290485284735e-05,7.595290485284735e-05,1.0,831.1634433948695,-0.827854682426097,831.1638556743138,-0.0009960187917866451,0.0010000000474974513,0,0.0010000000474974513,-0.11810302734375,0.105926513671875,-6.088257125114183e-06,0.00011810303295334279,off
1781063895.6225908,2026-06-10T11:58:15.622,87722447874416,,1,cf_0V,frequency,frequency,298.2932560748046,189,189,0.0,0.1,298.2932560748046,0.099945068359375,298.2932561224061,0,Rp || Cp,Rp,Cp,831.429064475603,5.439287322952928e-10,5.439287322952928e-10,831.429064475603,7.61260551215945e-05,7.61260551215945e-05,1.0,831.4284671571909,-0.7047180511894996,831.4287658163431,-0.000847598933961143,0.0010000000474974513,0,0.0010000000474974513,-0.11810302734375,0.105926513671875,-6.088257125114183e-06,0.00011810303295334279,off
1781063895.981807,2026-06-10T11:58:15.981,87722467658096,,1,cf_0V,frequency,frequency,267.41089115476336,190,190,0.0,0.1,267.41089115476336,0.099945068359375,267.4108910838413,0,Rp || Cp,Rp,Cp,827.7738278960928,6.128664869801391e-10,6.128664869801391e-10,827.7738278960928,7.605554279897083e-05,7.605554279897083e-05,1.0,827.7732264670116,-0.7055826607206795,827.7735271814976,-0.0008523862179608014,0.0010000000474974513,0,0.0010000000474974513,-0.11810302734375,0.105377197265625,-6.362915341284747e-06,0.00011810303295334279,off
1781063896.4360948,2026-06-10T11:58:16.436,87722494323056,,1,cf_0V,frequency,frequency,239.7257841131082,191,191,0.0,0.1,239.7257841131082,0.099945068359375,239.72578418351986,0,Rp || Cp,Rp,Cp,832.3052482921112,5.422426068740302e-10,5.422426068740302e-10,832.3052482921112,7.566827015686302e-05,7.566827015686302e-05,1.0,832.3048636788891,-0.5657874649281779,832.305055985478,-0.0006797838177660741,0.0010000000474974513,0,0.0010000000474974513,-0.11810302734375,0.10797119140625,-5.065918209368192e-06,0.00011810303295334279,off
1781063896.8298016,2026-06-10T11:58:16.829,87722516973936,,1,cf_0V,frequency,frequency,214.90692215443403,192,192,0.0,0.1,214.90692215443403,0.099945068359375,214.9069221246691,0,Rp || Cp,Rp,Cp,836.3378474169123,6.114710971142277e-10,6.114710971142277e-10,836.3378474169123,7.521126899293358e-05,7.521126899293358e-05,1.0,836.337448614793,-0.5775232870176245,836.3376480158289,-0.0006905384856054268,0.0010000000474974513,0,0.0010000000474974513,-0.118011474609375,0.10797119140625,-5.020141840006431e-06,0.00011801148021461927,off
1781063897.239132,2026-06-10T11:58:17.239,87722542492016,,1,cf_0V,frequency,frequency,192.65756230919578,193,193,0.0,0.1,192.65756230919578,0.099945068359375,192.65756222353048,0,Rp || Cp,Rp,Cp,839.7727991244071,1.1852626824683395e-09,1.1852626824683395e-09,839.7727991244071,7.592884789835164e-05,7.592884789835164e-05,1.0,839.7715800060806,-1.0118205983156476,839.7721895650226,-0.0012048753884716546,0.0010000000474974513,0,0.0010000000474974513,-0.118011474609375,0.10797119140625,-5.020141840006431e-06,0.00011801148021461927,off
1781063897.6295683,2026-06-10T11:58:17.629,87722565142896,,1,cf_0V,frequency,frequency,172.71168347127087,194,194,0.0,0.1,172.71168347127087,0.099945068359375,172.7116834615572,0,Rp || Cp,Rp,Cp,831.3014724476336,4.820503116000081e-10,4.820503116000081e-10,831.3014724476336,7.603581686624085e-05,7.603581686624085e-05,1.0,831.3013152436763,-0.36150222196762266,831.3013938456513,-0.00043486301844026577,0.0010000000474974513,0,0.0010000000474974513,-0.1170654296875,0.10797119140625,-4.54711935660157e-06,0.00011706543524780955,off
1781063898.0832255,2026-06-10T11:58:18.083,87722590660976,,1,cf_0V,frequency,frequency,154.83080575683516,195,195,0.0,0.1,154.83080575683516,0.099945068359375,154.83080566980334,0,Rp || Cp,Rp,Cp,829.9400080082529,5.656748353781395e-10,5.656748353781395e-10,829.9400080082529,7.606376324866713e-05,7.606376324866713e-05,1.0,829.9398348878661,-0.3790507950271833,829.939921448055,-0.00045672077991352946,0.0010000000474974513,0,0.0010000000474974513,-0.11676025390625,0.106048583984375,-5.35583521532601e-06,0.00011676025945206447,off
1781063898.5404928,2026-06-10T11:58:18.540,87722616465776,,1,cf_0V,frequency,frequency,138.8011391556985,196,196,0.0,0.1,138.8011391556985,0.099945068359375,138.80113911568515,0,Rp || Cp,Rp,Cp,830.0763957597138,2.3872995819303647e-11,2.3872995819303647e-11,830.0763957597138,7.571412022447546e-05,7.571412022447546e-05,1.0,830.0763955117925,-0.014345508568459672,830.0763956357531,-1.728215456384179e-05,0.0010000000474974513,0,0.0010000000474974513,-0.118011474609375,0.106048583984375,-5.9814455966034075e-06,0.00011801148021461927,off
1781063898.987317,2026-06-10T11:58:18.987,87722644851056,,1,cf_0V,frequency,frequency,124.43102738338021,197,197,0.0,0.1,124.43102738338021,0.099945068359375,124.43102740178347,0,Rp || Cp,Rp,Cp,836.7422756354151,3.188634467338777e-11,3.188634467338777e-11,836.7422756354151,7.546163169029835e-05,7.546163169029835e-05,1.0,836.7422752713311,-0.017454070072800112,836.742275453373,-2.085955327715302e-05,0.0010000000474974513,0,0.0010000000474974513,-0.118011474609375,0.106048583984375,-5.9814455966034075e-06,0.00011801148021461927,off
1781063899.4003453,2026-06-10T11:58:19.400,87722670655856,,1,cf_0V,frequency,frequency,111.54865637172875,198,198,0.0,0.1,111.54865637172875,0.099945068359375,111.54865639184663,0,Rp || Cp,Rp,Cp,841.019774467056,1.433172883284992e-10,1.433172883284992e-10,841.019774467056,7.573796685990493e-05,7.573796685990493e-05,1.0,841.0197684649424,-0.07104854782576996,841.0197714659992,-8.447904594018348e-05,0.0010000000474974513,0,0.0010000000474974513,-0.118011474609375,0.10498046875,-6.515503239157283e-06,0.00011801148021461927,off
1781063899.7899618,2026-06-10T11:58:19.789,87722695887216,,1,cf_0V,frequency,frequency,100.0,199,199,0.0,0.1,100.0,0.099945068359375,99.99999996068709,0,Rp || Cp,Rp,Cp,834.8706110117777,5.337244684951683e-10,5.337244684951683e-10,834.8706110117777,7.546553926556391e-05,7.546553926556391e-05,1.0,834.8705455705483,-0.233741213419718,834.8705782911624,-0.00027997299527763436,0.0010000000474974513,0,0.0010000000474974513,-0.117767333984375,0.105133056640625,-6.3171389719229865e-06,0.00011776733957802321,off
1781063900.2025619,2026-06-10T11:58:20.202,87722720258416,,1,cf_0V,frequency,frequency,0.0,200,200,0.0,0.1,0.0,0.099945068359375,0.0,0,Rp || Cp,Rp,Cp,100.27098654933863,nan,nan,100.27098654933863,8.776978115589447e-06,8.776978115589447e-06,1.0,-100.27098495481894,0.017882061433636066,100.27098654933863,3.1414143162447266,0.0010000000474974513,0,0.0010000000474974513,-0.117767333984375,0.12451171875,3.3721925429830435e-06,0.0001245117246639893,off
