timestamp_unix,timestamp_iso,sample_timestamp,sample_clockbase,block_index,block_name,mode,sweep_variable,sweep_value,point_index_block,point_index_total,set_bias_V,set_amplitude_V,set_frequency_Hz,measured_drive_V,measured_frequency_Hz,model,model_name,param0_name,param1_name,param0,param1,C_F,R_Ohm,demod_R_raw,demod_R,demod_R_gain,Z_real_Ohm,Z_imag_Ohm,Z_abs_Ohm,Z_phase_rad,imps_current_range_A,currin_index,currin_range_A,currin_norm_min,currin_norm_max,currin_est_A,currin_peak_A,iv_autorange_mode
1781064029.5162838,2026-06-10T12:00:29.516,87730478041456,,1,cf_0V,frequency,frequency,0.0,1,1,0.0,0.1,0.0,0.099945068359375,0.0,0,Rp || Cp,Rp,Cp,108.61696845122093,nan,nan,108.61696845122093,8.461072295228161e-08,8.461072295228161e-08,1.0,-108.61696845029894,-0.0004475333132156692,108.61696845122091,-3.1415885333006743,9.999999747378752e-05,0,9.999999747378752e-05,-0.15032958984375,0.6336669921875,2.416686950668101e-05,6.336669761797253e-05,off
1781064030.362668,2026-06-10T12:00:30.362,87730530511216,,1,cf_0V,frequency,frequency,100.0,2,2,0.0,0.1,100.0,0.099945068359375,99.99999996068709,0,Rp || Cp,Rp,Cp,1452048.140305315,5.257935153338434e-11,5.257935153338434e-11,1452048.140305315,4.908370843609588e-08,4.908370843609588e-08,1.0,1448714.3752728826,-69495.85114427278,1450380.2999381113,-0.04793396001597285,9.999999747378752e-06,0,9.999999747378752e-06,-0.32177734375,0.2728271484375,-2.447509703795703e-07,3.2177733562122057e-06,off
1781064030.8301303,2026-06-10T12:00:30.830,87730556029296,,1,cf_0V,frequency,frequency,111.67312606580774,3,3,0.0,0.1,111.67312606580774,0.099945068359375,111.6731259998005,0,Rp || Cp,Rp,Cp,1467179.5000760793,5.175993791308147e-11,5.175993791308147e-11,1467179.5000760793,4.9056541285103074e-08,4.9056541285103074e-08,1.0,1463025.5336416266,-77957.41760406572,1465101.044654211,-0.05323472474515774,9.999999747378752e-06,0,9.999999747378752e-06,-0.32177734375,0.315765380859375,-3.0059813693750215e-08,3.2177733562122057e-06,off
1781064031.2680426,2026-06-10T12:00:31.268,87730584988016,,1,cf_0V,frequency,frequency,124.70887085309788,4,4,0.0,0.1,124.70887085309788,0.099945068359375,124.70887085669347,0,Rp || Cp,Rp,Cp,1468828.9818987863,5.125507767871298e-11,5.125507767871298e-11,1468828.9818987863,4.872434228035963e-08,4.872434228035963e-08,1.0,1463735.2834498012,-86347.12585276498,1466279.9208060182,-0.05892265818002538,9.999999747378752e-06,0,9.999999747378752e-06,-0.32177734375,0.327972412109375,3.097534101437205e-08,3.27972403824095e-06,off
1781064031.6472666,2026-06-10T12:00:31.647,87730609072496,,1,cf_0V,frequency,frequency,139.2662945630255,5,5,0.0,0.1,139.2662945630255,0.099945068359375,139.26629449656502,0,Rp || Cp,Rp,Cp,1472034.0518853522,5.2715779737483654e-11,5.2715779737483654e-11,1472034.0518853522,4.903252019359883e-08,4.903252019359883e-08,1.0,1465278.064842477,-99495.72664333497,1468652.173568949,-0.06779821183446245,9.999999747378752e-06,0,9.999999747378752e-06,-0.32177734375,0.327972412109375,3.097534101437205e-08,3.27972403824095e-06,off
1781064032.122052,2026-06-10T12:00:32.122,87730633156976,,1,cf_0V,frequency,frequency,155.52302469454662,6,6,0.0,0.1,155.52302469454662,0.099945068359375,155.52302464527656,0,Rp || Cp,Rp,Cp,1433906.6203287975,5.228191349886991e-11,5.228191349886991e-11,1433906.6203287975,4.951319108850325e-08,4.951319108850325e-08,1.0,1426252.5885963682,-104482.45102205363,1430074.4837418145,-0.07312600063042249,9.999999747378752e-06,0,9.999999747378752e-06,-0.29974365234375,0.327972412109375,1.4114379526253273e-07,3.27972403824095e-06,off
1781064032.5113542,2026-06-10T12:00:32.511,87730658388336,,1,cf_0V,frequency,frequency,173.67742342849834,7,7,0.0,0.1,173.67742342849834,0.099945068359375,173.6774233762617,0,Rp || Cp,Rp,Cp,1406663.0909254418,5.300433741165008e-11,5.300433741165008e-11,1406663.0909254418,5.115779239660033e-08,5.115779239660033e-08,1.0,1397412.4021662169,-113697.08527803427,1402030.1169834682,-0.08118375811364176,9.999999747378752e-06,0,9.999999747378752e-06,-0.30023193359375,0.327606201171875,1.3687133443296418e-07,3.2760619289584625e-06,off
1781064032.9443603,2026-06-10T12:00:32.944,87730681325936,,1,cf_0V,frequency,frequency,193.95100801315368,8,8,0.0,0.1,193.95100801315368,0.099945068359375,193.9510080006812,0,Rp || Cp,Rp,Cp,1431213.3733105017,5.034747287539126e-11,5.034747287539126e-11,1431213.3733105017,5.004705878047141e-08,5.004705878047141e-08,1.0,1420261.804133072,-124716.05910236407,1425727.0733479648,-0.08758735460333278,9.999999747378752e-06,0,9.999999747378752e-06,-0.30023193359375,0.327606201171875,1.3687133443296418e-07,3.2760619289584625e-06,off
1781064033.3455498,2026-06-10T12:00:33.345,87730707130736,,1,cf_0V,frequency,frequency,216.59115368443398,9,9,0.0,0.1,216.59115368443398,0.099945068359375,216.5911537588272,0,Rp || Cp,Rp,Cp,1466847.0239268723,5.215361164899769e-11,5.215361164899769e-11,1466847.0239268723,4.8526897497033645e-08,4.8526897497033645e-08,1.0,1451118.6969302145,-151075.0455114355,1458961.6656912977,-0.10373565315885867,9.999999747378752e-06,0,9.999999747378752e-06,-0.302734375,0.327606201171875,1.243591277177991e-07,3.2760619289584625e-06,off
1781064033.8459954,2026-06-10T12:00:33.845,87730733795696,,1,cf_0V,frequency,frequency,241.8741121014056,10,10,0.0,0.1,241.8741121014056,0.099945068359375,241.87411220566446,0,Rp || Cp,Rp,Cp,1455925.7757791362,5.317755587597675e-11,5.317755587597675e-11,1455925.7757791362,4.971360477918035e-08,4.971360477918035e-08,1.0,1436044.618452033,-168968.130096136,1445951.0279304862,-0.11712365221828941,9.999999747378752e-06,0,9.999999747378752e-06,-0.302734375,0.314453125,5.859374851979737e-08,3.144531170562459e-06,off
1781064034.2126496,2026-06-10T12:00:34.212,87730761607536,,1,cf_0V,frequency,frequency,270.1083821275558,11,11,0.0,0.1,270.1083821275558,0.099945068359375,270.1083821676775,0,Rp || Cp,Rp,Cp,1468455.8917981344,5.2664215944640756e-11,5.2664215944640756e-11,1468455.8917981344,4.9031886188798054e-08,4.9031886188798054e-08,1.0,1443588.3820850176,-189468.85789818276,1455969.046719085,-0.13050259128970643,9.999999747378752e-06,0,9.999999747378752e-06,-0.30706787109375,0.30462646484375,-1.2207030941624453e-08,3.070678633365631e-06,off
1781064034.6138859,2026-06-10T12:00:34.613,87730783684976,,1,cf_0V,frequency,frequency,301.6384740876191,12,12,0.0,0.1,301.6384740876191,0.099945068359375,301.6384739851219,0,Rp || Cp,Rp,Cp,1486712.8394944887,5.2253664071773624e-11,5.2253664071773624e-11,1486712.8394944887,4.862164246094987e-08,4.862164246094987e-08,1.0,1455167.5945831442,-214251.29674794833,1470855.6511374838,-0.14618449590999927,9.999999747378752e-06,0,9.999999747378752e-06,-0.30706787109375,0.30462646484375,-1.2207030941624453e-08,3.070678633365631e-06,off
1781064035.0180998,2026-06-10T12:00:35.018,87730807769456,,1,cf_0V,frequency,frequency,336.849113430846,13,13,0.0,0.1,336.849113430846,0.099945068359375,336.84911350917446,0,Rp || Cp,Rp,Cp,1456420.1061921397,5.2676496687468637e-11,5.2676496687468637e-11,1456420.1061921397,4.874359851112351e-08,4.874359851112351e-08,1.0,1419007.1321903202,-230411.1042138217,1437591.9164185745,-0.1609699951717519,9.999999747378752e-06,0,9.999999747378752e-06,-0.30706787109375,0.30462646484375,-1.2207030941624453e-08,3.070678633365631e-06,off
1781064035.4429452,2026-06-10T12:00:35.442,87730833000816,,1,cf_0V,frequency,frequency,376.169935093184,14,14,0.0,0.1,376.169935093184,0.099945068359375,376.1699350945946,0,Rp || Cp,Rp,Cp,1490831.688977044,5.236210808643581e-11,5.236210808643581e-11,1490831.688977044,4.8842015744412493e-08,4.8842015744412493e-08,1.0,1441751.1105543908,-266011.2374459249,1466086.028591887,-0.18245374105128281,9.999999747378752e-06,0,9.999999747378752e-06,-0.30706787109375,0.2861328125,-1.0467529032442968e-07,3.070678633365631e-06,off
1781064035.8900592,2026-06-10T12:00:35.890,87730860812656,,1,cf_0V,frequency,frequency,420.08072583827897,15,15,0.0,0.1,420.08072583827897,0.099945068359375,420.08072583143985,0,Rp || Cp,Rp,Cp,1471647.0152405694,5.3119610407006764e-11,5.3119610407006764e-11,1471647.0152405694,4.980563439701126e-08,4.980563439701126e-08,1.0,1411551.9004201165,-291251.39232418337,1441286.280067363,-0.20347862469009306,9.999999747378752e-06,0,9.999999747378752e-06,-0.30755615234375,0.2861328125,-1.0711669651275457e-07,3.075561445742281e-06,off
1781064036.340514,2026-06-10T12:00:36.340,87730884323696,,1,cf_0V,frequency,frequency,469.11727854354143,16,16,0.0,0.1,469.11727854354143,0.099945068359375,469.11727856979724,0,Rp || Cp,Rp,Cp,1490334.3637961373,5.2466035543398596e-11,5.2466035543398596e-11,1490334.3637961373,4.889007473363539e-08,4.889007473363539e-08,1.0,1415162.907956873,-326159.24950987514,1452262.3427252383,-0.22651919316088118,9.999999747378752e-06,0,9.999999747378752e-06,-0.30755615234375,0.318359375,5.40161119166882e-08,3.1835936695756573e-06,off
1781064036.789969,2026-06-10T12:00:36.789,87730911562096,,1,cf_0V,frequency,frequency,523.8779298644155,17,17,0.0,0.1,523.8779298644155,0.099945068359375,523.877929836658,0,Rp || Cp,Rp,Cp,1419584.2270865433,5.222211797654849e-11,5.222211797654849e-11,1419584.2270865433,5.2057673836403756e-08,5.2057673836403756e-08,1.0,1339804.4789243282,-326939.2358148385,1379117.5822463005,-0.23934266055334802,9.999999747378752e-06,0,9.999999747378752e-06,-0.30755615234375,0.318359375,5.40161119166882e-08,3.1835936695756573e-06,off
1781064037.195219,2026-06-10T12:00:37.195,87730938800496,,1,cf_0V,frequency,frequency,585.0308610484332,18,18,0.0,0.1,585.0308610484332,0.099945068359375,585.0308610888533,0,Rp || Cp,Rp,Cp,1440117.7345478854,5.238481104125132e-11,5.238481104125132e-11,1440117.7345478854,5.04905537253279e-08,5.04905537253279e-08,1.0,1337281.341624397,-370838.49516539683,1387747.3027007778,-0.27051044985875533,9.999999747378752e-06,0,9.999999747378752e-06,-0.30755615234375,0.318359375,5.40161119166882e-08,3.1835936695756573e-06,off
1781064037.6020567,2026-06-10T12:00:37.602,87730964318576,,1,cf_0V,frequency,frequency,653.3222509824973,19,19,0.0,0.1,653.3222509824973,0.099945068359375,653.3222509119696,0,Rp || Cp,Rp,Cp,1513516.489727816,5.2256560197453706e-11,5.2256560197453706e-11,1513516.489727816,5.1215515230630886e-08,5.1215515230630886e-08,1.0,1369193.5302619087,-444529.0343374346,1439547.4933742338,-0.31392875219104605,9.999999747378752e-06,0,9.999999747378752e-06,-0.318756103515625,0.318359375,-1.9836425280139736e-09,3.187560954631685e-06,off
1781064038.0510345,2026-06-10T12:00:38.051,87730987542896,,1,cf_0V,frequency,frequency,729.585380955657,20,20,0.0,0.1,729.585380955657,0.099945068359375,729.5853809097252,0,Rp || Cp,Rp,Cp,1413309.67968705,5.2088893381561083e-11,5.2088893381561083e-11,1413309.67968705,5.336229945207784e-08,5.336229945207784e-08,1.0,1268808.0224108773,-428187.881663733,1339111.1454012606,-0.32547121406205665,9.999999747378752e-06,0,9.999999747378752e-06,-0.318756103515625,0.316558837890625,-1.0986327847462007e-08,3.187560954631685e-06,off
1781064038.457008,2026-06-10T12:00:38.457,87731013921136,,1,cf_0V,frequency,frequency,814.7508022323145,21,21,0.0,0.1,814.7508022323145,0.099945068359375,814.7508022915417,0,Rp || Cp,Rp,Cp,1475257.036910782,5.220124461110175e-11,5.220124461110175e-11,1475257.036910782,5.524358376330412e-08,5.524358376330412e-08,1.0,1276814.7090926871,-503362.774810312,1372453.964408344,-0.3755251512444876,9.999999747378752e-06,0,9.999999747378752e-06,-0.318756103515625,0.316558837890625,-1.0986327847462007e-08,3.187560954631685e-06,off
1781064038.882825,2026-06-10T12:00:38.882,87731038579056,,1,cf_0V,frequency,frequency,909.8576904990725,22,22,0.0,0.1,909.8576904990725,0.099945068359375,909.8576904165157,0,Rp || Cp,Rp,Cp,1451506.4931795339,5.2205815461849336e-11,5.2205815461849336e-11,1451506.4931795339,5.414827296194101e-08,5.414827296194101e-08,1.0,1222151.8305613806,-529439.5345708176,1331901.3918872138,-0.40879788496870156,9.999999747378752e-06,0,9.999999747378752e-06,-0.290924072265625,0.316558837890625,1.2817382488705675e-07,3.165588298936761e-06,off
1781064039.336867,2026-06-10T12:00:39.336,87731064957296,,1,cf_0V,frequency,frequency,1016.0665257304771,23,23,0.0,0.1,1016.0665257304771,0.099945068359375,1016.0665256364609,0,Rp || Cp,Rp,Cp,1431327.4955780567,5.2232944085250284e-11,5.2232944085250284e-11,1431327.4955780567,5.436078686361676e-08,5.436078686361676e-08,1.0,1165757.3630869149,-556408.4267581826,1291735.4864518018,-0.44531797288212427,9.999999747378752e-06,0,9.999999747378752e-06,-0.290924072265625,0.316558837890625,1.2817382488705675e-07,3.165588298936761e-06,off
1781064039.78343,2026-06-10T12:00:39.783,87731091048816,,1,cf_0V,frequency,frequency,1134.6732521914685,24,24,0.0,0.1,1134.6732521914685,0.099945068359375,1134.67325220995,0,Rp || Cp,Rp,Cp,1449413.231552445,5.2067505056693836e-11,5.2067505056693836e-11,1449413.231552445,5.597910773082744e-08,5.597910773082744e-08,1.0,1124028.7886291922,-604765.6415652334,1276394.217663578,-0.493609825456613,9.999999747378752e-06,0,9.999999747378752e-06,-0.290924072265625,0.28729248046875,-1.8157958525666373e-08,2.9092406491626477e-06,off
1781064040.23239,2026-06-10T12:00:40.232,87731118287216,,1,cf_0V,frequency,frequency,1267.1250913547792,25,25,0.0,0.1,1267.1250913547792,0.099945068359375,1267.1250913598442,0,Rp || Cp,Rp,Cp,1513758.5223399785,5.2015689335912125e-11,5.2015689335912125e-11,1513758.5223399785,5.61974703714277e-08,5.61974703714277e-08,1.0,1086697.9447455704,-681238.4692262318,1282574.861389364,-0.5599562016310579,9.999999747378752e-06,0,9.999999747378752e-06,-0.2852783203125,0.3060302734375,1.0375976300380785e-07,3.0603026570652503e-06,off
1781064040.6392946,2026-06-10T12:00:40.639,87731144092016,,1,cf_0V,frequency,frequency,1415.0382006801042,26,26,0.0,0.1,1415.0382006801042,0.099945068359375,1415.0382007471762,0,Rp || Cp,Rp,Cp,1508771.317323369,5.201217457947728e-11,5.201217457947728e-11,1508771.317323369,5.849775198299619e-08,5.849775198299619e-08,1.0,1014775.7840151936,-708021.6837165423,1237361.9504560733,-0.6091890356576788,9.999999747378752e-06,0,9.999999747378752e-06,-0.3017578125,0.3060302734375,2.1362304147842792e-08,3.0603026570652503e-06,off
1781064041.037189,2026-06-10T12:00:41.037,87731170470256,,1,cf_0V,frequency,frequency,1580.2173937248301,27,27,0.0,0.1,1580.2173937248301,0.099945068359375,1580.217393737371,0,Rp || Cp,Rp,Cp,1421805.637271755,5.2021457600898467e-11,5.2021457600898467e-11,1421805.637271755,6.41439309195674e-08,6.41439309195674e-08,1.0,923663.9383940446,-678318.1579934936,1145980.1894244435,-0.6334276084078482,9.999999747378752e-06,0,9.999999747378752e-06,-0.3017578125,0.3060302734375,2.1362304147842792e-08,3.0603026570652503e-06,off
1781064041.5810478,2026-06-10T12:00:41.581,87731197708656,,1,cf_0V,frequency,frequency,1764.6781622081528,28,28,0.0,0.1,1764.6781622081528,0.099945068359375,1764.6781621039054,0,Rp || Cp,Rp,Cp,1411562.1615575054,5.1973763587122734e-11,5.1973763587122734e-11,1411562.1615575054,6.521883167976879e-08,6.521883167976879e-08,1.0,849470.2915628153,-690999.5258243508,1095025.1690884973,-0.6828870486142017,9.999999747378752e-06,0,9.999999747378752e-06,-0.3017578125,0.314208984375,6.225585780228471e-08,3.142089764374134e-06,off
1781064041.9842103,2026-06-10T12:00:41.984,87731225520496,,1,cf_0V,frequency,frequency,1970.6712687384897,29,29,0.0,0.1,1970.6712687384897,0.099945068359375,1970.6712688360994,0,Rp || Cp,Rp,Cp,1390466.079598243,5.2029500826404506e-11,5.2029500826404506e-11,1390466.079598243,6.884339307337079e-08,6.884339307337079e-08,1.0,771438.8691682202,-691043.8851465909,1035692.8019746189,-0.730481858150093,9.999999747378752e-06,0,9.999999747378752e-06,-0.2947998046875,0.314208984375,9.70458959859144e-08,3.142089764374134e-06,off
1781064042.3963583,2026-06-10T12:00:42.396,87731251898736,,1,cf_0V,frequency,frequency,2200.7102102809863,30,30,0.0,0.1,2200.7102102809863,0.099945068359375,2200.7102103316356,0,Rp || Cp,Rp,Cp,1445214.7381438788,5.192093138179025e-11,5.192093138179025e-11,1445214.7381438788,7.149220747910466e-08,7.149220747910466e-08,1.0,695968.3517079375,-722116.1766578495,1002907.6324218566,-0.8038349079589552,9.999999747378752e-06,0,9.999999747378752e-06,-0.297210693359375,0.314208984375,8.499145293106025e-08,3.142089764374134e-06,off
1781064042.8454278,2026-06-10T12:00:42.845,87731274836336,,1,cf_0V,frequency,frequency,2457.6018874701913,31,31,0.0,0.1,2457.6018874701913,0.099945068359375,2457.6018875421823,0,Rp || Cp,Rp,Cp,1418770.169625088,5.1846787912482754e-11,5.1846787912482754e-11,1418770.169625088,7.582499037757144e-08,7.582499037757144e-08,1.0,619501.3540535358,-703667.6157813023,937512.6885400042,-0.8489221887388175,9.999999747378752e-06,0,9.999999747378752e-06,-0.302093505859375,0.314208984375,6.057739104781135e-08,3.142089764374134e-06,off
1781064043.2007196,2026-06-10T12:00:43.200,87731302074736,,1,cf_0V,frequency,frequency,2744.480853990254,32,32,0.0,0.1,2744.480853990254,0.099945068359375,2744.480853991149,0,Rp || Cp,Rp,Cp,1375649.5686865393,5.1903409456734645e-11,5.1903409456734645e-11,1375649.5686865393,8.026998648966172e-08,8.026998648966172e-08,1.0,546769.3952649349,-673205.9946025622,867273.3610386102,-0.8886681241443084,9.999999747378752e-06,0,9.999999747378752e-06,-0.302093505859375,0.29400634765625,-4.0435789994131e-08,3.0209349822785114e-06,off
1781064043.575083,2026-06-10T12:00:43.575,87731324725616,,1,cf_0V,frequency,frequency,3064.8475639284966,33,33,0.0,0.1,3064.8475639284966,0.099945068359375,3064.8475640049355,0,Rp || Cp,Rp,Cp,1478136.1687239644,5.188566228673342e-11,5.188566228673342e-11,1478136.1687239644,8.590468186538514e-08,8.590468186538514e-08,1.0,464643.231340771,-686230.7435307578,828737.5735403638,-0.9756089874229064,9.999999747378752e-06,0,9.999999747378752e-06,-0.302093505859375,0.29400634765625,-4.0435789994131e-08,3.0209349822785114e-06,off
1781064043.990189,2026-06-10T12:00:43.990,87731345369456,,1,cf_0V,frequency,frequency,3422.6110837907077,34,34,0.0,0.1,3422.6110837907077,0.099945068359375,3422.6110837209944,0,Rp || Cp,Rp,Cp,1452327.3680857548,5.193013945670802e-11,5.193013945670802e-11,1452327.3680857548,9.377576202351785e-08,9.377576202351785e-08,1.0,400032.0421173984,-648808.0210337377,762218.7893763385,-1.0182859440426457,9.999999747378752e-06,0,9.999999747378752e-06,-0.302093505859375,0.294586181640625,-3.753662014549519e-08,3.0209349822785114e-06,off
1781064044.4057567,2026-06-10T12:00:44.405,87731372321136,,1,cf_0V,frequency,frequency,3822.1367903439054,35,35,0.0,0.1,3822.1367903439054,0.099945068359375,3822.136790319064,0,Rp || Cp,Rp,Cp,1387482.8410082385,5.185441557725564e-11,5.185441557725564e-11,1387482.8410082385,1.0348854099246428e-07,1.0348854099246428e-07,1.0,348143.5943271025,-601530.7981016381,695013.1389662989,-1.0461388691408628,9.999999747378752e-06,0,9.999999747378752e-06,-0.297760009765625,0.294586181640625,-1.586914022411179e-08,2.9776000224357446e-06,off
1781064044.8470101,2026-06-10T12:00:44.847,87731396405616,,1,cf_0V,frequency,frequency,4268.299636288371,36,36,0.0,0.1,4268.299636288371,0.099945068359375,4268.299636294159,0,Rp || Cp,Rp,Cp,1360631.15105087,5.179898208748504e-11,5.179898208748504e-11,1360631.15105087,1.1147304163204137e-07,1.1147304163204137e-07,1.0,297557.31096888223,-562428.1227109468,636290.6148350704,-1.0841731581187635,9.999999747378752e-06,0,9.999999747378752e-06,-0.297760009765625,0.300689697265625,1.4648437129949343e-08,3.0068968966956433e-06,off
1781064045.3009803,2026-06-10T12:00:45.300,87731423644016,,1,cf_0V,frequency,frequency,4766.543633698721,37,37,0.0,0.1,4766.543633698721,0.099945068359375,4766.543633607512,0,Rp || Cp,Rp,Cp,1421106.9704423198,5.169256354334134e-11,5.169256354334134e-11,1421106.9704423198,1.2155213331952678e-07,1.2155213331952678e-07,1.0,243325.74633396362,-535335.8715556945,588040.7419586465,-1.144182365508945,9.999999747378752e-06,0,9.999999747378752e-06,-0.297760009765625,0.300689697265625,1.4648437129949343e-08,3.0068968966956433e-06,off
1781064045.7493258,2026-06-10T12:00:45.749,87731452602736,,1,cf_0V,frequency,frequency,5322.948281042111,38,38,0.0,0.1,5322.948281042111,0.099945068359375,5322.948280976902,0,Rp || Cp,Rp,Cp,1414163.6980488077,5.17050712239345e-11,5.17050712239345e-11,1414163.6980488077,1.336847883058475e-07,1.336847883058475e-07,1.0,202590.78011107264,-495432.64184594696,535253.7032029459,-1.1826266802825414,9.999999747378752e-06,0,9.999999747378752e-06,-0.284698486328125,0.300689697265625,7.995605266764017e-08,3.0068968966956433e-06,off
1781064046.1631386,2026-06-10T12:00:46.163,87731476687216,,1,cf_0V,frequency,frequency,5944.302744305904,39,39,0.0,0.1,5944.302744305904,0.099945068359375,5944.302744325114,0,Rp || Cp,Rp,Cp,1431337.0468765306,5.173841815158362e-11,5.173841815158362e-11,1431337.0468765306,1.4729292221322665e-07,1.4729292221322665e-07,1.0,165469.0341214453,-457670.14038040256,486664.11276043503,-1.2238723591565865,9.999999747378752e-06,0,9.999999747378752e-06,-0.31134033203125,0.300689697265625,-5.3253172482836675e-08,3.1134032416613167e-06,off
1781064046.6134434,2026-06-10T12:00:46.613,87731499624816,,1,cf_0V,frequency,frequency,6638.188697382001,40,40,0.0,0.1,6638.188697382001,0.099945068359375,6638.188697394298,0,Rp || Cp,Rp,Cp,1436183.8969231383,5.1757149508808217e-11,5.1757149508808217e-11,1436183.8969231383,1.6223484480503971e-07,1.6223484480503971e-07,1.0,135334.15223533503,-419582.40833342366,440868.15505787294,-1.2587866113047887,9.999999747378752e-06,0,9.999999747378752e-06,-0.31134033203125,0.287078857421875,-1.21307369982393e-07,3.1134032416613167e-06,off
1781064047.0055718,2026-06-10T12:00:47.005,87731528010096,,1,cf_0V,frequency,frequency,7413.07283251361,41,41,0.0,0.1,7413.07283251361,0.099945068359375,7413.072832491707,0,Rp || Cp,Rp,Cp,1438321.8039483053,5.1722082361733394e-11,5.1722082361733394e-11,1438321.8039483053,1.7989288973028103e-07,1.7989288973028103e-07,1.0,110583.91158237822,-383179.39622840745,398817.31556544296,-1.2898347860118369,9.999999747378752e-06,0,9.999999747378752e-06,-0.31134033203125,0.287078857421875,-1.21307369982393e-07,3.1134032416613167e-06,off
1781064047.3754659,2026-06-10T12:00:47.375,87731553241456,,1,cf_0V,frequency,frequency,8278.410169603068,42,42,0.0,0.1,8278.410169603068,0.099945068359375,8278.410169637595,0,Rp || Cp,Rp,Cp,1427142.2269360865,5.167927378268621e-11,5.167927378268621e-11,1427142.2269360865,1.9873672676050644e-07,1.9873672676050644e-07,1.0,90802.13557842138,-348342.5528905975,359982.7245576387,-1.3158016487982163,9.999999747378752e-06,0,9.999999747378752e-06,-0.297882080078125,0.287078857421875,-5.40161119166882e-08,2.978820725529907e-06,off
1781064047.7903156,2026-06-10T12:00:47.790,87731574172016,,1,cf_0V,frequency,frequency,9244.759424945483,43,43,0.0,0.1,9244.759424945483,0.099945068359375,9244.759424973381,0,Rp || Cp,Rp,Cp,1356467.4105384164,5.164095234736503e-11,5.164095234736503e-11,1356467.4105384164,2.2140091020676826e-07,2.2140091020676826e-07,1.0,77264.71165653938,-314383.8858455935,323739.19031643873,-1.3298070328263416,9.999999747378752e-06,0,9.999999747378752e-06,-0.29888916015625,0.28466796875,-7.110595523496244e-08,2.9888915260567472e-06,off
1781064048.2455606,2026-06-10T12:00:48.245,87731597109616,,1,cf_0V,frequency,frequency,10323.911847100022,44,44,0.0,0.1,10323.911847100022,0.099945068359375,10323.911847009982,0,Rp || Cp,Rp,Cp,1464412.4529178778,5.160455070549223e-11,5.160455070549223e-11,1464412.4529178778,2.452479873330697e-07,2.452479873330697e-07,1.0,58506.63069518824,-286800.9984867519,292707.76991446776,-1.3695601758789429,9.999999747378752e-06,0,9.999999747378752e-06,-0.29888916015625,0.301666259765625,1.3885497696097815e-08,3.016662521448943e-06,off
1781064048.7122757,2026-06-10T12:00:48.712,87731628362096,,1,cf_0V,frequency,frequency,11529.035091934857,45,45,0.0,0.1,11529.035091934857,0.099945068359375,11529.035091939477,0,Rp || Cp,Rp,Cp,1390180.4606052826,5.1587517233799267e-11,5.1587517233799267e-11,1390180.4606052826,2.727151961658085e-07,2.727151961658085e-07,1.0,49669.86483095369,-258036.78051117464,262773.81066022796,-1.3806308750280187,9.999999747378752e-06,0,9.999999747378752e-06,-0.30126953125,0.30450439453125,1.61743159976524e-08,3.0450438683882197e-06,off
1781064049.115655,2026-06-10T12:00:49.115,87731655600496,,1,cf_0V,frequency,frequency,12874.833892387638,46,46,0.0,0.1,12874.833892387638,0.099945068359375,12874.83389234012,0,Rp || Cp,Rp,Cp,1348788.054250446,5.1541541077116615e-11,5.1541541077116615e-11,1348788.054250446,3.034579606969425e-07,3.034579606969425e-07,1.0,41340.80680072869,-232488.546081228,236135.52542109892,-1.394817050750258,9.999999747378752e-06,0,9.999999747378752e-06,-0.30126953125,0.334625244140625,1.6677856023994408e-07,3.346252356872803e-06,off
1781064049.564793,2026-06-10T12:00:49.564,87731678538096,,1,cf_0V,frequency,frequency,14377.729483409405,47,47,0.0,0.1,14377.729483409405,0.099945068359375,14377.729483356916,0,Rp || Cp,Rp,Cp,1345158.64704353,5.1510603392659545e-11,5.1510603392659545e-11,1345158.64704353,3.3765836336948457e-07,3.3765836336948457e-07,1.0,33477.09522116001,-209550.2045100324,212207.45537007652,-1.4123780862438147,9.999999747378752e-06,0,9.999999747378752e-06,-0.30126953125,0.334625244140625,1.6677856023994408e-07,3.346252356872803e-06,off
1781064049.9770162,2026-06-10T12:00:49.977,87731705776496,,1,cf_0V,frequency,frequency,16056.059971408577,48,48,0.0,0.1,16056.059971408577,0.099945068359375,16056.059971489845,0,Rp || Cp,Rp,Cp,1279746.4125965005,5.149221403560624e-11,5.149221403560624e-11,1279746.4125965005,3.7625670862741396e-07,3.7625670862741396e-07,1.0,28316.39072531687,-188244.4726006484,190362.28473204738,-1.4214922328356747,9.999999747378752e-06,0,9.999999747378752e-06,-0.314666748046875,0.334625244140625,9.97924779477799e-08,3.346252356872803e-06,off
1781064050.4190283,2026-06-10T12:00:50.419,87731732728176,,1,cf_0V,frequency,frequency,17930.304093072773,49,49,0.0,0.1,17930.304093072773,0.099945068359375,17930.304093098926,0,Rp || Cp,Rp,Cp,1332231.7797036169,5.146190521461766e-11,5.146190521461766e-11,1332231.7797036169,4.192136935017024e-07,4.192136935017024e-07,1.0,21963.11861161337,-169639.57679929383,171055.44304637404,-1.4420432304993407,9.999999747378752e-06,0,9.999999747378752e-06,-0.326690673828125,0.334625244140625,3.967285056027947e-08,3.346252356872803e-06,off
1781064050.8771615,2026-06-10T12:00:50.877,87731756812656,,1,cf_0V,frequency,frequency,20023.331093839864,50,50,0.0,0.1,20023.331093839864,0.099945068359375,20023.331093881323,0,Rp || Cp,Rp,Cp,1313218.093041931,5.140319752959564e-11,5.140319752959564e-11,1313218.093041931,4.6694205375663945e-07,4.6694205375663945e-07,1.0,17958.515457682068,-152515.37347348785,153569.03145882403,-1.453587145508674,9.999999747378752e-06,0,9.999999747378752e-06,-0.326690673828125,0.332183837890625,2.746581961865502e-08,3.321838294989554e-06,off
1781064051.284952,2026-06-10T12:00:51.284,87731783764336,,1,cf_0V,frequency,frequency,22360.679774997894,51,51,0.0,0.1,22360.679774997894,0.099945068359375,22360.6797749909,0,Rp || Cp,Rp,Cp,1313503.9960364916,5.138200986553066e-11,5.138200986553066e-11,1313503.9960364916,5.208102845902085e-07,5.208102845902085e-07,1.0,14448.178483456602,-136999.96464225414,137759.71898007306,-1.4657235361175354,9.999999747378752e-06,0,9.999999747378752e-06,-0.34088134765625,0.332183837890625,-4.348754772953711e-08,3.4088133904486284e-06,off
1781064051.674875,2026-06-10T12:00:51.674,87731809282416,,1,cf_0V,frequency,frequency,24970.870114304947,52,52,0.0,0.1,24970.870114304947,0.099945068359375,24970.87011427368,0,Rp || Cp,Rp,Cp,1256331.2227198354,5.133974241432295e-11,5.133974241432295e-11,1256331.2227198354,5.807480107468895e-07,5.807480107468895e-07,1.0,12149.019242704262,-122945.49008188082,123544.29246239366,-1.4722997848011916,9.999999747378752e-06,0,9.999999747378752e-06,-0.34088134765625,0.342254638671875,6.866454904663755e-09,3.422546300257956e-06,off
1781064052.0848215,2026-06-10T12:00:52.084,87731831933296,,1,cf_0V,frequency,frequency,27885.751262476904,53,53,0.0,0.1,27885.751262476904,0.099945068359375,27885.751262459737,0,Rp || Cp,Rp,Cp,1225121.0635237093,5.131700131883883e-11,5.131700131883883e-11,1225121.0635237093,6.478752101863283e-07,6.478752101863283e-07,1.0,10014.045016935173,-110309.27605473947,110762.88855623946,-1.4802629549064417,9.999999747378752e-06,0,9.999999747378752e-06,-0.34088134765625,0.342254638671875,6.866454904663755e-09,3.422546300257956e-06,off
1781064052.5292594,2026-06-10T12:00:52.529,87731858024816,,1,cf_0V,frequency,frequency,31140.89016174344,54,54,0.0,0.1,31140.89016174344,0.099945068359375,31140.890161793777,0,Rp || Cp,Rp,Cp,1187079.5224453844,5.128202419186532e-11,5.128202419186532e-11,1187079.5224453844,7.227657821823399e-07,7.227657821823399e-07,1.0,8308.406909165544,-98963.17537673241,99311.32717879752,-1.4870382138142708,9.999999747378752e-06,0,9.999999747378752e-06,-0.36114501953125,0.3585205078125,-1.3122558262246287e-08,3.6114501040795943e-06,off
1781064052.9309318,2026-06-10T12:00:52.930,87731883542896,,1,cf_0V,frequency,frequency,34776.005528338435,55,55,0.0,0.1,34776.005528338435,0.099945068359375,34776.005528271984,0,Rp || Cp,Rp,Cp,1197228.5987283962,5.1251498818652254e-11,5.1251498818652254e-11,1197228.5987283962,8.063293088348902e-07,8.063293088348902e-07,1.0,6623.4053921931945,-88802.36966160435,89049.03343947962,-1.496348267333135,9.999999747378752e-06,0,9.999999747378752e-06,-0.362335205078125,0.3585205078125,-1.9073485846288207e-08,3.623351959247678e-06,off
1781064053.3227177,2026-06-10T12:00:53.322,87731906193776,,1,cf_0V,frequency,frequency,38835.452494313686,56,56,0.0,0.1,38835.452494313686,0.099945068359375,38835.45249436793,0,Rp || Cp,Rp,Cp,1120829.9888382268,5.121890879316651e-11,5.121890879316651e-11,1120829.9888382268,8.99636832950676e-07,8.99636832950676e-07,1.0,5682.972082234549,-79607.47052765492,79810.05911223788,-1.4995298028109552,9.999999747378752e-06,0,9.999999747378752e-06,-0.370635986328125,0.3585205078125,-6.057739104781135e-08,3.7063597696507244e-06,off
1781064053.737083,2026-06-10T12:00:53.737,87731931711856,,1,cf_0V,frequency,frequency,43368.76382220184,57,57,0.0,0.1,43368.76382220184,0.099945068359375,43368.763822186906,0,Rp || Cp,Rp,Cp,1094262.1865676946,5.11706642588284e-11,5.11706642588284e-11,1094262.1865676946,1.0040185187657816e-06,1.0040185187657816e-06,1.0,4680.165511357287,-71410.25274246576,71563.45538021858,-1.5053507986797658,9.999999747378752e-06,0,9.999999747378752e-06,-0.375640869140625,0.380889892578125,2.6245116524492573e-08,3.80889882956037e-06,off
1781064054.147293,2026-06-10T12:00:54.147,87731956943216,,1,cf_0V,frequency,frequency,48431.254296349834,58,58,0.0,0.1,48431.254296349834,0.099945068359375,48431.25429637496,0,Rp || Cp,Rp,Cp,1006291.1547114118,5.1145290020504005e-11,5.1145290020504005e-11,1006291.1547114118,1.1207458771200853e-06,1.1207458771200853e-06,1.0,4085.892224214828,-63991.42668407713,64121.73737767495,-1.5070322667457092,9.999999747378752e-06,0,9.999999747378752e-06,-0.408111572265625,0.380889892578125,-1.3610839499911265e-07,4.081115619558595e-06,off
1781064054.5383482,2026-06-10T12:00:54.538,87731981027696,,1,cf_0V,frequency,frequency,54084.69566561462,59,59,0.0,0.1,54084.69566561462,0.099945068359375,54084.69566560825,0,Rp || Cp,Rp,Cp,993210.5818351416,5.1079645581509904e-11,5.1079645581509904e-11,993210.5818351416,1.2504185226150658e-06,1.2504185226150658e-06,1.0,3330.3945576434007,-57416.82321783408,57513.32990131584,-1.512857435027723,9.999999747378752e-06,0,9.999999747378752e-06,-0.408111572265625,0.4095458984375,7.171630678204366e-09,4.095458880915004e-06,off
1781064055.4986176,2026-06-10T12:00:55.498,87732036938096,,1,cf_0V,frequency,frequency,60398.07037297046,60,60,0.0,0.1,60398.07037297046,0.099945068359375,60398.070372897906,0,Rp || Cp,Rp,Cp,1088223.21593245,5.1059831033410486e-11,5.1059831033410486e-11,1088223.21593245,1.3882039032028042e-06,1.3882039032028042e-06,1.0,2441.978007234075,-51492.270329446204,51550.14219445549,-1.5234076654175348,9.999999747378752e-05,0,9.999999747378752e-05,-0.046142578125,0.04730224609375,5.798339697271615e-08,4.730224489879475e-06,off
1781064055.8999586,2026-06-10T12:00:55.899,87732061309296,,1,cf_0V,frequency,frequency,67448.41326892251,61,61,0.0,0.1,67448.41326892251,0.099945068359375,67448.4132688491,0,Rp || Cp,Rp,Cp,1036628.1747645726,5.104972694066287e-11,5.104972694066287e-11,1036628.1747645726,1.548855315750423e-06,1.548855315750423e-06,1.0,2056.9527639974685,-46130.94552083581,46176.781929013174,-1.5262364084700026,9.999999747378752e-05,0,9.999999747378752e-05,-0.050262451171875,0.04730224609375,-1.480102501671965e-07,5.026244990213868e-06,off
1781064056.3881118,2026-06-10T12:00:56.388,87732089407856,,1,cf_0V,frequency,frequency,75321.75157919075,62,62,0.0,0.1,75321.75157919075,0.099945068359375,75321.7515791249,0,Rp || Cp,Rp,Cp,976968.395094159,5.102468462777214e-11,5.102468462777214e-11,976968.395094159,1.728667311772379e-06,1.728667311772379e-06,1.0,1752.1797957295607,-41337.07958859403,41374.19827562004,-1.5284340806660126,9.999999747378752e-05,0,9.999999747378752e-05,-0.051177978515625,0.051361083984375,9.15527320621834e-09,5.1361082686884885e-06,off
1781064056.8261387,2026-06-10T12:00:56.826,87732116646256,,1,cf_0V,frequency,frequency,84114.1545960043,63,63,0.0,0.1,84114.1545960043,0.099945068359375,84114.15459598004,0,Rp || Cp,Rp,Cp,896204.9863452332,5.1003636533426343e-11,5.1003636533426343e-11,896204.9863452332,1.9286425292591286e-06,1.9286425292591286e-06,1.0,1533.0239009814854,-37034.49070751544,37066.20649926329,-1.5294254544895174,9.999999747378752e-05,0,9.999999747378752e-05,-0.0521240234375,0.051513671875,-3.051757735406113e-08,5.212402212073641e-06,off
1781064057.1864004,2026-06-10T12:00:57.186,87732141017456,,1,cf_0V,frequency,frequency,93932.9059011844,64,64,0.0,0.1,93932.9059011844,0.099945068359375,93932.90590111291,0,Rp || Cp,Rp,Cp,863548.9996893568,5.0964252388405535e-11,5.0964252388405535e-11,863548.9996893568,2.1528295110542143e-06,2.1528295110542143e-06,1.0,1278.0363986543198,-33196.59133989875,33221.183808295056,-1.5323163056984572,9.999999747378752e-05,0,9.999999747378752e-05,-0.0531005859375,0.051513671875,-7.934570112055894e-08,5.310058459606637e-06,off
1781064057.599913,2026-06-10T12:00:57.599,87732161661296,,1,cf_0V,frequency,frequency,104897.8124243061,65,65,0.0,0.1,104897.8124243061,0.099945068359375,104897.81242434049,0,Rp || Cp,Rp,Cp,810585.2578840364,5.092550998963239e-11,5.092550998963239e-11,810585.2578840364,2.402278912202855e-06,2.402278912202855e-06,1.0,1093.5826507000106,-29753.084746312677,29773.17542579522,-1.5340575953197908,9.999999747378752e-05,0,9.999999747378752e-05,-0.063079833984375,0.058929443359375,-2.075195260076157e-07,6.307983239084436e-06,off
1781064057.9737744,2026-06-10T12:00:57.973,87732189473136,,1,cf_0V,frequency,frequency,117142.66630887002,66,66,0.0,0.1,117142.66630887002,0.099945068359375,117142.66630889369,0,Rp || Cp,Rp,Cp,753451.9754680129,5.0897854937024183e-11,5.0897854937024183e-11,753451.9754680129,2.681021154194237e-06,2.681021154194237e-06,1.0,944.5191119348406,-26660.03890473134,26676.764997926544,-1.535382866309365,9.999999747378752e-05,0,9.999999747378752e-05,-0.063079833984375,0.0643310546875,6.256103357582532e-08,6.4331053062360866e-06,off
1781064058.4082737,2026-06-10T12:00:58.408,87732208683376,,1,cf_0V,frequency,frequency,130816.87742395303,67,67,0.0,0.1,130816.87742395303,0.099945068359375,130816.87742399595,0,Rp || Cp,Rp,Cp,692714.7111052289,5.087028727791214e-11,5.087028727791214e-11,692714.7111052289,2.9924511468276335e-06,2.9924511468276335e-06,1.0,824.7314297698933,-23887.72513616991,23901.957955624766,-1.5362847118748897,9.999999747378752e-05,0,9.999999747378752e-05,-0.067291259765625,0.064453125,-1.4190673469638426e-07,6.7291258065704795e-06,off
1781064058.8174577,2026-06-10T12:00:58.817,87732235635056,,1,cf_0V,frequency,frequency,146087.29644100412,68,68,0.0,0.1,146087.29644100412,0.099945068359375,146087.29644095319,0,Rp || Cp,Rp,Cp,635392.7788290841,5.0845508369005616e-11,5.0845508369005616e-11,635392.7788290841,3.3399818349829747e-06,3.3399818349829747e-06,1.0,721.7292565724804,-21402.351851514934,21414.517456525547,-1.5370871404560211,9.999999747378752e-05,0,9.999999747378752e-05,-0.07244873046875,0.068389892578125,-2.0294188940450653e-07,7.244872863854113e-06,off
1781064059.2065418,2026-06-10T12:00:59.206,87732260006256,,1,cf_0V,frequency,frequency,163140.25072069294,69,69,0.0,0.1,163140.25072069294,0.099945068359375,163140.25072077243,0,Rp || Cp,Rp,Cp,584160.8660012202,5.082110526036468e-11,5.082110526036468e-11,584160.8660012202,3.727986743308243e-06,3.727986743308243e-06,1.0,630.1277703661664,-19175.477126307214,19185.827686824403,-1.537947021517518,9.999999747378752e-05,0,9.999999747378752e-05,-0.07757568359375,0.07366943359375,-1.9531249506599124e-07,7.75756816340234e-06,off
1781064059.6647813,2026-06-10T12:00:59.664,87732283804016,,1,cf_0V,frequency,frequency,182183.81785139444,70,70,0.0,0.1,182183.81785139444,0.099945068359375,182183.81785146677,0,Rp || Cp,Rp,Cp,517107.46487074124,5.079916952780463e-11,5.079916952780463e-11,517107.46487074124,4.161327961941992e-06,4.161327961941992e-06,1.0,571.2767894448563,-17178.04223883407,17187.53886771826,-1.5375523566759093,9.999999747378752e-05,0,9.999999747378752e-05,-0.080657958984375,0.077880859375,-1.3885497696097815e-07,8.065795694678357e-06,off
1781064060.108435,2026-06-10T12:01:00.108,87732314196336,,1,cf_0V,frequency,frequency,203450.36458068906,71,71,0.0,0.1,203450.36458068906,0.099945068359375,203450.36458074616,0,Rp || Cp,Rp,Cp,457528.10821108625,5.0779400518612964e-11,5.0779400518612964e-11,457528.10821108625,4.645432923729022e-06,4.645432923729022e-06,1.0,518.129479060461,-15387.993443131461,15396.713946908552,-1.5371380199852225,9.999999747378752e-05,0,9.999999747378752e-05,-0.08465576171875,0.0867919921875,1.0681152073921396e-07,8.679198999494986e-06,off
1781064060.525249,2026-06-10T12:01:00.525,87732337133936,,1,cf_0V,frequency,frequency,227199.38211953812,72,72,0.0,0.1,227199.38211953812,0.099945068359375,227199.38211963608,0,Rp || Cp,Rp,Cp,411361.20725979074,5.076871519428803e-11,5.076871519428803e-11,411361.20725979074,5.186540730668383e-06,5.186540730668383e-06,1.0,462.2979274817449,-13782.51479915171,13790.26589890818,-1.5372665482537113,9.999999747378752e-05,0,9.999999747378752e-05,-0.09576416015625,0.091552734375,-2.105712837430218e-07,9.576415773704383e-06,off
1781064060.9122286,2026-06-10T12:01:00.912,87732363512176,,1,cf_0V,frequency,frequency,253720.6524150888,73,73,0.0,0.1,253720.6524150888,0.099945068359375,253720.65241505482,0,Rp || Cp,Rp,Cp,356665.2424810867,5.075744208135353e-11,5.075744208135353e-11,356665.2424810867,5.791354421582001e-06,5.791354421582001e-06,1.0,427.70789586943175,-12343.646395905756,12351.05422186083,-1.5361601396413693,9.999999747378752e-05,0,9.999999747378752e-05,-0.099945068359375,0.10052490234375,2.8991698486358075e-08,1.0052489980427737e-05,off
1781064061.3256712,2026-06-10T12:01:01.325,87732387596656,,1,cf_0V,frequency,frequency,283337.78402649175,74,74,0.0,0.1,283337.78402649175,0.099945068359375,283337.7840264717,0,Rp || Cp,Rp,Cp,313992.14058216027,5.075657738224757e-11,5.075657738224757e-11,313992.14058216027,6.4676789409810016e-06,6.4676789409810016e-06,1.0,389.5728424116073,-11053.1010898278,11059.964317369977,-1.5355653410530696,9.999999747378752e-05,0,9.999999747378752e-05,-0.1087646484375,0.108123779296875,-3.204345622176419e-08,1.0876464568987387e-05,off
1781064061.71958,2026-06-10T12:01:01.719,87732412254576,,1,cf_0V,frequency,frequency,316412.1607479698,75,75,0.0,0.1,316412.1607479698,0.099945068359375,316412.1607480297,0,Rp || Cp,Rp,Cp,269440.11886504106,5.0761846070351834e-11,5.0761846070351834e-11,269440.11886504106,7.224453628540646e-06,7.224453628540646e-06,1.0,363.92330710931003,-9895.610084872684,9902.29968872339,-1.5340366556622782,9.999999747378752e-05,0,9.999999747378752e-05,-0.117889404296875,0.118804931640625,4.57763660310917e-08,1.1880492863935999e-05,off
1781064062.1312273,2026-06-10T12:01:02.131,87732433471856,,1,cf_0V,frequency,frequency,353347.35115962697,76,76,0.0,0.1,353347.35115962697,0.099945068359375,353347.35115966963,0,Rp || Cp,Rp,Cp,232378.29142705817,5.07856966331858e-11,5.07856966331858e-11,232378.29142705817,8.072567845797952e-06,8.072567845797952e-06,1.0,338.00726527935973,-8856.144865807491,8862.592780645515,-1.5326484315813127,9.999999747378752e-05,0,9.999999747378752e-05,-0.130340576171875,0.125885009765625,-2.2277831468464626e-07,1.303405728791951e-05,off
1781064062.5203578,2026-06-10T12:01:02.520,87732460423536,,1,cf_0V,frequency,frequency,394594.03291068296,77,77,0.0,0.1,394594.03291068296,0.099945068359375,394594.0329106179,0,Rp || Cp,Rp,Cp,196860.9986928142,5.082465351011364e-11,5.082465351011364e-11,196860.9986928142,9.022506837497955e-06,9.022506837497955e-06,1.0,319.3930890225353,-7923.006407623552,7929.44149865293,-1.5305060342625014,9.999999747378752e-05,0,9.999999747378752e-05,-0.14105224609375,0.135986328125,-2.532958920387074e-07,1.4105224253047055e-05,off
1781064062.9334989,2026-06-10T12:01:02.933,87732481640816,,1,cf_0V,frequency,frequency,440655.49182050145,78,78,0.0,0.1,440655.49182050145,0.099945068359375,440655.49182050745,0,Rp || Cp,Rp,Cp,166180.53390564743,5.088512606879938e-11,5.088512606879938e-11,166180.53390564743,1.0088385709416941e-05,1.0088385709416941e-05,1.0,302.6136134500677,-7084.978253403758,7091.437925431588,-1.528110268641218,9.999999747378752e-05,0,9.999999747378752e-05,-0.15484619140625,0.15484619140625,0.0,1.5484618749450618e-05,off
1781064063.2884166,2026-06-10T12:01:03.288,87732506872176,,1,cf_0V,frequency,frequency,492093.7628966142,79,79,0.0,0.1,492093.7628966142,0.099945068359375,492093.7628966726,0,Rp || Cp,Rp,Cp,138547.1823053443,5.0967814283692627e-11,5.0967814283692627e-11,138547.1823053443,1.1285986215315643e-05,1.1285986215315643e-05,1.0,290.03120775375163,-6332.368317890797,6339.006753025132,-1.5250269333899,9.999999747378752e-05,0,9.999999747378752e-05,-0.170166015625,0.16864013671875,-7.629394338515283e-08,1.7016601132624487e-05,off
1781064063.7066078,2026-06-10T12:01:03.706,87732529809776,,1,cf_0V,frequency,frequency,549536.4882015135,80,80,0.0,0.1,549536.4882015135,0.099945068359375,549536.4882015963,0,Rp || Cp,Rp,Cp,115102.26678953177,5.1081164810837255e-11,5.1081164810837255e-11,115102.26678953177,1.2635279697788739e-05,1.2635279697788739e-05,1.0,278.6052204209723,-5656.011982042227,5662.86962677502,-1.5215778641685005,9.999999747378752e-05,0,9.999999747378752e-05,-0.1873779296875,0.1884765625,5.493163923731004e-08,1.8847655773868155e-05,off
1781064064.1196706,2026-06-10T12:01:04.119,87732553320816,,1,cf_0V,frequency,frequency,613684.5752468883,81,81,0.0,0.1,613684.5752468883,0.099945068359375,613684.5752469356,0,Rp || Cp,Rp,Cp,94771.79472484898,5.122701283546197e-11,5.122701283546197e-11,94771.79472484898,1.4156602378911759e-05,1.4156602378911759e-05,1.0,269.67155537544954,-5048.220928346365,5055.418606720204,-1.5174279252074023,9.999999747378752e-05,0,9.999999747378752e-05,-0.21002197265625,0.205078125,-2.4719237656789517e-07,2.100219673506487e-05,off
1781064064.5397208,2026-06-10T12:01:04.539,87732579125616,,1,cf_0V,frequency,frequency,685320.749361875,82,82,0.0,0.1,685320.749361875,0.099945068359375,685320.7493619351,0,Rp || Cp,Rp,Cp,77870.53675442719,5.1421593928407516e-11,5.1421593928407516e-11,77870.53675442719,1.587765331551869e-05,1.587765331551869e-05,1.0,261.0537199870869,-4501.138106347693,4508.701952572868,-1.5128639544782179,9.999999747378752e-05,0,9.999999747378752e-05,-0.231048583984375,0.2265625,-2.2430419355234932e-07,2.3104857814759683e-05,off
1781064064.990896,2026-06-10T12:01:04.990,87732603496816,,1,cf_0V,frequency,frequency,765319.1043900257,83,83,0.0,0.1,765319.1043900257,0.099945068359375,765319.1043900875,0,Rp || Cp,Rp,Cp,63469.42591335802,5.167474210728994e-11,5.167474210728994e-11,63469.42591335802,1.783155058044843e-05,1.783155058044843e-05,1.0,254.15075883389463,-4008.2677243936378,4016.3170640067246,-1.5074744632018464,9.999999747378752e-05,0,9.999999747378752e-05,-0.24993896484375,0.249298095703125,-3.204345622176419e-08,2.4993895852976067e-05,off
1781064065.4227195,2026-06-10T12:01:05.422,87732631595376,,1,cf_0V,frequency,frequency,854655.7682511833,84,84,0.0,0.1,854655.7682511833,0.099945068359375,854655.7682512201,0,Rp || Cp,Rp,Cp,51312.62088692064,5.2007854735537284e-11,5.2007854735537284e-11,51312.62088692064,2.0057929316763355e-05,2.0057929316763355e-05,1.0,248.6486622442134,-3563.2833710696464,3571.9482834690225,-1.5011284881358227,9.999999747378752e-05,0,9.999999747378752e-05,-0.278076171875,0.278839111328125,3.8146971692576415e-08,2.7883910428405656e-05,off
1781064065.7949715,2026-06-10T12:01:05.794,87732655679856,,1,cf_0V,frequency,frequency,954420.8135078406,85,85,0.0,0.1,954420.8135078406,0.099945068359375,954420.8135078946,0,Rp || Cp,Rp,Cp,41094.77853968295,5.2433462794252506e-11,5.2433462794252506e-11,41094.77853968295,2.2607947401540694e-05,2.2607947401540694e-05,1.0,244.66024673150952,-3161.3921016800255,3170.84510137212,-1.493560240450096,9.999999747378752e-05,0,9.999999747378752e-05,-0.312286376953125,0.3070068359375,-2.639770441126288e-07,3.1228636906410756e-05,off
1781064066.218902,2026-06-10T12:01:06.218,87732678617456,,1,cf_0V,frequency,frequency,1065831.5582669198,86,86,0.0,0.1,1065831.5582669198,0.099945068359375,1065831.5582669075,0,Rp || Cp,Rp,Cp,32576.42188911228,5.298563169594805e-11,5.298563169594805e-11,32576.42188911228,2.554657392132772e-05,2.554657392132772e-05,1.0,241.9943880257629,-2797.275459315516,2807.723504749853,-1.4845004349905067,9.999999747378752e-05,0,9.999999747378752e-05,-0.345977783203125,0.347381591796875,7.01904279143406e-08,3.4738158302127786e-05,off
1781064066.6515613,2026-06-10T12:01:06.651,87732704135536,,1,cf_0V,frequency,frequency,1190247.4197125817,87,87,0.0,0.1,1190247.4197125817,0.099945068359375,1190247.4197125202,0,Rp || Cp,Rp,Cp,25514.312194596012,5.3689253769609126e-11,5.3689253769609126e-11,25514.312194596012,2.8958687752105998e-05,2.8958687752105998e-05,1.0,240.8178046348053,-2467.0442708716287,2478.7699872052776,-1.4734907066731264,9.999999747378752e-05,0,9.999999747378752e-05,-0.391357421875,0.389068603515625,-1.1444091507772924e-07,3.9135741198847995e-05,off
1781064067.5488324,2026-06-10T12:01:07.548,87732760045936,,1,cf_0V,frequency,frequency,1329186.5015106536,88,88,0.0,0.1,1329186.5015106536,0.099945068359375,1329186.5015105486,0,Rp || Cp,Rp,Cp,24770.177735862282,5.0641322774766894e-11,5.0641322774766894e-11,24770.177735862282,2.9645703641828138e-05,2.9645703641828138e-05,1.0,223.66084747302045,-2343.0951260603892,2353.745726381739,-1.4756293728103547,0.0010000000474974513,0,0.0010000000474974513,-0.0638427734375,0.048583984375,-7.629394893626795e-06,6.384277646986902e-05,off
1781064067.9934928,2026-06-10T12:01:07.993,87732788431216,,1,cf_0V,frequency,frequency,1484344.1174816934,89,89,0.0,0.1,1484344.1174816934,0.099945068359375,1484344.1174816263,0,Rp || Cp,Rp,Cp,20082.519174788195,5.072596964147464e-11,5.072596964147464e-11,20082.519174788195,3.3032250610736324e-05,3.3032250610736324e-05,1.0,220.04290395223455,-2090.5972731057254,2102.145532045017,-1.4659288342193746,0.0010000000474974513,0,0.0010000000474974513,-0.06536865234375,0.053436279296875,-5.966186806816154e-06,6.536865544859438e-05,off
1781064068.4585147,2026-06-10T12:01:08.458,87732812515696,,1,cf_0V,frequency,frequency,1657613.4775657344,90,90,0.0,0.1,1657613.4775657344,0.099945068359375,1657613.477565718,0,Rp || Cp,Rp,Cp,16209.436215394478,5.084560795601338e-11,5.084560795601338e-11,16209.436215394478,3.679876651325479e-05,3.679876651325479e-05,1.0,217.04235511176068,-1863.069195524048,1875.6690036419227,-1.4548218886640951,0.0010000000474974513,0,0.0010000000474974513,-0.068450927734375,0.0562744140625,-6.088257125114183e-06,6.845093098561961e-05,off
1781064068.8775113,2026-06-10T12:01:08.877,87732838320496,,1,cf_0V,frequency,frequency,1851108.7884858004,91,91,0.0,0.1,1851108.7884858004,0.099945068359375,1851108.7884859024,0,Rp || Cp,Rp,Cp,13038.314530976313,5.100929593161334e-11,5.100929593161334e-11,13038.314530976313,4.098219308220479e-05,4.098219308220479e-05,1.0,214.3177847510137,-1657.83309603386,1671.6287527934533,-1.4422335025610107,0.0010000000474974513,0,0.0010000000474974513,-0.076690673828125,0.06268310546875,-7.003784512349398e-06,7.669067747073655e-05,off
1781064069.331315,2026-06-10T12:01:09.331,87732863551856,,1,cf_0V,frequency,frequency,2067191.0509809963,92,92,0.0,0.1,2067191.0509809963,0.099945068359375,2067191.0509810941,0,Rp || Cp,Rp,Cp,10453.856457324853,5.1219463182165125e-11,5.1219463182165125e-11,10453.856457324853,4.5627673487586754e-05,4.5627673487586754e-05,1.0,211.76040812434604,-1472.7085385192318,1487.8551373962591,-1.4279854264166416,0.0010000000474974513,0,0.0010000000474974513,-0.082061767578125,0.067047119140625,-7.5073245753287665e-06,8.206177147584981e-05,off
1781064069.7308607,2026-06-10T12:01:09.730,87732890790256,,1,cf_0V,frequency,frequency,2308496.8683831017,93,93,0.0,0.1,2308496.8683831017,0.099945068359375,2308496.8683831166,0,Rp || Cp,Rp,Cp,8347.30116569159,5.1496545906438887e-11,5.1496545906438887e-11,8347.30116569159,5.078502519031484e-05,5.078502519031484e-05,1.0,209.3384545024648,-1305.2158966083043,1321.8967907111737,-1.4117646492513465,0.0010000000474974513,0,0.0010000000474974513,-0.087615966796875,0.07318115234375,-7.217407569370948e-06,8.761597095841012e-05,off
1781064070.1526701,2026-06-10T12:01:10.152,87732916881776,,1,cf_0V,frequency,frequency,2577970.6180546875,94,94,0.0,0.1,2577970.6180546875,0.099945068359375,2577970.6180546926,0,Rp || Cp,Rp,Cp,6630.233078227573,5.185340598358848e-11,5.185340598358848e-11,6630.233078227573,5.65090371669944e-05,5.65090371669944e-05,1.0,207.11801292620888,-1153.404885164622,1171.8535319740758,-1.3931190030262377,0.0010000000474974513,0,0.0010000000474974513,-0.09161376953125,0.081512451171875,-5.0506594195809384e-06,9.161377388267056e-05,off
1781064070.5610213,2026-06-10T12:01:10.561,87732939532656,,1,cf_0V,frequency,frequency,2878900.378239697,95,95,0.0,0.1,2878900.378239697,0.099945068359375,2878900.378239635,0,Rp || Cp,Rp,Cp,5236.771670925937,5.2317359176904084e-11,5.2317359176904084e-11,5236.771670925937,6.285517581370113e-05,6.285517581370113e-05,1.0,204.87991022751305,-1015.3489706531718,1035.813356653258,-1.3716871708394753,0.0010000000474974513,0,0.0010000000474974513,-0.1009521484375,0.08892822265625,-6.011963176177915e-06,0.00010095215323246975,off
1781064070.9562976,2026-06-10T12:01:10.956,87732966771056,,1,cf_0V,frequency,frequency,3214958.0487006293,96,96,0.0,0.1,3214958.0487006293,0.099945068359375,3214958.048700538,0,Rp || Cp,Rp,Cp,4117.581892268091,5.2919169298038676e-11,5.2919169298038676e-11,4117.581892268091,6.989714475860435e-05,6.989714475860435e-05,1.0,202.0991246747441,-889.5592391795276,912.2278751517944,-1.347398218868203,0.0010000000474974513,0,0.0010000000474974513,-0.1121826171875,0.099029541015625,-6.5765383983062975e-06,0.0001121826225158884,off
1781064071.4117157,2026-06-10T12:01:11.411,87732988848496,,1,cf_0V,frequency,frequency,3590244.1546882903,97,97,0.0,0.1,3590244.1546882903,0.099945068359375,3590244.154688378,0,Rp || Cp,Rp,Cp,3194.6659689657313,5.371417877782692e-11,5.371417877782692e-11,3194.6659689657313,7.775647945888096e-05,7.775647945888096e-05,1.0,199.86272265959414,-773.6598287597307,799.0585951890146,-1.3179893075981937,0.0010000000474974513,0,0.0010000000474974513,-0.117218017578125,0.107177734375,-5.020141840006431e-06,0.00011721802314568208,off
1781064071.8205585,2026-06-10T12:01:11.820,87733017233776,,1,cf_0V,frequency,frequency,4009337.880935344,98,98,0.0,0.1,4009337.880935344,0.099945068359375,4009337.8809352485,0,Rp || Cp,Rp,Cp,2452.4697408822312,5.4678620169980275e-11,5.4678620169980275e-11,2452.4697408822312,8.64108478709329e-05,8.64108478709329e-05,1.0,197.59458633891242,-667.4961598450424,696.1283961729504,-1.2829916275451498,0.0010000000474974513,0,0.0010000000474974513,-0.13525390625,0.119110107421875,-8.07189979745715e-06,0.00013525391267421583,off
1781064072.2125282,2026-06-10T12:01:12.212,87733041318256,,1,cf_0V,frequency,frequency,4477352.946181116,99,99,0.0,0.1,4477352.946181116,0.099945068359375,4477352.946181128,0,Rp || Cp,Rp,Cp,1855.2974880116867,5.590943351035758e-11,5.590943351035758e-11,1855.2974880116867,9.602483360202913e-05,9.602483360202913e-05,1.0,194.98055485292238,-568.9723340013979,601.454016222148,-1.2406494446214482,0.0010000000474974513,0,0.0010000000474974513,-0.144073486328125,0.12921142578125,-7.4310306263924986e-06,0.0001440734931712484,off
1781064072.6152234,2026-06-10T12:01:12.615,87733064255856,,1,cf_0V,frequency,frequency,4999999.999999999,100,100,0.0,0.1,4999999.999999999,0.099945068359375,4999999.999999929,0,Rp || Cp,Rp,Cp,1376.9214955007806,5.732395411646235e-11,5.732395411646235e-11,1376.9214955007806,0.00010654211329497133,0.00010654211329497133,1.0,192.6087522284009,-477.60757922156927,514.9826513241675,-1.187467064382204,0.0010000000474974513,0,0.0010000000474974513,-0.15521240234375,0.145355224609375,-4.92858910128291e-06,0.00015521240971594352,off
1781064073.0148067,2026-06-10T12:01:13.014,87733088340336,,1,cf_0V,frequency,frequency,4482348.925241931,101,101,0.0,0.1,4482348.925241931,0.099945068359375,4482348.925241979,0,Rp || Cp,Rp,Cp,1850.2398112954202,5.5921691185579275e-11,5.5921691185579275e-11,1850.2398112954202,9.612395807007564e-05,9.612395807007564e-05,1.0,194.93518473863796,-568.0467526327111,600.5637679927547,-1.2402212853908956,0.0010000000474974513,0,0.0010000000474974513,-0.15679931640625,0.145355224609375,-5.7220461702200964e-06,0.0001567993238538179,off
1781064073.4630864,2026-06-10T12:01:13.463,87733112424816,,1,cf_0V,frequency,frequency,4018290.377523501,102,102,0.0,0.1,4018290.377523501,0.099945068359375,4018290.3775235703,0,Rp || Cp,Rp,Cp,2438.9312559421023,5.470285858135846e-11,5.470285858135846e-11,2438.9312559421023,8.659506789762301e-05,8.659506789762301e-05,1.0,197.54045577455028,-665.4061618545339,694.1092074750193,-1.2822117251014913,0.0010000000474974513,0,0.0010000000474974513,-0.15679931640625,0.145355224609375,-5.7220461702200964e-06,0.0001567993238538179,off
1781064073.9285088,2026-06-10T12:01:13.928,87733139663216,,1,cf_0V,frequency,frequency,3602275.9110004925,103,103,0.0,0.1,3602275.9110004925,0.099945068359375,3602275.9110004897,0,Rp || Cp,Rp,Cp,3170.387180594568,5.374193494640847e-11,5.374193494640847e-11,3170.387180594568,7.800396499496128e-05,7.800396499496128e-05,1.0,199.7491103078444,-770.3131256744783,795.7901850708892,-1.3170756427096144,0.0010000000474974513,0,0.0010000000474974513,-0.15679931640625,0.145355224609375,-5.7220461702200964e-06,0.0001567993238538179,off
1781064074.326979,2026-06-10T12:01:14.326,87733168621936,,1,cf_0V,frequency,frequency,3229331.511619592,104,104,0.0,0.1,3229331.511619592,0.099945068359375,3229331.5116196196,0,Rp || Cp,Rp,Cp,4077.9975423345127,5.294318070651914e-11,5.294318070651914e-11,4077.9975423345127,7.019822212711188e-05,7.019822212711188e-05,1.0,201.9704480290088,-884.7841142388688,907.5433822614201,-1.3463708034512285,0.0010000000474974513,0,0.0010000000474974513,-0.14208984375,0.132781982421875,-4.653930885112345e-06,0.00014208985049890543,off
1781064074.817652,2026-06-10T12:01:14.817,87733193853296,,1,cf_0V,frequency,frequency,2894998.1260715965,105,105,0.0,0.1,2894998.1260715965,0.099945068359375,2894998.126071542,0,Rp || Cp,Rp,Cp,5176.214804343525,5.2341983910940267e-11,5.2341983910940267e-11,5176.214804343525,6.318731423596887e-05,6.318731423596887e-05,1.0,204.69531163718545,-1008.7847797572416,1029.3429469696246,-1.3706016040665336,0.0010000000474974513,0,0.0010000000474974513,-0.13214111328125,0.119354248046875,-6.393432920859254e-06,0.0001321411195576161,off
1781064075.2840211,2026-06-10T12:01:15.284,87733221951856,,1,cf_0V,frequency,frequency,2595278.3477948857,106,106,0.0,0.1,2595278.3477948857,0.099945068359375,2595278.3477949738,0,Rp || Cp,Rp,Cp,6539.289724632133,5.1877335609962433e-11,5.1877335609962433e-11,6539.289724632133,5.6873927654983695e-05,5.6873927654983695e-05,1.0,206.92908287169388,-1144.7050187765835,1163.2580218293872,-1.3919570138050414,0.0010000000474974513,0,0.0010000000474974513,-0.120208740234375,0.108184814453125,-6.011963176177915e-06,0.00012020874594398379,off
1781064075.7266145,2026-06-10T12:01:15.726,87733249190256,,1,cf_0V,frequency,frequency,2326588.622588413,107,107,0.0,0.1,2326588.622588413,0.099945068359375,2326588.6225883747,0,Rp || Cp,Rp,Cp,8214.606642717741,5.151622622581014e-11,5.151622622581014e-11,8214.606642717741,5.1170341565772966e-05,5.1170341565772966e-05,1.0,209.181764668897,-1294.059080148409,1310.8569386414906,-1.4105348387884853,0.0010000000474974513,0,0.0010000000474974513,-0.109375,0.100830078125,-4.272461140431005e-06,0.00010937500519503374,off
1781064076.1331918,2026-06-10T12:01:16.133,87733274134896,,1,cf_0V,frequency,frequency,2085716.402387856,108,108,0.0,0.1,2085716.402387856,0.099945068359375,2085716.4023878027,0,Rp || Cp,Rp,Cp,10266.381520180561,5.12319769702851e-11,5.12319769702851e-11,10266.381520180561,4.601974258882014e-05,4.601974258882014e-05,1.0,211.63326048272904,-1458.7388928567366,1474.0107850607635,-1.4267219414675114,0.0010000000474974513,0,0.0010000000474974513,-0.103424072265625,0.091644287109375,-5.889892857879886e-06,0.00010342407717800484,off
1781064076.5292475,2026-06-10T12:01:16.529,87733299366256,,1,cf_0V,frequency,frequency,1869781.7349205392,109,109,0.0,0.1,1869781.7349205392,0.099945068359375,1869781.734920437,0,Rp || Cp,Rp,Cp,12794.558252518353,5.101868525241344e-11,5.101868525241344e-11,12794.558252518353,4.1381119764658235e-05,4.1381119764658235e-05,1.0,213.92029289752026,-1640.5041167762274,1654.3928339040613,-1.4411288559933695,0.0010000000474974513,0,0.0010000000474974513,-0.094940185546875,0.085052490234375,-4.943847891070163e-06,9.494019005629184e-05,off
1781064076.9420376,2026-06-10T12:01:16.942,87733323450736,,1,cf_0V,frequency,frequency,1676202.829991615,110,110,0.0,0.1,1676202.829991615,0.099945068359375,1676202.8299915243,0,Rp || Cp,Rp,Cp,15873.201859015155,5.0857278793137166e-11,5.0857278793137166e-11,15873.201859015155,3.7194240684437987e-05,3.7194240684437987e-05,1.0,216.59550559281604,-1841.5076890926107,1854.201764110426,-1.4537156797772992,0.0010000000474974513,0,0.0010000000474974513,-0.091461181640625,0.08050537109375,-5.477905533624039e-06,9.146118598479802e-05,off
1781064077.3780794,2026-06-10T12:01:17.378,87733348682096,,1,cf_0V,frequency,frequency,1502665.19070008,111,111,0.0,0.1,1502665.19070008,0.099945068359375,1502665.1907001564,0,Rp || Cp,Rp,Cp,19630.12444170183,5.073035408259175e-11,5.073035408259175e-11,19630.12444170183,3.3424817880224366e-05,3.3424817880224366e-05,1.0,219.56942876132138,-2064.452585101327,2076.0961466603912,-1.464837443656271,0.0010000000474974513,0,0.0010000000474974513,-0.0858154296875,0.07293701171875,-6.439209290221015e-06,8.581543376351419e-05,off
1781064077.7848,2026-06-10T12:01:17.784,87733373340016,,1,cf_0V,frequency,frequency,1347093.9405065936,112,112,0.0,0.1,1347093.9405065936,0.099945068359375,1347093.940506525,0,Rp || Cp,Rp,Cp,24196.871594760447,5.064013248262743e-11,5.064013248262743e-11,24196.871594760447,3.0031475153560724e-05,3.0031475153560724e-05,1.0,222.88286866964415,-2311.577682173979,2322.2980329559846,-1.4746732356096925,0.0010000000474974513,0,0.0010000000474974513,-0.07843017578125,0.069793701171875,-4.318237509792766e-06,7.843017950648346e-05,off
1781064078.2852728,2026-06-10T12:01:18.285,87733398571376,,1,cf_0V,frequency,frequency,1207629.01528593,113,113,0.0,0.1,1207629.01528593,0.099945068359375,1207629.0152859315,0,Rp || Cp,Rp,Cp,29767.975868459565,5.056917788821856e-11,5.056917788821856e-11,29767.975868459565,2.697708902838519e-05,2.697708902838519e-05,1.0,226.4310553116816,-2586.3339242213888,2596.2269142715495,-1.483469945462702,0.0010000000474974513,0,0.0010000000474974513,-0.07696533203125,0.05816650390625,-9.399414508948212e-06,7.696533568690711e-05,off
1781064078.7350535,2026-06-10T12:01:18.735,87733427530096,,1,cf_0V,frequency,frequency,1082602.9237515721,114,114,0.0,0.1,1082602.9237515721,0.099945068359375,1082602.9237515656,0,Rp || Cp,Rp,Cp,36481.96868361137,5.052610110386716e-11,5.052610110386716e-11,36481.96868361137,2.4227622505360692e-05,2.4227622505360692e-05,1.0,230.5888523179492,-2891.2218991699688,2900.402608096557,-1.4912099769050948,0.0010000000474974513,0,0.0010000000474974513,-0.0689697265625,0.05419921875,-7.385254257030738e-06,6.896972983838623e-05,off
1781064079.7003214,2026-06-10T12:01:19.700,87733484300656,,1,cf_0V,frequency,frequency,970520.8103483266,115,115,0.0,0.1,970520.8103483266,0.099945068359375,970520.8103482476,0,Rp || Cp,Rp,Cp,39759.21097384063,5.2507665056188205e-11,5.2507665056188205e-11,39759.21097384063,2.302679496999671e-05,2.302679496999671e-05,1.0,243.82367622336875,-3103.9953283301265,3113.556966458512,-1.492405734448596,9.999999747378752e-05,0,9.999999747378752e-05,-0.318756103515625,0.317657470703125,-5.493163923731004e-08,3.187560954631685e-05,off
1781064080.1574538,2026-06-10T12:01:20.157,87733513259376,,1,cf_0V,frequency,frequency,870042.5822379502,116,116,0.0,0.1,870042.5822379502,0.099945068359375,870042.5822379998,0,Rp || Cp,Rp,Cp,49667.04353630603,5.2071734975837674e-11,5.2071734975837674e-11,49667.04353630603,2.0446536937535616e-05,2.0446536937535616e-05,1.0,247.24045943103738,-3495.5078054151113,3504.2406684612342,-1.5001830130572615,9.999999747378752e-05,0,9.999999747378752e-05,-0.318756103515625,0.317657470703125,-5.493163923731004e-08,3.187560954631685e-05,off
1781064080.547628,2026-06-10T12:01:20.547,87733541357936,,1,cf_0V,frequency,frequency,779966.8866817983,117,117,0.0,0.1,779966.8866817983,0.099945068359375,779966.88668172,0,Rp || Cp,Rp,Cp,61427.84882109744,5.1726989290370166e-11,5.1726989290370166e-11,61427.84882109744,1.8193452196508262e-05,1.8193452196508262e-05,1.0,252.29047711781396,-3928.614361648555,3936.7069090034656,-1.5066656967887555,9.999999747378752e-05,0,9.999999747378752e-05,-0.318756103515625,0.317657470703125,-5.493163923731004e-08,3.187560954631685e-05,off
1781064080.959406,2026-06-10T12:01:20.959,87733566302576,,1,cf_0V,frequency,frequency,699216.7472484909,118,118,0.0,0.1,699216.7472484909,0.099945068359375,699216.7472483857,0,Rp || Cp,Rp,Cp,75283.69419790334,5.1463684301582235e-11,5.1463684301582235e-11,75283.69419790334,1.6215099525027434e-05,1.6215099525027434e-05,1.0,258.95097177468074,-4407.689889902863,4415.289998554451,-1.512113963226619,9.999999747378752e-05,0,9.999999747378752e-05,-0.318756103515625,0.317657470703125,-5.493163923731004e-08,3.187560954631685e-05,off
1781064081.3531537,2026-06-10T12:01:21.353,87733589526896,,1,cf_0V,frequency,frequency,626826.6871080867,119,119,0.0,0.1,626826.6871080867,0.099945068359375,626826.687107993,0,Rp || Cp,Rp,Cp,91327.88036426734,5.1258918243267325e-11,5.1258918243267325e-11,91327.88036426734,1.4470909354903055e-05,1.4470909354903055e-05,1.0,267.87202621784184,-4938.869196580012,4946.12821946186,-1.5166118948845702,9.999999747378752e-05,0,9.999999747378752e-05,-0.316497802734375,0.312042236328125,-2.2277831468464626e-07,3.16497794738968e-05,off
1781064081.8098457,2026-06-10T12:01:21.809,87733613898096,,1,cf_0V,frequency,frequency,561931.1854543786,120,120,0.0,0.1,561931.1854543786,0.099945068359375,561931.1854543696,0,Rp || Cp,Rp,Cp,111198.89930398132,5.110574353592469e-11,5.110574353592469e-11,111198.89930398132,1.2927597432998275e-05,1.2927597432998275e-05,1.0,275.52225080175896,-5528.278078409607,5535.139657037669,-1.5209988196316555,9.999999747378752e-05,0,9.999999747378752e-05,-0.28350830078125,0.28277587890625,-3.662109282487336e-08,2.835082936192279e-05,off
1781064082.2520182,2026-06-10T12:01:22.252,87733641709936,,1,cf_0V,frequency,frequency,503754.32903627184,121,121,0.0,0.1,503754.32903627184,0.099945068359375,503754.3290362123,0,Rp || Cp,Rp,Cp,133117.48855012582,5.098939418438338e-11,5.098939418438338e-11,133117.48855012582,1.1559585846644043e-05,1.1559585846644043e-05,1.0,287.7848646457876,-6182.748441920142,6189.442497057803,-1.5242834690031557,9.999999747378752e-05,0,9.999999747378752e-05,-0.2613525390625,0.227752685546875,-1.6799926333410653e-06,2.6135253246017953e-05,off
1781064082.6656232,2026-06-10T12:01:22.665,87733666654576,,1,cf_0V,frequency,frequency,451600.5350683417,122,122,0.0,0.1,451600.5350683417,0.099945068359375,451600.5350683372,0,Rp || Cp,Rp,Cp,159515.2845903524,5.0900528946913734e-11,5.0900528946913734e-11,159515.2845903524,1.0342270865521229e-05,1.0342270865521229e-05,1.0,299.96254543734574,-6910.762134035541,6917.269027722191,-1.5274184221226361,9.999999747378752e-05,0,9.999999747378752e-05,-0.211029052734375,0.206268310546875,-2.3803710336167683e-07,2.1102904740333273e-05,off
1781064083.0549998,2026-06-10T12:01:23.055,87733691025776,,1,cf_0V,frequency,frequency,404846.2346004526,123,123,0.0,0.1,404846.2346004526,0.099945068359375,404846.23460045556,0,Rp || Cp,Rp,Cp,190591.400008757,5.083477281344474e-11,5.083477281344474e-11,190591.400008757,9.259054897697132e-06,9.259054897697132e-06,1.0,313.27125865720006,-7720.6650548045745,7727.018038673211,-1.530242889460941,9.999999747378752e-05,0,9.999999747378752e-05,-0.2086181640625,0.19140625,-8.605956813845239e-07,2.086181587923619e-05,off
1781064083.5059612,2026-06-10T12:01:23.505,87733716257136,,1,cf_0V,frequency,frequency,362932.4169099164,124,124,0.0,0.1,362932.4169099164,0.099945068359375,362932.41690984246,0,Rp || Cp,Rp,Cp,224421.54951678013,5.0789422234209356e-11,5.0789422234209356e-11,224421.54951678013,8.29286213570646e-06,8.29286213570646e-06,1.0,331.6922187838686,-8621.418791250828,8627.797036447637,-1.53234224889704,9.999999747378752e-05,0,9.999999747378752e-05,-0.193206787109375,0.17889404296875,-7.156371889527335e-07,1.9320678222856102e-05,off
1781064083.8683658,2026-06-10T12:01:23.868,87733740915056,,1,cf_0V,frequency,frequency,325357.9457743241,125,125,0.0,0.1,325357.9457743241,0.099945068359375,325357.9457742717,0,Rp || Cp,Rp,Cp,263031.60844070395,5.076257460992097e-11,5.076257460992097e-11,263031.60844070395,7.429555342414641e-06,7.429555342414641e-06,1.0,352.565401323355,-9623.489088080998,9629.945201849507,-1.5341767818126522,9.999999747378752e-05,0,9.999999747378752e-05,-0.1717529296875,0.163665771484375,-4.0435789994131e-07,1.7175292534865605e-05,off
1781064084.2815802,2026-06-10T12:01:24.281,87733763279216,,1,cf_0V,frequency,frequency,291673.56771209295,126,126,0.0,0.1,291673.56771209295,0.099945068359375,291673.56771218067,0,Rp || Cp,Rp,Cp,303436.3798334909,5.0754815749519824e-11,5.0754815749519824e-11,303436.3798334909,6.65836139846398e-06,6.65836139846398e-06,1.0,380.43381909044274,-10737.44527065565,10744.182650673485,-1.535380570077224,9.999999747378752e-05,0,9.999999747378752e-05,-0.15447998046875,0.151214599609375,-1.6326903884422705e-07,1.5447997656625745e-05,off
1781064084.7128792,2026-06-10T12:01:24.712,87733788510576,,1,cf_0V,frequency,frequency,261476.54055115595,127,127,0.0,0.1,261476.54055115595,0.099945068359375,261476.54055115767,0,Rp || Cp,Rp,Cp,347547.1558833254,5.0760831551750926e-11,5.0760831551750926e-11,347547.1558833254,5.968267011320112e-06,5.968267011320112e-06,1.0,413.2253294018241,-11976.833170738206,11983.95961160393,-1.5363079546296345,9.999999747378752e-05,0,9.999999747378752e-05,-0.140899658203125,0.139312744140625,-7.934570112055894e-08,1.4089965464370025e-05,off
1781064085.1158035,2026-06-10T12:01:25.115,87733814602096,,1,cf_0V,frequency,frequency,234405.81810309048,128,128,0.0,0.1,234405.81810309048,0.099945068359375,234405.81810305617,0,Rp || Cp,Rp,Cp,396278.96199993993,5.0761938249106135e-11,5.0761938249106135e-11,396278.96199993993,5.350541682484344e-06,5.350541682484344e-06,1.0,450.95331571601116,-13360.387455811931,13367.99580574336,-1.5370561241043006,9.999999747378752e-05,0,9.999999747378752e-05,-0.12872314453125,0.1279296875,-3.967285056027947e-08,1.2872314127942985e-05,off
1781064085.579312,2026-06-10T12:01:25.579,87733839833456,,1,cf_0V,frequency,frequency,210137.7333689687,129,129,0.0,0.1,210137.7333689687,0.099945068359375,210137.7333689669,0,Rp || Cp,Rp,Cp,442512.92129926203,5.077404486693503e-11,5.077404486693503e-11,442512.92129926203,4.797625270310966e-06,4.797625270310966e-06,1.0,502.26102893940634,-14899.823120747395,14908.28612452652,-1.5370998920722179,9.999999747378752e-05,0,9.999999747378752e-05,-0.11798095703125,0.11859130859375,3.051757735406113e-08,1.1859130559788156e-05,off
1781064085.9723327,2026-06-10T12:01:25.972,87733866785136,,1,cf_0V,frequency,frequency,188382.12866383453,130,130,0.0,0.1,188382.12866383453,0.099945068359375,188382.12866391757,0,Rp || Cp,Rp,Cp,502530.5377594114,5.079146113095506e-11,5.079146113095506e-11,502530.5377594114,4.302308477593645e-06,4.302308477593645e-06,1.0,549.9730859770809,-16615.528888782515,16624.62843642725,-1.53770846240887,9.999999747378752e-05,0,9.999999747378752e-05,-0.11199951171875,0.106201171875,-2.8991698486358075e-07,1.1199950888940435e-05,off
1781064086.3826404,2026-06-10T12:01:26.382,87733891443056,,1,cf_0V,frequency,frequency,168878.88639022523,131,131,0.0,0.1,168878.88639022523,0.099945068359375,168878.88639026016,0,Rp || Cp,Rp,Cp,550558.1979795172,5.0815688576976666e-11,5.0815688576976666e-11,550558.1979795172,3.85828046252674e-06,3.85828046252674e-06,1.0,624.0195053921575,-18524.838840045708,18535.346082357777,-1.5371235028157715,9.999999747378752e-05,0,9.999999747378752e-05,-0.102020263671875,0.0982666015625,-1.8768310072747596e-07,1.0202026109462636e-05,off
1781064086.782607,2026-06-10T12:01:26.782,87733915240816,,1,cf_0V,frequency,frequency,151394.81898145608,132,132,0.0,0.1,151394.81898145608,0.099945068359375,151394.81898145846,0,Rp || Cp,Rp,Cp,611335.0263455278,5.083606541239251e-11,5.083606541239251e-11,611335.0263455278,3.4604982629195898e-06,3.4604982629195898e-06,1.0,698.7123934511179,-20655.72948238875,20667.543624204256,-1.5369826539620037,9.999999747378752e-05,0,9.999999747378752e-05,-0.093780517578125,0.09197998046875,-9.002685319448034e-08,9.378051520902986e-06,off
1781064087.1748724,2026-06-10T12:01:27.174,87733937891696,,1,cf_0V,frequency,frequency,135720.88082974532,133,133,0.0,0.1,135720.88082974532,0.099945068359375,135720.88082980827,0,Rp || Cp,Rp,Cp,662715.859477165,5.0860661365868576e-11,5.0860661365868576e-11,662715.859477165,3.103799092238894e-06,3.103799092238894e-06,1.0,801.1801904339854,-23028.52424281664,23042.45686769398,-1.5360195791587248,9.999999747378752e-05,0,9.999999747378752e-05,-0.088623046875,0.0863037109375,-1.159667939454323e-07,8.862304463619353e-06,off
1781064087.675169,2026-06-10T12:01:27.675,87733965130096,,1,cf_0V,frequency,frequency,121669.66886401946,134,134,0.0,0.1,121669.66886401946,0.099945068359375,121669.66886411501,0,Rp || Cp,Rp,Cp,733503.566570498,5.0886554491387495e-11,5.0886554491387495e-11,733503.566570498,2.7839643744263342e-06,2.7839643744263342e-06,1.0,899.7756191199934,-25674.48207019823,25690.243785096576,-1.5357651420115548,9.999999747378752e-05,0,9.999999747378752e-05,-0.076934814453125,0.0751953125,-8.697509545907423e-08,7.693481250958811e-06,off
1781064088.0793374,2026-06-10T12:01:28.079,87733992081776,,1,cf_0V,frequency,frequency,109073.18189343589,135,135,0.0,0.1,109073.18189343589,0.099945068359375,109073.18189339321,0,Rp || Cp,Rp,Cp,810261.5061435814,5.091725581183477e-11,5.091725581183477e-11,810261.5061435814,2.497515849151536e-06,2.497515849151536e-06,1.0,1012.2929014496367,-28621.621793125443,28639.517645851487,-1.5354429449492861,9.999999747378752e-05,0,9.999999747378752e-05,-0.07275390625,0.06793212890625,-2.4108886109708294e-07,7.275390441208174e-06,off
1781064088.538975,2026-06-10T12:01:28.538,87734019320176,,1,cf_0V,frequency,frequency,97780.81192655204,136,136,0.0,0.1,97780.81192655204,0.099945068359375,97780.81192649779,0,Rp || Cp,Rp,Cp,873062.9194242839,5.0949853651469454e-11,5.0949853651469454e-11,873062.9194242839,2.2402570103276794e-06,2.2402570103276794e-06,1.0,1167.4020764901866,-31903.802867907452,31925.154111491673,-1.5342213304381347,9.999999747378752e-05,0,9.999999747378752e-05,-0.072509765625,0.06451416015625,-3.997802633382008e-07,7.250976379324925e-06,off
1781064088.94156,2026-06-10T12:01:28.941,87734043404656,,1,cf_0V,frequency,frequency,87657.5434496528,137,137,0.0,0.1,87657.5434496528,0.099945068359375,87657.54344956634,0,Rp || Cp,Rp,Cp,950046.5988484479,5.0984855795407474e-11,5.0984855795407474e-11,950046.5988484479,2.0094635665014488e-06,2.0094635665014488e-06,1.0,1332.9829668975465,-35561.48324288356,35586.45717156918,-1.533329970728631,9.999999747378752e-05,0,9.999999747378752e-05,-0.0618896484375,0.0634765625,7.934570112055894e-08,6.347656089644715e-06,off
1781064089.3943334,2026-06-10T12:01:29.394,87734066342256,,1,cf_0V,frequency,frequency,78582.33913417984,138,138,0.0,0.1,78582.33913417984,0.099945068359375,78582.33913417223,0,Rp || Cp,Rp,Cp,981408.4305606491,5.101999775754522e-11,5.101999775754522e-11,981408.4305606491,1.8027305411862967e-06,1.8027305411862967e-06,1.0,1603.0598446239192,-39631.8892476969,39664.2968701975,-1.530369628075711,9.999999747378752e-05,0,9.999999747378752e-05,-0.061187744140625,0.0634765625,1.1444091507772924e-07,6.347656089644715e-06,off
1781064089.8448343,2026-06-10T12:01:29.844,87734096447856,,1,cf_0V,frequency,frequency,70446.69267221761,139,139,0.0,0.1,70446.69267221761,0.099945068359375,70446.69267216364,0,Rp || Cp,Rp,Cp,1009135.971274708,5.1035011658958056e-11,5.1035011658958056e-11,1009135.971274708,1.6173457964731256e-06,1.6173457964731256e-06,1.0,1938.1973355993302,-44183.119422131764,44225.6108016846,-1.5269570610271896,9.999999747378752e-05,0,9.999999747378752e-05,-0.057769775390625,0.05615234375,-8.0871579988262e-08,5.776977393123772e-06,off
1781064090.267933,2026-06-10T12:01:30.267,87734123399536,,1,cf_0V,frequency,frequency,63153.33143723267,140,140,0.0,0.1,63153.33143723267,0.099945068359375,63153.33143732005,0,Rp || Cp,Rp,Cp,1024706.5232264261,5.1051989097297396e-11,5.1051989097297396e-11,1024706.5232264261,1.4510796456136044e-06,1.4510796456136044e-06,1.0,2372.554441070208,-49249.80200872515,49306.916477046805,-1.5226596531809389,9.999999747378752e-05,0,9.999999747378752e-05,-0.057342529296875,0.055023193359375,-1.159667939454323e-07,5.734252784828087e-06,off
1781064090.6499758,2026-06-10T12:01:30.649,87734147770736,,1,cf_0V,frequency,frequency,56615.05345862548,141,141,0.0,0.1,56615.05345862548,0.099945068359375,56615.05345855744,0,Rp || Cp,Rp,Cp,1053371.3342705844,5.1067770401676724e-11,5.1067770401676724e-11,1053371.3342705844,1.3018065204476733e-06,1.3018065204476733e-06,1.0,2868.908478392378,-54898.04473682992,54972.95654941956,-1.5185849755047454,9.999999747378752e-05,0,9.999999747378752e-05,-0.054534912109375,0.053863525390625,-3.3569335089467245e-08,5.453491073170724e-06,off
1781064091.0363636,2026-06-10T12:01:31.036,87734169848176,,1,cf_0V,frequency,frequency,50753.68480455689,142,142,0.0,0.1,50753.68480455689,0.099945068359375,50753.68480454756,0,Rp || Cp,Rp,Cp,1149761.0337162695,5.111228293318914e-11,5.111228293318914e-11,1149761.0337162695,1.1679565874169776e-06,1.1679565874169776e-06,1.0,3264.465892467903,-61177.60163239741,61264.636447590216,-1.5174864104285635,9.999999747378752e-05,0,9.999999747378752e-05,-0.054534912109375,0.053863525390625,-3.3569335089467245e-08,5.453491073170724e-06,off
1781064091.4905283,2026-06-10T12:01:31.490,87734197086576,,1,cf_0V,frequency,frequency,45499.144907154674,143,143,0.0,0.1,45499.144907154674,0.099945068359375,45499.14490716844,0,Rp || Cp,Rp,Cp,1219634.916030464,5.1159468423441165e-11,5.1159468423441165e-11,1219634.916030464,1.0482204689125091e-06,1.0482204689125091e-06,1.0,3821.106314805352,-68159.76691518286,68266.79045774088,-1.5147939227472982,9.999999747378752e-05,0,9.999999747378752e-05,-0.051025390625,0.04608154296875,-2.4719237656789517e-07,5.102538933599021e-06,off
1781064091.8553255,2026-06-10T12:01:31.855,87734222317936,,1,cf_0V,frequency,frequency,40788.608654802425,144,144,0.0,0.1,40788.608654802425,0.099945068359375,40788.608654906966,0,Rp || Cp,Rp,Cp,1212427.2850810105,5.121085523012211e-11,5.121085523012211e-11,1212427.2850810105,9.403521190032657e-07,9.403521190032657e-07,1.0,4769.478699270289,-75893.9930662842,76043.71184133495,-1.5080349073082029,9.999999747378752e-05,0,9.999999747378752e-05,-0.047210693359375,0.04425048828125,-1.480102501671965e-07,4.721069216673257e-06,off
1781064092.7446904,2026-06-10T12:01:32.744,87734266472816,,1,cf_0V,frequency,frequency,36565.755233193486,145,145,0.0,0.1,36565.755233193486,0.099945068359375,36565.755233297634,0,Rp || Cp,Rp,Cp,1154295.5085697314,5.1242371716910975e-11,5.1242371716910975e-11,1154295.5085697314,8.474500496160911e-07,8.474500496160911e-07,1.0,6216.849517259807,-84483.3253210753,84711.7552363714,-1.4973420162332927,9.999999747378752e-06,0,9.999999747378752e-06,-0.35528564453125,0.374603271484375,9.658813232560348e-08,3.746032620211004e-06,off
1781064093.200059,2026-06-10T12:01:33.200,87734296291696,,1,cf_0V,frequency,frequency,32780.09473403288,146,146,0.0,0.1,32780.09473403288,0.099945068359375,32780.09473397958,0,Rp || Cp,Rp,Cp,1181343.6873585414,5.1264147355345445e-11,5.1264147355345445e-11,1181343.6873585414,7.603902785264211e-07,7.603902785264211e-07,1.0,7544.555054248755,-94105.21864540326,94407.16332601961,-1.4907959496792365,9.999999747378752e-06,0,9.999999747378752e-06,-0.371826171875,0.374603271484375,1.3885497696097815e-08,3.746032620211004e-06,off
1781064093.6515095,2026-06-10T12:01:33.651,87734323530096,,1,cf_0V,frequency,frequency,29386.364480084198,147,147,0.0,0.1,29386.364480084198,0.099945068359375,29386.3644801462,0,Rp || Cp,Rp,Cp,1207369.7527437727,5.129192578698472e-11,5.129192578698472e-11,1207369.7527437727,6.822981711014818e-07,6.822981711014818e-07,1.0,9164.34066380996,-104789.13389050208,105189.10457515993,-1.4835632061970088,9.999999747378752e-06,0,9.999999747378752e-06,-0.371826171875,0.374603271484375,1.3885497696097815e-08,3.746032620211004e-06,off
1781064094.1029654,2026-06-10T12:01:34.102,87734353635696,,1,cf_0V,frequency,frequency,26343.98784881462,148,148,0.0,0.1,26343.98784881462,0.099945068359375,26343.987848775898,0,Rp || Cp,Rp,Cp,1250304.086978413,5.13243547830746e-11,5.13243547830746e-11,1250304.086978413,6.123868431142343e-07,6.123868431142343e-07,1.0,10984.548900940443,-116676.33037554326,117192.26247692324,-1.4769275276067433,9.999999747378752e-06,0,9.999999747378752e-06,-0.371826171875,0.374603271484375,1.3885497696097815e-08,3.746032620211004e-06,off
1781064094.541458,2026-06-10T12:01:34.541,87734376573296,,1,cf_0V,frequency,frequency,23616.58912414415,149,149,0.0,0.1,23616.58912414415,0.099945068359375,23616.589124202394,0,Rp || Cp,Rp,Cp,1309786.5083990102,5.1364731443141846e-11,5.1364731443141846e-11,1309786.5083990102,5.494668112002118e-07,5.494668112002118e-07,1.0,13011.859299269576,-129897.841694716,130547.91365383627,-1.4709594174958198,9.999999747378752e-06,0,9.999999747378752e-06,-0.35589599609375,0.365234375,4.669189335171353e-08,3.6523436577340362e-06,off
1781064094.9565768,2026-06-10T12:01:34.956,87734403238256,,1,cf_0V,frequency,frequency,21171.558575697567,150,150,0.0,0.1,21171.558575697567,0.099945068359375,21171.5585756167,0,Rp || Cp,Rp,Cp,1329888.6378477563,5.140524647431224e-11,5.140524647431224e-11,1329888.6378477563,4.934452167573918e-07,4.934452167573918e-07,1.0,15888.560444376539,-144490.7251478068,145361.67310104016,-1.461273858135677,9.999999747378752e-06,0,9.999999747378752e-06,-0.33966064453125,0.365234375,1.2786864911351614e-07,3.6523436577340362e-06,off
1781064095.4576983,2026-06-10T12:01:35.457,87734429043056,,1,cf_0V,frequency,frequency,18979.66256549492,151,151,0.0,0.1,18979.66256549492,0.099945068359375,18979.662565428156,0,Rp || Cp,Rp,Cp,1285208.1928127354,5.1438472722370156e-11,5.1438472722370156e-11,1285208.1928127354,4.4357396421333237e-07,4.4357396421333237e-07,1.0,20350.8122305521,-160439.63054886405,161725.1699924881,-1.4446260680066112,9.999999747378752e-06,0,9.999999747378752e-06,-0.365264892578125,0.365234375,-1.5258788677030566e-10,3.652648833507577e-06,off
1781064095.794414,2026-06-10T12:01:35.794,87734458001776,,1,cf_0V,frequency,frequency,17014.69402038014,152,152,0.0,0.1,17014.69402038014,0.099945068359375,17014.694020431874,0,Rp || Cp,Rp,Cp,1310411.3628694683,5.1468292734045944e-11,5.1468292734045944e-11,1310411.3628694683,3.981383721621458e-07,3.981383721621458e-07,1.0,24730.356610409577,-178312.50593274928,180019.27760685736,-1.4329843594863363,9.999999747378752e-06,0,9.999999747378752e-06,-0.365264892578125,0.315704345703125,-2.478027281149764e-07,3.652648833507577e-06,off
1781064096.2227547,2026-06-10T12:01:36.222,87734480079216,,1,cf_0V,frequency,frequency,15253.159091114281,153,153,0.0,0.1,15253.159091114281,0.099945068359375,15253.159091201951,0,Rp || Cp,Rp,Cp,1329714.54519657,5.1489826332272123e-11,5.1489826332272123e-11,1329714.54519657,3.579920468784674e-07,3.579920468784674e-07,1.0,30182.007887592878,-198046.7149216142,200333.3594071887,-1.4195615583246741,9.999999747378752e-06,0,9.999999747378752e-06,-0.365264892578125,0.309478759765625,-2.7893065701611874e-07,3.652648833507577e-06,off
1781064096.6597002,2026-06-10T12:01:36.659,87734504450416,,1,cf_0V,frequency,frequency,13673.996251720062,154,154,0.0,0.1,13673.996251720062,0.099945068359375,13673.996251668541,0,Rp || Cp,Rp,Cp,1315307.0686847381,5.152183450736521e-11,5.152183450736521e-11,1315307.0686847381,3.218629585012842e-07,3.218629585012842e-07,1.0,37688.901893885246,-219435.69843128527,222648.77963283984,-1.400702184538802,9.999999747378752e-06,0,9.999999747378752e-06,-0.365264892578125,0.3138427734375,-2.5711058920796503e-07,3.652648833507577e-06,off
1781064097.1008375,2026-06-10T12:01:37.100,87734533409136,,1,cf_0V,frequency,frequency,12258.324480531926,155,155,0.0,0.1,12258.324480531926,0.099945068359375,12258.324480498573,0,Rp || Cp,Rp,Cp,1494557.0121755404,5.1559545151908834e-11,5.1559545151908834e-11,1494557.0121755404,2.8884148776713554e-07,2.8884148776713554e-07,1.0,41256.31101366272,-244862.87126371064,248314.13355257208,-1.4038766399626244,9.999999747378752e-06,0,9.999999747378752e-06,-0.325714111328125,0.3138427734375,-5.93566879536489e-08,3.2571410309989446e-06,off
1781064097.5121913,2026-06-10T12:01:37.512,87734558640496,,1,cf_0V,frequency,frequency,10989.217512115829,156,156,0.0,0.1,10989.217512115829,0.099945068359375,10989.217512076266,0,Rp || Cp,Rp,Cp,1488805.8000937046,5.1593123585845977e-11,5.1593123585845977e-11,1488805.8000937046,2.5977368600192036e-07,2.5977368600192036e-07,1.0,51110.920432276565,-271075.4666144959,275851.83484563086,-1.3844355085723279,9.999999747378752e-06,0,9.999999747378752e-06,-0.325714111328125,0.3330078125,3.646850493810305e-08,3.3300780408751507e-06,off
1781064097.9663718,2026-06-10T12:01:37.966,87734581578096,,1,cf_0V,frequency,frequency,9851.501460936432,157,157,0.0,0.1,9851.501460936432,0.099945068359375,9851.501461000113,0,Rp || Cp,Rp,Cp,1494321.5688423936,5.1609533447402023e-11,5.1609533447402023e-11,1494321.5688423936,2.339016483293252e-07,2.339016483293252e-07,1.0,62817.41038883653,-299872.2798040912,306381.15353732626,-1.3643016934221204,9.999999747378752e-06,0,9.999999747378752e-06,-0.325714111328125,0.3330078125,3.646850493810305e-08,3.3300780408751507e-06,off
1781064098.3682091,2026-06-10T12:01:38.368,87734610823536,,1,cf_0V,frequency,frequency,8831.573397089549,158,158,0.0,0.1,8831.573397089549,0.099945068359375,8831.57339707452,0,Rp || Cp,Rp,Cp,1506729.7044010742,5.165661092672269e-11,5.165661092672269e-11,1506729.7044010742,2.110496475234706e-07,2.110496475234706e-07,1.0,76665.02112556218,-331113.1817887013,339872.7182614404,-1.3432684561020616,9.999999747378752e-06,0,9.999999747378752e-06,-0.30316162109375,0.3330078125,1.4923095326135893e-07,3.3300780408751507e-06,off
1781064098.7715166,2026-06-10T12:01:38.771,87734634047856,,1,cf_0V,frequency,frequency,7917.238704927916,159,159,0.0,0.1,7917.238704927916,0.099945068359375,7917.238704848728,0,Rp || Cp,Rp,Cp,1387880.473563701,5.169580466692867e-11,5.169580466692867e-11,1387880.473563701,1.911145939268937e-07,1.911145939268937e-07,1.0,101020.46409705444,-360554.01174340094,374438.6859696054,-1.2976195832501736,9.999999747378752e-06,0,9.999999747378752e-06,-0.30316162109375,0.3330078125,1.4923095326135893e-07,3.3300780408751507e-06,off
1781064099.1827066,2026-06-10T12:01:39.182,87734657845616,,1,cf_0V,frequency,frequency,7097.565279983502,160,160,0.0,0.1,7097.565279983502,0.099945068359375,7097.565280034246,0,Rp || Cp,Rp,Cp,1370558.6581536704,5.174054183914068e-11,5.174054183914068e-11,1370558.6581536704,1.7359782401476306e-07,1.7359782401476306e-07,1.0,124586.92368162914,-393994.6514765591,413223.53145069967,-1.2645307824201475,9.999999747378752e-06,0,9.999999747378752e-06,-0.30316162109375,0.308258056640625,2.5482177090641045e-08,3.082580488533715e-06,off
1781064099.5825443,2026-06-10T12:01:39.582,87734683363696,,1,cf_0V,frequency,frequency,6362.752820913701,161,161,0.0,0.1,6362.752820913701,0.099945068359375,6362.7528208343165,0,Rp || Cp,Rp,Cp,1437348.500692432,5.1774578827288235e-11,5.1774578827288235e-11,1437348.500692432,1.5648068491899115e-07,1.5648068491899115e-07,1.0,145904.42195062683,-434082.25233287626,457947.0516720568,-1.24653843341135,9.999999747378752e-06,0,9.999999747378752e-06,-0.321502685546875,0.308258056640625,-6.622314285831266e-08,3.2150267742503402e-06,off
1781064100.073985,2026-06-10T12:01:40.073,87734708021616,,1,cf_0V,frequency,frequency,5704.01565368052,162,162,0.0,0.1,5704.01565368052,0.099945068359375,5704.015653620331,0,Rp || Cp,Rp,Cp,1434616.22252314,5.174813541258334e-11,5.174813541258334e-11,1434616.22252314,1.4162387644507523e-07,1.4162387644507523e-07,1.0,177569.86088474307,-472454.8100737282,504722.30291164026,-1.2112848869422772,9.999999747378752e-06,0,9.999999747378752e-06,-0.321502685546875,0.305938720703125,-7.781982225285589e-08,3.2150267742503402e-06,off
1781064100.5810113,2026-06-10T12:01:40.581,87734738127216,,1,cf_0V,frequency,frequency,5113.477686967608,163,163,0.0,0.1,5113.477686967608,0.099945068359375,5113.477686933265,0,Rp || Cp,Rp,Cp,1431738.604107628,5.165090647760958e-11,5.165090647760958e-11,1431738.604107628,1.2874917616705505e-07,1.2874917616705505e-07,1.0,215456.02934397463,-511913.48304068216,555406.8010922394,-1.172417401315845,9.999999747378752e-06,0,9.999999747378752e-06,-0.321502685546875,0.29144287109375,-1.5029906846875107e-07,3.2150267742503402e-06,off
1781064100.981872,2026-06-10T12:01:40.981,87734766512496,,1,cf_0V,frequency,frequency,4584.078242885572,164,164,0.0,0.1,4584.078242885572,0.099945068359375,4584.078242970691,0,Rp || Cp,Rp,Cp,1405754.230612903,5.1727443145117125e-11,5.1727443145117125e-11,1405754.230612903,1.172607656331019e-07,1.172607656331019e-07,1.0,260974.13512459514,-546587.5916336855,605694.2252753802,-1.1253421344639243,9.999999747378752e-06,0,9.999999747378752e-06,-0.311676025390625,0.29144287109375,-1.0116576892871265e-07,3.1167601751702634e-06,off
1781064101.3827019,2026-06-10T12:01:41.382,87734791743856,,1,cf_0V,frequency,frequency,4109.487637044614,165,165,0.0,0.1,4109.487637044614,0.099945068359375,4109.487637009579,0,Rp || Cp,Rp,Cp,1394856.9844668366,5.1854118824411134e-11,5.1854118824411134e-11,1394856.9844668366,1.0808608908432545e-07,1.0808608908432545e-07,1.0,310805.63343011244,-580456.0851862424,658429.5016185344,-1.0791919593843022,9.999999747378752e-06,0,9.999999747378752e-06,-0.311676025390625,0.288787841796875,-1.1444091507772924e-07,3.1167601751702634e-06,off
1781064101.7850287,2026-06-10T12:01:41.785,87734814681456,,1,cf_0V,frequency,frequency,3684.0314986403864,166,166,0.0,0.1,3684.0314986403864,0.099945068359375,3684.0314986363865,0,Rp || Cp,Rp,Cp,1450458.9821539174,5.188234257137225e-11,5.188234257137225e-11,1450458.9821539174,9.982926317799978e-08,9.982926317799978e-08,1.0,359533.03918343334,-626277.8295614743,722141.2092276047,-1.0496543714281437,9.999999747378752e-06,0,9.999999747378752e-06,-0.311676025390625,0.288787841796875,-1.1444091507772924e-07,3.1167601751702634e-06,off
1781064102.1983545,2026-06-10T12:01:42.198,87734838765936,,1,cf_0V,frequency,frequency,3302.622925697632,167,167,0.0,0.1,3302.622925697632,0.099945068359375,3302.6229256449824,0,Rp || Cp,Rp,Cp,1439296.639877661,5.18651829371586e-11,5.18651829371586e-11,1439296.639877661,9.166358461472427e-08,9.166358461472427e-08,1.0,423378.32429242745,-655833.6634166179,780619.6253945486,-0.9975504884470184,9.999999747378752e-06,0,9.999999747378752e-06,-0.311676025390625,0.288787841796875,-1.1444091507772924e-07,3.1167601751702634e-06,off
1781064102.598897,2026-06-10T12:01:42.598,87734862850416,,1,cf_0V,frequency,frequency,2960.70166429603,168,168,0.0,0.1,2960.70166429603,0.099945068359375,2960.701664207477,0,Rp || Cp,Rp,Cp,1426451.4075371844,5.1884410838749786e-11,5.1884410838749786e-11,1426451.4075371844,8.458582004730516e-08,8.458582004730516e-08,1.0,492634.6000786393,-678255.4603459173,838283.5550597978,-0.94261950635758,9.999999747378752e-06,0,9.999999747378752e-06,-0.302001953125,0.28851318359375,-6.74438459524751e-08,3.0200194549578896e-06,off
1781064103.0004456,2026-06-10T12:01:43.000,87734888081776,,1,cf_0V,frequency,frequency,2654.1795845838647,169,169,0.0,0.1,2654.1795845838647,0.099945068359375,2654.179584595795,0,Rp || Cp,Rp,Cp,1391577.5499642338,5.181910591182336e-11,5.181910591182336e-11,1391577.5499642338,7.938128703741483e-08,7.938128703741483e-08,1.0,568883.511664694,-684117.7336785317,889744.6394204375,-0.8771067577121301,9.999999747378752e-06,0,9.999999747378752e-06,-0.29364013671875,0.28851318359375,-2.563476497741135e-08,2.936401293007762e-06,off
1781064103.4030066,2026-06-10T12:01:43.403,87734911019376,,1,cf_0V,frequency,frequency,2379.391801671713,170,170,0.0,0.1,2379.391801671713,0.099945068359375,2379.391801667907,0,Rp || Cp,Rp,Cp,1461645.649131164,5.186936292494528e-11,5.186936292494528e-11,1461645.649131164,7.418766592758213e-08,7.418766592758213e-08,1.0,639757.2100301742,-725126.923204003,967004.830670921,-0.8478640131818054,9.999999747378752e-06,0,9.999999747378752e-06,-0.29364013671875,0.30499267578125,5.6762693878553705e-08,3.0499266807648695e-06,off
1781064103.8979318,2026-06-10T12:01:43.897,87734935103856,,1,cf_0V,frequency,frequency,2133.052856990533,171,171,0.0,0.1,2133.052856990533,0.099945068359375,2133.0528569052376,0,Rp || Cp,Rp,Cp,1416980.3523718736,5.1952416918103224e-11,5.1952416918103224e-11,1416980.3523718736,7.115987572944199e-08,7.115987572944199e-08,1.0,718031.3023723892,-708425.9288472395,1008680.4488288963,-0.7786645382036407,9.999999747378752e-06,0,9.999999747378752e-06,-0.29364013671875,0.30499267578125,5.6762693878553705e-08,3.0499266807648695e-06,off
1781064104.3450613,2026-06-10T12:01:44.345,87734969510256,,1,cf_0V,frequency,frequency,1912.21743620315,172,172,0.0,0.1,1912.21743620315,0.099945068359375,1912.2174361285715,0,Rp || Cp,Rp,Cp,1433116.19594717,5.202904499006577e-11,5.202904499006577e-11,1433116.19594717,6.684139872273553e-08,6.684139872273553e-08,1.0,795035.7309517614,-712247.6878822877,1067416.7800740562,-0.7305279638293138,9.999999747378752e-06,0,9.999999747378752e-06,-0.28924560546875,0.30499267578125,7.873534957347772e-08,3.0499266807648695e-06,off
1781064104.7527661,2026-06-10T12:01:44.752,87734991300976,,1,cf_0V,frequency,frequency,1714.2451539988147,173,173,0.0,0.1,1714.2451539988147,0.099945068359375,1714.2451539342574,0,Rp || Cp,Rp,Cp,1396459.3784322059,5.2053750334352223e-11,5.2053750334352223e-11,1396459.3784322059,6.495123321259603e-08,6.495123321259603e-08,1.0,865748.4855757529,-677836.3753657883,1099537.4445855583,-0.6642567889312635,9.999999747378752e-06,0,9.999999747378752e-06,-0.28924560546875,0.304931640625,7.843017379993711e-08,3.0493163292177883e-06,off
1781064105.1971545,2026-06-10T12:01:45.197,87735016532336,,1,cf_0V,frequency,frequency,1536.7689847255556,174,174,0.0,0.1,1536.7689847255556,0.099945068359375,1536.7689847067822,0,Rp || Cp,Rp,Cp,1436625.268919572,5.2103699828357687e-11,5.2103699828357687e-11,1436625.268919572,6.06201517739856e-08,6.06201517739856e-08,1.0,943659.8041607552,-682049.6271770265,1164339.0914682182,-0.6258453855404503,9.999999747378752e-06,0,9.999999747378752e-06,-0.28924560546875,0.304931640625,7.843017379993711e-08,3.0493163292177883e-06,off
1781064105.6137495,2026-06-10T12:01:45.613,87735044917616,,1,cf_0V,frequency,frequency,1377.6669614059458,175,175,0.0,0.1,1377.6669614059458,0.099945068359375,1377.6669614173898,0,Rp || Cp,Rp,Cp,1393825.457655109,5.201081693014408e-11,5.201081693014408e-11,1393825.457655109,5.623665165210868e-08,5.623665165210868e-08,1.0,1000033.4574651696,-627538.9832289863,1180623.6028141277,-0.5604079546169785,9.999999747378752e-06,0,9.999999747378752e-06,-0.297332763671875,0.304931640625,3.799438380580611e-08,3.0493163292177883e-06,off
1781064106.0347693,2026-06-10T12:01:46.034,87735068715376,,1,cf_0V,frequency,frequency,1235.0368047598533,176,176,0.0,0.1,1235.0368047598533,0.099945068359375,1235.036804771994,0,Rp || Cp,Rp,Cp,1453107.6211318704,5.218759238688844e-11,5.218759238688844e-11,1453107.6211318704,5.667318020836707e-08,5.667318020836707e-08,1.0,1079336.0258346999,-635157.577486047,1252354.3447852877,-0.5318989056588426,9.999999747378752e-06,0,9.999999747378752e-06,-0.297332763671875,0.298187255859375,4.2724608295685584e-09,2.981872483265313e-06,off
1781064106.5034947,2026-06-10T12:01:46.503,87735093660016,,1,cf_0V,frequency,frequency,1107.1731788899117,177,177,0.0,0.1,1107.1731788899117,0.099945068359375,1107.1731789513706,0,Rp || Cp,Rp,Cp,1459025.7575391247,5.2230263880571444e-11,5.2230263880571444e-11,1459025.7575391247,5.474629736682614e-08,5.474629736682614e-08,1.0,1138942.4720606422,-603785.1011975663,1289087.430352093,-0.48745837123696756,9.999999747378752e-06,0,9.999999747378752e-06,-0.306610107421875,0.298187255859375,-4.211425674860436e-08,3.066100996762522e-06,off
1781064106.908767,2026-06-10T12:01:46.908,87735122045296,,1,cf_0V,frequency,frequency,992.547301690778,178,178,0.0,0.1,992.547301690778,0.099945068359375,992.5473017347031,0,Rp || Cp,Rp,Cp,1556687.1140395121,5.2140692128525526e-11,5.2140692128525526e-11,1556687.1140395121,5.1517827212125994e-08,5.1517827212125994e-08,1.0,1239180.382817717,-627254.4242511375,1388890.2526488153,-0.46858329493576806,9.999999747378752e-06,0,9.999999747378752e-06,-0.306610107421875,0.2967529296875,-4.928588742680873e-08,3.066100996762522e-06,off
1781064107.412219,2026-06-10T12:01:47.412,87735148996976,,1,cf_0V,frequency,frequency,889.7886661970878,179,179,0.0,0.1,889.7886661970878,0.099945068359375,889.7886662140309,0,Rp || Cp,Rp,Cp,1455690.2970027188,5.233920935762995e-11,5.233920935762995e-11,1455690.2970027188,5.313577987916527e-08,5.313577987916527e-08,1.0,1232135.3940515497,-524833.219642102,1339256.3375674065,-0.40267856758032405,9.999999747378752e-06,0,9.999999747378752e-06,-0.306610107421875,0.2967529296875,-4.928588742680873e-08,3.066100996762522e-06,off
1781064107.8108032,2026-06-10T12:01:47.810,87735177955696,,1,cf_0V,frequency,frequency,797.6686543241938,180,180,0.0,0.1,797.6686543241938,0.099945068359375,797.6686543287315,0,Rp || Cp,Rp,Cp,1437171.2194293581,5.2217174677462904e-11,5.2217174677462904e-11,1437171.2194293581,5.288170051880966e-08,5.288170051880966e-08,1.0,1259058.6702744581,-473554.80073394097,1345170.2065134542,-0.3597505937339305,9.999999747378752e-06,0,9.999999747378752e-06,-0.284210205078125,0.2967529296875,6.271362146259563e-08,2.9675292219089044e-06,off
1781064108.2601485,2026-06-10T12:01:48.260,87735200033136,,1,cf_0V,frequency,frequency,715.0858470818457,181,181,0.0,0.1,715.0858470818457,0.099945068359375,715.0858471760557,0,Rp || Cp,Rp,Cp,1417949.3313476099,5.247465438010826e-11,5.247465438010826e-11,1417949.3313476099,5.19825174325293e-08,5.19825174325293e-08,1.0,1275406.516239444,-426380.1534218836,1344790.6219549957,-0.32262859214488493,9.999999747378752e-06,0,9.999999747378752e-06,-0.279937744140625,0.2967529296875,8.407592561043842e-08,2.9675292219089044e-06,off
1781064108.6191578,2026-06-10T12:01:48.619,87735226124656,,1,cf_0V,frequency,frequency,641.0528556246055,182,182,0.0,0.1,641.0528556246055,0.099945068359375,641.0528555989004,0,Rp || Cp,Rp,Cp,1421131.975328894,5.223682991848282e-11,5.223682991848282e-11,1421131.975328894,5.168769871188484e-08,5.168769871188484e-08,1.0,1304500.9081832618,-390058.1149186114,1361568.19603897,-0.29054779658336455,9.999999747378752e-06,0,9.999999747378752e-06,-0.279937744140625,0.29248046875,6.271362146259563e-08,2.924804613613219e-06,off
1781064109.0653687,2026-06-10T12:01:49.065,87735251356016,,1,cf_0V,frequency,frequency,574.6845156864445,183,183,0.0,0.1,574.6845156864445,0.099945068359375,574.6845156551217,0,Rp || Cp,Rp,Cp,1429270.6897231464,5.2272429046871095e-11,5.2272429046871095e-11,1429270.6897231464,5.07822286716517e-08,5.07822286716517e-08,1.0,1332309.446762411,-359419.50415414735,1379938.709471828,-0.2634991182695608,9.999999747378752e-06,0,9.999999747378752e-06,-0.27996826171875,0.29248046875,6.256103357582532e-08,2.924804613613219e-06,off
1781064109.478546,2026-06-10T12:01:49.478,87735276874096,,1,cf_0V,frequency,frequency,515.1873042480629,184,184,0.0,0.1,515.1873042480629,0.099945068359375,515.1873042308353,0,Rp || Cp,Rp,Cp,1438093.6073446274,5.200478401002571e-11,5.200478401002571e-11,1438093.6073446274,5.06540811937913e-08,5.06540811937913e-08,1.0,1358477.0746277743,-328872.6721045653,1397718.5685059894,-0.23751948860993993,9.999999747378752e-06,0,9.999999747378752e-06,-0.28582763671875,0.29248046875,3.3264159315926634e-08,2.924804613613219e-06,off
1781064109.9738235,2026-06-10T12:01:49.973,87735299811696,,1,cf_0V,frequency,frequency,461.8498518989187,185,185,0.0,0.1,461.8498518989187,0.099945068359375,461.8498518027536,0,Rp || Cp,Rp,Cp,1459594.0266650077,5.301193807473223e-11,5.301193807473223e-11,1459594.0266650077,5.03742355896766e-08,5.03742355896766e-08,1.0,1389538.3380584249,-312001.7069150899,1424135.477422039,-0.2208729803954366,9.999999747378752e-06,0,9.999999747378752e-06,-0.28582763671875,0.29248046875,3.3264159315926634e-08,2.924804613613219e-06,off
1781064110.3825493,2026-06-10T12:01:50.382,87735329630576,,1,cf_0V,frequency,frequency,414.03443745645274,186,186,0.0,0.1,414.03443745645274,0.099945068359375,414.0344374548022,0,Rp || Cp,Rp,Cp,1448139.5483574644,5.221960644815179e-11,5.221960644815179e-11,1448139.5483574644,4.99769679155735e-08,4.99769679155735e-08,1.0,1394183.4416563427,-274271.23534732277,1420905.4083673803,-0.1942448910213139,9.999999747378752e-06,0,9.999999747378752e-06,-0.28582763671875,0.286102294921875,1.373290980932751e-09,2.861022876943231e-06,off
1781064110.8706923,2026-06-10T12:01:50.870,87735355148656,,1,cf_0V,frequency,frequency,371.1693631492158,187,187,0.0,0.1,371.1693631492158,0.099945068359375,371.1693631913704,0,Rp || Cp,Rp,Cp,1563532.0074459498,5.252568781391245e-11,5.252568781391245e-11,1563532.0074459498,4.6188138020317184e-08,4.6188138020317184e-08,1.0,1508206.9385521186,-288862.6884551729,1535620.337934577,-0.1892355450980677,9.999999747378752e-06,0,9.999999747378752e-06,-0.30157470703125,0.28143310546875,-1.0070800526840173e-07,3.015746994128321e-06,off
1781064111.2846594,2026-06-10T12:01:51.284,87735385254256,,1,cf_0V,frequency,frequency,332.7421191989247,188,188,0.0,0.1,332.7421191989247,0.099945068359375,332.74211929779085,0,Rp || Cp,Rp,Cp,1485417.2079815082,5.24161040574234e-11,5.24161040574234e-11,1485417.2079815082,4.8567394563106247e-08,4.8567394563106247e-08,1.0,1447073.6588825341,-235554.53697433742,1466120.0885742202,-0.1613646126866589,9.999999747378752e-06,0,9.999999747378752e-06,-0.30157470703125,0.28143310546875,-1.0070800526840173e-07,3.015746994128321e-06,off
1781064111.7385283,2026-06-10T12:01:51.738,87735408191856,,1,cf_0V,frequency,frequency,298.2932560748046,189,189,0.0,0.1,298.2932560748046,0.099945068359375,298.2932561224061,0,Rp || Cp,Rp,Cp,1482286.99983762,5.264124251129312e-11,5.264124251129312e-11,1482286.99983762,4.738103165875678e-08,4.738103165875678e-08,1.0,1451248.1830126885,-212238.13634699443,1466685.4861277095,-0.14521580174867882,9.999999747378752e-06,0,9.999999747378752e-06,-0.30157470703125,0.282745361328125,-9.414672613727859e-08,3.015746994128321e-06,off
1781064112.2253318,2026-06-10T12:01:52.225,87735436577136,,1,cf_0V,frequency,frequency,267.41089115476336,190,190,0.0,0.1,267.41089115476336,0.099945068359375,267.4108910838413,0,Rp || Cp,Rp,Cp,1464128.9318996365,5.295897628982131e-11,5.295897628982131e-11,1464128.9318996365,4.795399064710355e-08,4.795399064710355e-08,1.0,1439693.1817932145,-187563.27684335882,1451859.6490439728,-0.12955037437574843,9.999999747378752e-06,0,9.999999747378752e-06,-0.319122314453125,0.310577392578125,-4.2724608295685584e-08,3.1912230639141725e-06,off
1781064112.6878004,2026-06-10T12:01:52.687,87735465249136,,1,cf_0V,frequency,frequency,239.7257841131082,191,191,0.0,0.1,239.7257841131082,0.099945068359375,239.72578418351986,0,Rp || Cp,Rp,Cp,1537835.5749429835,5.266584484528182e-11,5.266584484528182e-11,1537835.5749429835,4.8081024760849e-08,4.8081024760849e-08,1.0,1515284.8027646916,-184853.57008284866,1526518.5475001624,-0.12139279868380619,9.999999747378752e-06,0,9.999999747378752e-06,-0.319122314453125,0.310577392578125,-4.2724608295685584e-08,3.1912230639141725e-06,off
1781064113.133537,2026-06-10T12:01:53.133,87735494207856,,1,cf_0V,frequency,frequency,214.90692215443403,192,192,0.0,0.1,214.90692215443403,0.099945068359375,214.9069221246691,0,Rp || Cp,Rp,Cp,1496916.8742306759,5.2698219062530314e-11,5.2698219062530314e-11,1496916.8742306759,4.909391024764723e-08,4.909391024764723e-08,1.0,1480123.202600293,-157660.08701310502,1488496.3546857373,-0.10611808264484565,9.999999747378752e-06,0,9.999999747378752e-06,-0.319122314453125,0.310577392578125,-4.2724608295685584e-08,3.1912230639141725e-06,off
1781064113.5422852,2026-06-10T12:01:53.542,87735520586096,,1,cf_0V,frequency,frequency,192.65756230919578,193,193,0.0,0.1,192.65756230919578,0.099945068359375,192.65756222353048,0,Rp || Cp,Rp,Cp,1497109.1990509531,5.2952722936358485e-11,5.2952722936358485e-11,1497109.1990509531,4.8441855450688796e-08,4.8441855450688796e-08,1.0,1483448.0337050061,-142357.39836961104,1490262.9625585591,-0.0956708972843334,9.999999747378752e-06,0,9.999999747378752e-06,-0.289093017578125,0.31378173828125,1.2344360039717728e-07,3.1378173035445656e-06,off
1781064113.934899,2026-06-10T12:01:53.934,87735544957296,,1,cf_0V,frequency,frequency,172.71168347127087,194,194,0.0,0.1,172.71168347127087,0.099945068359375,172.7116834615572,0,Rp || Cp,Rp,Cp,1455960.5709087048,5.254872915913491e-11,5.254872915913491e-11,1455960.5709087048,4.8735374013037306e-08,4.8735374013037306e-08,1.0,1445992.915867083,-120054.8148888329,1450968.1841156206,-0.08283587782162882,9.999999747378752e-06,0,9.999999747378752e-06,-0.289093017578125,0.325103759765625,1.8005370638896068e-07,3.2510375155281324e-06,off
1781064114.2877975,2026-06-10T12:01:54.287,87735566748016,,1,cf_0V,frequency,frequency,154.83080575683516,195,195,0.0,0.1,154.83080575683516,0.099945068359375,154.83080566980334,0,Rp || Cp,Rp,Cp,1506741.7875008564,5.4055645243642694e-11,5.4055645243642694e-11,1506741.7875008564,4.7727189664462875e-08,4.7727189664462875e-08,1.0,1497341.1991409822,-118641.84863447164,1502034.1390568856,-0.07906981692080223,9.999999747378752e-06,0,9.999999747378752e-06,-0.289093017578125,0.325103759765625,1.8005370638896068e-07,3.2510375155281324e-06,off
1781064114.6989324,2026-06-10T12:01:54.698,87735588825456,,1,cf_0V,frequency,frequency,138.8011391556985,196,196,0.0,0.1,138.8011391556985,0.099945068359375,138.80113911568515,0,Rp || Cp,Rp,Cp,1490132.5749611435,5.44480708533889e-11,5.44480708533889e-11,1490132.5749611435,4.7648349001946237e-08,4.7648349001946237e-08,1.0,1482708.9415940074,-104914.66805251087,1486416.1237874778,-0.07064103648980152,9.999999747378752e-06,0,9.999999747378752e-06,-0.2872314453125,0.325103759765625,1.8936156748194932e-07,3.2510375155281324e-06,off
1781064115.0978034,2026-06-10T12:01:55.097,87735614343536,,1,cf_0V,frequency,frequency,124.43102738338021,197,197,0.0,0.1,124.43102738338021,0.099945068359375,124.43102740178347,0,Rp || Cp,Rp,Cp,1462699.085204732,5.4545850183578795e-11,5.4545850183578795e-11,1462699.085204732,4.886915883114025e-08,4.886915883114025e-08,1.0,1457029.921585339,-90885.31797720998,1459861.7514747065,-0.06229639879353722,9.999999747378752e-06,0,9.999999747378752e-06,-0.2877197265625,0.325103759765625,1.8692016129362443e-07,3.2510375155281324e-06,off
1781064115.5429025,2026-06-10T12:01:55.542,87735641868656,,1,cf_0V,frequency,frequency,111.54865637172875,198,198,0.0,0.1,111.54865637172875,0.099945068359375,111.54865639184663,0,Rp || Cp,Rp,Cp,1488273.0516269065,5.2808053605866026e-11,5.2808053605866026e-11,1488273.0516269065,4.772731873787691e-08,4.772731873787691e-08,1.0,1483770.8926313224,-81732.32207423159,1486020.2671200677,-0.05502858070686327,9.999999747378752e-06,0,9.999999747378752e-06,-0.305023193359375,0.310211181640625,2.5939940750951962e-08,3.102111738040314e-06,off
1781064115.8947031,2026-06-10T12:01:55.894,87735663085936,,1,cf_0V,frequency,frequency,100.0,199,199,0.0,0.1,100.0,0.099945068359375,99.99999996068709,0,Rp || Cp,Rp,Cp,1498533.4935478063,5.165281904063974e-11,5.165281904063974e-11,1498533.4935478063,4.795687694010901e-08,4.795687694010901e-08,1.0,1494997.421166945,-72707.76499416838,1496764.4131212712,-0.04859575052465472,9.999999747378752e-06,0,9.999999747378752e-06,-0.305023193359375,0.30169677734375,-1.6632079657963317e-08,3.05023185653841e-06,off
1781064116.3075128,2026-06-10T12:01:56.307,87735685163376,,1,cf_0V,frequency,frequency,0.0,200,200,0.0,0.1,0.0,0.099945068359375,0.0,0,Rp || Cp,Rp,Cp,108.85831748386911,nan,nan,108.85831748386911,8.660800673287473e-08,8.660800673287473e-08,1.0,-108.85831746930478,0.0017807015697161779,108.85831748386911,3.1415762956154007,9.999999747378752e-06,0,9.999999747378752e-06,-0.62469482421875,0.999969482421875,1.8763732436144487e-06,9.999694571605211e-06,off
