timestamp_unix,timestamp_iso,sample_timestamp,sample_clockbase,block_index,block_name,mode,sweep_variable,sweep_value,point_index_block,point_index_total,set_bias_V,set_amplitude_V,set_frequency_Hz,measured_drive_V,measured_frequency_Hz,model,model_name,param0_name,param1_name,param0,param1,C_F,R_Ohm,demod_R_raw,demod_R,demod_R_gain,Z_real_Ohm,Z_imag_Ohm,Z_abs_Ohm,Z_phase_rad,imps_current_range_A,currin_index,currin_range_A,currin_norm_min,currin_norm_max,currin_est_A,currin_peak_A,iv_autorange_mode
1781066377.9987915,2026-06-10T12:39:37.998,87871390599536,,1,cf_0V,frequency,frequency,0.0,1,1,0.0,0.1,0.0,0.099945068359375,0.0,0,Rp || Cp,Rp,Cp,108.61696845122093,nan,nan,108.61696845122093,8.363863804228203e-08,8.363863804228203e-08,1.0,-108.61696845029894,-0.0004475333132156692,108.61696845122091,-3.1415885333006743,9.999999747378752e-05,0,9.999999747378752e-05,-0.14019775390625,0.541748046875,2.007751414123682e-05,5.417480331892932e-05,off
1781066378.413366,2026-06-10T12:39:38.413,87871413537136,,1,cf_0V,frequency,frequency,100.0,2,2,0.0,0.1,100.0,0.099945068359375,99.99999996068709,0,Rp || Cp,Rp,Cp,2224072.1933301026,4.8744002062112334e-11,4.8744002062112334e-11,2224072.1933301026,3.1993302585389424e-08,3.1993302585389424e-08,1.0,2213800.587093862,-150795.51689684863,2218930.4467092506,-0.06801106848529025,9.999999747378752e-05,0,9.999999747378752e-05,-0.14019775390625,0.541748046875,2.007751414123682e-05,5.417480331892932e-05,off
1781066379.3015332,2026-06-10T12:39:39.301,87871466580336,,1,cf_0V,frequency,frequency,111.67312606580774,3,3,0.0,0.1,111.67312606580774,0.099945068359375,111.6731259998005,0,Rp || Cp,Rp,Cp,2187385.701198444,4.4067775689605113e-11,4.4067775689605113e-11,2187385.701198444,3.254853800997329e-08,3.254853800997329e-08,1.0,2177424.922971902,-147271.33720676255,2182399.6292938334,-0.06753269995647752,9.999999747378752e-06,0,9.999999747378752e-06,-0.300445556640625,0.27484130859375,-1.2802123700028645e-07,3.0044554905073184e-06,off
1781066379.7396965,2026-06-10T12:39:39.739,87871492958576,,1,cf_0V,frequency,frequency,124.70887085309788,4,4,0.0,0.1,124.70887085309788,0.099945068359375,124.70887085669347,0,Rp || Cp,Rp,Cp,2194186.4688504264,4.325945391373014e-11,4.325945391373014e-11,2194186.4688504264,3.26577816123894e-08,3.26577816123894e-08,1.0,2182115.523040916,-162296.6365292845,2188142.6722507942,-0.07423913262407808,9.999999747378752e-06,0,9.999999747378752e-06,-0.300445556640625,0.27484130859375,-1.2802123700028645e-07,3.0044554905073184e-06,off
1781066380.2004626,2026-06-10T12:39:40.200,87871515896176,,1,cf_0V,frequency,frequency,139.2662945630255,5,5,0.0,0.1,139.2662945630255,0.099945068359375,139.26629449656502,0,Rp || Cp,Rp,Cp,2193614.122423417,4.287871698659547e-11,4.287871698659547e-11,2193614.122423417,3.270636775732082e-08,3.270636775732082e-08,1.0,2178854.2032651016,-179331.29090582242,2186221.70673149,-0.08212022109632296,9.999999747378752e-06,0,9.999999747378752e-06,-0.300445556640625,0.302215576171875,8.850097432677728e-09,3.022155685372674e-06,off
1781066380.6228173,2026-06-10T12:39:40.622,87871547148656,,1,cf_0V,frequency,frequency,155.52302469454662,6,6,0.0,0.1,155.52302469454662,0.099945068359375,155.52302464527656,0,Rp || Cp,Rp,Cp,2161482.1539014913,4.356233098031933e-11,4.356233098031933e-11,2161482.1539014913,3.312959527005016e-08,3.312959527005016e-08,1.0,2143336.815272618,-197209.46303068902,2152390.3632965423,-0.09175214602138314,9.999999747378752e-06,0,9.999999747378752e-06,-0.308746337890625,0.302215576171875,-3.265380776884541e-08,3.0874633009103647e-06,off
1781066381.0224228,2026-06-10T12:39:41.022,87871570086256,,1,cf_0V,frequency,frequency,173.67742342849834,7,7,0.0,0.1,173.67742342849834,0.099945068359375,173.6774233762617,0,Rp || Cp,Rp,Cp,2178638.5135173094,4.341735263118379e-11,4.341735263118379e-11,2178638.5135173094,3.305363960085901e-08,3.305363960085901e-08,1.0,2155670.371993661,-222512.3416403835,2167124.0146501944,-0.10285760147728805,9.999999747378752e-06,0,9.999999747378752e-06,-0.308746337890625,0.302215576171875,-3.265380776884541e-08,3.0874633009103647e-06,off
1781066381.4203453,2026-06-10T12:39:41.420,87871595317616,,1,cf_0V,frequency,frequency,193.95100801315368,8,8,0.0,0.1,193.95100801315368,0.099945068359375,193.9510080006812,0,Rp || Cp,Rp,Cp,2137684.911565512,4.3267616142066154e-11,4.3267616142066154e-11,2137684.911565512,3.384688723625407e-08,3.384688723625407e-08,1.0,2110867.4234783864,-237924.6981350041,2124233.848116754,-0.11224046401938147,9.999999747378752e-06,0,9.999999747378752e-06,-0.308746337890625,0.310394287109375,8.239745885596506e-09,3.1039427926815577e-06,off
1781066381.829539,2026-06-10T12:39:41.829,87871619975536,,1,cf_0V,frequency,frequency,216.59115368443398,9,9,0.0,0.1,216.59115368443398,0.099945068359375,216.5911537588272,0,Rp || Cp,Rp,Cp,2101729.1369892815,4.4544848578937206e-11,4.4544848578937206e-11,2101729.1369892815,3.390279114666993e-08,3.390279114666993e-08,1.0,2068157.4451491074,-263498.66114556865,2084875.7186823369,-0.1267246978246627,9.999999747378752e-06,0,9.999999747378752e-06,-0.308746337890625,0.310394287109375,8.239745885596506e-09,3.1039427926815577e-06,off
1781066382.224448,2026-06-10T12:39:42.224,87871643486576,,1,cf_0V,frequency,frequency,241.8741121014056,10,10,0.0,0.1,241.8741121014056,0.099945068359375,241.87411220566446,0,Rp || Cp,Rp,Cp,2092451.9857881342,4.4298427638711285e-11,4.4298427638711285e-11,2092451.9857881342,3.493087759394788e-08,3.493087759394788e-08,1.0,2051737.593707912,-289024.6509139931,2071994.7881860822,-0.13994738325379213,9.999999747378752e-06,0,9.999999747378752e-06,-0.300323486328125,0.310394287109375,5.035400263420087e-08,3.1039427926815577e-06,off
1781066382.6745367,2026-06-10T12:39:42.674,87871666424176,,1,cf_0V,frequency,frequency,270.1083821275558,11,11,0.0,0.1,270.1083821275558,0.099945068359375,270.1083821676775,0,Rp || Cp,Rp,Cp,2176622.601534152,4.38530854766186e-11,4.38530854766186e-11,2176622.601534152,3.43117348473951e-08,3.43117348473951e-08,1.0,2120963.5695376135,-343585.1847510101,2148612.8647306664,-0.16059971549801366,9.999999747378752e-06,0,9.999999747378752e-06,-0.300323486328125,0.310394287109375,5.035400263420087e-08,3.1039427926815577e-06,off
1781066383.1324384,2026-06-10T12:39:43.132,87871696529776,,1,cf_0V,frequency,frequency,301.6384740876191,12,12,0.0,0.1,301.6384740876191,0.099945068359375,301.6384739851219,0,Rp || Cp,Rp,Cp,2018473.063039987,4.450267202585623e-11,4.450267202585623e-11,2018473.063039987,3.7002465849285494e-08,3.7002465849285494e-08,1.0,1961618.4337618495,-333956.71701088885,1989842.6994390746,-0.16862875474541109,9.999999747378752e-06,0,9.999999747378752e-06,-0.300323486328125,0.30792236328125,3.799438380580611e-08,3.079223555024768e-06,off
1781066383.5209718,2026-06-10T12:39:43.520,87871721761136,,1,cf_0V,frequency,frequency,336.849113430846,13,13,0.0,0.1,336.849113430846,0.099945068359375,336.84911350917446,0,Rp || Cp,Rp,Cp,1972519.1530248332,4.422983264038285e-11,4.422983264038285e-11,1972519.1530248332,3.7326782021207254e-08,3.7326782021207254e-08,1.0,1907481.6335328608,-352218.5030935663,1939727.8304408235,-0.18259435120178968,9.999999747378752e-06,0,9.999999747378752e-06,-0.300323486328125,0.29644775390625,-1.937866161982882e-08,3.003234787413156e-06,off
1781066383.984741,2026-06-10T12:39:43.984,87871747852656,,1,cf_0V,frequency,frequency,376.169935093184,14,14,0.0,0.1,376.169935093184,0.099945068359375,376.1699350945946,0,Rp || Cp,Rp,Cp,2138470.918540033,4.3965494016184404e-11,4.3965494016184404e-11,2138470.918540033,3.439604456410727e-08,3.439604456410727e-08,1.0,2037840.6273477548,-452844.8914732942,2087549.5007789757,-0.21866493307071663,9.999999747378752e-06,0,9.999999747378752e-06,-0.305084228515625,0.29644775390625,-4.31823719559965e-08,3.0508422080854913e-06,off
1781066384.4357302,2026-06-10T12:39:44.435,87871771937136,,1,cf_0V,frequency,frequency,420.08072583827897,15,15,0.0,0.1,420.08072583827897,0.099945068359375,420.08072583143985,0,Rp || Cp,Rp,Cp,2093517.1196013389,4.4149463012628855e-11,4.4149463012628855e-11,2093517.1196013389,3.545711139583914e-08,3.545711139583914e-08,1.0,1975919.538589563,-482040.8260843023,2033868.5751522954,-0.2392837766072772,9.999999747378752e-06,0,9.999999747378752e-06,-0.305084228515625,0.280029296875,-1.2527465503842095e-07,3.0508422080854913e-06,off
1781066384.8887434,2026-06-10T12:39:44.888,87871802042736,,1,cf_0V,frequency,frequency,469.11727854354143,16,16,0.0,0.1,469.11727854354143,0.099945068359375,469.11727856979724,0,Rp || Cp,Rp,Cp,2145144.527122054,4.4344027230353655e-11,4.4344027230353655e-11,2145144.527122054,3.4253998027919526e-08,3.4253998027919526e-08,1.0,1988795.1927634664,-557626.0436566131,2065491.0126464362,-0.2733646072318348,9.999999747378752e-06,0,9.999999747378752e-06,-0.305084228515625,0.280029296875,-1.2527465503842095e-07,3.0508422080854913e-06,off
1781066385.2885118,2026-06-10T12:39:45.288,87871827274096,,1,cf_0V,frequency,frequency,523.8779298644155,17,17,0.0,0.1,523.8779298644155,0.099945068359375,523.877929836658,0,Rp || Cp,Rp,Cp,2043575.4612760101,4.426200258116331e-11,4.426200258116331e-11,2043575.4612760101,3.570605749442035e-08,3.570605749442035e-08,1.0,1877170.1941825524,-558901.608105421,1958606.3783900498,-0.28937866483154095,9.999999747378752e-06,0,9.999999747378752e-06,-0.297332763671875,0.280029296875,-8.651733179876331e-08,2.973327561606176e-06,off
1781066385.6867092,2026-06-10T12:39:45.686,87871851932016,,1,cf_0V,frequency,frequency,585.0308610484332,18,18,0.0,0.1,585.0308610484332,0.099945068359375,585.0308610888533,0,Rp || Cp,Rp,Cp,2082526.8790878265,4.4432479103636346e-11,4.4432479103636346e-11,2082526.8790878265,3.489791943534708e-08,3.489791943534708e-08,1.0,1866580.3177000363,-634887.077488156,1971599.2705381638,-0.32785844744543635,9.999999747378752e-06,0,9.999999747378752e-06,-0.27508544921875,0.280029296875,2.4719237656789517e-08,2.8002928980086494e-06,off
1781066386.133149,2026-06-10T12:39:46.133,87871876303216,,1,cf_0V,frequency,frequency,653.3222509824973,19,19,0.0,0.1,653.3222509824973,0.099945068359375,653.3222509119696,0,Rp || Cp,Rp,Cp,2153608.0704378625,4.416949389823803e-11,4.416949389823803e-11,2153608.0704378625,3.655904650241218e-08,3.655904650241218e-08,1.0,1868684.2565672647,-729679.8238276073,2006094.0895290626,-0.372270777121312,9.999999747378752e-06,0,9.999999747378752e-06,-0.279083251953125,0.280517578125,7.171630678204366e-09,2.8051757103852992e-06,off
1781066386.585184,2026-06-10T12:39:46.585,87871901247856,,1,cf_0V,frequency,frequency,729.585380955657,20,20,0.0,0.1,729.585380955657,0.099945068359375,729.5853809097252,0,Rp || Cp,Rp,Cp,2098458.850723962,4.406768715628376e-11,4.406768715628376e-11,2098458.850723962,3.552157457245227e-08,3.552157457245227e-08,1.0,1778803.868052251,-754058.0346489348,1932031.7597328115,-0.4009495649369867,9.999999747378752e-06,0,9.999999747378752e-06,-0.279083251953125,0.280517578125,7.171630678204366e-09,2.8051757103852992e-06,off
1781066386.9991746,2026-06-10T12:39:46.999,87871928486256,,1,cf_0V,frequency,frequency,814.7508022323145,21,21,0.0,0.1,814.7508022323145,0.099945068359375,814.7508022915417,0,Rp || Cp,Rp,Cp,2159277.2623460307,4.4190389939398244e-11,4.4190389939398244e-11,2159277.2623460307,3.683196573310912e-08,3.683196573310912e-08,1.0,1743312.095188328,-851561.5697546819,1940178.9011101467,-0.45438387335984864,9.999999747378752e-06,0,9.999999747378752e-06,-0.279083251953125,0.280517578125,7.171630678204366e-09,2.8051757103852992e-06,off
1781066387.3944976,2026-06-10T12:39:47.394,87871952857456,,1,cf_0V,frequency,frequency,909.8576904990725,22,22,0.0,0.1,909.8576904990725,0.099945068359375,909.8576904165157,0,Rp || Cp,Rp,Cp,2078130.7221200156,4.410059572255371e-11,4.410059572255371e-11,2078130.7221200156,3.7595149669965254e-08,3.7595149669965254e-08,1.0,1630546.7144692384,-854287.2076321576,1840784.9470240616,-0.4826053579528487,9.999999747378752e-06,0,9.999999747378752e-06,-0.319000244140625,0.29693603515625,-1.1032104213493099e-07,3.19000236082001e-06,off
1781066387.8405461,2026-06-10T12:39:47.840,87871978662256,,1,cf_0V,frequency,frequency,1016.0665257304771,23,23,0.0,0.1,1016.0665257304771,0.099945068359375,1016.0665256364609,0,Rp || Cp,Rp,Cp,2066145.1253269988,4.400965371970044e-11,4.400965371970044e-11,2066145.1253269988,3.991356078770782e-08,3.991356078770782e-08,1.0,1545366.5757121486,-897102.9840116686,1786883.2130978599,-0.5259664121794191,9.999999747378752e-06,0,9.999999747378752e-06,-0.319000244140625,0.29693603515625,-1.1032104213493099e-07,3.19000236082001e-06,off
1781066388.197612,2026-06-10T12:39:48.197,87872002746736,,1,cf_0V,frequency,frequency,1134.6732521914685,24,24,0.0,0.1,1134.6732521914685,0.099945068359375,1134.67325220995,0,Rp || Cp,Rp,Cp,2115466.1769160866,4.3881616770852033e-11,4.3881616770852033e-11,2115466.1769160866,4.109215089874455e-08,4.109215089874455e-08,1.0,1471112.1300498846,-973610.3195794515,1764111.0944528154,-0.5846391841816909,9.999999747378752e-06,0,9.999999747378752e-06,-0.319000244140625,0.29693603515625,-1.1032104213493099e-07,3.19000236082001e-06,off
1781066388.6554651,2026-06-10T12:39:48.655,87872027978096,,1,cf_0V,frequency,frequency,1267.1250913547792,25,25,0.0,0.1,1267.1250913547792,0.099945068359375,1267.1250913598442,0,Rp || Cp,Rp,Cp,1843922.8175331387,4.3925747442700024e-11,4.3925747442700024e-11,1843922.8175331387,4.5978786247478274e-08,4.5978786247478274e-08,1.0,1302355.8377419894,-839829.1002693947,1549659.203102392,-0.5727489882562486,9.999999747378752e-06,0,9.999999747378752e-06,-0.319000244140625,0.29693603515625,-1.1032104213493099e-07,3.19000236082001e-06,off
1781066389.0248969,2026-06-10T12:39:49.024,87872052062576,,1,cf_0V,frequency,frequency,1415.0382006801042,26,26,0.0,0.1,1415.0382006801042,0.099945068359375,1415.0382007471762,0,Rp || Cp,Rp,Cp,1907240.6072752627,4.3865274839400886e-11,4.3865274839400886e-11,1907240.6072752627,4.600267454423319e-08,4.600267454423319e-08,1.0,1227875.6600904686,-913332.1865383128,1530311.8373748076,-0.6395413520226627,9.999999747378752e-06,0,9.999999747378752e-06,-0.274261474609375,0.29132080078125,8.529662870460086e-08,2.9132079342186756e-06,off
1781066389.4294853,2026-06-10T12:39:49.429,87872074426736,,1,cf_0V,frequency,frequency,1580.2173937248301,27,27,0.0,0.1,1580.2173937248301,0.099945068359375,1580.217393737371,0,Rp || Cp,Rp,Cp,2105370.7909047287,4.3889993468918775e-11,4.3889993468918775e-11,2105370.7909047287,4.6737087706755445e-08,4.6737087706755445e-08,1.0,1143137.8307166342,-1048792.1141739502,1551363.5933490884,-0.7423824098335916,9.999999747378752e-06,0,9.999999747378752e-06,-0.274261474609375,0.277130126953125,1.4343261356408732e-08,2.7713011995222914e-06,off
1781066389.8087986,2026-06-10T12:39:49.808,87872098511216,,1,cf_0V,frequency,frequency,1764.6781622081528,28,28,0.0,0.1,1764.6781622081528,0.099945068359375,1764.6781621039054,0,Rp || Cp,Rp,Cp,2088734.3187950125,4.3911659826189736e-11,4.3911659826189736e-11,2088734.3187950125,4.863550455327298e-08,4.863550455327298e-08,1.0,1026793.8998881931,-1044219.298891873,1464479.3125974294,-0.7938119136447866,9.999999747378752e-06,0,9.999999747378752e-06,-0.27850341796875,0.28643798828125,3.967285056027947e-08,2.864379810452178e-06,off
1781066390.2018,2026-06-10T12:39:50.201,87872121448816,,1,cf_0V,frequency,frequency,1970.6712687384897,29,29,0.0,0.1,1970.6712687384897,0.099945068359375,1970.6712688360994,0,Rp || Cp,Rp,Cp,2250517.6407223544,4.385160820752954e-11,4.385160820752954e-11,2250517.6407223544,4.9490627473140124e-08,4.9490627473140124e-08,1.0,902654.8055561977,-1103020.7910068298,1425286.1338647162,-0.8849673080683523,9.999999747378752e-06,0,9.999999747378752e-06,-0.27850341796875,0.28643798828125,3.967285056027947e-08,2.864379810452178e-06,off
1781066390.6510112,2026-06-10T12:39:50.651,87872144386416,,1,cf_0V,frequency,frequency,2200.7102102809863,30,30,0.0,0.1,2200.7102102809863,0.099945068359375,2200.7102103316356,0,Rp || Cp,Rp,Cp,2310646.6560191265,4.380994250338574e-11,4.380994250338574e-11,2310646.6560191265,5.348190028489333e-08,5.348190028489333e-08,1.0,780812.1420164048,-1092937.9505759194,1343198.0363778593,-0.950460707240862,9.999999747378752e-06,0,9.999999747378752e-06,-0.27850341796875,0.28643798828125,3.967285056027947e-08,2.864379810452178e-06,off
1781066391.085585,2026-06-10T12:39:51.085,87872174205296,,1,cf_0V,frequency,frequency,2457.6018874701913,31,31,0.0,0.1,2457.6018874701913,0.099945068359375,2457.6018875421823,0,Rp || Cp,Rp,Cp,2290936.150468591,4.3753203769409554e-11,4.3753203769409554e-11,2290936.150468591,5.788560281660554e-08,5.788560281660554e-08,1.0,674662.3158885296,-1044240.8957457176,1243224.9550374593,-0.9971823247825679,9.999999747378752e-06,0,9.999999747378752e-06,-0.277862548828125,0.305206298828125,1.3671874654619387e-07,3.0520629111796538e-06,off
1781066391.4825168,2026-06-10T12:39:51.482,87872199723376,,1,cf_0V,frequency,frequency,2744.480853990254,32,32,0.0,0.1,2744.480853990254,0.099945068359375,2744.480853991149,0,Rp || Cp,Rp,Cp,2253616.512324879,4.3772280962788595e-11,4.3772280962788595e-11,2253616.512324879,6.28624841113258e-08,6.28624841113258e-08,1.0,578800.1738491507,-984572.9977381817,1142100.5337197583,-1.0393442604142304,9.999999747378752e-06,0,9.999999747378752e-06,-0.277862548828125,0.305206298828125,1.3671874654619387e-07,3.0520629111796538e-06,off
1781066391.9784167,2026-06-10T12:39:51.978,87872222660976,,1,cf_0V,frequency,frequency,3064.8475639284966,33,33,0.0,0.1,3064.8475639284966,0.099945068359375,3064.8475640049355,0,Rp || Cp,Rp,Cp,2236523.2098273155,4.379010695923531e-11,4.379010695923531e-11,2236523.2098273155,6.868561190333749e-08,6.868561190333749e-08,1.0,490795.1541064616,-925632.1462306125,1047699.7439294694,-1.0832605463889857,9.999999747378752e-06,0,9.999999747378752e-06,-0.277862548828125,0.305206298828125,1.3671874654619387e-07,3.0520629111796538e-06,off
1781066392.415442,2026-06-10T12:39:52.415,87872250759536,,1,cf_0V,frequency,frequency,3422.6110837907077,34,34,0.0,0.1,3422.6110837907077,0.099945068359375,3422.6110837209944,0,Rp || Cp,Rp,Cp,2168057.7884417432,4.382314605464633e-11,4.382314605464633e-11,2168057.7884417432,7.502407266930616e-08,7.502407266930616e-08,1.0,418973.9124633604,-856049.3646661051,953079.0387318871,-1.1156426114620033,9.999999747378752e-06,0,9.999999747378752e-06,-0.27130126953125,0.305206298828125,1.6952514220180959e-07,3.0520629111796538e-06,off
1781066392.8209314,2026-06-10T12:39:52.820,87872280004976,,1,cf_0V,frequency,frequency,3822.1367903439054,35,35,0.0,0.1,3822.1367903439054,0.099945068359375,3822.136790319064,0,Rp || Cp,Rp,Cp,2159291.9567481796,4.379419570449199e-11,4.379419570449199e-11,2159291.9567481796,8.218941577899028e-08,8.218941577899028e-08,1.0,350684.3065768583,-796398.3423324856,870189.5210522952,-1.1560064648296113,9.999999747378752e-06,0,9.999999747378752e-06,-0.294891357421875,0.2703857421875,-1.2252807307655544e-07,2.948913499722927e-06,off
1781066393.2131793,2026-06-10T12:39:53.213,87872302082416,,1,cf_0V,frequency,frequency,4268.299636288371,36,36,0.0,0.1,4268.299636288371,0.099945068359375,4268.299636294159,0,Rp || Cp,Rp,Cp,2139341.0246346444,4.375901440915261e-11,4.375901440915261e-11,2139341.0246346444,9.036632237795701e-08,9.036632237795701e-08,1.0,292929.93888834456,-735438.0235685571,791629.3549430536,-1.191750488093879,9.999999747378752e-06,0,9.999999747378752e-06,-0.297271728515625,0.260345458984375,-1.8463134299206985e-07,2.972717210059095e-06,off
1781066393.6634562,2026-06-10T12:39:53.663,87872329320816,,1,cf_0V,frequency,frequency,4766.543633698721,37,37,0.0,0.1,4766.543633698721,0.099945068359375,4766.543633607512,0,Rp || Cp,Rp,Cp,2145704.407468646,4.3613055179043145e-11,4.3613055179043145e-11,2145704.407468646,9.957304664173652e-08,9.957304664173652e-08,1.0,242318.79028667446,-679136.2898598415,721071.7691954026,-1.2280726228204588,9.999999747378752e-06,0,9.999999747378752e-06,-0.297271728515625,0.2987060546875,7.171630678204366e-09,2.9870604714155036e-06,off
1781066394.1128864,2026-06-10T12:39:54.112,87872353118576,,1,cf_0V,frequency,frequency,5322.948281042111,38,38,0.0,0.1,5322.948281042111,0.099945068359375,5322.948280976902,0,Rp || Cp,Rp,Cp,2219051.65839735,4.3636089288417434e-11,4.3636089288417434e-11,2219051.65839735,1.093816616460445e-07,1.093816616460445e-07,1.0,193163.37892177247,-625561.6879105679,654705.671533396,-1.2713005152757975,9.999999747378752e-06,0,9.999999747378752e-06,-0.297271728515625,0.2987060546875,7.171630678204366e-09,2.9870604714155036e-06,off
1781066394.5766835,2026-06-10T12:39:54.576,87872380356976,,1,cf_0V,frequency,frequency,5944.302744305904,39,39,0.0,0.1,5944.302744305904,0.099945068359375,5944.302744325114,0,Rp || Cp,Rp,Cp,2158020.6327881743,4.368941188539625e-11,4.368941188539625e-11,2158020.6327881743,1.214975424046823e-07,1.214975424046823e-07,1.0,161045.12376395252,-567100.6683159418,589524.1300341613,-1.2941009998922952,9.999999747378752e-06,0,9.999999747378752e-06,-0.2843017578125,0.2987060546875,7.202148255558427e-08,2.9870604714155036e-06,off
1781066395.0806034,2026-06-10T12:39:55.080,87872410749296,,1,cf_0V,frequency,frequency,6638.188697382001,40,40,0.0,0.1,6638.188697382001,0.099945068359375,6638.188697394298,0,Rp || Cp,Rp,Cp,2169082.8386614136,4.371191940310537e-11,4.371191940310537e-11,2169082.8386614136,1.3467214129457202e-07,1.3467214129457202e-07,1.0,130360.81311973963,-515528.33188364655,531755.0212005288,-1.3231198410868932,9.999999747378752e-06,0,9.999999747378752e-06,-0.292755126953125,0.272247314453125,-1.025390599096454e-07,2.9275511955750844e-06,off
1781066395.5332103,2026-06-10T12:39:55.533,87872438847856,,1,cf_0V,frequency,frequency,7413.07283251361,41,41,0.0,0.1,7413.07283251361,0.099945068359375,7413.072832491707,0,Rp || Cp,Rp,Cp,2214980.960993648,4.368796107549545e-11,4.368796107549545e-11,2214980.960993648,1.4952928253380567e-07,1.4952928253380567e-07,1.0,103915.85339610111,-468372.85599267075,479762.0627121022,-1.3524671882189532,9.999999747378752e-06,0,9.999999747378752e-06,-0.292755126953125,0.265350341796875,-1.3702392231973448e-07,2.9275511955750844e-06,off
1781066395.9852362,2026-06-10T12:39:55.985,87872464939376,,1,cf_0V,frequency,frequency,8278.410169603068,42,42,0.0,0.1,8278.410169603068,0.099945068359375,8278.410169637595,0,Rp || Cp,Rp,Cp,2127881.229198381,4.3651736363834106e-11,4.3651736363834106e-11,2127881.229198381,1.661796226741867e-07,1.661796226741867e-07,1.0,87413.45927902401,-422332.03325820155,431283.50209477317,-1.3667001988335723,9.999999747378752e-06,0,9.999999747378752e-06,-0.292755126953125,0.297027587890625,2.1362304147842792e-08,2.97027580387077e-06,off
1781066396.3874443,2026-06-10T12:39:56.387,87872493037936,,1,cf_0V,frequency,frequency,9244.759424945483,43,43,0.0,0.1,9244.759424945483,0.099945068359375,9244.759424973381,0,Rp || Cp,Rp,Cp,2122190.7673735735,4.362194231539909e-11,4.362194231539909e-11,2122190.7673735735,1.847168545466887e-07,1.847168545466887e-07,1.0,70939.64755861025,-381464.3253226677,388004.4652959781,-1.3869300488239078,9.999999747378752e-06,0,9.999999747378752e-06,-0.292755126953125,0.3065185546875,6.881713693340785e-08,3.0651854694419e-06,off
1781066396.808031,2026-06-10T12:39:56.808,87872517122416,,1,cf_0V,frequency,frequency,10323.911847100022,44,44,0.0,0.1,10323.911847100022,0.099945068359375,10323.911847009982,0,Rp || Cp,Rp,Cp,2104355.4141799742,4.360149212416485e-11,4.360149212416485e-11,2104355.4141799742,2.0551543729406485e-07,2.0551543729406485e-07,1.0,57774.956078139956,-343862.0305837983,348681.8630600738,-1.4043332817434222,9.999999747378752e-06,0,9.999999747378752e-06,-0.2828369140625,0.3065185546875,1.1840820013375719e-07,3.0651854694419e-06,off
1781066397.2509935,2026-06-10T12:39:57.250,87872541493616,,1,cf_0V,frequency,frequency,11529.035091934857,45,45,0.0,0.1,11529.035091934857,0.099945068359375,11529.035091939477,0,Rp || Cp,Rp,Cp,2086666.0142425862,4.358571881517162e-11,4.358571881517162e-11,2086666.0142425862,2.288195180425327e-07,2.288195180425327e-07,1.0,46991.66831340625,-309592.7976088395,313138.8146208404,-1.4201607203659712,9.999999747378752e-06,0,9.999999747378752e-06,-0.29290771484375,0.3065185546875,6.805419749955632e-08,3.0651854694419e-06,off
1781066397.6733487,2026-06-10T12:39:57.673,87872568445296,,1,cf_0V,frequency,frequency,12874.833892387638,46,46,0.0,0.1,12874.833892387638,0.099945068359375,12874.83389234012,0,Rp || Cp,Rp,Cp,2050124.695227473,4.3550690018803914e-11,4.3550690018803914e-11,2050124.695227473,2.5495072818718807e-07,2.5495072818718807e-07,1.0,38560.29086496747,-278507.6453633423,281164.3728451813,-1.4332177150793286,9.999999747378752e-06,0,9.999999747378752e-06,-0.324798583984375,0.2843017578125,-2.024841257441956e-07,3.2479857577927262e-06,off
1781066398.0810862,2026-06-10T12:39:58.081,87872593103216,,1,cf_0V,frequency,frequency,14377.729483409405,47,47,0.0,0.1,14377.729483409405,0.099945068359375,14377.729483356916,0,Rp || Cp,Rp,Cp,2062037.0882310374,4.352337209972926e-11,4.352337209972926e-11,2062037.0882310374,2.841132843081813e-07,2.841132843081813e-07,1.0,30900.167284274965,-250524.3912965804,252422.84162238232,-1.4480742042187105,9.999999747378752e-06,0,9.999999747378752e-06,-0.324798583984375,0.276336669921875,-2.423095641912454e-07,3.2479857577927262e-06,off
1781066398.4830472,2026-06-10T12:39:58.483,87872617187696,,1,cf_0V,frequency,frequency,16056.059971408577,48,48,0.0,0.1,16056.059971408577,0.099945068359375,16056.059971489845,0,Rp || Cp,Rp,Cp,2100442.2947969465,4.350376196395684e-11,4.350376196395684e-11,2100442.2947969465,3.168578134249645e-07,3.168578134249645e-07,1.0,24429.645116700573,-225202.69156799532,226523.86154663167,-1.4627403796819127,9.999999747378752e-06,0,9.999999747378752e-06,-0.324798583984375,0.276336669921875,-2.423095641912454e-07,3.2479857577927262e-06,off
1781066398.8863263,2026-06-10T12:39:58.886,87872643852656,,1,cf_0V,frequency,frequency,17930.304093072773,49,49,0.0,0.1,17930.304093072773,0.099945068359375,17930.304093098926,0,Rp || Cp,Rp,Cp,2073827.6439942978,4.348128319632502e-11,4.348128319632502e-11,2073827.6439942978,3.531871275601914e-07,3.531871275601914e-07,1.0,19902.132765412603,-202181.84442413526,203159.03401856715,-1.4726756404070263,9.999999747378752e-06,0,9.999999747378752e-06,-0.324798583984375,0.303802490234375,-1.0498046609797029e-07,3.2479857577927262e-06,off
1781066399.341357,2026-06-10T12:39:59.341,87872667650416,,1,cf_0V,frequency,frequency,20023.331093839864,50,50,0.0,0.1,20023.331093839864,0.099945068359375,20023.331093881323,0,Rp || Cp,Rp,Cp,2056502.7913166764,4.344159381473734e-11,4.344159381473734e-11,2056502.7913166764,3.940100942881743e-07,3.940100942881743e-07,1.0,16151.11566148085,-181532.24480406594,182249.31945199097,-1.4820589217567448,9.999999747378752e-06,0,9.999999747378752e-06,-0.330474853515625,0.303802490234375,-1.3336181303724715e-07,3.30474845167128e-06,off
1781066399.7872114,2026-06-10T12:39:59.787,87872693741936,,1,cf_0V,frequency,frequency,22360.679774997894,51,51,0.0,0.1,22360.679774997894,0.099945068359375,22360.6797749909,0,Rp || Cp,Rp,Cp,1956094.6208115537,4.3438335740822345e-11,4.3438335740822345e-11,1956094.6208115537,4.395479753824537e-07,4.395479753824537e-07,1.0,13630.04511574207,-162714.10449762704,163283.9794110918,-1.4872246009888845,9.999999747378752e-06,0,9.999999747378752e-06,-0.330474853515625,0.303802490234375,-1.3336181303724715e-07,3.30474845167128e-06,off
1781066400.2396011,2026-06-10T12:40:00.239,87872722127216,,1,cf_0V,frequency,frequency,24970.870114304947,52,52,0.0,0.1,24970.870114304947,0.099945068359375,24970.87011427368,0,Rp || Cp,Rp,Cp,1886183.5995158216,4.3406216546355646e-11,4.3406216546355646e-11,1886183.5995158216,4.904421235486964e-07,4.904421235486964e-07,1.0,11362.16334132546,-145952.14076413203,146393.7367151613,-1.493104466234436,9.999999747378752e-06,0,9.999999747378752e-06,-0.330474853515625,0.29559326171875,-1.7440795457845937e-07,3.30474845167128e-06,off
1781066400.697565,2026-06-10T12:40:00.697,87872747932016,,1,cf_0V,frequency,frequency,27885.751262476904,53,53,0.0,0.1,27885.751262476904,0.099945068359375,27885.751262459737,0,Rp || Cp,Rp,Cp,1814270.4885712147,4.337516609115898e-11,4.337516609115898e-11,1814270.4885712147,5.472603586090934e-07,5.472603586090934e-07,1.0,9493.203856454778,-130893.53948647024,131237.34071809117,-1.4983969452373511,9.999999747378752e-06,0,9.999999747378752e-06,-0.3330078125,0.4085693359375,3.778076076432768e-07,4.085693256161704e-06,off
1781066401.102758,2026-06-10T12:40:01.102,87872774023536,,1,cf_0V,frequency,frequency,31140.89016174344,54,54,0.0,0.1,31140.89016174344,0.099945068359375,31140.890161793777,0,Rp || Cp,Rp,Cp,1765582.0153304907,4.3347399450895055e-11,4.3347399450895055e-11,1765582.0153304907,6.106771510112367e-07,6.106771510112367e-07,1.0,7838.479716182995,-117379.88349868359,117641.3142328219,-1.5041165949415483,9.999999747378752e-06,0,9.999999747378752e-06,-0.338104248046875,0.4085693359375,3.5232543055263577e-07,4.085693256161704e-06,off
1781066401.4905422,2026-06-10T12:40:01.490,87872799254896,,1,cf_0V,frequency,frequency,34776.005528338435,55,55,0.0,0.1,34776.005528338435,0.099945068359375,34776.005528271984,0,Rp || Cp,Rp,Cp,1730166.9055969978,4.333731206180698e-11,4.333731206180698e-11,1730166.9055969978,6.815227661489554e-07,6.815227661489554e-07,1.0,6421.758710131092,-105211.5745109203,105407.3735371396,-1.509835336227605,9.999999747378752e-06,0,9.999999747378752e-06,-0.355377197265625,0.4085693359375,2.6596068664064276e-07,4.085693256161704e-06,off
1781066401.9291275,2026-06-10T12:40:01.929,87872821619056,,1,cf_0V,frequency,frequency,38835.452494313686,56,56,0.0,0.1,38835.452494313686,0.099945068359375,38835.45249436793,0,Rp || Cp,Rp,Cp,1641013.7957950523,4.3315404439273956e-11,4.3315404439273956e-11,1641013.7957950523,7.606260862583276e-07,7.606260862583276e-07,1.0,5436.824310662486,-94299.22926793227,94455.82935484216,-1.5132050595746225,9.999999747378752e-06,0,9.999999747378752e-06,-0.355377197265625,0.4085693359375,2.6596068664064276e-07,4.085693256161704e-06,off
1781066402.3344688,2026-06-10T12:40:02.334,87872848570736,,1,cf_0V,frequency,frequency,43368.76382220184,57,57,0.0,0.1,43368.76382220184,0.099945068359375,43368.763822186906,0,Rp || Cp,Rp,Cp,1550495.7804133107,4.328060191668822e-11,4.328060191668822e-11,1550495.7804133107,8.490361523410845e-07,8.490361523410845e-07,1.0,4623.087794901625,-84538.18768885384,84664.50329669009,-1.5161643602245507,9.999999747378752e-06,0,9.999999747378752e-06,-0.355377197265625,0.358734130859375,1.6784667544733622e-08,3.587341217969886e-06,off
1781066402.7520814,2026-06-10T12:40:02.752,87872874662256,,1,cf_0V,frequency,frequency,48431.254296349834,58,58,0.0,0.1,48431.254296349834,0.099945068359375,48431.25429637496,0,Rp || Cp,Rp,Cp,1467950.4446246375,4.325057661326421e-11,4.325057661326421e-11,1467950.4446246375,9.476380794708555e-07,9.476380794708555e-07,1.0,3922.21762244026,-75777.55150239408,75878.98986396543,-1.5190828503485583,9.999999747378752e-06,0,9.999999747378752e-06,-0.368133544921875,0.358734130859375,-4.699706912525414e-08,3.6813353562203943e-06,off
1781066403.15396,2026-06-10T12:40:03.153,87872899893616,,1,cf_0V,frequency,frequency,54084.69566561462,59,59,0.0,0.1,54084.69566561462,0.099945068359375,54084.69566560825,0,Rp || Cp,Rp,Cp,1371522.3791753047,4.3208755168145815e-11,4.3208755168145815e-11,1371522.3791753047,1.0578980032596746e-06,1.0578980032596746e-06,1.0,3373.4598719214478,-67936.7019959216,68020.4065673686,-1.521181152543511,9.999999747378752e-06,0,9.999999747378752e-06,-0.368133544921875,0.35931396484375,-4.4097899276618335e-08,3.6813353562203943e-06,off
1781066403.592846,2026-06-10T12:40:03.592,87872922831216,,1,cf_0V,frequency,frequency,60398.07037297046,60,60,0.0,0.1,60398.07037297046,0.099945068359375,60398.070372897906,0,Rp || Cp,Rp,Cp,1296676.8878495954,4.318419228151446e-11,4.318419228151446e-11,1296676.8878495954,1.1806496485013074e-06,1.1806496485013074e-06,1.0,2865.1810510092487,-60885.177062181916,60952.555716297116,-1.523772256438817,9.999999747378752e-06,0,9.999999747378752e-06,-0.408843994140625,0.39068603515625,-9.078979262833187e-08,4.08843983812357e-06,off
1781066404.36163,2026-06-10T12:40:04.361,87872972147056,,1,cf_0V,frequency,frequency,67448.41326892251,61,61,0.0,0.1,67448.41326892251,0.099945068359375,67448.4132688491,0,Rp || Cp,Rp,Cp,1502885.1315316139,4.3188807473874206e-11,4.3188807473874206e-11,1502885.1315316139,1.3107051217052873e-06,1.3107051217052873e-06,1.0,1983.604055336839,-54563.67249886319,54599.716497538226,-1.5344583970413446,9.999999747378752e-05,0,9.999999747378752e-05,-0.045806884765625,0.041168212890625,-2.319335878908646e-07,4.580688360844576e-06,off
1781066404.7740588,2026-06-10T12:40:04.774,87872997951856,,1,cf_0V,frequency,frequency,75321.75157919075,62,62,0.0,0.1,75321.75157919075,0.099945068359375,75321.7515791249,0,Rp || Cp,Rp,Cp,1420373.6979837178,4.3174074166618206e-11,4.3174074166618206e-11,1420373.6979837178,1.4627192301005882e-06,1.4627192301005882e-06,1.0,1684.3620049204121,-48883.3961003985,48912.40629607253,-1.5363532230360244,9.999999747378752e-05,0,9.999999747378752e-05,-0.045806884765625,0.044036865234375,-8.850097432677728e-08,4.580688360844576e-06,off
1781066405.2036643,2026-06-10T12:40:05.203,87873020316016,,1,cf_0V,frequency,frequency,84114.1545960043,63,63,0.0,0.1,84114.1545960043,0.099945068359375,84114.15459598004,0,Rp || Cp,Rp,Cp,1332470.2385054862,4.3148646440752037e-11,4.3148646440752037e-11,1332470.2385054862,1.6327738449932643e-06,1.6327738449932643e-06,1.0,1441.584523592863,-43803.9987676803,43827.71353809824,-1.5378983160880708,9.999999747378752e-05,0,9.999999747378752e-05,-0.04901123046875,0.0478515625,-5.798339697271615e-08,4.901122923062218e-06,off
1781066405.6154933,2026-06-10T12:40:05.615,87873044400496,,1,cf_0V,frequency,frequency,93932.9059011844,64,64,0.0,0.1,93932.9059011844,0.099945068359375,93932.90590111291,0,Rp || Cp,Rp,Cp,1247086.7597776328,4.313980369799588e-11,4.313980369799588e-11,1247086.7597776328,1.8223168283545857e-06,1.8223168283545857e-06,1.0,1235.723197682313,-39236.807040818196,39256.261138571135,-1.5393127537269438,9.999999747378752e-05,0,9.999999747378752e-05,-0.05078125,0.0504150390625,-1.831054641243668e-08,5.078124871715772e-06,off
1781066406.0733,2026-06-10T12:40:06.073,87873070205296,,1,cf_0V,frequency,frequency,104897.8124243061,65,65,0.0,0.1,104897.8124243061,0.099945068359375,104897.81242434049,0,Rp || Cp,Rp,Cp,1147547.8745921776,4.310630031421785e-11,4.310630031421785e-11,1147547.8745921776,2.0338393796085963e-06,2.0338393796085963e-06,1.0,1078.5659539563362,-35164.510000184055,35181.047000765604,-1.5401339368850684,9.999999747378752e-05,0,9.999999747378752e-05,-0.0546875,0.0504150390625,-2.1362304147842792e-07,5.468749861847755e-06,off
1781066406.4681692,2026-06-10T12:40:06.468,87873098590576,,1,cf_0V,frequency,frequency,117142.66630887002,66,66,0.0,0.1,117142.66630887002,0.099945068359375,117142.66630889369,0,Rp || Cp,Rp,Cp,1051277.1688532175,4.308201612823576e-11,4.308201612823576e-11,1051277.1688532175,2.2701560472843166e-06,2.2701560472843166e-06,1.0,945.1704746814682,-31507.821147781324,31521.99455470395,-1.5408073564190363,9.999999747378752e-05,0,9.999999747378752e-05,-0.05816650390625,0.0572509765625,-4.57763660310917e-08,5.816650243684052e-06,off
1781066406.9197676,2026-06-10T12:40:06.919,87873122675056,,1,cf_0V,frequency,frequency,130816.87742395303,67,67,0.0,0.1,130816.87742395303,0.099945068359375,130816.87742399595,0,Rp || Cp,Rp,Cp,965311.6862921675,4.30639932532481e-11,4.30639932532481e-11,965311.6862921675,2.5339836503846787e-06,2.5339836503846787e-06,1.0,826.1229982733711,-28227.35739207149,28239.443771930233,-1.5415379290606355,9.999999747378752e-05,0,9.999999747378752e-05,-0.06109619140625,0.0572509765625,-1.9226073733058513e-07,6.1096189862830386e-06,off
1781066407.3220115,2026-06-10T12:40:07.322,87873149913456,,1,cf_0V,frequency,frequency,146087.29644100412,68,68,0.0,0.1,146087.29644100412,0.099945068359375,146087.29644095319,0,Rp || Cp,Rp,Cp,877340.6022954998,4.3044323845366225e-11,4.3044323845366225e-11,877340.6022954998,2.8284148964885294e-06,2.8284148964885294e-06,1.0,729.548325513159,-25288.932886741764,25299.453893501108,-1.5419558041825585,9.999999747378752e-05,0,9.999999747378752e-05,-0.063385009765625,0.06256103515625,-4.119872942798253e-08,6.338500816438497e-06,off
1781066407.735574,2026-06-10T12:40:07.735,87873172851056,,1,cf_0V,frequency,frequency,163140.25072069294,69,69,0.0,0.1,163140.25072069294,0.099945068359375,163140.25072077243,0,Rp || Cp,Rp,Cp,787205.0727828623,4.302924096774188e-11,4.302924096774188e-11,787205.0727828623,3.157337889802408e-06,3.157337889802408e-06,1.0,652.4431281151875,-22653.495494496427,22662.889051367536,-1.5420032949155473,9.999999747378752e-05,0,9.999999747378752e-05,-0.07147216796875,0.0640869140625,-3.692626859841397e-07,7.147216616321117e-06,off
1781066408.178698,2026-06-10T12:40:08.178,87873196935536,,1,cf_0V,frequency,frequency,182183.81785139444,70,70,0.0,0.1,182183.81785139444,0.099945068359375,182183.81785146677,0,Rp || Cp,Rp,Cp,704724.6200338186,4.301583829484304e-11,4.301583829484304e-11,704724.6200338186,3.524995007942426e-06,3.524995007942426e-06,1.0,584.7684321204795,-20291.839665606272,20300.263819317144,-1.5419863891829908,9.999999747378752e-05,0,9.999999747378752e-05,-0.07373046875,0.0723876953125,-6.713867017893449e-08,7.373046688741169e-06,off
1781066408.576758,2026-06-10T12:40:08.576,87873223887216,,1,cf_0V,frequency,frequency,203450.36458068906,71,71,0.0,0.1,203450.36458068906,0.099945068359375,203450.36458074616,0,Rp || Cp,Rp,Cp,626361.0548859192,4.300167068499313e-11,4.300167068499313e-11,626361.0548859192,3.9354426375667955e-06,3.9354426375667955e-06,1.0,527.9122325673561,-18176.49502937174,18184.159669285513,-1.5417608131111784,9.999999747378752e-05,0,9.999999747378752e-05,-0.07843017578125,0.07818603515625,-1.2207030941624453e-08,7.84301737999371e-06,off
1781066408.9910095,2026-06-10T12:40:08.991,87873249118576,,1,cf_0V,frequency,frequency,227199.38211953812,72,72,0.0,0.1,227199.38211953812,0.099945068359375,227199.38211963608,0,Rp || Cp,Rp,Cp,550254.1781307954,4.2993577803164666e-11,4.2993577803164666e-11,550254.1781307954,4.3940202030760215e-06,4.3940202030760215e-06,1.0,482.03084843738054,-16279.039732175714,16286.174760839354,-1.541194455209075,9.999999747378752e-05,0,9.999999747378752e-05,-0.084320068359375,0.078216552734375,-3.051757735406113e-07,8.43200662292709e-06,off
1781066409.4412963,2026-06-10T12:40:09.441,87873272342896,,1,cf_0V,frequency,frequency,253720.6524150888,73,73,0.0,0.1,253720.6524150888,0.099945068359375,253720.65241505482,0,Rp || Cp,Rp,Cp,480128.7971352414,4.2992044598583e-11,4.2992044598583e-11,480128.7971352414,4.906975512589732e-06,4.906975512589732e-06,1.0,442.9898590040872,-14577.240758509894,14583.970246360988,-1.5404165330601403,9.999999747378752e-05,0,9.999999747378752e-05,-0.089569091796875,0.08758544921875,-9.918212640069868e-08,8.956908953416942e-06,off
1781066409.8419275,2026-06-10T12:40:09.841,87873300441456,,1,cf_0V,frequency,frequency,283337.78402649175,74,74,0.0,0.1,283337.78402649175,0.099945068359375,283337.7840264717,0,Rp || Cp,Rp,Cp,418101.91020920424,4.2993644545609284e-11,4.2993644545609284e-11,418101.91020920424,5.480314095430439e-06,5.480314095430439e-06,1.0,407.86527737314606,-13052.313875065702,13058.684909963917,-1.5395579882849086,9.999999747378752e-05,0,9.999999747378752e-05,-0.098297119140625,0.092926025390625,-2.6855468071573796e-07,9.82971166574309e-06,off
1781066410.2749813,2026-06-10T12:40:10.274,87873323379056,,1,cf_0V,frequency,frequency,316412.1607479698,75,75,0.0,0.1,316412.1607479698,0.099945068359375,316412.1607480297,0,Rp || Cp,Rp,Cp,359363.33531738695,4.3001775729149264e-11,4.3001775729149264e-11,359363.33531738695,6.122328421335111e-06,6.122328421335111e-06,1.0,380.33605857716356,-11684.784081629603,11690.972352706962,-1.5382581282715317,9.999999747378752e-05,0,9.999999747378752e-05,-0.106292724609375,0.1025390625,-1.8768310072747596e-07,1.0629272192419492e-05,off
1781066410.6405885,2026-06-10T12:40:10.640,87873349470576,,1,cf_0V,frequency,frequency,353347.35115962697,76,76,0.0,0.1,353347.35115962697,0.099945068359375,353347.35115966963,0,Rp || Cp,Rp,Cp,305278.14952268265,4.30240615570212e-11,4.30240615570212e-11,305278.14952268265,6.840935988898718e-06,6.840935988898718e-06,1.0,358.597784772382,-10456.743077411931,10462.890048081646,-1.5365163118763605,9.999999747378752e-05,0,9.999999747378752e-05,-0.114501953125,0.108734130859375,-2.883911059958777e-07,1.1450195023243737e-05,off
1781066411.0875094,2026-06-10T12:40:11.087,87873375848816,,1,cf_0V,frequency,frequency,394594.03291068296,77,77,0.0,0.1,394594.03291068296,0.099945068359375,394594.0329106179,0,Rp || Cp,Rp,Cp,256082.46749504472,4.306054874718704e-11,4.306054874718704e-11,256082.46749504472,7.646554204324208e-06,7.646554204324208e-06,1.0,342.15242348446935,-9354.259381929502,9360.514775658035,-1.5342354464034353,9.999999747378752e-05,0,9.999999747378752e-05,-0.122772216796875,0.1212158203125,-7.781982225285589e-08,1.2277221369538793e-05,off
1781066411.4985807,2026-06-10T12:40:11.498,87873400506736,,1,cf_0V,frequency,frequency,440655.49182050145,78,78,0.0,0.1,440655.49182050145,0.099945068359375,440655.49182050745,0,Rp || Cp,Rp,Cp,213905.53383643358,4.3117370794195463e-11,4.3117370794195463e-11,213905.53383643358,8.550280641557527e-06,8.550280641557527e-06,1.0,327.52905546729147,-8363.791136470263,8370.201757226276,-1.5316559682660271,9.999999747378752e-05,0,9.999999747378752e-05,-0.134735107421875,0.13214111328125,-1.296997037547598e-07,1.347351040181799e-05,off
1781066411.994999,2026-06-10T12:40:11.994,87873422870896,,1,cf_0V,frequency,frequency,492093.7628966142,79,79,0.0,0.1,492093.7628966142,0.099945068359375,492093.7628966726,0,Rp || Cp,Rp,Cp,177229.06987293324,4.3187176237635994e-11,4.3187176237635994e-11,177229.06987293324,9.565253924560634e-06,9.565253924560634e-06,1.0,315.8822447101673,-7475.542443651437,7482.213336931608,-1.528566021311149,9.999999747378752e-05,0,9.999999747378752e-05,-0.147216796875,0.148345947265625,5.6457518105013094e-08,1.4834594351809116e-05,off
1781066412.4470289,2026-06-10T12:40:12.447,87873452976496,,1,cf_0V,frequency,frequency,549536.4882015135,80,80,0.0,0.1,549536.4882015135,0.099945068359375,549536.4882015963,0,Rp || Cp,Rp,Cp,146037.4352487512,4.328388682596424e-11,4.328388682596424e-11,146037.4352487512,1.0707991716253493e-05,1.0707991716253493e-05,1.0,305.92836861982346,-6677.080361681082,6684.085152290743,-1.525010661973209,9.999999747378752e-05,0,9.999999747378752e-05,-0.160552978515625,0.160400390625,-7.629394338515283e-09,1.605529744597156e-05,off
1781066412.9038951,2026-06-10T12:40:12.903,87873483082096,,1,cf_0V,frequency,frequency,613684.5752468883,81,81,0.0,0.1,613684.5752468883,0.099945068359375,613684.5752469356,0,Rp || Cp,Rp,Cp,119834.3960607456,4.3409252410975423e-11,4.3409252410975423e-11,119834.3960607456,1.1996211737909036e-05,1.1996211737909036e-05,1.0,297.1157148787365,-5959.5641203549585,5966.965916833285,-1.5209822950692204,9.999999747378752e-05,0,9.999999747378752e-05,-0.179840087890625,0.176666259765625,-1.5869140224111788e-07,1.7984008334748225e-05,off
1781066413.3468313,2026-06-10T12:40:13.346,87873511467376,,1,cf_0V,frequency,frequency,685320.749361875,82,82,0.0,0.1,685320.749361875,0.099945068359375,685320.7493619351,0,Rp || Cp,Rp,Cp,97878.86906693509,4.357069285394784e-11,4.357069285394784e-11,97878.86906693509,1.3453224402017779e-05,1.3453224402017779e-05,1.0,289.39343053456685,-5314.297050268029,5322.170769162151,-1.5163944222059933,9.999999747378752e-05,0,9.999999747378752e-05,-0.19610595703125,0.194732666015625,-6.866454904663755e-08,1.9610595207719683e-05,off
1781066413.7982204,2026-06-10T12:40:13.798,87873535551856,,1,cf_0V,frequency,frequency,765319.1043900257,83,83,0.0,0.1,765319.1043900257,0.099945068359375,765319.1043900875,0,Rp || Cp,Rp,Cp,79428.96683457839,4.3782788121582473e-11,4.3782788121582473e-11,79428.96683457839,1.5105646351772611e-05,1.5105646351772611e-05,1.0,283.0213316512032,-4732.862864169213,4741.317534736692,-1.5110682709100924,9.999999747378752e-05,0,9.999999747378752e-05,-0.216033935546875,0.21978759765625,1.8768310072747596e-07,2.1978759210394827e-05,off
1781066414.1492732,2026-06-10T12:40:14.149,87873560209776,,1,cf_0V,frequency,frequency,854655.7682511833,84,84,0.0,0.1,854655.7682511833,0.099945068359375,854655.7682512201,0,Rp || Cp,Rp,Cp,64021.05658889742,4.4060050678651064e-11,4.4060050678651064e-11,64021.05658889742,1.6987796048173785e-05,1.6987796048173785e-05,1.0,277.8153834699311,-4208.188802691979,4217.349213237469,-1.5048741823676037,9.999999747378752e-05,0,9.999999747378752e-05,-0.23870849609375,0.236724853515625,-9.918212640069868e-08,2.3870849006346617e-05,off
1781066414.5656195,2026-06-10T12:40:14.565,87873582573936,,1,cf_0V,frequency,frequency,954420.8135078406,85,85,0.0,0.1,954420.8135078406,0.099945068359375,954420.8135078946,0,Rp || Cp,Rp,Cp,51066.684858955465,4.441310683423599e-11,4.441310683423599e-11,51066.684858955465,1.9141135466501178e-05,1.9141135466501178e-05,1.0,274.5737936578707,-3734.458812611363,3744.5391427055947,-1.4974039989896855,9.999999747378752e-05,0,9.999999747378752e-05,-0.27032470703125,0.2626953125,-3.8146971692576415e-07,2.703247002022735e-05,off
1781066415.4352293,2026-06-10T12:40:15.435,87873635043696,,1,cf_0V,frequency,frequency,1065831.5582669198,86,86,0.0,0.1,1065831.5582669198,0.099945068359375,1065831.5582669075,0,Rp || Cp,Rp,Cp,46881.37281957064,4.288273606503676e-11,4.288273606503676e-11,46881.37281957064,2.0272821707842863e-05,2.0272821707842863e-05,1.0,257.22218966875465,-3463.057336584136,3472.596920364815,-1.4966564270678921,0.0010000000474974513,0,0.0010000000474974513,-0.049774169921875,0.038543701171875,-5.615234641709321e-06,4.977417228602121e-05,off
1781066415.8452477,2026-06-10T12:40:15.845,87873657694576,,1,cf_0V,frequency,frequency,1190247.4197125817,87,87,0.0,0.1,1190247.4197125817,0.099945068359375,1190247.4197125202,0,Rp || Cp,Rp,Cp,38079.32373002191,4.290218538583806e-11,4.290218538583806e-11,38079.32373002191,2.2595907402721582e-05,2.2595907402721582e-05,1.0,253.40661539516807,-3096.01964306361,3106.372891808348,-1.4891292099047153,0.0010000000474974513,0,0.0010000000474974513,-0.05059814453125,0.04046630859375,-5.065918209368192e-06,5.0598146934532906e-05,off
1781066416.269114,2026-06-10T12:40:16.269,87873684932976,,1,cf_0V,frequency,frequency,1329186.5015106536,88,88,0.0,0.1,1329186.5015106536,0.099945068359375,1329186.5015105486,0,Rp || Cp,Rp,Cp,30871.14833315202,4.29388988835969e-11,4.29388988835969e-11,30871.14833315202,2.518002363513399e-05,2.518002363513399e-05,1.0,249.85301889275794,-2766.012125185705,2777.2737725554107,-1.480711120883846,0.0010000000474974513,0,0.0010000000474974513,-0.056121826171875,0.043914794921875,-6.103515914901436e-06,5.6121828837518706e-05,off
1781066416.7140296,2026-06-10T12:40:16.714,87873710164336,,1,cf_0V,frequency,frequency,1484344.1174816934,89,89,0.0,0.1,1484344.1174816934,0.099945068359375,1484344.1174816263,0,Rp || Cp,Rp,Cp,24970.10024807205,4.2998171463069805e-11,4.2998171463069805e-11,24970.10024807205,2.8054204868600714e-05,2.8054204868600714e-05,1.0,246.57043499165292,-2469.026427671509,2481.3078164452522,-1.4712608940075877,0.0010000000474974513,0,0.0010000000474974513,-0.061126708984375,0.048858642578125,-6.134033494475943e-06,6.112671188773788e-05,off
1781066417.1205025,2026-06-10T12:40:17.120,87873739123056,,1,cf_0V,frequency,frequency,1657613.4775657344,90,90,0.0,0.1,1657613.4775657344,0.099945068359375,1657613.477565718,0,Rp || Cp,Rp,Cp,20146.960459201542,4.3075927460788226e-11,4.3075927460788226e-11,20146.960459201542,3.124882800217578e-05,3.124882800217578e-05,1.0,243.6191221495599,-2202.0069355875453,2215.4423533580316,-1.4606093969834657,0.0010000000474974513,0,0.0010000000474974513,-0.066009521484375,0.053466796875,-6.271362602561226e-06,6.600952461965903e-05,off
1781066417.5766392,2026-06-10T12:40:17.576,87873763207536,,1,cf_0V,frequency,frequency,1851108.7884858004,91,91,0.0,0.1,1851108.7884858004,0.099945068359375,1851108.7884859024,0,Rp || Cp,Rp,Cp,16219.107726192724,4.3182853859909777e-11,4.3182853859909777e-11,16219.107726192724,3.479461797803637e-05,3.479461797803637e-05,1.0,240.78584128705748,-1961.4672256788826,1976.1911594723645,-1.4486494217502408,0.0010000000474974513,0,0.0010000000474974513,-0.067047119140625,0.056854248046875,-5.096435788942699e-06,6.704712232519228e-05,off
1781066418.0048046,2026-06-10T12:40:18.004,87873789012336,,1,cf_0V,frequency,frequency,2067191.0509809963,92,92,0.0,0.1,2067191.0509809963,0.099945068359375,2067191.0509810941,0,Rp || Cp,Rp,Cp,13011.28948272213,4.3323651316222126e-11,4.3323651316222126e-11,13011.28948272213,3.873273284017918e-05,3.873273284017918e-05,1.0,238.27670992581747,-1744.5662668246077,1760.7632577480201,-1.4350540391818674,0.0010000000474974513,0,0.0010000000474974513,-0.074432373046875,0.060791015625,-6.820679034902355e-06,7.443237658222301e-05,off
1781066418.3783793,2026-06-10T12:40:18.378,87873813383536,,1,cf_0V,frequency,frequency,2308496.8683831017,93,93,0.0,0.1,2308496.8683831017,0.099945068359375,2308496.8683831166,0,Rp || Cp,Rp,Cp,10399.040411111642,4.351196797957146e-11,4.351196797957146e-11,10399.040411111642,4.309753879294832e-05,4.309753879294832e-05,1.0,235.94124290736053,-1548.5135613022187,1566.3851760156408,-1.4195929811224537,0.0010000000474974513,0,0.0010000000474974513,-0.077728271484375,0.0660400390625,-5.844116488518125e-06,7.772827517626979e-05,off
1781066418.8173435,2026-06-10T12:40:18.817,87873835460976,,1,cf_0V,frequency,frequency,2577970.6180546875,94,94,0.0,0.1,2577970.6180546875,0.099945068359375,2577970.6180546926,0,Rp || Cp,Rp,Cp,8278.640420036932,4.37578805696038e-11,4.37578805696038e-11,8278.640420036932,4.7940770985659604e-05,4.7940770985659604e-05,1.0,233.65705096372912,-1371.0459835723566,1390.8136850545284,-1.4019955891306923,0.0010000000474974513,0,0.0010000000474974513,-0.080810546875,0.0704345703125,-5.187988527666221e-06,8.081055071329502e-05,off
1781066419.222442,2026-06-10T12:40:19.222,87873863846256,,1,cf_0V,frequency,frequency,2878900.378239697,95,95,0.0,0.1,2878900.378239697,0.099945068359375,2878900.378239635,0,Rp || Cp,Rp,Cp,6560.313293241551,4.4069954766606967e-11,4.4069954766606967e-11,6560.313293241551,5.329310383863145e-05,5.329310383863145e-05,1.0,231.40946416184033,-1210.1934737136685,1232.1195493631394,-1.3818601266088733,0.0010000000474974513,0,0.0010000000474974513,-0.093841552734375,0.0789794921875,-7.4310306263924986e-06,9.384155719160958e-05,off
1781066419.6344318,2026-06-10T12:40:19.634,87873888790896,,1,cf_0V,frequency,frequency,3214958.0487006293,96,96,0.0,0.1,3214958.0487006293,0.099945068359375,3214958.048700538,0,Rp || Cp,Rp,Cp,5182.570307889721,4.447825720188906e-11,4.447825720188906e-11,5182.570307889721,5.922475108830761e-05,5.922475108830761e-05,1.0,228.48977802299643,-1063.9345659284204,1088.193153460494,-1.3592503014283916,0.0010000000474974513,0,0.0010000000474974513,-0.099273681640625,0.08502197265625,-7.125854830647427e-06,9.927368635587186e-05,off
1781066420.052747,2026-06-10T12:40:20.052,87873912015216,,1,cf_0V,frequency,frequency,3590244.1546882903,97,97,0.0,0.1,3590244.1546882903,0.099945068359375,3590244.154688378,0,Rp || Cp,Rp,Cp,4044.6803709434103,4.502860443655811e-11,4.502860443655811e-11,4044.6803709434103,6.58381713312211e-05,6.58381713312211e-05,1.0,226.22206356928248,-929.4189141326126,956.5542012834345,-1.3320374861033486,0.0010000000474974513,0,0.0010000000474974513,-0.10986328125,0.09356689453125,-8.148193746393417e-06,0.00010986328646822585,off
1781066420.4650564,2026-06-10T12:40:20.465,87873936386416,,1,cf_0V,frequency,frequency,4009337.880935344,98,98,0.0,0.1,4009337.880935344,0.099945068359375,4009337.8809352485,0,Rp || Cp,Rp,Cp,3130.035540175312,4.569177326782966e-11,4.569177326782966e-11,3130.035540175312,7.309050041857171e-05,7.309050041857171e-05,1.0,223.89145923356108,-806.635505680865,837.1309482648209,-1.3000496991626447,0.0010000000474974513,0,0.0010000000474974513,-0.112274169921875,0.102752685546875,-4.76074241362312e-06,0.00011227417525461192,off
1781066420.878658,2026-06-10T12:40:20.878,87873961904496,,1,cf_0V,frequency,frequency,4477352.946181116,99,99,0.0,0.1,4477352.946181116,0.099945068359375,4477352.946181128,0,Rp || Cp,Rp,Cp,2393.5698978013306,4.653396966563121e-11,4.653396966563121e-11,2393.5698978013306,8.112391772321218e-05,8.112391772321218e-05,1.0,221.25262105159297,-693.2754800485433,727.7249573559628,-1.2618727971207024,0.0010000000474974513,0,0.0010000000474974513,-0.1239013671875,0.112030029296875,-5.935669227241647e-06,0.00012390137307249915,off
1781066421.3355649,2026-06-10T12:40:21.335,87873989142896,,1,cf_0V,frequency,frequency,4999999.999999999,100,100,0.0,0.1,4999999.999999999,0.099945068359375,4999999.999999929,0,Rp || Cp,Rp,Cp,1800.4542775163509,4.7677552382462614e-11,4.7677552382462614e-11,1800.4542775163509,9.014700275717004e-05,9.014700275717004e-05,1.0,217.6397350580666,-586.9270292520833,625.9795459460488,-1.2157021496915823,0.0010000000474974513,0,0.0010000000474974513,-0.1339111328125,0.123321533203125,-5.294800056176996e-06,0.0001339111391729375,off
1781066421.79131,2026-06-10T12:40:21.791,87874016094576,,1,cf_0V,frequency,frequency,4482348.925241931,101,101,0.0,0.1,4482348.925241931,0.099945068359375,4482348.925241979,0,Rp || Cp,Rp,Cp,2386.8663988714047,4.6540659932092906e-11,4.6540659932092906e-11,2386.8663988714047,8.120659508933863e-05,8.120659508933863e-05,1.0,221.2527261403732,-692.2051205088031,726.7053719927724,-1.2614248507016312,0.0010000000474974513,0,0.0010000000474974513,-0.1339111328125,0.125030517578125,-4.440307828090795e-06,0.0001339111391729375,off
1781066422.195643,2026-06-10T12:40:22.195,87874041612656,,1,cf_0V,frequency,frequency,4018290.377523501,102,102,0.0,0.1,4018290.377523501,0.099945068359375,4018290.3775235703,0,Rp || Cp,Rp,Cp,3113.5699851194913,4.57014677626754e-11,4.57014677626754e-11,3113.5699851194913,7.324709673992014e-05,7.324709673992014e-05,1.0,223.88766591768362,-804.3408666042596,834.919107842047,-1.299319031609158,0.0010000000474974513,0,0.0010000000474974513,-0.1339111328125,0.125030517578125,-4.440307828090795e-06,0.0001339111391729375,off
1781066422.5985808,2026-06-10T12:40:22.598,87874064550256,,1,cf_0V,frequency,frequency,3602275.9110004925,103,103,0.0,0.1,3602275.9110004925,0.099945068359375,3602275.9110004897,0,Rp || Cp,Rp,Cp,4013.645263144627,4.5042993880963375e-11,4.5042993880963375e-11,4013.645263144627,6.604025604511883e-05,6.604025604511883e-05,1.0,226.20374038887718,-925.5989622679442,952.8386910266678,-1.3311080492969758,0.0010000000474974513,0,0.0010000000474974513,-0.1339111328125,0.125030517578125,-4.440307828090795e-06,0.0001339111391729375,off
1781066423.0010514,2026-06-10T12:40:23.001,87874088634736,,1,cf_0V,frequency,frequency,3229331.511619592,104,104,0.0,0.1,3229331.511619592,0.099945068359375,3229331.5116196196,0,Rp || Cp,Rp,Cp,5132.340803730501,4.449317376438219e-11,4.449317376438219e-11,5132.340803730501,5.947560387751128e-05,5.947560387751128e-05,1.0,228.42330543039122,-1058.3803874409455,1082.7493943583584,-1.3582332333935816,0.0010000000474974513,0,0.0010000000474974513,-0.13250732421875,0.11297607421875,-9.765625463842298e-06,0.00013250733051251018,off
1781066423.3984475,2026-06-10T12:40:23.398,87874114726256,,1,cf_0V,frequency,frequency,2894998.1260715965,105,105,0.0,0.1,2894998.1260715965,0.099945068359375,2894998.126071542,0,Rp || Cp,Rp,Cp,6482.213010412288,4.4081599970945705e-11,4.4081599970945705e-11,6482.213010412288,5.3572098562919546e-05,5.3572098562919546e-05,1.0,231.3771615260484,-1202.6224078573314,1224.6779359310824,-1.3807249500650742,0.0010000000474974513,0,0.0010000000474974513,-0.126922607421875,0.1029052734375,-1.2008667562568576e-05,0.00012692261345037537,off
1781066423.8021483,2026-06-10T12:40:23.802,87874136803696,,1,cf_0V,frequency,frequency,2595278.3477948857,106,106,0.0,0.1,2595278.3477948857,0.099945068359375,2595278.3477949738,0,Rp || Cp,Rp,Cp,8163.440967956589,4.37659372170862e-11,4.37659372170862e-11,8163.440967956589,4.8238162831889e-05,4.8238162831889e-05,1.0,233.62353229356043,-1361.0995407253138,1381.0039516974527,-1.400809522263135,0.0010000000474974513,0,0.0010000000474974513,-0.116455078125,0.09442138671875,-1.1016846226397092e-05,0.0001164550836563194,off
1781066424.254117,2026-06-10T12:40:24.254,87874160888176,,1,cf_0V,frequency,frequency,2326588.622588413,107,107,0.0,0.1,2326588.622588413,0.099945068359375,2326588.6225883747,0,Rp || Cp,Rp,Cp,10232.440970196874,4.3518840253337515e-11,4.3518840253337515e-11,10232.440970196874,4.341655486788866e-05,4.341655486788866e-05,1.0,235.90517418687708,-1535.654426693418,1553.6684876225142,-1.4183692405446233,0.0010000000474974513,0,0.0010000000474974513,-0.0980224609375,0.08642578125,-5.798340119156364e-06,9.802246559331707e-05,off
1781066424.6411946,2026-06-10T12:40:24.641,87874188126576,,1,cf_0V,frequency,frequency,2085716.402387856,108,108,0.0,0.1,2085716.402387856,0.099945068359375,2085716.4023878027,0,Rp || Cp,Rp,Cp,12775.706475267029,4.332511450520071e-11,4.332511450520071e-11,12775.706475267029,3.906008998782649e-05,3.906008998782649e-05,1.0,238.2806833341649,-1728.4173063682122,1744.7647603626522,-1.433799251947392,0.0010000000474974513,0,0.0010000000474974513,-0.089752197265625,0.078582763671875,-5.584717062134814e-06,8.975220152862562e-05,off
1781066425.0529034,2026-06-10T12:40:25.052,87874213357936,,1,cf_0V,frequency,frequency,1869781.7349205392,109,109,0.0,0.1,1869781.7349205392,0.099945068359375,1869781.734920437,0,Rp || Cp,Rp,Cp,15892.66409661472,4.318001829512941e-11,4.318001829512941e-11,15892.66409661472,3.512864652029512e-05,3.512864652029512e-05,1.0,240.80489834963677,-1941.402679307168,1956.2799805473219,-1.4473900681749452,0.0010000000474974513,0,0.0010000000474974513,-0.08612060546875,0.071746826171875,-7.186889989796441e-06,8.612060955925926e-05,off
1781066425.4979455,2026-06-10T12:40:25.497,87874240309616,,1,cf_0V,frequency,frequency,1676202.829991615,110,110,0.0,0.1,1676202.829991615,0.099945068359375,1676202.8299915243,0,Rp || Cp,Rp,Cp,19717.45568769839,4.3070422085555036e-11,4.3070422085555036e-11,19717.45568769839,3.1579465626888036e-05,3.1579465626888036e-05,1.0,243.43485013115256,-2177.3046052502905,2190.8710300477524,-1.4594531374340411,0.0010000000474974513,0,0.0010000000474974513,-0.078826904296875,0.06683349609375,-5.996704386390661e-06,7.882690804095205e-05,off
1781066425.9597394,2026-06-10T12:40:25.959,87874263247216,,1,cf_0V,frequency,frequency,1502665.19070008,111,111,0.0,0.1,1502665.19070008,0.099945068359375,1502665.1907001564,0,Rp || Cp,Rp,Cp,24387.134141448536,4.2990284125887106e-11,4.2990284125887106e-11,24387.134141448536,2.8382245810486054e-05,2.8382245810486054e-05,1.0,246.37945428127946,-2438.8083085315475,2451.221899635863,-1.4701133949918648,0.0010000000474974513,0,0.0010000000474974513,-0.07672119140625,0.066070556640625,-5.325317635751503e-06,7.672119505031105e-05,off
1781066426.362868,2026-06-10T12:40:26.362,87874290485616,,1,cf_0V,frequency,frequency,1347093.9405065936,112,112,0.0,0.1,1347093.9405065936,0.099945068359375,1347093.940506525,0,Rp || Cp,Rp,Cp,30090.425137538812,4.292415598431926e-11,4.292415598431926e-11,30090.425137538812,2.5503021276238393e-05,2.5503021276238393e-05,1.0,249.68583231970518,-2729.6171582218217,2741.013105645458,-1.479577340330802,0.0010000000474974513,0,0.0010000000474974513,-0.07275390625,0.059844970703125,-6.454468080008269e-06,7.275390970562512e-05,off
1781066426.8083315,2026-06-10T12:40:26.808,87874314570096,,1,cf_0V,frequency,frequency,1207629.01528593,113,113,0.0,0.1,1207629.01528593,0.099945068359375,1207629.0152859315,0,Rp || Cp,Rp,Cp,37036.239167722786,4.2880068454895814e-11,4.2880068454895814e-11,37036.239167722786,2.290934229137191e-05,2.290934229137191e-05,1.0,253.31142562780036,-3052.46390070619,3062.9565036852937,-1.4880001545459633,0.0010000000474974513,0,0.0010000000474974513,-0.06451416015625,0.058990478515625,-2.7618409514929e-06,6.451416322050818e-05,off
1781066427.255536,2026-06-10T12:40:27.255,87874341808496,,1,cf_0V,frequency,frequency,1082602.9237515721,114,114,0.0,0.1,1082602.9237515721,0.099945068359375,1082602.9237515656,0,Rp || Cp,Rp,Cp,45489.44996927729,4.285253518866175e-11,4.285253518866175e-11,45489.44996927729,2.057415004235699e-05,2.057415004235699e-05,1.0,257.2616552074036,-3411.2325681973953,3420.9196414956386,-1.4955227780894829,0.0010000000474974513,0,0.0010000000474974513,-0.061309814453125,0.050201416015625,-5.554199482560307e-06,6.130981736518493e-05,off
1781066427.6110806,2026-06-10T12:40:27.611,87874368760176,,1,cf_0V,frequency,frequency,970520.8103483266,115,115,0.0,0.1,970520.8103483266,0.099945068359375,970520.8103482476,0,Rp || Cp,Rp,Cp,55683.211167851114,4.283405628436349e-11,4.283405628436349e-11,55683.211167851114,1.8472675089393294e-05,1.8472675089393294e-05,1.0,261.9869883932764,-3810.4644882015095,3819.4602757368966,-1.5021497523742433,0.0010000000474974513,0,0.0010000000474974513,-0.056396484375,0.044921875,-5.73730496000735e-06,5.639648705368927e-05,off
1781066428.444561,2026-06-10T12:40:28.444,87874416929136,,1,cf_0V,frequency,frequency,870042.5822379502,116,116,0.0,0.1,870042.5822379502,0.099945068359375,870042.5822379998,0,Rp || Cp,Rp,Cp,61741.586479393234,4.411283957133047e-11,4.411283957133047e-11,61741.586479393234,1.7316258564035083e-05,1.7316258564035083e-05,1.0,277.2660731529678,-4128.192190057782,4137.492868075513,-1.5037330049647528,9.999999747378752e-05,0,9.999999747378752e-05,-0.24737548828125,0.239349365234375,-4.013061422059039e-07,2.4737548203201953e-05,off
1781066428.8410263,2026-06-10T12:40:28.841,87874439866736,,1,cf_0V,frequency,frequency,779966.8866817983,117,117,0.0,0.1,779966.8866817983,0.099945068359375,779966.88668172,0,Rp || Cp,Rp,Cp,76601.80326216001,4.382527677917551e-11,4.382527677917551e-11,76601.80326216001,1.541176612155014e-05,1.541176612155014e-05,1.0,281.9668430161902,-4638.929115067188,4647.490573974149,-1.510088271630159,9.999999747378752e-05,0,9.999999747378752e-05,-0.24737548828125,0.239349365234375,-4.013061422059039e-07,2.4737548203201953e-05,off
1781066429.2032557,2026-06-10T12:40:29.203,87874463377776,,1,cf_0V,frequency,frequency,699216.7472484909,118,118,0.0,0.1,699216.7472484909,0.099945068359375,699216.7472483857,0,Rp || Cp,Rp,Cp,94237.75108380885,4.3607139953419045e-11,4.3607139953419045e-11,94237.75108380885,1.373817856409131e-05,1.373817856409131e-05,1.0,288.2346146232372,-5203.796947761815,5211.773389797583,-1.515463577736292,9.999999747378752e-05,0,9.999999747378752e-05,-0.24737548828125,0.239349365234375,-4.013061422059039e-07,2.4737548203201953e-05,off
1781066429.5691824,2026-06-10T12:40:29.569,87874484595056,,1,cf_0V,frequency,frequency,626826.6871080867,119,119,0.0,0.1,626826.6871080867,0.099945068359375,626826.687107993,0,Rp || Cp,Rp,Cp,115350.78234252088,4.343705042441721e-11,4.343705042441721e-11,115350.78234252088,1.2261872285313243e-05,1.2261872285313243e-05,1.0,295.45428916503784,-5830.402230091376,5837.8834693440485,-1.5201648670323205,9.999999747378752e-05,0,9.999999747378752e-05,-0.24737548828125,0.239349365234375,-4.013061422059039e-07,2.4737548203201953e-05,off
1781066430.019188,2026-06-10T12:40:30.019,87874509252976,,1,cf_0V,frequency,frequency,561931.1854543786,120,120,0.0,0.1,561931.1854543786,0.099945068359375,561931.1854543696,0,Rp || Cp,Rp,Cp,140216.4485091243,4.330595676012693e-11,4.330595676012693e-11,140216.4485091243,1.0955770801987761e-05,1.0955770801987761e-05,1.0,304.393887045508,-6525.976873307015,6533.072002466272,-1.5241866876056824,9.999999747378752e-05,0,9.999999747378752e-05,-0.24737548828125,0.236907958984375,-5.233764516221484e-07,2.4737548203201953e-05,off
1781066430.427124,2026-06-10T12:40:30.427,87874534484336,,1,cf_0V,frequency,frequency,503754.32903627184,121,121,0.0,0.1,503754.32903627184,0.099945068359375,503754.3290362123,0,Rp || Cp,Rp,Cp,170138.40169919064,4.320688772189344e-11,4.320688772189344e-11,170138.40169919064,9.796593995722164e-06,9.796593995722164e-06,1.0,313.68439557379503,-7298.72343638774,7305.4610874948985,-1.5278447783668412,9.999999747378752e-05,0,9.999999747378752e-05,-0.2252197265625,0.213409423828125,-5.905151218010829e-07,2.2521972087297115e-05,off
1781066430.924802,2026-06-10T12:40:30.924,87874559715696,,1,cf_0V,frequency,frequency,451600.5350683417,122,122,0.0,0.1,451600.5350683417,0.099945068359375,451600.5350683372,0,Rp || Cp,Rp,Cp,205378.79712447364,4.312990372634437e-11,4.312990372634437e-11,205378.79712447364,8.765135183445523e-06,8.765135183445523e-06,1.0,324.5875573741383,-8158.311406943811,8164.765893463916,-1.531031179740405,9.999999747378752e-05,0,9.999999747378752e-05,-0.181365966796875,0.180023193359375,-6.713867017893449e-08,1.813659622151853e-05,off
1781066431.3688555,2026-06-10T12:40:31.368,87874588674416,,1,cf_0V,frequency,frequency,404846.2346004526,123,123,0.0,0.1,404846.2346004526,0.099945068359375,404846.23460045556,0,Rp || Cp,Rp,Cp,246416.91049993402,4.306996311930207e-11,4.306996311930207e-11,246416.91049993402,7.846840833710312e-06,7.846840833710312e-06,1.0,337.6331504410477,-9115.07112806947,9121.322152738734,-1.53377205609659,9.999999747378752e-05,0,9.999999747378752e-05,-0.164306640625,0.164459228515625,7.629394338515283e-09,1.6445922436103544e-05,off
1781066431.8351872,2026-06-10T12:40:31.835,87874615912816,,1,cf_0V,frequency,frequency,362932.4169099164,124,124,0.0,0.1,362932.4169099164,0.099945068359375,362932.41690984246,0,Rp || Cp,Rp,Cp,291582.45208138024,4.302939717811565e-11,4.302939717811565e-11,291582.45208138024,7.02779134354053e-06,7.02779134354053e-06,1.0,355.7677816382201,-10178.854131343738,10185.069569798003,-1.5358588954928418,9.999999747378752e-05,0,9.999999747378752e-05,-0.160858154296875,0.145355224609375,-7.751464647931527e-07,1.6085815023325623e-05,off
1781066432.2578726,2026-06-10T12:40:32.257,87874642864496,,1,cf_0V,frequency,frequency,325357.9457743241,125,125,0.0,0.1,325357.9457743241,0.099945068359375,325357.9457742717,0,Rp || Cp,Rp,Cp,342798.99431213236,4.3003439349993043e-11,4.3003439349993043e-11,342798.99431213236,6.295932811963629e-06,6.295932811963629e-06,1.0,377.0453270745556,-11362.596347339719,11368.85037861114,-1.5376254724365248,9.999999747378752e-05,0,9.999999747378752e-05,-0.14251708984375,0.133453369140625,-4.531860237078078e-07,1.4251708624346549e-05,off
1781066432.6328418,2026-06-10T12:40:32.632,87874670102896,,1,cf_0V,frequency,frequency,291673.56771209295,126,126,0.0,0.1,291673.56771209295,0.099945068359375,291673.56771218067,0,Rp || Cp,Rp,Cp,399781.51374363375,4.29951335613752e-11,4.29951335613752e-11,399781.51374363375,5.642223900654101e-06,5.642223900654101e-06,1.0,402.4828257058782,-12678.454199606627,12684.8410836128,-1.539061566587966,9.999999747378752e-05,0,9.999999747378752e-05,-0.1278076171875,0.123809814453125,-1.998901316691004e-07,1.2780761395880802e-05,off
1781066433.0903845,2026-06-10T12:40:33.090,87874695334256,,1,cf_0V,frequency,frequency,261476.54055115595,127,127,0.0,0.1,261476.54055115595,0.099945068359375,261476.54055115767,0,Rp || Cp,Rp,Cp,460827.6268634918,4.299343859711896e-11,4.299343859711896e-11,460827.6268634918,5.056947705101629e-06,5.056947705101629e-06,1.0,434.5324619260468,-14144.106361451868,14150.779597765302,-1.540084182807611,9.999999747378752e-05,0,9.999999747378752e-05,-0.11627197265625,0.113250732421875,-1.510620079026026e-07,1.1627196971897291e-05,off
1781066433.4833462,2026-06-10T12:40:33.483,87874718271856,,1,cf_0V,frequency,frequency,234405.81810309048,128,128,0.0,0.1,234405.81810309048,0.099945068359375,234405.81810305617,0,Rp || Cp,Rp,Cp,530814.421400137,4.299356718874261e-11,4.299356718874261e-11,530814.421400137,4.533612180467325e-06,4.533612180467325e-06,1.0,469.4286318726335,-15778.43859118221,15785.42009628283,-1.5410538272697631,9.999999747378752e-05,0,9.999999747378752e-05,-0.112396240234375,0.108184814453125,-2.105712837430218e-07,1.1239623739500715e-05,off
1781066433.9335623,2026-06-10T12:40:33.933,87874746657136,,1,cf_0V,frequency,frequency,210137.7333689687,129,129,0.0,0.1,210137.7333689687,0.099945068359375,210137.7333689669,0,Rp || Cp,Rp,Cp,605720.5462180125,4.299977356391603e-11,4.299977356391603e-11,605720.5462180125,4.064482410529989e-06,4.064482410529989e-06,1.0,511.75307137959174,-17598.79139937528,17606.23042916319,-1.5417256429046642,9.999999747378752e-05,0,9.999999747378752e-05,-0.10406494140625,0.102996826171875,-5.340576036960698e-08,1.0406493877734846e-05,off
1781066434.3422277,2026-06-10T12:40:34.342,87874769308016,,1,cf_0V,frequency,frequency,188382.12866383453,130,130,0.0,0.1,188382.12866383453,0.099945068359375,188382.12866391757,0,Rp || Cp,Rp,Cp,684896.2029978078,4.3012803943392055e-11,4.3012803943392055e-11,684896.2029978078,3.644624804191114e-06,3.644624804191114e-06,1.0,562.8381823523353,-19625.721570831185,19633.79061707907,-1.5421255871186512,9.999999747378752e-05,0,9.999999747378752e-05,-0.0968017578125,0.0916748046875,-2.563476497741135e-07,9.680175536708191e-06,off
1781066434.7977672,2026-06-10T12:40:34.797,87874796546416,,1,cf_0V,frequency,frequency,168878.88639022523,131,131,0.0,0.1,168878.88639022523,0.099945068359375,168878.88639026016,0,Rp || Cp,Rp,Cp,762265.4251127585,4.302631107951013e-11,4.302631107951013e-11,762265.4251127585,3.268344206682817e-06,3.268344206682817e-06,1.0,628.8639006773943,-21885.285896746846,21894.319093954975,-1.5420696786546322,9.999999747378752e-05,0,9.999999747378752e-05,-0.08953857421875,0.082122802734375,-3.7078856485184275e-07,8.953857195681536e-06,off
1781066435.2193732,2026-06-10T12:40:35.219,87874822351216,,1,cf_0V,frequency,frequency,151394.81898145608,132,132,0.0,0.1,151394.81898145608,0.099945068359375,151394.81898145846,0,Rp || Cp,Rp,Cp,847832.7513890543,4.3042219374830376e-11,4.3042219374830376e-11,847832.7513890543,2.9310687236971512e-06,2.9310687236971512e-06,1.0,703.0051030289443,-24403.61724348853,24413.741023070907,-1.5419968776864434,9.999999747378752e-05,0,9.999999747378752e-05,-0.082977294921875,0.0792236328125,-1.8768310072747596e-07,8.297729282569222e-06,off
1781066435.6713417,2026-06-10T12:40:35.671,87874846148976,,1,cf_0V,frequency,frequency,135720.88082974532,133,133,0.0,0.1,135720.88082974532,0.099945068359375,135720.88082980827,0,Rp || Cp,Rp,Cp,932040.7759689438,4.3054290885637645e-11,4.3054290885637645e-11,932040.7759689438,2.6284666933506294e-06,2.6284666933506294e-06,1.0,795.2586698489959,-27213.619226227853,27225.23659662278,-1.541581822004367,9.999999747378752e-05,0,9.999999747378752e-05,-0.07635498046875,0.0732421875,-1.5563964450571177e-07,7.635497853986095e-06,off
1781066436.1248748,2026-06-10T12:40:36.124,87874873100656,,1,cf_0V,frequency,frequency,121669.66886401946,134,134,0.0,0.1,121669.66886401946,0.099945068359375,121669.66886411501,0,Rp || Cp,Rp,Cp,1037460.0078046551,4.306991095052991e-11,4.306991095052991e-11,1037460.0078046551,2.357415801872363e-06,2.357415801872363e-06,1.0,888.3503228391925,-30345.325283640115,30358.325593912727,-1.5415299844350236,9.999999747378752e-05,0,9.999999747378752e-05,-0.069061279296875,0.06610107421875,-1.480102501671965e-07,6.906127755224034e-06,off
1781066436.5241995,2026-06-10T12:40:36.524,87874900339056,,1,cf_0V,frequency,frequency,109073.18189343589,135,135,0.0,0.1,109073.18189343589,0.099945068359375,109073.18189339321,0,Rp || Cp,Rp,Cp,1113912.4802077215,4.3093568329563776e-11,4.3093568329563776e-11,1113912.4802077215,2.1143604257451996e-06,2.1143604257451996e-06,1.0,1028.3174523840303,-33828.955157425466,33844.58071576571,-1.5404081313138924,9.999999747378752e-05,0,9.999999747378752e-05,-0.0634765625,0.062286376953125,-5.950927584041921e-08,6.347656089644715e-06,off
1781066436.9247115,2026-06-10T12:40:36.924,87874924996976,,1,cf_0V,frequency,frequency,97780.81192655204,136,136,0.0,0.1,97780.81192655204,0.099945068359375,97780.81192649779,0,Rp || Cp,Rp,Cp,1218611.0734620036,4.3113051729455075e-11,4.3113051729455075e-11,1218611.0734620036,1.896343018297574e-06,1.896343018297574e-06,1.0,1168.5133923431426,-37717.342640354706,37735.43903809792,-1.5398254344815658,9.999999747378752e-05,0,9.999999747378752e-05,-0.061370849609375,0.060333251953125,-5.1879881501903924e-08,6.137084805901694e-06,off
1781066437.3256521,2026-06-10T12:40:37.325,87874950228336,,1,cf_0V,frequency,frequency,87657.5434496528,137,137,0.0,0.1,87657.5434496528,0.099945068359375,87657.54344956634,0,Rp || Cp,Rp,Cp,1306681.7052521363,4.314250396044173e-11,4.314250396044173e-11,1306681.7052521363,1.7009191530212711e-06,1.7009191530212711e-06,1.0,1354.0381435132142,-42041.211341351656,42063.01071419263,-1.5386000554999106,9.999999747378752e-05,0,9.999999747378752e-05,-0.057708740234375,0.059814453125,1.052856418715109e-07,5.981445161395982e-06,off
1781066437.7293856,2026-06-10T12:40:37.729,87874972592496,,1,cf_0V,frequency,frequency,78582.33913417984,138,138,0.0,0.1,78582.33913417984,0.099945068359375,78582.33913417223,0,Rp || Cp,Rp,Cp,1406332.3868314342,4.31734048843852e-11,4.31734048843852e-11,1406332.3868314342,1.5255316546857501e-06,1.5255316546857501e-06,1.0,1563.100147527873,-46859.31155339607,46885.37470607909,-1.537451390139114,9.999999747378752e-05,0,9.999999747378752e-05,-0.05712890625,0.059814453125,1.3427734035786898e-07,5.981445161395982e-06,off
1781066438.197658,2026-06-10T12:40:38.197,87874996676976,,1,cf_0V,frequency,frequency,70446.69267221761,139,139,0.0,0.1,70446.69267221761,0.099945068359375,70446.69267216364,0,Rp || Cp,Rp,Cp,1474762.4639824873,4.318111354858703e-11,4.318111354858703e-11,1474762.4639824873,1.368599064858671e-06,1.368599064858671e-06,1.0,1853.800677564176,-52253.98624052342,52286.85929539992,-1.535334466994411,9.999999747378752e-05,0,9.999999747378752e-05,-0.05712890625,0.059814453125,1.3427734035786898e-07,5.981445161395982e-06,off
1781066438.6053166,2026-06-10T12:40:38.605,87875026782576,,1,cf_0V,frequency,frequency,63153.33143723267,140,140,0.0,0.1,63153.33143723267,0.099945068359375,63153.33143732005,0,Rp || Cp,Rp,Cp,1545519.1747044916,4.31859774150391e-11,4.31859774150391e-11,1545519.1747044916,1.2277721107740329e-06,1.2277721107740329e-06,1.0,2200.235243544137,-58272.33239395123,58313.85562418311,-1.5330564516777994,9.999999747378752e-05,0,9.999999747378752e-05,-0.05047607421875,0.048126220703125,-1.1749267281313536e-07,5.047607294361711e-06,off
1781066439.057269,2026-06-10T12:40:39.057,87875052587376,,1,cf_0V,frequency,frequency,56615.05345862548,141,141,0.0,0.1,56615.05345862548,0.099945068359375,56615.05345855744,0,Rp || Cp,Rp,Cp,1616760.6448404912,4.3193018583909404e-11,4.3193018583909404e-11,1616760.6448404912,1.101314338176265e-06,1.101314338176265e-06,1.0,2615.7748484031094,-64978.762319731904,65031.39111738076,-1.5305622080721484,9.999999747378752e-05,0,9.999999747378752e-05,-0.0501708984375,0.0477294921875,-1.2207030941624453e-07,5.01708971700765e-06,off
1781066439.5020247,2026-06-10T12:40:39.502,87875075524976,,1,cf_0V,frequency,frequency,50753.68480455689,142,142,0.0,0.1,50753.68480455689,0.099945068359375,50753.68480454756,0,Rp || Cp,Rp,Cp,1655431.546260843,4.3226398195476e-11,4.3226398195476e-11,1655431.546260843,9.878383959180759e-07,9.878383959180759e-07,1.0,3172.9452228467094,-72405.29010418298,72474.77917495219,-1.527002337699146,9.999999747378752e-05,0,9.999999747378752e-05,-0.0460205078125,0.04425048828125,-8.850097432677728e-08,4.602050664992419e-06,off
1781066440.3712955,2026-06-10T12:40:40.371,87875104770416,,1,cf_0V,frequency,frequency,45499.144907154674,143,143,0.0,0.1,45499.144907154674,0.099945068359375,45499.14490716844,0,Rp || Cp,Rp,Cp,1720405.1961515988,4.327915787822469e-11,4.327915787822469e-11,1720405.1961515988,80734.53823263697,80734.53823263697,1.0,3788.680526086227,-80645.59233776123,80734.53823263697,-1.523851455832665,9.999999747378752e-06,0,9.999999747378752e-06,-0.346588134765625,0.313812255859375,-1.6387939039130828e-07,3.4658812601007227e-06,off
1781066440.8038447,2026-06-10T12:40:40.803,87875155233136,,1,cf_0V,frequency,frequency,40788.608654802425,144,144,0.0,0.1,40788.608654802425,0.099945068359375,40788.608654906966,0,Rp || Cp,Rp,Cp,1598602.2618869315,4.330480193975423e-11,4.330480193975423e-11,1598602.2618869315,7.986626366319219e-07,7.986626366319219e-07,1.0,5062.585864609429,-89818.88130301388,89961.44293063246,-1.5144915186747923,9.999999747378752e-06,0,9.999999747378752e-06,-0.373077392578125,0.37908935546875,3.0059813693750215e-08,3.7908934589214738e-06,off
1781066441.243869,2026-06-10T12:40:41.243,87875183905136,,1,cf_0V,frequency,frequency,36565.755233193486,145,145,0.0,0.1,36565.755233193486,0.099945068359375,36565.755233297634,0,Rp || Cp,Rp,Cp,1655538.876882052,4.333526176852253e-11,4.333526176852253e-11,1655538.876882052,7.164419476561295e-07,7.164419476561295e-07,1.0,6071.183583302473,-100071.0806414279,100255.07693301786,-1.5102018850145538,9.999999747378752e-06,0,9.999999747378752e-06,-0.373077392578125,0.37908935546875,3.0059813693750215e-08,3.7908934589214738e-06,off
1781066441.6313066,2026-06-10T12:40:41.631,87875207416176,,1,cf_0V,frequency,frequency,32780.09473403288,146,146,0.0,0.1,32780.09473403288,0.099945068359375,32780.09473397958,0,Rp || Cp,Rp,Cp,1743878.0133164197,4.335240734755211e-11,4.335240734755211e-11,1743878.0133164197,6.425970137099881e-07,6.425970137099881e-07,1.0,7162.914920188391,-111534.49013833709,111764.26012179686,-1.5066628769201584,9.999999747378752e-06,0,9.999999747378752e-06,-0.373077392578125,0.37908935546875,3.0059813693750215e-08,3.7908934589214738e-06,off
1781066442.0973046,2026-06-10T12:40:42.097,87875231500656,,1,cf_0V,frequency,frequency,29386.364480084198,147,147,0.0,0.1,29386.364480084198,0.099945068359375,29386.3644801462,0,Rp || Cp,Rp,Cp,1782116.6218572953,4.3358949149150294e-11,4.3358949149150294e-11,1782116.6218572953,5.76481260396311e-07,5.76481260396311e-07,1.0,8712.175126428687,-124298.87412968262,124603.82058885772,-1.5008202278736527,9.999999747378752e-06,0,9.999999747378752e-06,-0.3634033203125,0.37908935546875,7.843017379993711e-08,3.7908934589214738e-06,off
1781066442.49772,2026-06-10T12:40:42.497,87875258739056,,1,cf_0V,frequency,frequency,26343.98784881462,148,148,0.0,0.1,26343.98784881462,0.099945068359375,26343.987848775898,0,Rp || Cp,Rp,Cp,1879665.6554701645,4.338790622076873e-11,4.338790622076873e-11,1879665.6554701645,5.17133537208705e-07,5.17133537208705e-07,1.0,10258.468716972111,-138481.96685702607,138861.41049624825,-1.4968533733166203,9.999999747378752e-06,0,9.999999747378752e-06,-0.357177734375,0.329833984375,-1.3671874654619387e-07,3.571777253519315e-06,off
1781066442.9123678,2026-06-10T12:40:42.912,87875283396976,,1,cf_0V,frequency,frequency,23616.58912414415,149,149,0.0,0.1,23616.58912414415,0.099945068359375,23616.589124202394,0,Rp || Cp,Rp,Cp,1938225.5581036021,4.343413194343558e-11,4.343413194343558e-11,1938225.5581036021,4.640394915567896e-07,4.640394915567896e-07,1.0,12341.420415003779,-154169.211627361,154662.39514394535,-1.4909155312002205,9.999999747378752e-06,0,9.999999747378752e-06,-0.357177734375,0.324005126953125,-1.6586303291932225e-07,3.571777253519315e-06,off
1781066443.369191,2026-06-10T12:40:43.369,87875308628336,,1,cf_0V,frequency,frequency,21171.558575697567,150,150,0.0,0.1,21171.558575697567,0.099945068359375,21171.5585756167,0,Rp || Cp,Rp,Cp,1952626.4009029313,4.3449634834437576e-11,4.3449634834437576e-11,1952626.4009029313,4.163210445743498e-07,4.163210445743498e-07,1.0,15210.61801836419,-171666.22095277556,172338.7777509976,-1.4824213494755758,9.999999747378752e-06,0,9.999999747378752e-06,-0.320404052734375,0.32647705078125,3.0364989467290826e-08,3.26477042533746e-06,off
1781066443.8204455,2026-06-10T12:40:43.820,87875335866736,,1,cf_0V,frequency,frequency,18979.66256549492,151,151,0.0,0.1,18979.66256549492,0.099945068359375,18979.662565428156,0,Rp || Cp,Rp,Cp,1973489.397020901,4.347579091409098e-11,4.347579091409098e-11,1973489.397020901,3.737327530298703e-07,3.737327530298703e-07,1.0,18672.599140517603,-191053.68475894575,191963.9977147618,-1.4733709175668837,9.999999747378752e-06,0,9.999999747378752e-06,-0.341644287109375,0.32647705078125,-7.583617972484191e-08,3.4164427847871437e-06,off
1781066444.1846497,2026-06-10T12:40:44.184,87875361671536,,1,cf_0V,frequency,frequency,17014.69402038014,152,152,0.0,0.1,17014.69402038014,0.099945068359375,17014.694020431874,0,Rp || Cp,Rp,Cp,2054276.2069981345,4.349606941689997e-11,4.349606941689997e-11,2054276.2069981345,3.3541598729146777e-07,3.3541598729146777e-07,1.0,22268.93947051,-212721.9942653065,213884.43727712013,-1.4664906049606294,9.999999747378752e-06,0,9.999999747378752e-06,-0.341644287109375,0.32647705078125,-7.583617972484191e-08,3.4164427847871437e-06,off
1781066444.6266346,2026-06-10T12:40:44.626,87875387189616,,1,cf_0V,frequency,frequency,15253.159091114281,153,153,0.0,0.1,15253.159091114281,0.099945068359375,15253.159091201951,0,Rp || Cp,Rp,Cp,2104042.3917180668,4.3501462838515606e-11,4.3501462838515606e-11,2104042.3917180668,3.0105809112443537e-07,3.0105809112443537e-07,1.0,26992.97783060522,-236782.0702294323,238315.69321867867,-1.4572871021886067,9.999999747378752e-06,0,9.999999747378752e-06,-0.341644287109375,0.32647705078125,-7.583617972484191e-08,3.4164427847871437e-06,off
1781066445.0113065,2026-06-10T12:40:45.011,87875410987376,,1,cf_0V,frequency,frequency,13673.996251720062,154,154,0.0,0.1,13673.996251720062,0.099945068359375,13673.996251668541,0,Rp || Cp,Rp,Cp,2078572.1791832745,4.3538267835305866e-11,4.3538267835305866e-11,2078572.1791832745,2.7053001813096526e-07,2.7053001813096526e-07,1.0,33823.36418235794,-262983.4288148606,265149.587583751,-1.4428844789378215,9.999999747378752e-06,0,9.999999747378752e-06,-0.341644287109375,0.306365966796875,-1.7639159710647334e-07,3.4164427847871437e-06,off
1781066445.4091551,2026-06-10T12:40:45.409,87875434211696,,1,cf_0V,frequency,frequency,12258.324480531926,155,155,0.0,0.1,12258.324480531926,0.099945068359375,12258.324480498573,0,Rp || Cp,Rp,Cp,2077824.2995955811,4.356288603013015e-11,4.356288603013015e-11,2077824.2995955811,2.430603511805421e-07,2.430603511805421e-07,1.0,41888.15766444255,-292030.15958621196,295019.03643742995,-1.428330294505367,9.999999747378752e-06,0,9.999999747378752e-06,-0.31463623046875,0.33319091796875,9.277343515634584e-08,3.3319090955163944e-06,off
1781066445.8131177,2026-06-10T12:40:45.813,87875457436016,,1,cf_0V,frequency,frequency,10989.217512115829,156,156,0.0,0.1,10989.217512115829,0.099945068359375,10989.217512076266,0,Rp || Cp,Rp,Cp,2100707.462231067,4.358896456155659e-11,4.358896456155659e-11,2100707.462231067,2.1843798458025442e-07,2.1843798458025442e-07,1.0,51269.28773721063,-324150.02000269754,328179.4864595136,-1.4139304711693392,9.999999747378752e-06,0,9.999999747378752e-06,-0.31463623046875,0.33319091796875,9.277343515634584e-08,3.3319090955163944e-06,off
1781066446.2676969,2026-06-10T12:40:46.267,87875482380656,,1,cf_0V,frequency,frequency,9851.501460936432,157,157,0.0,0.1,9851.501460936432,0.099945068359375,9851.501461000113,0,Rp || Cp,Rp,Cp,2110159.0576146534,4.359910731221233e-11,4.359910731221233e-11,2110159.0576146534,1.9630818488609114e-07,1.9630818488609114e-07,1.0,63121.26482371148,-359460.1711217849,364960.1467226907,-1.3969683900837584,9.999999747378752e-06,0,9.999999747378752e-06,-0.31463623046875,0.33319091796875,9.277343515634584e-08,3.3319090955163944e-06,off
1781066446.680902,2026-06-10T12:40:46.680,87875509332336,,1,cf_0V,frequency,frequency,8831.573397089549,158,158,0.0,0.1,8831.573397089549,0.099945068359375,8831.57339707452,0,Rp || Cp,Rp,Cp,2205353.13419825,4.363503999398899e-11,4.363503999398899e-11,2205353.13419825,1.7660006981347246e-07,1.7660006981347246e-07,1.0,74721.47478147053,-399003.68395255896,405939.9445746027,-1.3856704418306633,9.999999747378752e-06,0,9.999999747378752e-06,-0.293914794921875,0.29315185546875,-3.8146971692576415e-09,2.9391478749696276e-06,off
1781066447.139562,2026-06-10T12:40:47.139,87875536570736,,1,cf_0V,frequency,frequency,7917.238704927916,159,159,0.0,0.1,7917.238704927916,0.099945068359375,7917.238704848728,0,Rp || Cp,Rp,Cp,2251617.2666199543,4.36865084992401e-11,4.36865084992401e-11,2251617.2666199543,1.5900980509597519e-07,1.5900980509597519e-07,1.0,90268.02074525628,-441702.0699117916,450831.49194973864,-1.3692081151150628,9.999999747378752e-06,0,9.999999747378752e-06,-0.293914794921875,0.272125244140625,-1.0894775115399824e-07,2.9391478749696276e-06,off
1781066447.6393826,2026-06-10T12:40:47.639,87875564956016,,1,cf_0V,frequency,frequency,7097.565279983502,160,160,0.0,0.1,7097.565279983502,0.099945068359375,7097.565280034246,0,Rp || Cp,Rp,Cp,2228504.6395070218,4.370792965159496e-11,4.370792965159496e-11,2228504.6395070218,1.43470949077646e-07,1.43470949077646e-07,1.0,112165.47135855575,-487216.7693644652,499961.27181516116,-1.3445220687217903,9.999999747378752e-06,0,9.999999747378752e-06,-0.28955078125,0.272125244140625,-8.712768334584453e-08,2.89550773935332e-06,off
1781066448.0958245,2026-06-10T12:40:48.095,87875591907696,,1,cf_0V,frequency,frequency,6362.752820913701,161,161,0.0,0.1,6362.752820913701,0.099945068359375,6362.7528208343165,0,Rp || Cp,Rp,Cp,2178704.825798009,4.3714595381438746e-11,4.3714595381438746e-11,2178704.825798009,1.2942682561668402e-07,1.2942682561668402e-07,1.0,140582.3263264729,-535279.3684741026,553432.374178993,-1.313963049975537,9.999999747378752e-06,0,9.999999747378752e-06,-0.28955078125,0.279388427734375,-5.0811766294511784e-08,2.89550773935332e-06,off
1781066448.4931715,2026-06-10T12:40:48.493,87875619146096,,1,cf_0V,frequency,frequency,5704.01565368052,162,162,0.0,0.1,5704.01565368052,0.099945068359375,5704.015653620331,0,Rp || Cp,Rp,Cp,2228609.310813133,4.368904776974284e-11,4.368904776974284e-11,2228609.310813133,1.1691239351993851e-07,1.1691239351993851e-07,1.0,169130.93249532802,-590187.6808091273,613943.6219276128,-1.2917043856134167,9.999999747378752e-06,0,9.999999747378752e-06,-0.28955078125,0.279388427734375,-5.0811766294511784e-08,2.89550773935332e-06,off
1781066448.909303,2026-06-10T12:40:48.909,87875643230576,,1,cf_0V,frequency,frequency,5113.477686967608,163,163,0.0,0.1,5113.477686967608,0.099945068359375,5113.477686933265,0,Rp || Cp,Rp,Cp,2187615.0056908815,4.3605442918156273e-11,4.3605442918156273e-11,2187615.0056908815,1.0589796869535086e-07,1.0589796869535086e-07,1.0,210484.30643073036,-645100.754887698,678571.018545814,-1.2554059816335321,9.999999747378752e-06,0,9.999999747378752e-06,-0.28955078125,0.279388427734375,-5.0811766294511784e-08,2.89550773935332e-06,off
1781066449.2989285,2026-06-10T12:40:49.298,87875667315056,,1,cf_0V,frequency,frequency,4584.078242885572,164,164,0.0,0.1,4584.078242885572,0.099945068359375,4584.078242970691,0,Rp || Cp,Rp,Cp,2200945.053018456,4.3676900914478384e-11,4.3676900914478384e-11,2200945.053018456,9.6020516046855e-08,9.6020516046855e-08,1.0,253965.9421367884,-703183.0374914552,747639.6752320839,-1.2242087335941514,9.999999747378752e-06,0,9.999999747378752e-06,-0.285888671875,0.279388427734375,-3.2501219882075105e-08,2.858886646528447e-06,off
1781066449.7000906,2026-06-10T12:40:49.700,87875691399536,,1,cf_0V,frequency,frequency,4109.487637044614,165,165,0.0,0.1,4109.487637044614,0.099945068359375,4109.487637009579,0,Rp || Cp,Rp,Cp,2155840.4003288825,4.377677182007864e-11,4.377677182007864e-11,2155840.4003288825,8.732932037849573e-08,8.732932037849573e-08,1.0,310719.8353040232,-757176.0416710175,818451.2044904997,-1.1813852055542917,9.999999747378752e-06,0,9.999999747378752e-06,-0.294677734375,0.314544677734375,9.933471428746898e-08,3.145446697883081e-06,off
1781066450.1498551,2026-06-10T12:40:50.149,87875715484016,,1,cf_0V,frequency,frequency,3684.0314986403864,166,166,0.0,0.1,3684.0314986403864,0.099945068359375,3684.0314986363865,0,Rp || Cp,Rp,Cp,2201165.2725800904,4.380772930985977e-11,4.380772930985977e-11,2201165.2725800904,7.953975891237096e-08,7.953975891237096e-08,1.0,367958.08813899226,-821305.9178829844,899964.7578525027,-1.1495936265189104,9.999999747378752e-06,0,9.999999747378752e-06,-0.294677734375,0.314544677734375,9.933471428746898e-08,3.145446697883081e-06,off
1781066450.5535731,2026-06-10T12:40:50.553,87875742722416,,1,cf_0V,frequency,frequency,3302.622925697632,167,167,0.0,0.1,3302.622925697632,0.099945068359375,3302.6229256449824,0,Rp || Cp,Rp,Cp,2192709.0244208677,4.381395547331236e-11,4.381395547331236e-11,2192709.0244208677,7.277614095492094e-08,7.277614095492094e-08,1.0,440804.3073088927,-878775.9357752838,983135.5871088172,-1.1058601744260952,9.999999747378752e-06,0,9.999999747378752e-06,-0.294677734375,0.314544677734375,9.933471428746898e-08,3.145446697883081e-06,off
1781066450.9653325,2026-06-10T12:40:50.965,87875766520176,,1,cf_0V,frequency,frequency,2960.70166429603,168,168,0.0,0.1,2960.70166429603,0.099945068359375,2960.701664207477,0,Rp || Cp,Rp,Cp,2204383.1288641687,4.379324214716355e-11,4.379324214716355e-11,2204383.1288641687,6.677254446609726e-08,6.677254446609726e-08,1.0,521740.45494861534,-936964.649389002,1072434.5465037217,-1.0627159849814622,9.999999747378752e-06,0,9.999999747378752e-06,-0.294677734375,0.314544677734375,9.933471428746898e-08,3.145446697883081e-06,off
1781066451.4037166,2026-06-10T12:40:51.403,87875790891376,,1,cf_0V,frequency,frequency,2654.1795845838647,169,169,0.0,0.1,2654.1795845838647,0.099945068359375,2654.179584595795,0,Rp || Cp,Rp,Cp,2207225.115207903,4.3761088248848706e-11,4.3761088248848706e-11,2207225.115207903,6.135291768598423e-08,6.135291768598423e-08,1.0,614019.3306142748,-989069.8405001389,1164164.4590670909,-1.0152194550560452,9.999999747378752e-06,0,9.999999747378752e-06,-0.29083251953125,0.283050537109375,-3.890991112642794e-08,2.908325121842026e-06,off
1781066451.852443,2026-06-10T12:40:51.852,87875817843056,,1,cf_0V,frequency,frequency,2379.391801671713,170,170,0.0,0.1,2379.391801671713,0.099945068359375,2379.391801667907,0,Rp || Cp,Rp,Cp,2230974.882753332,4.3776076317141395e-11,4.3776076317141395e-11,2230974.882753332,5.692190547412607e-08,5.692190547412607e-08,1.0,712352.6764064449,-1040093.5501874172,1260650.9940205063,-0.9702814820788149,9.999999747378752e-06,0,9.999999747378752e-06,-0.292205810546875,0.283050537109375,-4.57763660310917e-08,2.9220580316513534e-06,off
1781066452.2482817,2026-06-10T12:40:52.248,87875846228336,,1,cf_0V,frequency,frequency,2133.052856990533,171,171,0.0,0.1,2133.052856990533,0.099945068359375,2133.0528569052376,0,Rp || Cp,Rp,Cp,2213566.341554378,4.379043650975713e-11,4.379043650975713e-11,2213566.341554378,5.2874808241389786e-08,5.2874808241389786e-08,1.0,823577.7804246909,-1069936.3037073272,1350201.486593819,-0.9147779132687036,9.999999747378752e-06,0,9.999999747378752e-06,-0.292205810546875,0.31842041015625,1.3107299473569256e-07,3.1842040211227385e-06,off
1781066452.6904955,2026-06-10T12:40:52.690,87875867445616,,1,cf_0V,frequency,frequency,1912.21743620315,172,172,0.0,0.1,1912.21743620315,0.099945068359375,1912.2174361285715,0,Rp || Cp,Rp,Cp,2208663.292092052,4.386989010780731e-11,4.386989010780731e-11,2208663.292092052,4.973917295965579e-08,4.973917295965579e-08,1.0,937753.0378173948,-1091695.9062574785,1439159.7241707016,-0.8611076934968015,9.999999747378752e-06,0,9.999999747378752e-06,-0.292205810546875,0.31842041015625,1.3107299473569256e-07,3.1842040211227385e-06,off
1781066453.0933952,2026-06-10T12:40:53.093,87875894397296,,1,cf_0V,frequency,frequency,1714.2451539988147,173,173,0.0,0.1,1714.2451539988147,0.099945068359375,1714.2451539342574,0,Rp || Cp,Rp,Cp,2170219.271920684,4.391543705966635e-11,4.391543705966635e-11,2170219.271920684,4.6681491191089965e-08,4.6681491191089965e-08,1.0,1056698.4802597603,-1084737.631082163,1514353.7917108503,-0.7984910352640109,9.999999747378752e-06,0,9.999999747378752e-06,-0.29046630859375,0.31842041015625,1.3977050428159998e-07,3.1842040211227385e-06,off
1781066453.453192,2026-06-10T12:40:53.453,87875918481776,,1,cf_0V,frequency,frequency,1536.7689847255556,174,174,0.0,0.1,1536.7689847255556,0.099945068359375,1536.7689847067822,0,Rp || Cp,Rp,Cp,2217268.9851983786,4.391407618044325e-11,4.391407618044325e-11,2217268.9851983786,4.4048467532798016e-08,4.4048467532798016e-08,1.0,1176933.895020642,-1106528.6393986982,1615419.147793536,-0.7545752543558943,9.999999747378752e-06,0,9.999999747378752e-06,-0.29046630859375,0.31842041015625,1.3977050428159998e-07,3.1842040211227385e-06,off
1781066453.8643157,2026-06-10T12:40:53.864,87875942566256,,1,cf_0V,frequency,frequency,1377.6669614059458,175,175,0.0,0.1,1377.6669614059458,0.099945068359375,1377.6669614173898,0,Rp || Cp,Rp,Cp,2209526.8025430506,4.392593661116584e-11,4.392593661116584e-11,2209526.8025430506,4.223858068380059e-08,4.223858068380059e-08,1.0,1295293.5223043226,-1088209.743463206,1691740.4513375554,-0.6987336843609714,9.999999747378752e-06,0,9.999999747378752e-06,-0.29046630859375,0.281158447265625,-4.6539305464943226e-08,2.9046630125595385e-06,off
1781066454.2752566,2026-06-10T12:40:54.275,87875966650736,,1,cf_0V,frequency,frequency,1235.0368047598533,176,176,0.0,0.1,1235.0368047598533,0.099945068359375,1235.036804771994,0,Rp || Cp,Rp,Cp,2221053.52662655,4.3959956272602175e-11,4.3959956272602175e-11,2221053.52662655,4.0504178326545e-08,4.0504178326545e-08,1.0,1411041.0140564658,-1069093.4838148241,1770310.0351308007,-0.6483873789198927,9.999999747378752e-06,0,9.999999747378752e-06,-0.281646728515625,0.281158447265625,-2.4414061883248905e-09,2.816467214006302e-06,off
1781066454.720905,2026-06-10T12:40:54.720,87875992455536,,1,cf_0V,frequency,frequency,1107.1731788899117,177,177,0.0,0.1,1107.1731788899117,0.099945068359375,1107.1731789513706,0,Rp || Cp,Rp,Cp,2206037.9967126823,4.404210951031147e-11,4.404210951031147e-11,2206037.9967126823,3.917685904484687e-08,3.917685904484687e-08,1.0,1514274.4788441244,-1023484.1671974162,1827716.3450006223,-0.5943613748993052,9.999999747378752e-06,0,9.999999747378752e-06,-0.281646728515625,0.281158447265625,-2.4414061883248905e-09,2.816467214006302e-06,off
1781066455.119944,2026-06-10T12:40:55.119,87876017973616,,1,cf_0V,frequency,frequency,992.547301690778,178,178,0.0,0.1,992.547301690778,0.099945068359375,992.5473017347031,0,Rp || Cp,Rp,Cp,2238870.5249903155,4.405022015876944e-11,4.405022015876944e-11,2238870.5249903155,3.7684339633027764e-08,3.7684339633027764e-08,1.0,1624391.5693721499,-999076.7913742927,1907040.2213141883,-0.5514099004490812,9.999999747378752e-06,0,9.999999747378752e-06,-0.276092529296875,0.291412353515625,7.659911915869344e-08,2.9141234615392975e-06,off
1781066455.5330703,2026-06-10T12:40:55.533,87876040624496,,1,cf_0V,frequency,frequency,889.7886661970878,179,179,0.0,0.1,889.7886661970878,0.099945068359375,889.7886662140309,0,Rp || Cp,Rp,Cp,2242407.224531972,4.406068031917779e-11,4.406068031917779e-11,2242407.224531972,3.662825994487974e-08,3.662825994487974e-08,1.0,1718167.117008417,-949069.077656589,1962862.796054004,-0.5046632450774462,9.999999747378752e-06,0,9.999999747378752e-06,-0.28466796875,0.291412353515625,3.372192297623755e-08,2.9141234615392975e-06,off
1781066455.924529,2026-06-10T12:40:55.924,87876066142576,,1,cf_0V,frequency,frequency,797.6686543241938,180,180,0.0,0.1,797.6686543241938,0.099945068359375,797.6686543287315,0,Rp || Cp,Rp,Cp,2232790.863949496,4.407805009616114e-11,4.407805009616114e-11,2232790.863949496,3.555617707086454e-08,3.555617707086454e-08,1.0,1795855.6433472568,-885817.4652239084,2002441.0287041913,-0.4582382687150188,9.999999747378752e-06,0,9.999999747378752e-06,-0.28466796875,0.291412353515625,3.372192297623755e-08,2.9141234615392975e-06,off
1781066456.3275182,2026-06-10T12:40:56.327,87876090227056,,1,cf_0V,frequency,frequency,715.0858470818457,181,181,0.0,0.1,715.0858470818457,0.099945068359375,715.0858471760557,0,Rp || Cp,Rp,Cp,2227714.104670424,4.4114416460396334e-11,4.4114416460396334e-11,2227714.104670424,3.446656336485652e-08,3.446656336485652e-08,1.0,1864250.9008520218,-823156.4888555626,2037895.4895854183,-0.41580315527525585,9.999999747378752e-06,0,9.999999747378752e-06,-0.28466796875,0.291412353515625,3.372192297623755e-08,2.9141234615392975e-06,off
1781066456.7347925,2026-06-10T12:40:56.734,87876113164656,,1,cf_0V,frequency,frequency,641.0528556246055,182,182,0.0,0.1,641.0528556246055,0.099945068359375,641.0528555989004,0,Rp || Cp,Rp,Cp,2297447.8041892587,4.417650275687369e-11,4.417650275687369e-11,2297447.8041892587,3.3565553607613325e-08,3.3565553607613325e-08,1.0,1968480.6514832145,-804714.5301753734,2126612.6940134517,-0.38806933246836783,9.999999747378752e-06,0,9.999999747378752e-06,-0.28466796875,0.28314208984375,-7.629394338515283e-09,2.8466796155868224e-06,off
1781066457.1415646,2026-06-10T12:40:57.141,87876137249136,,1,cf_0V,frequency,frequency,574.6845156864445,183,183,0.0,0.1,574.6845156864445,0.099945068359375,574.6845156551217,0,Rp || Cp,Rp,Cp,2300839.618439879,4.411447438082919e-11,4.411447438082919e-11,2300839.618439879,3.2511594236162874e-08,3.2511594236162874e-08,1.0,2028379.5489608352,-743405.967718676,2160318.501397954,-0.3512999848892039,9.999999747378752e-06,0,9.999999747378752e-06,-0.297332763671875,0.28759765625,-4.8675535879727505e-08,2.973327561606176e-06,off
1781066457.5415785,2026-06-10T12:40:57.541,87876161333616,,1,cf_0V,frequency,frequency,515.1873042480629,184,184,0.0,0.1,515.1873042480629,0.099945068359375,515.1873042308353,0,Rp || Cp,Rp,Cp,2300013.8996853824,4.42201810586812e-11,4.42201810586812e-11,2300013.8996853824,3.3743292622827753e-08,3.3743292622827753e-08,1.0,2075093.11751499,-683177.5516422284,2184660.846315956,-0.31805069112610257,9.999999747378752e-06,0,9.999999747378752e-06,-0.297332763671875,0.28759765625,-4.8675535879727505e-08,2.973327561606176e-06,off
1781066457.9449093,2026-06-10T12:40:57.944,87876186564976,,1,cf_0V,frequency,frequency,461.8498518989187,185,185,0.0,0.1,461.8498518989187,0.099945068359375,461.8498518027536,0,Rp || Cp,Rp,Cp,2243876.2951305625,4.4632771958259286e-11,4.4632771958259286e-11,2243876.2951305625,3.3302026111467654e-08,3.3302026111467654e-08,1.0,2069112.6735930755,-601336.5315746567,2154723.388333111,-0.2828341351238158,9.999999747378752e-06,0,9.999999747378752e-06,-0.297332763671875,0.28759765625,-4.8675535879727505e-08,2.973327561606176e-06,off
1781066458.3464084,2026-06-10T12:40:58.346,87876209502576,,1,cf_0V,frequency,frequency,414.03443745645274,186,186,0.0,0.1,414.03443745645274,0.099945068359375,414.0344374548022,0,Rp || Cp,Rp,Cp,2235614.1301064445,4.421505102896666e-11,4.421505102896666e-11,2235614.1301064445,3.263783269319396e-08,3.263783269319396e-08,1.0,2096952.825952963,-539227.4228884943,2165173.7500411104,-0.2516948840294438,9.999999747378752e-06,0,9.999999747378752e-06,-0.297332763671875,0.28759765625,-4.8675535879727505e-08,2.973327561606176e-06,off
1781066458.783647,2026-06-10T12:40:58.783,87876233587056,,1,cf_0V,frequency,frequency,371.1693631492158,187,187,0.0,0.1,371.1693631492158,0.099945068359375,371.1693631913704,0,Rp || Cp,Rp,Cp,2248304.385057782,4.40670153785084e-11,4.40670153785084e-11,2248304.385057782,3.24356756459953e-08,3.24356756459953e-08,1.0,2134355.9615522143,-493159.7074159487,2190589.38818576,-0.22707286031469506,9.999999747378752e-06,0,9.999999747378752e-06,-0.286407470703125,0.27288818359375,-6.759643383924541e-08,2.864074634678637e-06,off
1781066459.2040477,2026-06-10T12:40:59.204,87876260538736,,1,cf_0V,frequency,frequency,332.7421191989247,188,188,0.0,0.1,332.7421191989247,0.099945068359375,332.74211929779085,0,Rp || Cp,Rp,Cp,2281223.5883469987,4.438637339751977e-11,4.438637339751977e-11,2281223.5883469987,3.234541278419553e-08,3.234541278419553e-08,1.0,2183378.429896185,-462204.50931517367,2231764.8569164295,-0.2086125102870522,9.999999747378752e-06,0,9.999999747378752e-06,-0.286407470703125,0.28875732421875,1.1749267281313536e-08,2.8875731692412643e-06,off
1781066459.5707703,2026-06-10T12:40:59.570,87876284909936,,1,cf_0V,frequency,frequency,298.2932560748046,189,189,0.0,0.1,298.2932560748046,0.099945068359375,298.2932561224061,0,Rp || Cp,Rp,Cp,2239228.317976904,4.42152112600548e-11,4.42152112600548e-11,2239228.317976904,3.266849737139048e-08,3.266849737139048e-08,1.0,2164689.5199539666,-401688.1314032304,2201643.4935540208,-0.18347690651906948,9.999999747378752e-06,0,9.999999747378752e-06,-0.286407470703125,0.28875732421875,1.1749267281313536e-08,2.8875731692412643e-06,off
1781066459.9746318,2026-06-10T12:40:59.974,87876306987376,,1,cf_0V,frequency,frequency,267.41089115476336,190,190,0.0,0.1,267.41089115476336,0.099945068359375,267.4108910838413,0,Rp || Cp,Rp,Cp,2264193.135860451,4.4166124119379746e-11,4.4166124119379746e-11,2264193.135860451,3.227014226951746e-08,3.227014226951746e-08,1.0,2202028.085607561,-369985.3870088253,2232894.2824067087,-0.16646542188978233,9.999999747378752e-06,0,9.999999747378752e-06,-0.281097412109375,0.28875732421875,3.829955957934672e-08,2.8875731692412643e-06,off
1781066460.382735,2026-06-10T12:41:00.382,87876331932016,,1,cf_0V,frequency,frequency,239.7257841131082,191,191,0.0,0.1,239.7257841131082,0.099945068359375,239.72578418351986,0,Rp || Cp,Rp,Cp,2305379.530234851,4.443678651963185e-11,4.443678651963185e-11,2305379.530234851,3.133744758278804e-08,3.133744758278804e-08,1.0,2251765.0063334666,-347458.35542171955,2278414.5699368063,-0.15309742866378961,9.999999747378752e-06,0,9.999999747378752e-06,-0.281097412109375,0.28875732421875,3.829955957934672e-08,2.8875731692412643e-06,off
1781066460.8056436,2026-06-10T12:41:00.805,87876357163376,,1,cf_0V,frequency,frequency,214.90692215443403,192,192,0.0,0.1,214.90692215443403,0.099945068359375,214.9069221246691,0,Rp || Cp,Rp,Cp,2304731.3215425247,4.434391112746694e-11,4.434391112746694e-11,2304731.3215425247,3.106572001669971e-08,3.106572001669971e-08,1.0,2261659.1957785543,-312112.91116487596,2283093.687776634,-0.13713556208362004,9.999999747378752e-06,0,9.999999747378752e-06,-0.28173828125,0.28778076171875,3.021240158052052e-08,2.8778075444879647e-06,off
1781066461.208542,2026-06-10T12:41:01.208,87876381247856,,1,cf_0V,frequency,frequency,192.65756230919578,193,193,0.0,0.1,192.65756230919578,0.099945068359375,192.65756222353048,0,Rp || Cp,Rp,Cp,2263396.5568819647,4.458140354105842e-11,4.458140354105842e-11,2263396.5568819647,3.2156427429572535e-08,3.2156427429572535e-08,1.0,2230123.738108554,-272401.3637637822,2246698.553490352,-0.12154421807951502,9.999999747378752e-06,0,9.999999747378752e-06,-0.28173828125,0.28778076171875,3.021240158052052e-08,2.8778075444879647e-06,off
1781066461.6474574,2026-06-10T12:41:01.647,87876405332336,,1,cf_0V,frequency,frequency,172.71168347127087,194,194,0.0,0.1,172.71168347127087,0.099945068359375,172.7116834615572,0,Rp || Cp,Rp,Cp,2260238.8674128186,4.5485103109651094e-11,4.5485103109651094e-11,2260238.8674128186,3.216477555227447e-08,3.216477555227447e-08,1.0,2232452.4576985193,-249061.91731636837,2246302.6987789213,-0.11110482638235464,9.999999747378752e-06,0,9.999999747378752e-06,-0.28173828125,0.302734375,1.0498046609797029e-07,3.0273436735228643e-06,off
1781066462.1116147,2026-06-10T12:41:02.111,87876433717616,,1,cf_0V,frequency,frequency,154.83080575683516,195,195,0.0,0.1,154.83080575683516,0.099945068359375,154.83080566980334,0,Rp || Cp,Rp,Cp,2241978.4027596554,4.1894316409814033e-11,4.1894316409814033e-11,2241978.4027596554,3.181622325936762e-08,3.181622325936762e-08,1.0,2223414.5551518756,-203162.81394674163,2232677.185137155,-0.09112120366303571,9.999999747378752e-06,0,9.999999747378752e-06,-0.288543701171875,0.302734375,7.095336734819213e-08,3.0273436735228643e-06,off
1781066462.612513,2026-06-10T12:41:02.612,87876463823216,,1,cf_0V,frequency,frequency,138.8011391556985,196,196,0.0,0.1,138.8011391556985,0.099945068359375,138.80113911568515,0,Rp || Cp,Rp,Cp,2236706.8641395327,4.469729807723742e-11,4.469729807723742e-11,2236706.8641395327,3.1452637222383084e-08,3.1452637222383084e-08,1.0,2219831.7569257426,-193545.59900627524,2228253.335675889,-0.08696937519955478,9.999999747378752e-06,0,9.999999747378752e-06,-0.288543701171875,0.302734375,7.095336734819213e-08,3.0273436735228643e-06,off
1781066463.0049262,2026-06-10T12:41:03.004,87876489628016,,1,cf_0V,frequency,frequency,124.43102738338021,197,197,0.0,0.1,124.43102738338021,0.099945068359375,124.43102740178347,0,Rp || Cp,Rp,Cp,2234727.5228598327,4.664550166100084e-11,4.664550166100084e-11,2234727.5228598327,3.186501759278445e-08,3.186501759278445e-08,1.0,2219982.8405299326,-180922.47445091544,2227342.980775253,-0.08131752621744427,9.999999747378752e-06,0,9.999999747378752e-06,-0.2913818359375,0.29119873046875,-9.15527320621834e-10,2.913818285765757e-06,off
1781066463.4555311,2026-06-10T12:41:03.455,87876512565616,,1,cf_0V,frequency,frequency,111.54865637172875,198,198,0.0,0.1,111.54865637172875,0.099945068359375,111.54865639184663,0,Rp || Cp,Rp,Cp,2236935.0333326356,4.46400943419443e-11,4.46400943419443e-11,2236935.0333326356,3.2246699167144136e-08,3.2246699167144136e-08,1.0,2226031.2645540265,-155795.15461866173,2231476.489003335,-0.06987391640335497,9.999999747378752e-06,0,9.999999747378752e-06,-0.2913818359375,0.29119873046875,-9.15527320621834e-10,2.913818285765757e-06,off
1781066463.8098578,2026-06-10T12:41:03.809,87876539804016,,1,cf_0V,frequency,frequency,100.0,199,199,0.0,0.1,100.0,0.099945068359375,99.99999996068709,0,Rp || Cp,Rp,Cp,2275637.139001048,4.7213745216704655e-11,4.7213745216704655e-11,2275637.139001048,3.15470409694368e-08,3.15470409694368e-08,1.0,2265313.543304799,-152925.4104010058,2270469.4736169567,-0.06740512264025915,9.999999747378752e-06,0,9.999999747378752e-06,-0.2913818359375,0.29119873046875,-9.15527320621834e-10,2.913818285765757e-06,off
1781066464.268339,2026-06-10T12:41:04.268,87876565035376,,1,cf_0V,frequency,frequency,0.0,200,200,0.0,0.1,0.0,0.099945068359375,0.0,0,Rp || Cp,Rp,Cp,108.85831748386911,nan,nan,108.85831748386911,8.72089015472084e-08,8.72089015472084e-08,1.0,-108.85831746930478,0.0017807015697161779,108.85831748386911,3.1415762956154007,9.999999747378752e-06,0,9.999999747378752e-06,-1.0,0.999969482421875,-1.5258788677030566e-10,9.999999747378752e-06,off
