timestamp_unix,timestamp_iso,sample_timestamp,sample_clockbase,block_index,block_name,mode,sweep_variable,sweep_value,point_index_block,point_index_total,set_bias_V,set_amplitude_V,set_frequency_Hz,measured_drive_V,measured_frequency_Hz,model,model_name,param0_name,param1_name,param0,param1,C_F,R_Ohm,demod_R_raw,demod_R,demod_R_gain,Z_real_Ohm,Z_imag_Ohm,Z_abs_Ohm,Z_phase_rad,imps_current_range_A,currin_index,currin_range_A,currin_norm_min,currin_norm_max,currin_est_A,currin_peak_A,iv_autorange_mode
1781064797.74949,2026-06-10T12:13:17.749,87776567708016,,1,cf_0V,frequency,frequency,0.0,1,1,0.0,0.1,0.0,0.099945068359375,0.0,0,Rp || Cp,Rp,Cp,100.27098654933863,nan,nan,100.27098654933863,8.507616661473106e-06,8.507616661473106e-06,1.0,-100.27098495481894,0.017882061433636066,100.27098654933863,3.1414143162447266,0.0010000000474974513,0,0.0010000000474974513,-0.02447509765625,0.015960693359375,-4.257202350643752e-06,2.447509881875476e-05,off
1781064798.5513246,2026-06-10T12:13:18.551,87776619604336,,1,cf_0V,frequency,frequency,100.0,2,2,0.0,0.1,100.0,0.099945068359375,99.99999996068709,0,Rp || Cp,Rp,Cp,722562.5899399266,3.990183709684321e-10,3.990183709684321e-10,722562.5899399266,1.0105756222119031e-07,1.0105756222119031e-07,1.0,699603.8189758976,-126736.11894573562,710990.5395791763,-0.17921061950592967,9.999999747378752e-05,0,9.999999747378752e-05,-0.06298828125,0.06597900390625,1.4953612903489955e-07,6.597900223948017e-06,off
1781064798.9977858,2026-06-10T12:13:18.997,87776649136496,,1,cf_0V,frequency,frequency,111.67312606580774,3,3,0.0,0.1,111.67312606580774,0.099945068359375,111.6731259998005,0,Rp || Cp,Rp,Cp,711235.1845658418,3.9599835416389157e-10,3.9599835416389157e-10,711235.1845658418,1.0181152345614804e-07,1.0181152345614804e-07,1.0,684502.3355717281,-135272.67859016164,697740.7433826033,-0.1951079202383531,9.999999747378752e-05,0,9.999999747378752e-05,-0.066131591796875,0.06597900390625,-7.629394338515283e-09,6.613159012625047e-06,off
1781064799.4098628,2026-06-10T12:13:19.409,87776673507696,,1,cf_0V,frequency,frequency,124.70887085309788,4,4,0.0,0.1,124.70887085309788,0.099945068359375,124.70887085669347,0,Rp || Cp,Rp,Cp,717879.7740829262,3.933479644573399e-10,3.933479644573399e-10,717879.7740829262,1.0133389952438565e-07,1.0133389952438565e-07,1.0,684375.0645380636,-151425.849038711,700927.2549406058,-0.2177532420742525,9.999999747378752e-05,0,9.999999747378752e-05,-0.066131591796875,0.06597900390625,-7.629394338515283e-09,6.613159012625047e-06,off
1781064799.90686,2026-06-10T12:13:19.906,87776699312496,,1,cf_0V,frequency,frequency,139.2662945630255,5,5,0.0,0.1,139.2662945630255,0.099945068359375,139.26629449656502,0,Rp || Cp,Rp,Cp,720240.6871441323,3.944399557067914e-10,3.944399557067914e-10,720240.6871441323,1.0199684584326927e-07,1.0199684584326927e-07,1.0,678322.2624077279,-168624.43685233154,698967.3042293926,-0.24365158902447048,9.999999747378752e-05,0,9.999999747378752e-05,-0.06842041015625,0.06597900390625,-1.2207030941624453e-07,6.842040842780506e-06,off
1781064800.353893,2026-06-10T12:13:20.353,87776730564976,,1,cf_0V,frequency,frequency,155.52302469454662,6,6,0.0,0.1,155.52302469454662,0.099945068359375,155.52302464527656,0,Rp || Cp,Rp,Cp,718131.0064309124,3.951377900469394e-10,3.951377900469394e-10,718131.0064309124,1.0283429958007402e-07,1.0283429958007402e-07,1.0,666858.1976811182,-184909.95871757812,692019.9048058124,-0.2704895690661375,9.999999747378752e-05,0,9.999999747378752e-05,-0.06842041015625,0.065338134765625,-1.5411376563800872e-07,6.842040842780506e-06,off
1781064800.789215,2026-06-10T12:13:20.789,87776753502576,,1,cf_0V,frequency,frequency,173.67742342849834,7,7,0.0,0.1,173.67742342849834,0.099945068359375,173.6774233762617,0,Rp || Cp,Rp,Cp,721784.5563128303,3.878622262211693e-10,3.878622262211693e-10,721784.5563128303,1.0300606925786542e-07,1.0300606925786542e-07,1.0,660171.417820879,-201681.0179333336,690290.9052727373,-0.29649312605170275,9.999999747378752e-05,0,9.999999747378752e-05,-0.06842041015625,0.065643310546875,-1.3885497696097815e-07,6.842040842780506e-06,off
1781064801.1692843,2026-06-10T12:13:21.169,87776779307376,,1,cf_0V,frequency,frequency,193.95100801315368,8,8,0.0,0.1,193.95100801315368,0.099945068359375,193.9510080006812,0,Rp || Cp,Rp,Cp,724014.2005407148,3.865509861837389e-10,3.865509861837389e-10,724014.2005407148,1.0472936914782735e-07,1.0472936914782735e-07,1.0,648572.7147859382,-221199.65918477398,685256.0511139336,-0.3286848376909509,9.999999747378752e-05,0,9.999999747378752e-05,-0.0653076171875,0.066650390625,6.713867017893449e-08,6.665038894126951e-06,off
1781064801.6449962,2026-06-10T12:13:21.644,87776803678576,,1,cf_0V,frequency,frequency,216.59115368443398,9,9,0.0,0.1,216.59115368443398,0.099945068359375,216.5911537588272,0,Rp || Cp,Rp,Cp,725783.5661086087,3.898710026755467e-10,3.898710026755467e-10,725783.5661086087,1.0509402133159343e-07,1.0509402133159343e-07,1.0,632058.7222513689,-243391.875483994,677301.8776185765,-0.3675767256482451,9.999999747378752e-05,0,9.999999747378752e-05,-0.0653076171875,0.06756591796875,1.1291503621002619e-07,6.7565916261891346e-06,off
1781064802.1092498,2026-06-10T12:13:22.109,87776830056816,,1,cf_0V,frequency,frequency,241.8741121014056,10,10,0.0,0.1,241.8741121014056,0.099945068359375,241.87411220566446,0,Rp || Cp,Rp,Cp,727836.8119414289,3.8815047118390843e-10,3.8815047118390843e-10,727836.8119414289,1.0631829639511051e-07,1.0631829639511051e-07,1.0,614553.380630008,-263853.58758561744,668800.8472823375,-0.4055426184080146,9.999999747378752e-05,0,9.999999747378752e-05,-0.06427001953125,0.06756591796875,1.647949177119301e-07,6.7565916261891346e-06,off
1781064802.5743423,2026-06-10T12:13:22.574,87776857868656,,1,cf_0V,frequency,frequency,270.1083821275558,11,11,0.0,0.1,270.1083821275558,0.099945068359375,270.1083821676775,0,Rp || Cp,Rp,Cp,731022.2805973116,3.934530625398356e-10,3.934530625398356e-10,731022.2805973116,1.084396311732038e-07,1.084396311732038e-07,1.0,590354.1885474402,-288173.55419368105,656933.8362971762,-0.45411201916451893,9.999999747378752e-05,0,9.999999747378752e-05,-0.06427001953125,0.06756591796875,1.647949177119301e-07,6.7565916261891346e-06,off
1781064803.014426,2026-06-10T12:13:23.014,87776885967216,,1,cf_0V,frequency,frequency,301.6384740876191,12,12,0.0,0.1,301.6384740876191,0.099945068359375,301.6384739851219,0,Rp || Cp,Rp,Cp,722409.4372743986,3.9274135024240486e-10,3.9274135024240486e-10,722409.4372743986,1.1232570726612086e-07,1.1232570726612086e-07,1.0,560379.4242958084,-301327.53838901746,636257.3257461846,-0.49336676374929495,9.999999747378752e-05,0,9.999999747378752e-05,-0.06427001953125,0.067535400390625,1.6326903884422705e-07,6.7535398684537284e-06,off
1781064803.4253013,2026-06-10T12:13:23.425,87776914352496,,1,cf_0V,frequency,frequency,336.849113430846,13,13,0.0,0.1,336.849113430846,0.099945068359375,336.84911350917446,0,Rp || Cp,Rp,Cp,723418.9259965153,3.9701287660197494e-10,3.9701287660197494e-10,723418.9259965153,1.1512903314041478e-07,1.1512903314041478e-07,1.0,528234.1477423914,-321096.9713238585,618170.3485565167,-0.5461851832223005,9.999999747378752e-05,0,9.999999747378752e-05,-0.06427001953125,0.067535400390625,1.6326903884422705e-07,6.7535398684537284e-06,off
1781064803.867453,2026-06-10T12:13:23.867,87776937290096,,1,cf_0V,frequency,frequency,376.169935093184,14,14,0.0,0.1,376.169935093184,0.099945068359375,376.1699350945946,0,Rp || Cp,Rp,Cp,718071.7523330082,3.9606049268954295e-10,3.9606049268954295e-10,718071.7523330082,1.1856879999478409e-07,1.1856879999478409e-07,1.0,494593.5810471636,-332461.8309252016,595947.7153536159,-0.5918180613086246,9.999999747378752e-05,0,9.999999747378752e-05,-0.06298828125,0.067535400390625,2.2735595128775543e-07,6.7535398684537284e-06,off
1781064804.2303772,2026-06-10T12:13:24.230,87776963094896,,1,cf_0V,frequency,frequency,420.08072583827897,15,15,0.0,0.1,420.08072583827897,0.099945068359375,420.08072583143985,0,Rp || Cp,Rp,Cp,723524.0457434596,3.9653387673338486e-10,3.9653387673338486e-10,723524.0457434596,1.2353086121056836e-07,1.2353086121056836e-07,1.0,459834.3386649523,-348214.8504403573,576802.5668134934,-0.6481323064611753,9.999999747378752e-05,0,9.999999747378752e-05,-0.06298828125,0.0673828125,2.1972655694924015e-07,6.738281079776698e-06,off
1781064804.6129467,2026-06-10T12:13:24.612,87776985459056,,1,cf_0V,frequency,frequency,469.11727854354143,16,16,0.0,0.1,469.11727854354143,0.099945068359375,469.11727856979724,0,Rp || Cp,Rp,Cp,718270.8136176015,3.961012759333334e-10,3.961012759333334e-10,718270.8136176015,1.3000211766915955e-07,1.3000211766915955e-07,1.0,421705.3284724866,-353642.821681316,550362.2710440923,-0.6978394538655371,9.999999747378752e-05,0,9.999999747378752e-05,-0.066741943359375,0.0673828125,3.204345622176419e-08,6.738281079776698e-06,off
1781064805.0235796,2026-06-10T12:13:25.023,87777009543536,,1,cf_0V,frequency,frequency,523.8779298644155,17,17,0.0,0.1,523.8779298644155,0.099945068359375,523.877929836658,0,Rp || Cp,Rp,Cp,717098.5962634868,3.964465904452969e-10,3.964465904452969e-10,717098.5962634868,1.3583835245535153e-07,1.3583835245535153e-07,1.0,382313.2621327185,-357760.91626353795,523599.3731931761,-0.7522348063069489,9.999999747378752e-05,0,9.999999747378752e-05,-0.070098876953125,0.066192626953125,-1.9531249506599124e-07,7.009887518227842e-06,off
1781064805.3917735,2026-06-10T12:13:25.391,87777032481136,,1,cf_0V,frequency,frequency,585.0308610484332,18,18,0.0,0.1,585.0308610484332,0.099945068359375,585.0308610888533,0,Rp || Cp,Rp,Cp,719642.2379835745,3.963592757996791e-10,3.963592757996791e-10,719642.2379835745,1.4352913454297353e-07,1.4352913454297353e-07,1.0,342795.9197630047,-359418.11343297956,496679.3964620301,-0.8090648651922142,9.999999747378752e-05,0,9.999999747378752e-05,-0.070098876953125,0.066192626953125,-1.9531249506599124e-07,7.009887518227842e-06,off
1781064805.8502643,2026-06-10T12:13:25.850,87777054845296,,1,cf_0V,frequency,frequency,653.3222509824973,19,19,0.0,0.1,653.3222509824973,0.099945068359375,653.3222509119696,0,Rp || Cp,Rp,Cp,715384.7392692368,3.960979745060954e-10,3.960979745060954e-10,715384.7392692368,1.523111530604773e-07,1.523111530604773e-07,1.0,304030.3395612898,-353644.19664860563,466367.5215932075,-0.8606938574670394,9.999999747378752e-05,0,9.999999747378752e-05,-0.070098876953125,0.067840576171875,-1.1291503621002619e-07,7.009887518227842e-06,off
1781064806.274632,2026-06-10T12:13:26.274,87777083804016,,1,cf_0V,frequency,frequency,729.585380955657,20,20,0.0,0.1,729.585380955657,0.099945068359375,729.5853809097252,0,Rp || Cp,Rp,Cp,714055.4560246355,3.9608805200584203e-10,3.9608805200584203e-10,714055.4560246355,1.63056147318698e-07,1.63056147318698e-07,1.0,266342.4381720318,-345318.659756783,436100.070107359,-0.9138053483336358,9.999999747378752e-05,0,9.999999747378752e-05,-0.066986083984375,0.067840576171875,4.2724608295685584e-08,6.78405744580779e-06,off
1781064806.6916223,2026-06-10T12:13:26.691,87777110182256,,1,cf_0V,frequency,frequency,814.7508022323145,21,21,0.0,0.1,814.7508022323145,0.099945068359375,814.7508022915417,0,Rp || Cp,Rp,Cp,715341.7168652504,3.957729148023725e-10,3.957729148023725e-10,715341.7168652504,1.7503557114072718e-07,1.7503557114072718e-07,1.0,230716.060566508,-334381.4023995718,406252.1666084169,-0.966827747735991,9.999999747378752e-05,0,9.999999747378752e-05,-0.066986083984375,0.067840576171875,4.2724608295685584e-08,6.78405744580779e-06,off
1781064807.1131003,2026-06-10T12:13:27.113,87777134840176,,1,cf_0V,frequency,frequency,909.8576904990725,22,22,0.0,0.1,909.8576904990725,0.099945068359375,909.8576904165157,0,Rp || Cp,Rp,Cp,721348.1873012166,3.9549583725723484e-10,3.9549583725723484e-10,721348.1873012166,1.8861494390924599e-07,1.8861494390924599e-07,1.0,197090.07645488452,-321443.72936611617,377055.1277807917,-1.0207708900028887,9.999999747378752e-05,0,9.999999747378752e-05,-0.067169189453125,0.067291259765625,6.103515470812226e-09,6.7291258065704795e-06,off
1781064807.515122,2026-06-10T12:13:27.515,87777158351216,,1,cf_0V,frequency,frequency,1016.0665257304771,23,23,0.0,0.1,1016.0665257304771,0.099945068359375,1016.0665256364609,0,Rp || Cp,Rp,Cp,706960.9616626529,3.9550484299968336e-10,3.9550484299968336e-10,706960.9616626529,2.0564265569662224e-07,2.0564265569662224e-07,1.0,168871.3887711029,-301443.0849388416,345522.03895399586,-1.0601482588235787,9.999999747378752e-05,0,9.999999747378752e-05,-0.067169189453125,0.0694580078125,1.1444091507772924e-07,6.9458006057843136e-06,off
1781064807.9441714,2026-06-10T12:13:27.944,87777182435696,,1,cf_0V,frequency,frequency,1134.6732521914685,24,24,0.0,0.1,1134.6732521914685,0.099945068359375,1134.67325220995,0,Rp || Cp,Rp,Cp,710020.3802639453,3.951164605375929e-10,3.951164605375929e-10,710020.3802639453,2.2428654068239658e-07,2.2428654068239658e-07,1.0,141995.37734955983,-284001.6278700053,317521.0415412762,-1.107164032148764,9.999999747378752e-05,0,9.999999747378752e-05,-0.067169189453125,0.0694580078125,1.1444091507772924e-07,6.9458006057843136e-06,off
1781064808.3392408,2026-06-10T12:13:28.339,87777208527216,,1,cf_0V,frequency,frequency,1267.1250913547792,25,25,0.0,0.1,1267.1250913547792,0.099945068359375,1267.1250913598442,0,Rp || Cp,Rp,Cp,707662.7101056756,3.9504752914869203e-10,3.9504752914869203e-10,707662.7101056756,2.4570573175755537e-07,2.4570573175755537e-07,1.0,118856.36426776231,-264543.7232747756,290017.6147254371,-1.1485345200355006,9.999999747378752e-05,0,9.999999747378752e-05,-0.067169189453125,0.0694580078125,1.1444091507772924e-07,6.9458006057843136e-06,off
1781064808.7388992,2026-06-10T12:13:28.738,87777232611696,,1,cf_0V,frequency,frequency,1415.0382006801042,26,26,0.0,0.1,1415.0382006801042,0.099945068359375,1415.0382007471762,0,Rp || Cp,Rp,Cp,705987.960183025,3.949092345471656e-10,3.949092345471656e-10,705987.960183025,2.6935348339386994e-07,2.6935348339386994e-07,1.0,98815.84415360143,-244945.35143981795,264126.47774837865,-1.187345188610158,9.999999747378752e-05,0,9.999999747378752e-05,-0.06707763671875,0.0694580078125,1.1901855168083841e-07,6.9458006057843136e-06,off
1781064809.1406233,2026-06-10T12:13:29.140,87777257843056,,1,cf_0V,frequency,frequency,1580.2173937248301,27,27,0.0,0.1,1580.2173937248301,0.099945068359375,1580.217393737371,0,Rp || Cp,Rp,Cp,706670.9905251357,3.9475091356406864e-10,3.9475091356406864e-10,706670.9905251357,2.9665423425662224e-07,2.9665423425662224e-07,1.0,81494.5185498226,-225717.64572648014,239978.77436550963,-1.2243148071091057,9.999999747378752e-05,0,9.999999747378752e-05,-0.06707763671875,0.06988525390625,1.403808558286812e-07,6.988525214079999e-06,off
1781064809.5429184,2026-06-10T12:13:29.542,87777281927536,,1,cf_0V,frequency,frequency,1764.6781622081528,28,28,0.0,0.1,1764.6781622081528,0.099945068359375,1764.6781621039054,0,Rp || Cp,Rp,Cp,710648.826566914,3.945542522250446e-10,3.945542522250446e-10,710648.826566914,3.273384046573984e-07,3.273384046573984e-07,1.0,66632.00876743758,-207152.44205654916,217605.05242842098,-1.2595911280689882,9.999999747378752e-05,0,9.999999747378752e-05,-0.065643310546875,0.06988525390625,2.1209716261072487e-07,6.988525214079999e-06,off
1781064810.0455234,2026-06-10T12:13:30.045,87777303718256,,1,cf_0V,frequency,frequency,1970.6712687384897,29,29,0.0,0.1,1970.6712687384897,0.099945068359375,1970.6712688360994,0,Rp || Cp,Rp,Cp,712257.1604903016,3.94402310338792e-10,3.94402310338792e-10,712257.1604903016,3.624485201431444e-07,3.624485201431444e-07,1.0,54375.94655236999,-189137.28803939547,196798.51953295644,-1.2908515038173916,9.999999747378752e-05,0,9.999999747378752e-05,-0.066436767578125,0.06988525390625,1.724243120504454e-07,6.988525214079999e-06,off
1781064810.4981036,2026-06-10T12:13:30.498,87777336117616,,1,cf_0V,frequency,frequency,2200.7102102809863,30,30,0.0,0.1,2200.7102102809863,0.099945068359375,2200.7102103316356,0,Rp || Cp,Rp,Cp,704226.5285812782,3.9420573930288043e-10,3.9420573930288043e-10,704226.5285812782,4.015366525792113e-07,4.015366525792113e-07,1.0,44754.844370371975,-171797.99938743815,177531.82443759884,-1.315951996668671,9.999999747378752e-05,0,9.999999747378752e-05,-0.066436767578125,0.067962646484375,7.629394338515283e-08,6.796264476749414e-06,off
1781064810.9943159,2026-06-10T12:13:30.994,87777363356016,,1,cf_0V,frequency,frequency,2457.6018874701913,31,31,0.0,0.1,2457.6018874701913,0.099945068359375,2457.6018875421823,0,Rp || Cp,Rp,Cp,698229.8613243308,3.9404393920047844e-10,3.9404393920047844e-10,698229.8613243308,4.45486402467727e-07,4.45486402467727e-07,1.0,36653.14706585058,-155720.48228495274,159976.00380334904,-1.3396263532211705,9.999999747378752e-05,0,9.999999747378752e-05,-0.066436767578125,0.067962646484375,7.629394338515283e-08,6.796264476749414e-06,off
1781064811.3603895,2026-06-10T12:13:31.360,87777391167856,,1,cf_0V,frequency,frequency,2744.480853990254,32,32,0.0,0.1,2744.480853990254,0.099945068359375,2744.480853991149,0,Rp || Cp,Rp,Cp,699862.3029042098,3.9388255021184413e-10,3.9388255021184413e-10,699862.3029042098,4.946422459276538e-07,4.946422459276538e-07,1.0,29659.734238025296,-140989.4679480738,144075.43131065485,-1.3634512819556468,9.999999747378752e-05,0,9.999999747378752e-05,-0.06427001953125,0.07080078125,3.265380776884541e-07,7.0800779461421826e-06,off
1781064811.7625804,2026-06-10T12:13:31.762,87777413245296,,1,cf_0V,frequency,frequency,3064.8475639284966,33,33,0.0,0.1,3064.8475639284966,0.099945068359375,3064.8475640049355,0,Rp || Cp,Rp,Cp,695726.2728102227,3.938206802329128e-10,3.938206802329128e-10,695726.2728102227,5.499912401767275e-07,5.499912401767275e-07,1.0,24124.61659309715,-127287.59743009998,129553.57804897221,-1.3834895735344652,9.999999747378752e-05,0,9.999999747378752e-05,-0.066650390625,0.07080078125,2.075195260076157e-07,7.0800779461421826e-06,off
1781064812.1711686,2026-06-10T12:13:32.171,87777438763376,,1,cf_0V,frequency,frequency,3422.6110837907077,34,34,0.0,0.1,3422.6110837907077,0.099945068359375,3422.6110837209944,0,Rp || Cp,Rp,Cp,697134.6096738582,3.9367147204012826e-10,3.9367147204012826e-10,697134.6096738582,6.120671880165522e-07,6.120671880165522e-07,1.0,19455.74750833856,-114824.86156765232,116461.47408108288,-1.4029519892975935,9.999999747378752e-05,0,9.999999747378752e-05,-0.0677490234375,0.071075439453125,1.6632079657963317e-07,7.1075437657608376e-06,off
1781064812.5957463,2026-06-10T12:13:32.595,87777463134576,,1,cf_0V,frequency,frequency,3822.1367903439054,35,35,0.0,0.1,3822.1367903439054,0.099945068359375,3822.136790319064,0,Rp || Cp,Rp,Cp,689969.1981657149,3.9357127433801967e-10,3.9357127433801967e-10,689969.1981657149,6.815269534983675e-07,6.815269534983675e-07,1.0,15851.035811394939,-103370.55254079893,104578.80506529131,-1.4186396410699182,9.999999747378752e-05,0,9.999999747378752e-05,-0.0677490234375,0.071075439453125,1.6632079657963317e-07,7.1075437657608376e-06,off
1781064813.0567534,2026-06-10T12:13:33.056,87777489799536,,1,cf_0V,frequency,frequency,4268.299636288371,36,36,0.0,0.1,4268.299636288371,0.099945068359375,4268.299636294159,0,Rp || Cp,Rp,Cp,692332.9314337883,3.9340304616725687e-10,3.9340304616725687e-10,692332.9314337883,7.590215380015972e-07,7.590215380015972e-07,1.0,12737.249585330557,-93038.59315798312,93906.42866074563,-1.434739270307167,9.999999747378752e-05,0,9.999999747378752e-05,-0.068878173828125,0.071075439453125,1.0986327847462007e-07,7.1075437657608376e-06,off
1781064813.4696095,2026-06-10T12:13:33.469,87777517324656,,1,cf_0V,frequency,frequency,4766.543633698721,37,37,0.0,0.1,4766.543633698721,0.099945068359375,4766.543633607512,0,Rp || Cp,Rp,Cp,683352.4291475082,3.9315557601159743e-10,3.9315557601159743e-10,683352.4291475082,8.458950553604985e-07,8.458950553604985e-07,1.0,10394.47794250737,-83636.39506838714,84279.84190619133,-1.4471485899456886,9.999999747378752e-05,0,9.999999747378752e-05,-0.073150634765625,0.06689453125,-3.128051678791266e-07,7.315063291768453e-06,off
1781064813.9106581,2026-06-10T12:13:33.910,87777539688816,,1,cf_0V,frequency,frequency,5322.948281042111,38,38,0.0,0.1,5322.948281042111,0.099945068359375,5322.948280976902,0,Rp || Cp,Rp,Cp,680089.0938261999,3.9303729241671093e-10,3.9303729241671093e-10,680089.0938261999,9.429655332622787e-07,9.429655332622787e-07,1.0,8404.311481867786,-75133.53531181888,75602.12020794516,-1.4594010638307884,9.999999747378752e-05,0,9.999999747378752e-05,-0.073455810546875,0.0703125,-1.5716552337341483e-07,7.345580869122514e-06,off
1781064814.3193371,2026-06-10T12:13:34.319,87777566927216,,1,cf_0V,frequency,frequency,5944.302744305904,39,39,0.0,0.1,5944.302744305904,0.099945068359375,5944.302744325114,0,Rp || Cp,Rp,Cp,682624.636476221,3.929670469595949e-10,3.929670469595949e-10,682624.636476221,1.0514979442251682e-06,1.0514979442251682e-06,1.0,6733.471246142755,-67461.79456995384,67797.0011255755,-1.4713141890799455,9.999999747378752e-05,0,9.999999747378752e-05,-0.0782470703125,0.0703125,-3.967285056027947e-07,7.824706833581274e-06,off
1781064814.8152955,2026-06-10T12:13:34.815,87777595312496,,1,cf_0V,frequency,frequency,6638.188697382001,40,40,0.0,0.1,6638.188697382001,0.099945068359375,6638.188697394298,0,Rp || Cp,Rp,Cp,674020.8892214169,3.9288119531196826e-10,3.9288119531196826e-10,674020.8892214169,1.172814914544591e-06,1.172814914544591e-06,1.0,5480.241491070686,-60529.03597579524,60776.61756761038,-1.480503458357894,9.999999747378752e-05,0,9.999999747378752e-05,-0.0782470703125,0.07244873046875,-2.8991698486358075e-07,7.824706833581274e-06,off
1781064815.266877,2026-06-10T12:13:35.266,87777621117296,,1,cf_0V,frequency,frequency,7413.07283251361,41,41,0.0,0.1,7413.07283251361,0.099945068359375,7413.072832491707,0,Rp || Cp,Rp,Cp,655979.5736754484,3.927358313585222e-10,3.927358313585222e-10,655979.5736754484,1.3083035841441378e-06,1.3083035841441378e-06,1.0,4524.250900639792,-54289.47716446083,54477.666772746925,-1.487652757028488,9.999999747378752e-05,0,9.999999747378752e-05,-0.0802001953125,0.07244873046875,-3.8757323239657637e-07,8.020019328647265e-06,off
1781064815.718575,2026-06-10T12:13:35.718,87777649215856,,1,cf_0V,frequency,frequency,8278.410169603068,42,42,0.0,0.1,8278.410169603068,0.099945068359375,8278.410169637595,0,Rp || Cp,Rp,Cp,655949.7389214177,3.9257748466656517e-10,3.9257748466656517e-10,655949.7389214177,1.45972384539752e-06,1.45972384539752e-06,1.0,3635.892849235185,-48700.546694990495,48836.082615235115,-1.4962764229535528,9.999999747378752e-05,0,9.999999747378752e-05,-0.0802001953125,0.07403564453125,-3.0822753127601743e-07,8.020019328647265e-06,off
1781064816.1223345,2026-06-10T12:13:36.122,87777674160496,,1,cf_0V,frequency,frequency,9244.759424945483,43,43,0.0,0.1,9244.759424945483,0.099945068359375,9244.759424973381,0,Rp || Cp,Rp,Cp,643264.1882554436,3.9241092875585253e-10,3.9241092875585253e-10,643264.1882554436,1.6287712162845886e-06,1.6287712162845886e-06,1.0,2978.256228409286,-43668.47335346588,43769.91632599288,-1.5027002586025622,9.999999747378752e-05,0,9.999999747378752e-05,-0.087188720703125,0.07403564453125,-6.576537919800174e-07,8.718871850055265e-06,off
1781064816.5246127,2026-06-10T12:13:36.524,87777699391856,,1,cf_0V,frequency,frequency,10323.911847100022,44,44,0.0,0.1,10323.911847100022,0.099945068359375,10323.911847009982,0,Rp || Cp,Rp,Cp,638079.9492986646,3.922644914865393e-10,3.922644914865393e-10,638079.9492986646,1.8175951915267975e-06,1.8175951915267975e-06,1.0,2411.427475144243,-39151.865071916625,39226.05665979497,-1.509282395887974,9.999999747378752e-05,0,9.999999747378752e-05,-0.087554931640625,0.076690673828125,-5.432128769022881e-07,8.755492942880139e-06,off
1781064816.974159,2026-06-10T12:13:36.974,87777723476336,,1,cf_0V,frequency,frequency,11529.035091934857,45,45,0.0,0.1,11529.035091934857,0.099945068359375,11529.035091939477,0,Rp || Cp,Rp,Cp,631599.9819018809,3.9211889121674975e-10,3.9211889121674975e-10,631599.9819018809,2.0285244583666515e-06,2.0285244583666515e-06,1.0,1956.2729954583015,-35096.36711247821,35150.84619929657,-1.5151139041093873,9.999999747378752e-05,0,9.999999747378752e-05,-0.087554931640625,0.076690673828125,-5.432128769022881e-07,8.755492942880139e-06,off
1781064817.388071,2026-06-10T12:13:37.388,87777750714736,,1,cf_0V,frequency,frequency,12874.833892387638,46,46,0.0,0.1,12874.833892387638,0.099945068359375,12874.83389234012,0,Rp || Cp,Rp,Cp,620451.5566327212,3.9196812878408926e-10,3.9196812878408926e-10,620451.5566327212,2.2638608331327264e-06,2.2638608331327264e-06,1.0,1598.9208684897483,-31456.26159993134,31496.87193654327,-1.520010064170757,9.999999747378752e-05,0,9.999999747378752e-05,-0.087554931640625,0.083587646484375,-1.9836425280139736e-07,8.755492942880139e-06,off
1781064817.7838116,2026-06-10T12:13:37.783,87777774799216,,1,cf_0V,frequency,frequency,14377.729483409405,47,47,0.0,0.1,14377.729483409405,0.099945068359375,14377.729483356916,0,Rp || Cp,Rp,Cp,606207.2931545773,3.9181793662772854e-10,3.9181793662772854e-10,606207.2931545773,2.5267316473017657e-06,2.5267316473017657e-06,1.0,1313.795055417227,-28190.531865445646,28221.12939455728,-1.5242258989643784,9.999999747378752e-05,0,9.999999747378752e-05,-0.087554931640625,0.09686279296875,4.6539305464943226e-07,9.686279052179003e-06,off
1781064818.2300618,2026-06-10T12:13:38.230,87777803184496,,1,cf_0V,frequency,frequency,16056.059971408577,48,48,0.0,0.1,16056.059971408577,0.099945068359375,16056.059971489845,0,Rp || Cp,Rp,Cp,591594.7293186478,3.916339328583559e-10,3.916339328583559e-10,591594.7293186478,2.820325681683175e-06,2.820325681683175e-06,1.0,1080.8941271813642,-25264.26204102942,25287.373698982166,-1.528038879595153,9.999999747378752e-05,0,9.999999747378752e-05,-0.087005615234375,0.09686279296875,4.928588742680873e-07,9.686279052179003e-06,off
1781064818.603887,2026-06-10T12:13:38.603,87777824688496,,1,cf_0V,frequency,frequency,17930.304093072773,49,49,0.0,0.1,17930.304093072773,0.099945068359375,17930.304093098926,0,Rp || Cp,Rp,Cp,573841.8106396884,3.915053350045661e-10,3.915053350045661e-10,573841.8106396884,3.1477031325143238e-06,3.1477031325143238e-06,1.0,894.37569194037,-22636.922462579852,22654.58378463807,-1.5313072684720823,9.999999747378752e-05,0,9.999999747378752e-05,-0.095733642578125,0.09686279296875,5.6457518105013094e-08,9.686279052179003e-06,off
1781064818.9699953,2026-06-10T12:13:38.969,87777850206576,,1,cf_0V,frequency,frequency,20023.331093839864,50,50,0.0,0.1,20023.331093839864,0.099945068359375,20023.331093881323,0,Rp || Cp,Rp,Cp,557126.5936053484,3.913727555122111e-10,3.913727555122111e-10,557126.5936053484,3.5136116223688597e-06,3.5136116223688597e-06,1.0,739.3597493721192,-20282.26628800641,20295.737942154083,-1.5343589534597277,9.999999747378752e-05,0,9.999999747378752e-05,-0.098846435546875,0.10015869140625,6.561279131123143e-08,1.0015868887602863e-05,off
1781064819.335796,2026-06-10T12:13:39.335,87777869990256,,1,cf_0V,frequency,frequency,22360.679774997894,51,51,0.0,0.1,22360.679774997894,0.099945068359375,22360.6797749909,0,Rp || Cp,Rp,Cp,538140.3121658396,3.911956549607423e-10,3.911956549607423e-10,538140.3121658396,3.921899983785577e-06,3.921899983785577e-06,1.0,614.4556208958395,-18173.76636613587,18184.150781406923,-1.5369991690037348,9.999999747378752e-05,0,9.999999747378752e-05,-0.100830078125,0.112762451171875,5.966186372718951e-07,1.1276244832325588e-05,off
1781064819.7424788,2026-06-10T12:13:39.742,87777892354416,,1,cf_0V,frequency,frequency,24970.870114304947,52,52,0.0,0.1,24970.870114304947,0.099945068359375,24970.87011427368,0,Rp || Cp,Rp,Cp,521195.53417396377,3.910192561285937e-10,3.910192561285937e-10,521195.53417396377,4.3777638318380735e-06,4.3777638318380735e-06,1.0,509.27383939770726,-16284.099327940081,16292.060973545167,-1.5395322151403144,9.999999747378752e-05,0,9.999999747378752e-05,-0.110260009765625,0.1190185546875,4.3792723503077724e-07,1.1901855168083841e-05,off
1781064820.1881182,2026-06-10T12:13:40.188,87777917585776,,1,cf_0V,frequency,frequency,27885.751262476904,53,53,0.0,0.1,27885.751262476904,0.099945068359375,27885.751262459737,0,Rp || Cp,Rp,Cp,497246.15692597587,3.9085666972730066e-10,3.9085666972730066e-10,497246.15692597587,4.886747002395634e-06,4.886747002395634e-06,1.0,428.44463642534095,-14589.68416764277,14595.973722847262,-1.5414384918486665,9.999999747378752e-05,0,9.999999747378752e-05,-0.117340087890625,0.1190185546875,8.392333772366811e-08,1.1901855168083841e-05,off
1781064820.6379838,2026-06-10T12:13:40.637,87777943390576,,1,cf_0V,frequency,frequency,31140.89016174344,54,54,0.0,0.1,31140.89016174344,0.099945068359375,31140.890161793777,0,Rp || Cp,Rp,Cp,471180.6183291864,3.9071482153980473e-10,3.9071482153980473e-10,471180.6183291864,5.455026680445252e-06,5.455026680445252e-06,1.0,362.85778662688773,-13070.573457010261,13075.609212132984,-1.5430420271758345,9.999999747378752e-05,0,9.999999747378752e-05,-0.12451171875,0.133758544921875,4.6234129691402615e-07,1.3375854154284994e-05,off
1781064821.0543168,2026-06-10T12:13:41.054,87777970342256,,1,cf_0V,frequency,frequency,34776.005528338435,55,55,0.0,0.1,34776.005528338435,0.099945068359375,34776.005528271984,0,Rp || Cp,Rp,Cp,447013.4110592136,3.905475390497478e-10,3.905475390497478e-10,447013.4110592136,6.089371945968644e-06,6.089371945968644e-06,1.0,306.98288005998006,-11710.304260084074,11714.327311134564,-1.5445875638751534,9.999999747378752e-05,0,9.999999747378752e-05,-0.129425048828125,0.133758544921875,2.1667479921383404e-07,1.3375854154284994e-05,off
1781064821.4718466,2026-06-10T12:13:41.471,87777994713456,,1,cf_0V,frequency,frequency,38835.452494313686,56,56,0.0,0.1,38835.452494313686,0.099945068359375,38835.45249436793,0,Rp || Cp,Rp,Cp,420659.42656010354,3.9041581438442946e-10,3.9041581438442946e-10,420659.42656010354,6.797729936511392e-06,6.797729936511392e-06,1.0,261.7747492195958,-10490.447553622347,10493.713160489477,-1.5458478740347876,9.999999747378752e-05,0,9.999999747378752e-05,-0.14385986328125,0.142791748046875,-5.340576036960698e-08,1.4385985964704417e-05,off
1781064821.875253,2026-06-10T12:13:41.875,87778019944816,,1,cf_0V,frequency,frequency,43368.76382220184,57,57,0.0,0.1,43368.76382220184,0.099945068359375,43368.763822186906,0,Rp || Cp,Rp,Cp,393698.42028144625,3.9024588872036065e-10,3.9024588872036065e-10,393698.42028144625,7.588028951544897e-06,7.588028951544897e-06,1.0,224.49058014830155,-9398.467468256535,9401.1481624561,-1.5469149969627911,9.999999747378752e-05,0,9.999999747378752e-05,-0.1502685546875,0.1512451171875,4.882812376649781e-08,1.5124511336672697e-05,off
1781064822.2894387,2026-06-10T12:13:42.289,87778044602736,,1,cf_0V,frequency,frequency,48431.254296349834,58,58,0.0,0.1,48431.254296349834,0.099945068359375,48431.25429637496,0,Rp || Cp,Rp,Cp,365068.3550289721,3.9009247487485265e-10,3.9009247487485265e-10,365068.3550289721,8.470395155683958e-06,8.470395155683958e-06,1.0,194.28904027825538,-8419.68123525874,8421.922603214804,-1.5477248397996963,9.999999747378752e-05,0,9.999999747378752e-05,-0.166168212890625,0.1636962890625,-1.2359618828394758e-07,1.6616820869286286e-05,off
1781064822.7582915,2026-06-10T12:13:42.758,87778072988016,,1,cf_0V,frequency,frequency,54084.69566561462,59,59,0.0,0.1,54084.69566561462,0.099945068359375,54084.69566560825,0,Rp || Cp,Rp,Cp,336959.82541754376,3.8991248911665256e-10,3.8991248911665256e-10,336959.82541754376,9.455616307217236e-06,9.455616307217236e-06,1.0,168.95119066305847,-7543.2896805759665,7545.181489527627,-1.548402523182218,9.999999747378752e-05,0,9.999999747378752e-05,-0.17425537109375,0.178131103515625,1.9378661619828819e-07,1.7813109901565483e-05,off
1781064823.2799504,2026-06-10T12:13:43.279,87778101373296,,1,cf_0V,frequency,frequency,60398.07037297046,60,60,0.0,0.1,60398.07037297046,0.099945068359375,60398.070372897906,0,Rp || Cp,Rp,Cp,307102.1951168306,3.8978066242443284e-10,3.8978066242443284e-10,307102.1951168306,1.0555977161172928e-05,1.0555977161172928e-05,1.0,148.75111373405832,-6757.193697087979,6758.830783042479,-1.5487861404832528,9.999999747378752e-05,0,9.999999747378752e-05,-0.184478759765625,0.19097900390625,3.2501219882075105e-07,1.9097899908171456e-05,off
1781064823.6972318,2026-06-10T12:13:43.697,87778130332016,,1,cf_0V,frequency,frequency,67448.41326892251,61,61,0.0,0.1,67448.41326892251,0.099945068359375,67448.4132688491,0,Rp || Cp,Rp,Cp,278622.1053999167,3.896801700633968e-10,3.896801700633968e-10,278622.1053999167,1.1784665950051171e-05,1.1784665950051171e-05,1.0,131.54051059489058,-6052.5028790906745,6053.932111225601,-1.549066505472067,9.999999747378752e-05,0,9.999999747378752e-05,-0.201416015625,0.2073974609375,2.990722580697991e-07,2.0739745569819945e-05,off
1781064824.151505,2026-06-10T12:13:44.151,87778154416496,,1,cf_0V,frequency,frequency,75321.75157919075,62,62,0.0,0.1,75321.75157919075,0.099945068359375,75321.7515791249,0,Rp || Cp,Rp,Cp,249599.25959159297,3.895664169344657e-10,3.895664169344657e-10,249599.25959159297,1.3156617093915702e-05,1.3156617093915702e-05,1.0,117.81160981910118,-5421.421493181759,5422.701410011554,-1.5490689863448,9.999999747378752e-05,0,9.999999747378752e-05,-0.2205810546875,0.2255859375,2.502441343033013e-07,2.255859318012199e-05,off
1781064824.5552223,2026-06-10T12:13:44.555,87778180221296,,1,cf_0V,frequency,frequency,84114.1545960043,63,63,0.0,0.1,84114.1545960043,0.099945068359375,84114.15459598004,0,Rp || Cp,Rp,Cp,222011.94740716493,3.8945529598810937e-10,3.8945529598810937e-10,222011.94740716493,1.4688886415343838e-05,1.4688886415343838e-05,1.0,106.26802069857101,-4856.076330760408,4857.238950514445,-1.5489163037408589,9.999999747378752e-05,0,9.999999747378752e-05,-0.242706298828125,0.236175537109375,-3.265380776884541e-07,2.4270629269684818e-05,off
1781064824.9582434,2026-06-10T12:13:44.958,87778206886256,,1,cf_0V,frequency,frequency,93932.9059011844,64,64,0.0,0.1,93932.9059011844,0.099945068359375,93932.90590111291,0,Rp || Cp,Rp,Cp,196023.32096160026,3.8934997478247166e-10,3.8934997478247166e-10,196023.32096160026,1.63990148444249e-05,1.63990148444249e-05,1.0,96.56121389403728,-4349.589147903962,4350.660849065645,-1.5485998957955396,9.999999747378752e-05,0,9.999999747378752e-05,-0.256195068359375,0.2635498046875,3.6773680711643664e-07,2.6354979802967193e-05,off
1781064825.4109433,2026-06-10T12:13:45.410,87778231544176,,1,cf_0V,frequency,frequency,104897.8124243061,65,65,0.0,0.1,104897.8124243061,0.099945068359375,104897.81242434049,0,Rp || Cp,Rp,Cp,170778.6784253462,3.8927789594432345e-10,3.8927789594432345e-10,170778.6784253462,1.8310053344704162e-05,1.8310053344704162e-05,1.0,88.90539506549779,-3895.541259555244,3896.5556423807175,-1.5479779407930032,9.999999747378752e-05,0,9.999999747378752e-05,-0.28515625,0.289306640625,2.075195260076157e-07,2.8930663331649953e-05,off
1781064825.8590117,2026-06-10T12:13:45.859,87778256775536,,1,cf_0V,frequency,frequency,117142.66630887002,66,66,0.0,0.1,117142.66630887002,0.099945068359375,117142.66630889369,0,Rp || Cp,Rp,Cp,147799.1234361283,3.8924963632415616e-10,3.8924963632415616e-10,147799.1234361283,2.044591213340507e-05,2.044591213340507e-05,1.0,82.3833827412958,-3488.4673902897075,3489.44003457096,-1.5471847910540073,9.999999747378752e-05,0,9.999999747378752e-05,-0.319427490234375,0.323944091796875,2.2583007242005237e-07,3.239440836133589e-05,off
1781064826.319349,2026-06-10T12:13:46.319,87778284874096,,1,cf_0V,frequency,frequency,130816.87742395303,67,67,0.0,0.1,130816.87742395303,0.099945068359375,130816.87742399595,0,Rp || Cp,Rp,Cp,126857.87055354142,3.892103265967979e-10,3.892103265967979e-10,126857.87055354142,2.2831197978670084e-05,2.2831197978670084e-05,1.0,76.97735256123784,-3123.9810361076925,3124.92928348272,-1.5461605246119126,9.999999747378752e-05,0,9.999999747378752e-05,-0.343414306640625,0.336944580078125,-3.23486319953048e-07,3.434142979652499e-05,off
1781064826.7624788,2026-06-10T12:13:46.762,87778315266416,,1,cf_0V,frequency,frequency,146087.29644100412,68,68,0.0,0.1,146087.29644100412,0.099945068359375,146087.29644095319,0,Rp || Cp,Rp,Cp,108718.79209355671,3.8924084164272203e-10,3.8924084164272203e-10,108718.79209355671,2.549835559479597e-05,2.549835559479597e-05,1.0,72.00890198608217,-2797.058376570809,2797.9851400445586,-1.5450575005234526,9.999999747378752e-05,0,9.999999747378752e-05,-0.37347412109375,0.382415771484375,4.470825082369956e-07,3.8241576182374004e-05,off
1781064827.1779485,2026-06-10T12:13:47.177,87778337057136,,1,cf_0V,frequency,frequency,163140.25072069294,69,69,0.0,0.1,163140.25072069294,0.099945068359375,163140.25072077243,0,Rp || Cp,Rp,Cp,92229.347842264,3.8931330924690435e-10,3.8931330924690435e-10,92229.347842264,2.848183384657424e-05,2.848183384657424e-05,1.0,68.03460843031095,-2504.0285258533117,2504.952607581903,-1.5436329483378644,9.999999747378752e-05,0,9.999999747378752e-05,-0.411346435546875,0.415435791015625,2.0446776827220958e-07,4.154357805208342e-05,off
1781064827.6196516,2026-06-10T12:13:47.619,87778363435376,,1,cf_0V,frequency,frequency,182183.81785139444,70,70,0.0,0.1,182183.81785139444,0.099945068359375,182183.81785146677,0,Rp || Cp,Rp,Cp,77915.88103919273,3.8944771427834586e-10,3.8944771427834586e-10,77915.88103919273,3.18189606366395e-05,3.18189606366395e-05,1.0,64.52626833075273,-2241.30707576121,2242.2357251551316,-1.5420147062018403,9.999999747378752e-05,0,9.999999747378752e-05,-0.45159912109375,0.4609375,4.669189335171353e-07,4.609374883557393e-05,off
1781064828.0775023,2026-06-10T12:13:48.077,87778390673776,,1,cf_0V,frequency,frequency,203450.36458068906,71,71,0.0,0.1,203450.36458068906,0.099945068359375,203450.36458074616,0,Rp || Cp,Rp,Cp,65372.560802028376,3.8967512580883803e-10,3.8967512580883803e-10,65372.560802028376,3.555747062883002e-05,3.555747062883002e-05,1.0,61.59040941912443,-2005.6244429207372,2006.5699052297014,-1.540097129851696,9.999999747378752e-05,0,9.999999747378752e-05,-0.5042724609375,0.51397705078125,4.85229479929572e-07,5.139770377970976e-05,off
1781064828.5215604,2026-06-10T12:13:48.521,87778416478576,,1,cf_0V,frequency,frequency,227199.38211953812,72,72,0.0,0.1,227199.38211953812,0.099945068359375,227199.38211963608,0,Rp || Cp,Rp,Cp,54591.84521442453,3.899871238888523e-10,3.899871238888523e-10,54591.84521442453,3.973976652810783e-05,3.973976652810783e-05,1.0,59.037471121792294,-1794.2906850160837,1795.2616760049057,-1.5379052346793154,9.999999747378752e-05,0,9.999999747378752e-05,-0.55419921875,0.5565185546875,1.159667939454323e-07,5.565185406286588e-05,off
1781064828.9302604,2026-06-10T12:13:48.930,87778444863856,,1,cf_0V,frequency,frequency,253720.6524150888,73,73,0.0,0.1,253720.6524150888,0.099945068359375,253720.65241505482,0,Rp || Cp,Rp,Cp,45376.69220771445,3.904256434693771e-10,3.904256434693771e-10,45376.69220771445,4.443430853944379e-05,4.443430853944379e-05,1.0,56.816567892252564,-1604.655661242748,1605.6612075856651,-1.535403785039447,9.999999747378752e-05,0,9.999999747378752e-05,-0.621337890625,0.6151123046875,-3.1127928901142354e-07,6.213378749286846e-05,off
1781064829.4223938,2026-06-10T12:13:49.422,87778471815536,,1,cf_0V,frequency,frequency,283337.78402649175,74,74,0.0,0.1,283337.78402649175,0.099945068359375,283337.7840264717,0,Rp || Cp,Rp,Cp,37521.53201339069,3.910234361456478e-10,3.910234361456478e-10,37521.53201339069,4.9700664236926017e-05,4.9700664236926017e-05,1.0,54.917281581166705,-1434.4213575933231,1435.4722355155943,-1.5325296955109509,9.999999747378752e-05,0,9.999999747378752e-05,-0.681854248046875,0.686981201171875,2.563476497741135e-07,6.869811838172701e-05,off
1781064829.9074192,2026-06-10T12:13:49.907,87778499053936,,1,cf_0V,frequency,frequency,316412.1607479698,75,75,0.0,0.1,316412.1607479698,0.099945068359375,316412.1607480297,0,Rp || Cp,Rp,Cp,30896.935489859192,3.918001513853498e-10,3.918001513853498e-10,30896.935489859192,5.562793807956015e-05,5.562793807956015e-05,1.0,53.252518231761044,-1281.6020403312596,1282.7079248524474,-1.5292686911295679,9.999999747378752e-05,0,9.999999747378752e-05,-0.75341796875,0.759674072265625,3.128051678791266e-07,7.596740530746438e-05,off
1781064830.2665849,2026-06-10T12:13:50.266,87778526865776,,1,cf_0V,frequency,frequency,353347.35115962697,76,76,0.0,0.1,353347.35115962697,0.099945068359375,353347.35115966963,0,Rp || Cp,Rp,Cp,25367.516988347135,3.9288489536403963e-10,3.9288489536403963e-10,25367.516988347135,6.23010009426717e-05,6.23010009426717e-05,1.0,51.7061070725928,-1144.1075246919283,1145.2753160551808,-1.5256336591516546,9.999999747378752e-05,0,9.999999747378752e-05,-0.842803955078125,0.83929443359375,-1.754760697858515e-07,8.428039337871063e-05,off
1781064830.6807103,2026-06-10T12:13:50.680,87778547222896,,1,cf_0V,frequency,frequency,394594.03291068296,77,77,0.0,0.1,394594.03291068296,0.099945068359375,394594.0329106179,0,Rp || Cp,Rp,Cp,20734.19256245223,3.942646730678957e-10,3.942646730678957e-10,20734.19256245223,6.983511442600709e-05,6.983511442600709e-05,1.0,50.35242870672018,-1020.5300513535201,1021.7714777739119,-1.5214968190029488,9.999999747378752e-05,0,9.999999747378752e-05,-0.92987060546875,0.932647705078125,1.3885497696097815e-07,9.326476815174622e-05,off
1781064831.4628685,2026-06-10T12:13:51.462,87778575034736,,1,cf_0V,frequency,frequency,440655.49182050145,78,78,0.0,0.1,440655.49182050145,0.099945068359375,440655.49182050745,0,Rp || Cp,Rp,Cp,16888.034366825952,3.9606690557155924e-10,3.9606690557155924e-10,16888.034366825952,910.5843227263608,910.5843227263608,1.0,49.09770970290036,-909.2597119068649,910.5843227263608,-1.51685126149266,0.0010000000474974513,0,0.0010000000474974513,-0.1168212890625,0.102752685546875,-7.034302091923905e-06,0.00011682129461121349,off
1781064831.8682368,2026-06-10T12:13:51.868,87778621196656,,1,cf_0V,frequency,frequency,492093.7628966142,79,79,0.0,0.1,492093.7628966142,0.099945068359375,492093.7628966726,0,Rp || Cp,Rp,Cp,13585.736355079533,3.936763169827102e-10,3.936763169827102e-10,13585.736355079533,8.497464385027496e-05,8.497464385027496e-05,1.0,49.49912890349908,-818.5547943337882,820.0500686476622,-1.5103985069206465,0.0010000000474974513,0,0.0010000000474974513,-0.128173828125,0.116851806640625,-5.661011011071082e-06,0.00012817383421293016,off
1781064832.3199234,2026-06-10T12:13:52.319,87778643560816,,1,cf_0V,frequency,frequency,549536.4882015135,80,80,0.0,0.1,549536.4882015135,0.099945068359375,549536.4882015963,0,Rp || Cp,Rp,Cp,10973.230913505733,3.9504488117204574e-10,3.9504488117204574e-10,10973.230913505733,9.476983065608665e-05,9.476983065608665e-05,1.0,48.7624587548609,-729.8657016489873,731.4928023073008,-1.5040852862644547,0.0010000000474974513,0,0.0010000000474974513,-0.1392822265625,0.12982177734375,-4.730224834048613e-06,0.00013928223317805077,off
1781064832.7392778,2026-06-10T12:13:52.739,87778670799216,,1,cf_0V,frequency,frequency,613684.5752468883,81,81,0.0,0.1,613684.5752468883,0.099945068359375,613684.5752469356,0,Rp || Cp,Rp,Cp,8829.997891700765,3.968255844345415e-10,3.968255844345415e-10,8829.997891700765,0.0001056848694085915,0.0001056848694085915,1.0,48.108000501506844,-649.9839715639084,651.7618759963218,-1.496916902789237,0.0010000000474974513,0,0.0010000000474974513,-0.15399169921875,0.14178466796875,-6.103515914901436e-06,0.00015399170653296324,off
1781064833.198027,2026-06-10T12:13:53.198,87778698037616,,1,cf_0V,frequency,frequency,685320.749361875,82,82,0.0,0.1,685320.749361875,0.099945068359375,685320.7493619351,0,Rp || Cp,Rp,Cp,7076.9673135911335,3.9914845828491506e-10,3.9914845828491506e-10,7076.9673135911335,0.00011783873746741716,0.00011783873746741716,1.0,47.51282277533718,-577.9180092620657,579.8678243854454,-1.4887670319756214,0.0010000000474974513,0,0.0010000000474974513,-0.168212890625,0.157989501953125,-5.111694578729953e-06,0.00016821289861468358,off
1781064833.5919063,2026-06-10T12:13:53.591,87778723555696,,1,cf_0V,frequency,frequency,765319.1043900257,83,83,0.0,0.1,765319.1043900257,0.099945068359375,765319.1043900875,0,Rp || Cp,Rp,Cp,5642.746832679822,4.0214628769547225e-10,4.0214628769547225e-10,5642.746832679822,0.00013135764300932436,0.00013135764300932436,1.0,46.99636138792069,-512.8156699882148,514.9646292408496,-1.4794078307108478,0.0010000000474974513,0,0.0010000000474974513,-0.18634033203125,0.176361083984375,-4.989624260431924e-06,0.00018634034088194085,off
1781064833.9550738,2026-06-10T12:13:53.955,87778746780016,,1,cf_0V,frequency,frequency,854655.7682511833,84,84,0.0,0.1,854655.7682511833,0.099945068359375,854655.7682512201,0,Rp || Cp,Rp,Cp,4473.779785422721,4.059672562796792e-10,4.059672562796792e-10,4473.779785422721,0.0001463764771826659,0.0001463764771826659,1.0,46.543526636626126,-453.9374282183037,456.3173113188036,-1.4686204741018842,0.0010000000474974513,0,0.0010000000474974513,-0.205474853515625,0.192596435546875,-6.439209290221015e-06,0.00020547486327515685,off
1781064834.3446774,2026-06-10T12:13:54.344,87778768857456,,1,cf_0V,frequency,frequency,954420.8135078406,85,85,0.0,0.1,954420.8135078406,0.099945068359375,954420.8135078946,0,Rp || Cp,Rp,Cp,3523.617948400707,4.1088819592044883e-10,4.1088819592044883e-10,3523.617948400707,0.00016303490609033533,0.00016303490609033533,1.0,46.13185360983441,-400.5282505081599,403.1761741132609,-1.4561240931611,0.0010000000474974513,0,0.0010000000474974513,-0.224365234375,0.212982177734375,-5.691528590645589e-06,0.0002243652450317768,off
1781064834.8079274,2026-06-10T12:13:54.807,87778794375536,,1,cf_0V,frequency,frequency,1065831.5582669198,86,86,0.0,0.1,1065831.5582669198,0.099945068359375,1065831.5582669075,0,Rp || Cp,Rp,Cp,2752.9424352350575,4.172059497500097e-10,4.172059497500097e-10,2752.9424352350575,0.0001814968086068886,0.0001814968086068886,1.0,45.759935110250275,-351.96661139562127,354.92881990423183,-1.4415093768266172,0.0010000000474974513,0,0.0010000000474974513,-0.249542236328125,0.237762451171875,-5.889892857879886e-06,0.0002495422481807452,off
1781064835.2363217,2026-06-10T12:13:55.236,87778821900656,,1,cf_0V,frequency,frequency,1190247.4197125817,87,87,0.0,0.1,1190247.4197125817,0.099945068359375,1190247.4197125202,0,Rp || Cp,Rp,Cp,2129.754925654104,4.25305855728345e-10,4.25305855728345e-10,2129.754925654104,0.00020186544336660132,0.00020186544336660132,1.0,45.42247236723447,-307.69389539533097,311.02851036441183,-1.4242325913303169,0.0010000000474974513,0,0.0010000000474974513,-0.275146484375,0.2626953125,-6.225586233199465e-06,0.00027514649744375674,off
1781064835.6624272,2026-06-10T12:13:55.662,87778847132016,,1,cf_0V,frequency,frequency,1329186.5015106536,88,88,0.0,0.1,1329186.5015106536,0.099945068359375,1329186.5015105486,0,Rp || Cp,Rp,Cp,1627.683525833102,4.3582945964193296e-10,4.3582945964193296e-10,1627.683525833102,0.0002242925491224252,0.0002242925491224252,1.0,45.0884320093608,-267.1268075020172,270.9053303043011,-1.4035820601539484,0.0010000000474974513,0,0.0010000000474974513,-0.30303955078125,0.29168701171875,-5.676269800858336e-06,0.0003030395651748563,off
1781064836.1331253,2026-06-10T12:13:56.133,87778871503216,,1,cf_0V,frequency,frequency,1484344.1174816934,89,89,0.0,0.1,1484344.1174816934,0.099945068359375,1484344.1174816263,0,Rp || Cp,Rp,Cp,1224.7913283366172,4.495083129510303e-10,4.495083129510303e-10,1224.7913283366172,0.000248814681376131,0.000248814681376131,1.0,44.75750475822674,-229.81594695250874,234.13373038898305,-1.3784503429874682,0.0010000000474974513,0,0.0010000000474974513,-0.331939697265625,0.3231201171875,-4.409790248516288e-06,0.0003319397130319146,off
1781064836.5317633,2026-06-10T12:13:56.531,87778899601776,,1,cf_0V,frequency,frequency,1657613.4775657344,90,90,0.0,0.1,1657613.4775657344,0.099945068359375,1657613.477565718,0,Rp || Cp,Rp,Cp,903.2862304242126,4.674882672348999e-10,4.674882672348999e-10,903.2862304242126,0.0002754684371762735,0.0002754684371762735,1.0,44.403323106878474,-195.2876218416998,200.27209078531286,-1.3472234516403812,0.0010000000474974513,0,0.0010000000474974513,-0.368133544921875,0.356109619140625,-6.011963176177915e-06,0.0003681335624072801,off
1781064836.9354267,2026-06-10T12:13:56.935,87778924546416,,1,cf_0V,frequency,frequency,1851108.7884858004,91,91,0.0,0.1,1851108.7884858004,0.099945068359375,1851108.7884859024,0,Rp || Cp,Rp,Cp,648.7098234181602,4.912624601674385e-10,4.912624601674385e-10,648.7098234181602,0.00030410956495020597,0.00030410956495020597,1.0,44.01347108115491,-163.14038560842206,168.97328502777088,-1.3072812255131614,0.0010000000474974513,0,0.0010000000474974513,-0.40252685546875,0.3909912109375,-5.767822539581857e-06,0.0004025268745877497,off
1781064837.3424973,2026-06-10T12:13:57.342,87778947770736,,1,cf_0V,frequency,frequency,2067191.0509809963,92,92,0.0,0.1,2067191.0509809963,0.099945068359375,2067191.0509810941,0,Rp || Cp,Rp,Cp,449.31086594766316,5.228824310409757e-10,5.228824310409757e-10,449.31086594766316,0.00033441553709077356,0.00033441553709077356,1.0,43.573468127956254,-132.96385062195253,139.9215233511804,-1.2541160647647442,0.0010000000474974513,0,0.0010000000474974513,-0.43829345703125,0.42767333984375,-5.3100588459642495e-06,0.00043829347784907213,off
1781064837.7903519,2026-06-10T12:13:57.790,87778972141936,,1,cf_0V,frequency,frequency,2308496.8683831017,93,93,0.0,0.1,2308496.8683831017,0.099945068359375,2308496.8683831166,0,Rp || Cp,Rp,Cp,296.21043256366033,5.644422539694662e-10,5.644422539694662e-10,296.21043256366033,0.00036580192412700334,0.00036580192412700334,1.0,43.047002829022404,-104.39313615363787,112.92019893957784,-1.1796849051068843,0.0010000000474974513,0,0.0010000000474974513,-0.478668212890625,0.46710205078125,-5.783081329369111e-06,0.00047866823562614513,off
1781064838.1922913,2026-06-10T12:13:58.192,87778999093616,,1,cf_0V,frequency,frequency,2577970.6180546875,94,94,0.0,0.1,2577970.6180546875,0.099945068359375,2577970.6180546926,0,Rp || Cp,Rp,Cp,182.4436298435518,6.147175680760087e-10,6.147175680760087e-10,182.4436298435518,0.0003971703439929595,0.0003971703439929595,1.0,42.42797273731148,-77.0751612551042,87.98132388807504,-1.0675882732609252,0.0010000000474974513,0,0.0010000000474974513,-0.518585205078125,0.50836181640625,-5.111694578729953e-06,0.0005185852297096005,off
1781064838.6687388,2026-06-10T12:13:58.668,87779026332016,,1,cf_0V,frequency,frequency,2878900.378239697,95,95,0.0,0.1,2878900.378239697,0.099945068359375,2878900.378239635,0,Rp || Cp,Rp,Cp,103.26230661751197,6.509662621341122e-10,6.509662621341122e-10,103.26230661751197,0.0004269973992302623,0.0004269973992302623,1.0,41.66366780235803,-50.65989759831746,65.59181686321286,-0.8825339027449841,0.0010000000474974513,0,0.0010000000474974513,-0.554229736328125,0.54925537109375,-2.4871827353223352e-06,0.0005542297626526249,off
1781064839.1173449,2026-06-10T12:13:59.117,87779053283696,,1,cf_0V,frequency,frequency,3214958.0487006293,96,96,0.0,0.1,3214958.0487006293,0.099945068359375,3214958.048700538,0,Rp || Cp,Rp,Cp,55.902657745031455,5.408103676378408e-10,5.408103676378408e-10,55.902657745031455,0.00045304120836727173,0.00045304120836727173,1.0,40.71681024662709,-24.86602644225143,47.70930630062215,-0.548254859287992,0.0010000000474974513,0,0.0010000000474974513,-0.58740234375,0.580047607421875,-3.6773683387281153e-06,0.0005874023716501142,off
1781064839.5292628,2026-06-10T12:13:59.529,87779079088496,,1,cf_0V,frequency,frequency,3590244.1546882903,97,97,0.0,0.1,3590244.1546882903,0.099945068359375,3590244.154688378,0,Rp || Cp,Rp,Cp,39.49919236122009,-2.04058888583623e-11,-2.04058888583623e-11,39.49919236122009,0.00047290784704220325,0.00047290784704220325,1.0,39.48613847467555,0.7179467749982097,39.492664878594645,0.018180245070370145,0.0010000000474974513,0,0.0010000000474974513,-0.613189697265625,0.602325439453125,-5.432129164262278e-06,0.0006131897263905728,off
1781064839.9205363,2026-06-10T12:13:59.920,87779103459696,,1,cf_0V,frequency,frequency,4009337.880935344,98,98,0.0,0.1,4009337.880935344,0.099945068359375,4009337.8809352485,0,Rp || Cp,Rp,Cp,56.343385678298546,-4.897783500591085e-10,-4.897783500591085e-10,56.343385678298546,0.0004835738325776026,0.0004835738325776026,1.0,37.98591932053589,26.406916442391076,46.26289336630045,0.6074813394486207,0.0010000000474974513,0,0.0010000000474974513,-0.624359130859375,0.615234375,-4.5623781463888236e-06,0.0006243591605148424,off
1781064840.3711042,2026-06-10T12:14:00.371,87779127257456,,1,cf_0V,frequency,frequency,4477352.946181116,99,99,0.0,0.1,4477352.946181116,0.099945068359375,4477352.946181128,0,Rp || Cp,Rp,Cp,112.52679076021647,-4.596673579921197e-10,-4.596673579921197e-10,112.52679076021647,0.0004830189059654011,0.0004830189059654011,1.0,36.09643362625492,52.524882801554185,63.73237665309234,0.968695469920568,0.0010000000474974513,0,0.0010000000474974513,-0.629425048828125,0.615325927734375,-7.049560881711159e-06,0.0006294250787242106,off
1781064840.8244176,2026-06-10T12:14:00.824,87779157649776,,1,cf_0V,frequency,frequency,4999999.999999999,100,100,0.0,0.1,4999999.999999999,0.099945068359375,4999999.999999929,0,Rp || Cp,Rp,Cp,220.89738166365814,-3.3908342510051587e-10,-3.3908342510051587e-10,220.89738166365814,0.00046989257556461454,0.00046989257556461454,1.0,33.79057502573596,79.51381381574261,86.39588849068265,1.1689554620619351,0.0010000000474974513,0,0.0010000000474974513,-0.629425048828125,0.615325927734375,-7.049560881711159e-06,0.0006294250787242106,off
1781064841.2812443,2026-06-10T12:14:01.281,87779181447536,,1,cf_0V,frequency,frequency,4482348.925241931,101,101,0.0,0.1,4482348.925241931,0.099945068359375,4482348.925241979,0,Rp || Cp,Rp,Cp,113.33390225161658,-4.584698208636861e-10,-4.584698208636861e-10,113.33390225161658,0.00048294931747372546,0.00048294931747372546,1.0,36.07669559405301,52.79379439888524,63.943042561468175,0.9713317550062059,0.0010000000474974513,0,0.0010000000474974513,-0.629425048828125,0.615325927734375,-7.049560881711159e-06,0.0006294250787242106,off
1781064841.6875215,2026-06-10T12:14:01.687,87779208685936,,1,cf_0V,frequency,frequency,4018290.377523501,102,102,0.0,0.1,4018290.377523501,0.099945068359375,4018290.3775235703,0,Rp || Cp,Rp,Cp,57.07187753435487,-4.922323877918588e-10,-4.922323877918588e-10,57.07187753435487,0.00048365819280291294,0.00048365819280291294,1.0,37.970245680394704,26.931276508760607,46.55140396831071,0.6169224932531563,0.0010000000474974513,0,0.0010000000474974513,-0.626739501953125,0.615203857421875,-5.767822539581857e-06,0.000626739531721654,off
1781064842.0798762,2026-06-10T12:14:02.079,87779234204016,,1,cf_0V,frequency,frequency,3602275.9110004925,103,103,0.0,0.1,3602275.9110004925,0.099945068359375,3602275.9110004897,0,Rp || Cp,Rp,Cp,39.50521643248016,-4.2405003112819076e-11,-4.2405003112819076e-11,39.50521643248016,0.00047336273904441704,0.00047336273904441704,1.0,39.44850282155298,1.4957496584259802,39.476849442461265,0.03789835798693676,0.0010000000474974513,0,0.0010000000474974513,-0.627410888671875,0.615203857421875,-6.103515914901436e-06,0.0006274109184722931,off
1781064842.4587984,2026-06-10T12:14:02.458,87779258861936,,1,cf_0V,frequency,frequency,3229331.511619592,104,104,0.0,0.1,3229331.511619592,0.099945068359375,3229331.5116196196,0,Rp || Cp,Rp,Cp,54.65109252582223,5.282520130283948e-10,5.282520130283948e-10,54.65109252582223,0.00045390376783942645,0.00045390376783942645,1.0,40.689202963957605,-23.834809798760105,47.156223300697086,-0.5298959563287228,0.0010000000474974513,0,0.0010000000474974513,-0.627410888671875,0.615203857421875,-6.103515914901436e-06,0.0006274109184722931,off
1781064842.8628829,2026-06-10T12:14:02.862,87779279219056,,1,cf_0V,frequency,frequency,2894998.1260715965,105,105,0.0,0.1,2894998.1260715965,0.099945068359375,2894998.126071542,0,Rp || Cp,Rp,Cp,100.13318619557413,6.507930356327443e-10,6.507930356327443e-10,100.13318619557413,0.0004283653631330793,0.0004283653631330793,1.0,41.634196671492404,-49.351377234371,64.5675209947672,-0.8700132713434319,0.0010000000474974513,0,0.0010000000474974513,-0.627410888671875,0.615203857421875,-6.103515914901436e-06,0.0006274109184722931,off
1781064843.264477,2026-06-10T12:14:03.264,87779303303536,,1,cf_0V,frequency,frequency,2595278.3477948857,106,106,0.0,0.1,2595278.3477948857,0.099945068359375,2595278.3477949738,0,Rp || Cp,Rp,Cp,176.69839892477975,6.176586197843675e-10,6.176586197843675e-10,176.69839892477975,0.0003989853742702325,0.0003989853742702325,1.0,42.401121430221735,-75.46095129797224,86.55755466356098,-1.0588666685606427,0.0010000000474974513,0,0.0010000000474974513,-0.627410888671875,0.615142822265625,-6.134033494475943e-06,0.0006274109184722931,off
1781064843.6857944,2026-06-10T12:14:03.685,87779327388016,,1,cf_0V,frequency,frequency,2326588.622588413,107,107,0.0,0.1,2326588.622588413,0.099945068359375,2326588.6225883747,0,Rp || Cp,Rp,Cp,286.9078089688511,5.6761174120129e-10,5.6761174120129e-10,286.9078089688511,0.00036796895373216403,0.00036796895373216403,1.0,43.03122316941616,-102.44172875020585,111.1125283520578,-1.173121062304491,0.0010000000474974513,0,0.0010000000474974513,-0.613006591796875,0.602020263671875,-5.4931643234112926e-06,0.0006130066209131257,off
1781064844.1368148,2026-06-10T12:14:04.136,87779353192816,,1,cf_0V,frequency,frequency,2085716.402387856,108,108,0.0,0.1,2085716.402387856,0.099945068359375,2085716.4023878027,0,Rp || Cp,Rp,Cp,435.2773691049948,5.256968969707655e-10,5.256968969707655e-10,435.2773691049948,0.00033686917361760516,0.00033686917361760516,1.0,43.56105656169656,-130.6276251289819,137.69946294597213,-1.248918213941858,0.0010000000474974513,0,0.0010000000474974513,-0.58721923828125,0.576080322265625,-5.5694582723475605e-06,0.0005872192661726672,off
1781064844.5877345,2026-06-10T12:14:04.587,87779381864816,,1,cf_0V,frequency,frequency,1869781.7349205392,109,109,0.0,0.1,1869781.7349205392,0.099945068359375,1869781.734920437,0,Rp || Cp,Rp,Cp,628.250858921005,4.936538017115086e-10,4.936538017115086e-10,628.250858921005,0.000306747685124833,0.000306747685124833,1.0,44.00885416100728,-160.34906043446983,166.27868301974868,-1.3029354026125985,0.0010000000474974513,0,0.0010000000474974513,-0.55633544921875,0.54498291015625,-5.676269800858336e-06,0.0005563354756432659,off
1781064845.0382533,2026-06-10T12:14:05.038,87779407669616,,1,cf_0V,frequency,frequency,1676202.829991615,110,110,0.0,0.1,1676202.829991615,0.099945068359375,1676202.8299915243,0,Rp || Cp,Rp,Cp,874.5395062566056,4.694551789416746e-10,4.694551789416746e-10,874.5395062566056,0.0002782066095716861,0.0002782066095716861,1.0,44.40078621389717,-191.98648868213235,197.05390544951584,-1.3435217305736655,0.0010000000474974513,0,0.0010000000474974513,-0.51849365234375,0.50799560546875,-5.249023686815235e-06,0.000518493676970877,off
1781064845.452636,2026-06-10T12:14:05.452,87779434621296,,1,cf_0V,frequency,frequency,1502665.19070008,111,111,0.0,0.1,1502665.19070008,0.099945068359375,1502665.1907001564,0,Rp || Cp,Rp,Cp,1184.805429405781,4.511550808024932e-10,4.511550808024932e-10,1184.805429405781,0.0002516129310445689,0.0002516129310445689,1.0,44.760209683681886,-225.89524803244612,230.28708052030953,-1.3751842215413739,0.0010000000474974513,0,0.0010000000474974513,-0.4788818359375,0.43377685546875,-2.2552491305560807e-05,0.0004788818586831667,off
1781064845.8245597,2026-06-10T12:14:05.824,87779458992496,,1,cf_0V,frequency,frequency,1347093.9405065936,112,112,0.0,0.1,1347093.9405065936,0.099945068359375,1347093.940506525,0,Rp || Cp,Rp,Cp,1573.2908790858266,4.3716633864387376e-10,4.3716633864387376e-10,1573.2908790858266,0.00022708187687901608,0.00022708187687901608,1.0,45.09335124454173,-262.5100910326828,266.3549478054632,-1.400679016336985,0.0010000000474974513,0,0.0010000000474974513,-0.44500732421875,0.393646240234375,-2.5680543211947793e-05,0.0004450073453554637,off
1781064846.2250159,2026-06-10T12:14:06.225,87779482790256,,1,cf_0V,frequency,frequency,1207629.01528593,113,113,0.0,0.1,1207629.01528593,0.099945068359375,1207629.0152859315,0,Rp || Cp,Rp,Cp,2056.6541396619846,4.2641548575617715e-10,4.2641548575617715e-10,2056.6541396619846,0.00020464779626028746,0.00020464779626028746,1.0,45.42002280682318,-302.24212058781995,305.63585838247883,-1.421635538451495,0.0010000000474974513,0,0.0010000000474974513,-0.40814208984375,0.358612060546875,-2.4765015824712577e-05,0.00040814210922945904,off
1781064846.6856997,2026-06-10T12:14:06.685,87779506014576,,1,cf_0V,frequency,frequency,1082602.9237515721,114,114,0.0,0.1,1082602.9237515721,0.099945068359375,1082602.9237515656,0,Rp || Cp,Rp,Cp,2655.320403690519,4.181015582713131e-10,4.181015582713131e-10,2655.320403690519,0.0001842017600214998,0.0001842017600214998,1.0,45.75852676398444,-345.5570965667126,348.57359303198314,-1.4391426909878746,0.0010000000474974513,0,0.0010000000474974513,-0.3692626953125,0.3548583984375,-7.202148779583695e-06,0.0003692627128515369,off
1781064847.1321473,2026-06-10T12:14:07.132,87779535833456,,1,cf_0V,frequency,frequency,970520.8103483266,115,115,0.0,0.1,970520.8103483266,0.099945068359375,970520.8103482476,0,Rp || Cp,Rp,Cp,3394.3625236068933,4.116103593560433e-10,4.116103593560433e-10,3394.3625236068933,0.0001656644080663386,0.0001656644080663386,1.0,46.12724181943496,-392.99473089517886,395.6925333503813,-1.4539572273408083,0.0010000000474974513,0,0.0010000000474974513,-0.3367919921875,0.32464599609375,-6.072998335326929e-06,0.00033679200818426125,off
1781064847.544317,2026-06-10T12:14:07.544,87779560204656,,1,cf_0V,frequency,frequency,870042.5822379502,116,116,0.0,0.1,870042.5822379502,0.099945068359375,870042.5822379998,0,Rp || Cp,Rp,Cp,4303.708333171688,4.0655131699939943e-10,4.0655131699939943e-10,4303.708333171688,0.00014890064857690316,0.00014890064857690316,1.0,46.533352281076425,-445.08496167357487,447.51086688759005,-1.4666254061044521,0.0010000000474974513,0,0.0010000000474974513,-0.276611328125,0.267608642578125,-4.501342987239809e-06,0.0002766113412633331,off
1781064847.9405766,2026-06-10T12:14:07.940,87779588303216,,1,cf_0V,frequency,frequency,779966.8866817983,117,117,0.0,0.1,779966.8866817983,0.099945068359375,779966.88668172,0,Rp || Cp,Rp,Cp,5420.859945594212,4.025796623918208e-10,4.025796623918208e-10,5420.859945594212,0.00013377649513242158,0.00013377649513242158,1.0,46.982449793780034,-502.47181975148436,504.6635317050294,-1.4775647401244376,0.0010000000474974513,0,0.0010000000474974513,-0.252288818359375,0.24139404296875,-5.447387954049532e-06,0.00025228883034245086,off
1781064848.3158631,2026-06-10T12:14:08.315,87779607800176,,1,cf_0V,frequency,frequency,699216.7472484909,118,118,0.0,0.1,699216.7472484909,0.099945068359375,699216.7472483857,0,Rp || Cp,Rp,Cp,6786.843803987832,3.994563946650395e-10,3.994563946650395e-10,6786.843803987832,0.0001201446407455711,0.0001201446407455711,1.0,47.50718579860061,-565.832940786968,567.8237839172741,-1.4870330420058477,0.0010000000474974513,0,0.0010000000474974513,-0.25128173828125,0.2398681640625,-5.706787380432843e-06,0.00025128175021649213,off
1781064848.7445188,2026-06-10T12:14:08.744,87779630451056,,1,cf_0V,frequency,frequency,626826.6871080867,119,119,0.0,0.1,626826.6871080867,0.099945068359375,626826.687107993,0,Rp || Cp,Rp,Cp,8457.79068436649,3.9703786453834167e-10,3.9703786453834167e-10,8457.79068436649,0.00010786747934270571,0.00010786747934270571,1.0,48.078259075304075,-635.865027133867,637.6800543592886,-1.4953291301107894,0.0010000000474974513,0,0.0010000000474974513,-0.228179931640625,0.217010498046875,-5.584717062134814e-06,0.0002281799424785902,off
1781064849.1607103,2026-06-10T12:14:09.160,87779657689456,,1,cf_0V,frequency,frequency,561931.1854543786,120,120,0.0,0.1,561931.1854543786,0.099945068359375,561931.1854543696,0,Rp || Cp,Rp,Cp,10493.373135345671,3.9513313377315117e-10,3.9513313377315117e-10,10493.373135345671,9.682869472257404e-05,9.682869472257404e-05,1.0,48.73603778511165,-713.4635437347099,715.1261634267636,-1.5025931973844695,0.0010000000474974513,0,0.0010000000474974513,-0.208831787109375,0.195709228515625,-6.561279608519044e-06,0.00020883179702835264,off
1781064849.5708334,2026-06-10T12:14:09.570,87779683780976,,1,cf_0V,frequency,frequency,503754.32903627184,121,121,0.0,0.1,503754.32903627184,0.099945068359375,503754.3290362123,0,Rp || Cp,Rp,Cp,12967.635867591016,3.936583150061798e-10,3.936583150061798e-10,12967.635867591016,8.690579624299046e-05,8.690579624299046e-05,1.0,49.481479762274525,-799.5057191210616,801.0354622279531,-1.5089850780356637,0.0010000000474974513,0,0.0010000000474974513,-0.18878173828125,0.17681884765625,-5.9814455966034075e-06,0.00018878174724790142,off
1781064849.9725842,2026-06-10T12:14:09.972,87779707578736,,1,cf_0V,frequency,frequency,451600.5350683417,122,122,0.0,0.1,451600.5350683417,0.099945068359375,451600.5350683372,0,Rp || Cp,Rp,Cp,15973.301176564592,3.92491067489364e-10,3.92491067489364e-10,15973.301176564592,7.798950139456622e-05,7.798950139456622e-05,1.0,50.31609639889962,-895.0879578297639,896.501066261876,-1.5146418481633483,0.0010000000474974513,0,0.0010000000474974513,-0.17193603515625,0.159820556640625,-6.057739545539675e-06,0.00017193604332277346,off
1781064850.3729186,2026-06-10T12:14:10.372,87779731376496,,1,cf_0V,frequency,frequency,404846.2346004526,123,123,0.0,0.1,404846.2346004526,0.099945068359375,404846.23460045556,0,Rp || Cp,Rp,Cp,19607.315076178143,3.9162387243269244e-10,3.9162387243269244e-10,19607.315076178143,6.998114948389888e-05,6.998114948389888e-05,1.0,51.25860314363066,-1001.2073400678331,1002.5186193791824,-1.5196441962049079,0.0010000000474974513,0,0.0010000000474974513,-0.15673828125,0.143524169921875,-6.607055977880805e-06,0.00015673828869466888,off
1781064850.7790341,2026-06-10T12:14:10.779,87779754027376,,1,cf_0V,frequency,frequency,362932.4169099164,124,124,0.0,0.1,362932.4169099164,0.099945068359375,362932.41690984246,0,Rp || Cp,Rp,Cp,23966.647695323536,3.909538736030075e-10,3.909538736030075e-10,23966.647695323536,6.27897855759535e-05,6.27897855759535e-05,1.0,52.381770206393284,-1119.228118992758,1120.45322624107,-1.5240287609566787,0.0010000000474974513,0,0.0010000000474974513,-0.142730712890625,0.132080078125,-5.325317635751503e-06,0.00014273071966997009,off
1781064851.1647944,2026-06-10T12:14:11.164,87779778111856,,1,cf_0V,frequency,frequency,325357.9457743241,125,125,0.0,0.1,325357.9457743241,0.099945068359375,325357.9457742717,0,Rp || Cp,Rp,Cp,29170.465664683026,3.904556393929897e-10,3.904556393929897e-10,29170.465664683026,5.633170773561903e-05,5.633170773561903e-05,1.0,53.706930590920706,-1250.5085926791824,1251.6613658485937,-1.5278746340259264,0.0010000000474974513,0,0.0010000000474974513,-0.13067626953125,0.118133544921875,-6.271362602561226e-06,0.00013067627573803975,off
1781064851.5784726,2026-06-10T12:14:11.578,87779802196336,,1,cf_0V,frequency,frequency,291673.56771209295,126,126,0.0,0.1,291673.56771209295,0.099945068359375,291673.56771218067,0,Rp || Cp,Rp,Cp,35413.2211189558,3.9011244367747856e-10,3.9011244367747856e-10,35413.2211189558,5.053727891394444e-05,5.053727891394444e-05,1.0,55.15997854691007,-1396.549280893907,1397.6381925228663,-1.5313195090401661,0.0010000000474974513,0,0.0010000000474974513,-0.118499755859375,0.107940673828125,-5.279541266389742e-06,0.00011849976148781138,off
1781064852.0304441,2026-06-10T12:14:12.030,87779829434736,,1,cf_0V,frequency,frequency,261476.54055115595,127,127,0.0,0.1,261476.54055115595,0.099945068359375,261476.54055115767,0,Rp || Cp,Rp,Cp,42816.253740220134,3.8988480958225453e-10,3.8988480958225453e-10,42816.253740220134,4.5335841576024626e-05,4.5335841576024626e-05,1.0,56.848171569862295,-1559.1003893245477,1560.136448712994,-1.5343503102173202,0.0010000000474974513,0,0.0010000000474974513,-0.1085205078125,0.092803955078125,-7.858276740435599e-06,0.00010852051296694754,off
1781064852.4318314,2026-06-10T12:14:12.431,87779853519216,,1,cf_0V,frequency,frequency,234405.81810309048,128,128,0.0,0.1,234405.81810309048,0.099945068359375,234405.81810305617,0,Rp || Cp,Rp,Cp,51473.50483800182,3.897394354456056e-10,3.897394354456056e-10,51473.50483800182,4.066484357441476e-05,4.066484357441476e-05,1.0,58.8943800845068,-1740.1240215011803,1741.1203744172826,-1.5369643082918465,0.0010000000474974513,0,0.0010000000474974513,-0.100067138671875,0.082061767578125,-9.002685974479618e-06,0.00010006714342480905,off
1781064852.8539624,2026-06-10T12:14:12.853,87779879324016,,1,cf_0V,frequency,frequency,210137.7333689687,129,129,0.0,0.1,210137.7333689687,0.099945068359375,210137.7333689669,0,Rp || Cp,Rp,Cp,61701.07699399771,3.8961676137019194e-10,3.8961676137019194e-10,61701.07699399771,3.647490211737923e-05,3.647490211737923e-05,1.0,61.18335719638492,-1941.9926956421823,1942.9562612486702,-1.539301292863783,0.0010000000474974513,0,0.0010000000474974513,-0.085174560546875,0.0767822265625,-4.196167191494737e-06,8.517456459244954e-05,off
1781064853.2588131,2026-06-10T12:14:13.258,87779903408496,,1,cf_0V,frequency,frequency,188382.12866383453,130,130,0.0,0.1,188382.12866383453,0.099945068359375,188382.12866391757,0,Rp || Cp,Rp,Cp,73634.72396155247,3.895551315633623e-10,3.895551315633623e-10,73634.72396155247,3.271370957923373e-05,3.271370957923373e-05,1.0,63.821023400237785,-2166.880319259104,2167.8199743106643,-1.5413518863144797,0.0010000000474974513,0,0.0010000000474974513,-0.080169677734375,0.067413330078125,-6.378174131072001e-06,8.016968154223036e-05,off
1781064853.654941,2026-06-10T12:14:13.654,87779927492976,,1,cf_0V,frequency,frequency,168878.88639022523,131,131,0.0,0.1,168878.88639022523,0.099945068359375,168878.88639026016,0,Rp || Cp,Rp,Cp,87041.16394675625,3.8957043144379954e-10,3.8957043144379954e-10,87041.16394675625,2.934082776308679e-05,2.934082776308679e-05,1.0,67.18271460161938,-2417.260465669028,2418.193887186817,-1.5430105646787082,0.0010000000474974513,0,0.0010000000474974513,-0.075347900390625,0.06243896484375,-6.454468080008269e-06,7.534790396945823e-05,off
1781064854.070452,2026-06-10T12:14:14.070,87779951864176,,1,cf_0V,frequency,frequency,151394.81898145608,132,132,0.0,0.1,151394.81898145608,0.099945068359375,151394.81898145846,0,Rp || Cp,Rp,Cp,102778.11679348763,3.8962229294623067e-10,3.8962229294623067e-10,102778.11679348763,2.631470845485343e-05,2.631470845485343e-05,1.0,70.78329639510041,-2696.2870078823444,2697.2159542616682,-1.5445502178966417,0.0010000000474974513,0,0.0010000000474974513,-0.068206787109375,0.057769775390625,-5.218506107240728e-06,6.820679034902355e-05,off
1781064854.450907,2026-06-10T12:14:14.450,87779975661936,,1,cf_0V,frequency,frequency,135720.88082974532,133,133,0.0,0.1,135720.88082974532,0.099945068359375,135720.88082980827,0,Rp || Cp,Rp,Cp,120470.50411583776,3.896712017581427e-10,3.896712017581427e-10,120470.50411583776,2.35992062626053e-05,2.35992062626053e-05,1.0,75.12745149984174,-3007.490286128157,3008.4284859580903,-1.5458214063333855,0.0010000000474974513,0,0.0010000000474974513,-0.06671142578125,0.053131103515625,-6.790161455327848e-06,6.67114289498727e-05,off
1781064854.8801563,2026-06-10T12:14:14.880,87780001180016,,1,cf_0V,frequency,frequency,121669.66886401946,134,134,0.0,0.1,121669.66886401946,0.099945068359375,121669.66886411501,0,Rp || Cp,Rp,Cp,140241.59100754827,3.8976057843177103e-10,3.8976057843177103e-10,140241.59100754827,2.1164081550109787e-05,2.1164081550109787e-05,1.0,80.27019354031172,-3354.2176954703073,3355.1780358987126,-1.5468697714704587,0.0010000000474974513,0,0.0010000000474974513,-0.060638427734375,0.047332763671875,-6.6528323472425654e-06,6.063843061454577e-05,off
1781064855.283915,2026-06-10T12:14:15.283,87780025264496,,1,cf_0V,frequency,frequency,109073.18189343589,135,135,0.0,0.1,109073.18189343589,0.099945068359375,109073.18189339321,0,Rp || Cp,Rp,Cp,162816.35869543752,3.898203195519262e-10,3.898203195519262e-10,162816.35869543752,1.8979100036116566e-05,1.8979100036116566e-05,1.0,86.0097790299814,-3741.1764662699334,3742.1650195923708,-1.5478103406066777,0.0010000000474974513,0,0.0010000000474974513,-0.05596923828125,0.045074462890625,-5.447387954049532e-06,5.596924093964617e-05,off
1781064855.733333,2026-06-10T12:14:15.733,87780050495856,,1,cf_0V,frequency,frequency,97780.81192655204,136,136,0.0,0.1,97780.81192655204,0.099945068359375,97780.81192649779,0,Rp || Cp,Rp,Cp,186161.5264586189,3.899487326839988e-10,3.899487326839988e-10,186161.5264586189,1.7020222743714945e-05,1.7020222743714945e-05,1.0,93.54266691405991,-4171.965415867939,4173.013978137569,-1.5483783566943157,0.0010000000474974513,0,0.0010000000474974513,-0.052764892578125,0.043975830078125,-4.394531458729034e-06,5.2764895084322916e-05,off
1781064856.101119,2026-06-10T12:14:16.101,87780076300656,,1,cf_0V,frequency,frequency,87657.5434496528,137,137,0.0,0.1,87657.5434496528,0.099945068359375,87657.54344956634,0,Rp || Cp,Rp,Cp,211469.15376074935,3.9007021956210007e-10,3.9007021956210007e-10,211469.15376074935,1.5260960361336316e-05,1.5260960361336316e-05,1.0,102.40441855987262,-4652.406803932482,4653.5336825059985,-1.5487888176035078,0.0010000000474974513,0,0.0010000000474974513,-0.0518798828125,0.0380859375,-6.896972983838623e-06,5.187988527666221e-05,off
1781064857.0573535,2026-06-10T12:14:17.057,87780130777456,,1,cf_0V,frequency,frequency,78582.33913417984,138,138,0.0,0.1,78582.33913417984,0.099945068359375,78582.33913417223,0,Rp || Cp,Rp,Cp,239475.89495732723,3.895393775373569e-10,3.895393775373569e-10,239475.89495732723,1.372510413109969e-05,1.372510413109969e-05,1.0,112.82910832254835,-5196.837623506686,5198.06230174086,-1.5490886281255971,9.999999747378752e-05,0,9.999999747378752e-05,-0.22882080078125,0.22802734375,-3.967285056027947e-08,2.2882079500075037e-05,off
1781064857.4902794,2026-06-10T12:14:17.490,87780156582256,,1,cf_0V,frequency,frequency,70446.69267221761,139,139,0.0,0.1,70446.69267221761,0.099945068359375,70446.69267216364,0,Rp || Cp,Rp,Cp,268135.840889936,3.896589497924172e-10,3.896589497924172e-10,268135.840889936,1.2307914287636711e-05,1.2307914287636711e-05,1.0,125.3117668343625,-5795.245718226988,5796.600380700345,-1.5491764942583983,9.999999747378752e-05,0,9.999999747378752e-05,-0.22882080078125,0.228973388671875,7.629394338515283e-09,2.2897338288752067e-05,off
1781064857.8942149,2026-06-10T12:14:17.894,87780180666736,,1,cf_0V,frequency,frequency,63153.33143723267,140,140,0.0,0.1,63153.33143723267,0.099945068359375,63153.33143732005,0,Rp || Cp,Rp,Cp,296740.771461101,3.897632719157011e-10,3.897632719157011e-10,296740.771461101,1.1036590570395532e-05,1.1036590570395532e-05,1.0,140.81941692359894,-6462.741856706677,6464.275861580411,-1.549010351065142,9.999999747378752e-05,0,9.999999747378752e-05,-0.22882080078125,0.228973388671875,7.629394338515283e-09,2.2897338288752067e-05,off
1781064858.2318301,2026-06-10T12:14:18.231,87780204751216,,1,cf_0V,frequency,frequency,56615.05345862548,141,141,0.0,0.1,56615.05345862548,0.099945068359375,56615.05345855744,0,Rp || Cp,Rp,Cp,324978.8667385715,3.898879952246631e-10,3.898879952246631e-10,324978.8667385715,9.897770178408266e-06,9.897770178408266e-06,1.0,159.89240835710535,-7206.669694508189,7208.44322083437,-1.5486132398550874,9.999999747378752e-05,0,9.999999747378752e-05,-0.22760009765625,0.228973388671875,6.866454904663755e-08,2.2897338288752067e-05,off
1781064858.6571329,2026-06-10T12:14:18.657,87780227115376,,1,cf_0V,frequency,frequency,50753.68480455689,142,142,0.0,0.1,50753.68480455689,0.099945068359375,50753.68480454756,0,Rp || Cp,Rp,Cp,353932.22861664166,3.9002349019479783e-10,3.9002349019479783e-10,353932.22861664166,8.875910215645159e-06,8.875910215645159e-06,1.0,182.54898049452564,-8035.959393118143,8038.032563887963,-1.5480837195719437,9.999999747378752e-05,0,9.999999747378752e-05,-0.22760009765625,0.223968505859375,-1.8157958525666373e-07,2.2760009190658792e-05,off
1781064859.0520558,2026-06-10T12:14:19.052,87780251199856,,1,cf_0V,frequency,frequency,45499.144907154674,143,143,0.0,0.1,45499.144907154674,0.099945068359375,45499.14490716844,0,Rp || Cp,Rp,Cp,384703.3969515511,3.9018646000279165e-10,3.9018646000279165e-10,384703.3969515511,7.959599512204682e-06,7.959599512204682e-06,1.0,208.7986108075603,-8960.018861395221,8962.451386558998,-1.5474971763653815,9.999999747378752e-05,0,9.999999747378752e-05,-0.204498291015625,0.20751953125,1.510620079026026e-07,2.075195260076157e-05,off
1781064859.465121,2026-06-10T12:14:19.465,87780274137456,,1,cf_0V,frequency,frequency,40788.608654802425,144,144,0.0,0.1,40788.608654802425,0.099945068359375,40788.608654906966,0,Rp || Cp,Rp,Cp,410901.4401137697,3.9035992075815926e-10,3.9035992075815926e-10,410901.4401137697,7.138293157206646e-06,7.138293157206646e-06,1.0,243.01744264333715,-9989.852835626947,9992.808271697835,-1.5464746949922734,9.999999747378752e-05,0,9.999999747378752e-05,-0.196929931640625,0.19171142578125,-2.609252863772227e-07,1.9692992666575648e-05,off
1781064859.936597,2026-06-10T12:14:19.936,87780301089136,,1,cf_0V,frequency,frequency,36565.755233193486,145,145,0.0,0.1,36565.755233193486,0.099945068359375,36565.755233297634,0,Rp || Cp,Rp,Cp,439973.4561948335,3.905016017994706e-10,3.905016017994706e-10,439973.4561948335,6.402005260027527e-06,6.402005260027527e-06,1.0,282.1892180023652,-11138.946754099381,11142.520610051295,-1.5454681805367,9.999999747378752e-05,0,9.999999747378752e-05,-0.171173095703125,0.16925048828125,-9.613036866529256e-08,1.711730913789289e-05,off
1781064860.3448653,2026-06-10T12:14:20.344,87780327754096,,1,cf_0V,frequency,frequency,32780.09473403288,146,146,0.0,0.1,32780.09473403288,0.099945068359375,32780.09473397958,0,Rp || Cp,Rp,Cp,464925.44079098635,3.906733471791045e-10,3.906733471791045e-10,464925.44079098635,5.741382319329072e-06,5.741382319329072e-06,1.0,331.96994527077896,-12418.980195242017,12423.416322991696,-1.5440718369017623,9.999999747378752e-05,0,9.999999747378752e-05,-0.162078857421875,0.161590576171875,-2.4414061883248905e-08,1.6207885332741867e-05,off
1781064860.8127525,2026-06-10T12:14:20.812,87780352412016,,1,cf_0V,frequency,frequency,29386.364480084198,147,147,0.0,0.1,29386.364480084198,0.099945068359375,29386.3644801462,0,Rp || Cp,Rp,Cp,489083.4608857414,3.9080617019935127e-10,3.9080617019935127e-10,489083.4608857414,5.149258394555119e-06,5.149258394555119e-06,1.0,392.3685478954367,-13847.274615245968,13852.832466590107,-1.542468471757685,9.999999747378752e-05,0,9.999999747378752e-05,-0.14459228515625,0.15252685546875,3.967285056027947e-07,1.5252685161559754e-05,off
1781064861.207484,2026-06-10T12:14:21.207,87780380797296,,1,cf_0V,frequency,frequency,26343.98784881462,148,148,0.0,0.1,26343.98784881462,0.099945068359375,26343.987848775898,0,Rp || Cp,Rp,Cp,510311.96837969346,3.909919916942125e-10,3.909919916942125e-10,510311.96837969346,4.618053216140264e-06,4.618053216140264e-06,1.0,467.420521323867,-15437.350950020225,15444.425735450477,-1.54052702999886,9.999999747378752e-05,0,9.999999747378752e-05,-0.140533447265625,0.14324951171875,1.3580321922557204e-07,1.4324950809996295e-05,off
1781064861.6210876,2026-06-10T12:14:21.621,87780404881776,,1,cf_0V,frequency,frequency,23616.58912414415,149,149,0.0,0.1,23616.58912414415,0.099945068359375,23616.589124202394,0,Rp || Cp,Rp,Cp,529570.8696586656,3.9114599482210466e-10,3.9114599482210466e-10,529570.8696586656,4.141511474537735e-06,4.141511474537735e-06,1.0,559.9440143810339,-17210.94132686203,17220.04757995542,-1.5382736095786493,9.999999747378752e-05,0,9.999999747378752e-05,-0.140533447265625,0.134307861328125,-3.1127928901142354e-07,1.4053344371545151e-05,off
1781064862.0212145,2026-06-10T12:14:22.021,87780430113136,,1,cf_0V,frequency,frequency,21171.558575697567,150,150,0.0,0.1,21171.558575697567,0.099945068359375,21171.5585756167,0,Rp || Cp,Rp,Cp,548417.9417780732,3.9129702539784075e-10,3.9129702539784075e-10,548417.9417780732,3.714396396597047e-06,3.714396396597047e-06,1.0,672.1670767765067,-19187.930482406216,19199.70012205284,-1.5357799226355986,9.999999747378752e-05,0,9.999999747378752e-05,-0.12347412109375,0.119293212890625,-2.0904540487531875e-07,1.2347411797453134e-05,off
1781064862.4754932,2026-06-10T12:14:22.475,87780455917936,,1,cf_0V,frequency,frequency,18979.66256549492,151,151,0.0,0.1,18979.66256549492,0.099945068359375,18979.662565428156,0,Rp || Cp,Rp,Cp,570829.4492572884,3.9145742026506785e-10,3.9145742026506785e-10,570829.4492572884,3.3313321992536235e-06,3.3313321992536235e-06,1.0,802.743304873046,-21391.239370409043,21406.29623768802,-1.5332871957683962,9.999999747378752e-05,0,9.999999747378752e-05,-0.11767578125,0.1126708984375,-2.502441343033013e-07,1.1767577827725972e-05,off
1781064862.8670936,2026-06-10T12:14:22.867,87780481149296,,1,cf_0V,frequency,frequency,17014.69402038014,152,152,0.0,0.1,17014.69402038014,0.099945068359375,17014.694020431874,0,Rp || Cp,Rp,Cp,587181.3761787586,3.9160777101185215e-10,3.9160777101185215e-10,587181.3761787586,2.9879745180075552e-06,2.9879745180075552e-06,1.0,970.0609579074147,-23846.607934448544,23866.330430993377,-1.5301395421302955,9.999999747378752e-05,0,9.999999747378752e-05,-0.1099853515625,0.104705810546875,-2.639770441126288e-07,1.0998534878403632e-05,off
1781064863.2767615,2026-06-10T12:14:23.276,87780504373616,,1,cf_0V,frequency,frequency,15253.159091114281,153,153,0.0,0.1,15253.159091114281,0.099945068359375,15253.159091201951,0,Rp || Cp,Rp,Cp,594348.5661400484,3.917471925292255e-10,3.917471925292255e-10,594348.5661400484,2.679954629240388e-06,2.679954629240388e-06,1.0,1191.2319793210477,-26581.722766236944,26608.40128323452,-1.526012341089101,9.999999747378752e-05,0,9.999999747378752e-05,-0.10614013671875,0.10345458984375,-1.3427734035786898e-07,1.0614013403742462e-05,off
1781064863.769128,2026-06-10T12:14:23.769,87780531325296,,1,cf_0V,frequency,frequency,13673.996251720062,154,154,0.0,0.1,13673.996251720062,0.099945068359375,13673.996251668541,0,Rp || Cp,Rp,Cp,612222.2751717848,3.9191291182148566e-10,3.9191291182148566e-10,612222.2751717848,2.403806159513105e-06,2.403806159513105e-06,1.0,1437.27646640074,-29628.818820024786,29663.65905128233,-1.5223249151460079,9.999999747378752e-05,0,9.999999747378752e-05,-0.09869384765625,0.10345458984375,2.3803710336167683e-07,1.0345458723026724e-05,off
1781064864.1722813,2026-06-10T12:14:24.172,87780559710576,,1,cf_0V,frequency,frequency,12258.324480531926,155,155,0.0,0.1,12258.324480531926,0.099945068359375,12258.324480498573,0,Rp || Cp,Rp,Cp,624946.1916111236,3.9204923853797117e-10,3.9204923853797117e-10,624946.1916111236,2.156209606096158e-06,2.156209606096158e-06,1.0,1749.993161629806,-33024.068278155944,33070.403107704275,-1.5178543981038282,9.999999747378752e-05,0,9.999999747378752e-05,-0.09869384765625,0.10345458984375,2.3803710336167683e-07,1.0345458723026724e-05,off
1781064864.585633,2026-06-10T12:14:24.585,87780581501296,,1,cf_0V,frequency,frequency,10989.217512115829,156,156,0.0,0.1,10989.217512115829,0.099945068359375,10989.217512076266,0,Rp || Cp,Rp,Cp,637581.7116170515,3.922000181126055e-10,3.922000181126055e-10,637581.7116170515,1.9339788854898014e-06,1.9339788854898014e-06,1.0,2131.5782395005263,-36803.69107297928,36865.36724876625,-1.5129434444586998,9.999999747378752e-05,0,9.999999747378752e-05,-0.090972900390625,0.09661865234375,2.8228759052506547e-07,9.661864990295754e-06,off
1781064864.9823,2026-06-10T12:14:24.982,87780606732656,,1,cf_0V,frequency,frequency,9851.501460936432,157,157,0.0,0.1,9851.501460936432,0.099945068359375,9851.501461000113,0,Rp || Cp,Rp,Cp,650835.655022725,3.923546257409628e-10,3.923546257409628e-10,650835.655022725,1.7348475795497043e-06,1.7348475795497043e-06,1.0,2594.607745149821,-41011.3550372385,41093.34777481167,-1.5076149380652033,9.999999747378752e-05,0,9.999999747378752e-05,-0.0888671875,0.094024658203125,2.5787352864181656e-07,9.402465582786235e-06,off
1781064865.4729419,2026-06-10T12:14:25.472,87780633684336,,1,cf_0V,frequency,frequency,8831.573397089549,158,158,0.0,0.1,8831.573397089549,0.099945068359375,8831.57339707452,0,Rp || Cp,Rp,Cp,657360.0332008492,3.925116838261878e-10,3.925116838261878e-10,657360.0332008492,1.5565029072180103e-06,1.5565029072180103e-06,1.0,3191.113381612415,-45689.4648017473,45800.76853595812,-1.501066036591429,9.999999747378752e-05,0,9.999999747378752e-05,-0.0836181640625,0.08489990234375,6.408691244352838e-08,8.489990019899807e-06,off
1781064865.9157846,2026-06-10T12:14:25.915,87780662069616,,1,cf_0V,frequency,frequency,7917.238704927916,159,159,0.0,0.1,7917.238704927916,0.099945068359375,7917.238704848728,0,Rp || Cp,Rp,Cp,660134.1471541276,3.926597994066067e-10,3.926597994066067e-10,660134.1471541276,1.3965705429097915e-06,1.3965705429097915e-06,1.0,3946.603435343605,-50889.2131425731,51042.018895671645,-1.4933983987528787,9.999999747378752e-05,0,9.999999747378752e-05,-0.0811767578125,0.08489990234375,1.861572218597729e-07,8.489990019899807e-06,off
1781064866.331935,2026-06-10T12:14:26.331,87780686154096,,1,cf_0V,frequency,frequency,7097.565279983502,160,160,0.0,0.1,7097.565279983502,0.099945068359375,7097.565280034246,0,Rp || Cp,Rp,Cp,669502.6967961647,3.928032738139455e-10,3.928032738139455e-10,669502.6967961647,1.253070883017246e-06,1.253070883017246e-06,1.0,4832.510562981912,-56674.735957664685,56880.39077056645,-1.485734620632393,9.999999747378752e-05,0,9.999999747378752e-05,-0.0811767578125,0.08258056640625,7.01904279143406e-08,8.258056432008942e-06,off
1781064866.7903736,2026-06-10T12:14:26.790,87780710812016,,1,cf_0V,frequency,frequency,6362.752820913701,161,161,0.0,0.1,6362.752820913701,0.099945068359375,6362.7528208343165,0,Rp || Cp,Rp,Cp,671330.7856612699,3.9293141619368563e-10,3.9293141619368563e-10,671330.7856612699,1.124599990646207e-06,1.124599990646207e-06,1.0,5982.634616359833,-63091.480251871486,63374.49642660016,-1.4762542540217427,9.999999747378752e-05,0,9.999999747378752e-05,-0.07623291015625,0.08258056640625,3.1738280448223577e-07,8.258056432008942e-06,off
1781064867.1924596,2026-06-10T12:14:27.192,87780738050416,,1,cf_0V,frequency,frequency,5704.01565368052,162,162,0.0,0.1,5704.01565368052,0.099945068359375,5704.015653620331,0,Rp || Cp,Rp,Cp,689016.9404413851,3.9301560035018417e-10,3.9301560035018417e-10,689016.9404413851,1.0094380413510954e-06,1.0094380413510954e-06,1.0,7238.403555544956,-70249.47106910274,70621.40377761993,-1.4681201239900625,9.999999747378752e-05,0,9.999999747378752e-05,-0.07623291015625,0.08258056640625,3.1738280448223577e-07,8.258056432008942e-06,off
1781064867.6363316,2026-06-10T12:14:27.636,87780767582576,,1,cf_0V,frequency,frequency,5113.477686967608,163,163,0.0,0.1,5113.477686967608,0.099945068359375,5113.477686933265,0,Rp || Cp,Rp,Cp,683687.5738387582,3.9306926454295464e-10,3.9306926454295464e-10,683687.5738387582,9.062894787924152e-07,9.062894787924152e-07,1.0,9049.505148598219,-78135.3996345572,78657.70286174436,-1.4554918065717026,9.999999747378752e-05,0,9.999999747378752e-05,-0.07623291015625,0.07611083984375,-6.103515470812226e-09,7.623290823044471e-06,off
1781064868.082781,2026-06-10T12:14:28.082,87780790233456,,1,cf_0V,frequency,frequency,4584.078242885572,164,164,0.0,0.1,4584.078242885572,0.099945068359375,4584.078242970691,0,Rp || Cp,Rp,Cp,690825.2505209757,3.932515232625508e-10,3.932515232625508e-10,690825.2505209757,8.139896386073047e-07,8.139896386073047e-07,1.0,11101.745684541158,-86868.39175729615,87574.91789173032,-1.4436857598642858,9.999999747378752e-05,0,9.999999747378752e-05,-0.07232666015625,0.07611083984375,1.8920897959517902e-07,7.611083792102846e-06,off
1781064868.516388,2026-06-10T12:14:28.516,87780820625776,,1,cf_0V,frequency,frequency,4109.487637044614,165,165,0.0,0.1,4109.487637044614,0.099945068359375,4109.487637009579,0,Rp || Cp,Rp,Cp,695020.0873214656,3.935133694602718e-10,3.935133694602718e-10,695020.0873214656,7.313589274907636e-07,7.313589274907636e-07,1.0,13662.380679791884,-96482.99522324392,97445.51817855997,-1.4301275404012657,9.999999747378752e-05,0,9.999999747378752e-05,-0.067291259765625,0.07318115234375,2.944946214666899e-07,7.318115049503859e-06,off
1781064868.9713333,2026-06-10T12:14:28.971,87780842703216,,1,cf_0V,frequency,frequency,3684.0314986403864,166,166,0.0,0.1,3684.0314986403864,0.099945068359375,3684.0314986363865,0,Rp || Cp,Rp,Cp,701470.9570792748,3.93645584719703e-10,3.93645584719703e-10,701470.9570792748,6.57401296522514e-07,6.57401296522514e-07,1.0,16759.875638372414,-107124.56568483725,108427.69943413314,-1.415602194683356,9.999999747378752e-05,0,9.999999747378752e-05,-0.066864013671875,0.071624755859375,2.3803710336167683e-07,7.162475404998148e-06,off
1781064869.3720078,2026-06-10T12:14:29.372,87780869941616,,1,cf_0V,frequency,frequency,3302.622925697632,167,167,0.0,0.1,3302.622925697632,0.099945068359375,3302.6229256449824,0,Rp || Cp,Rp,Cp,706864.8598894578,3.9378369593189633e-10,3.9378369593189633e-10,706864.8598894578,5.91064108150324e-07,5.91064108150324e-07,1.0,20570.482351566865,-118816.69235053951,120584.20761152299,-1.3993677235353121,9.999999747378752e-05,0,9.999999747378752e-05,-0.06951904296875,0.074951171875,2.7160643845114407e-07,7.495116998157414e-06,off
1781064869.8465378,2026-06-10T12:14:29.846,87780896033136,,1,cf_0V,frequency,frequency,2960.70166429603,168,168,0.0,0.1,2960.70166429603,0.099945068359375,2960.701664207477,0,Rp || Cp,Rp,Cp,699931.3226709027,3.9387144828739203e-10,3.9387144828739203e-10,699931.3226709027,5.319887880160438e-07,5.319887880160438e-07,1.0,25637.762582959727,-131481.47475881677,133957.7286871257,-1.3782212922137749,9.999999747378752e-05,0,9.999999747378752e-05,-0.073577880859375,0.074951171875,6.866454904663755e-08,7.495116998157414e-06,off
1781064870.2587771,2026-06-10T12:14:30.258,87780922984816,,1,cf_0V,frequency,frequency,2654.1795845838647,169,169,0.0,0.1,2654.1795845838647,0.099945068359375,2654.179584595795,0,Rp || Cp,Rp,Cp,702551.1666427332,3.939243070063845e-10,3.939243070063845e-10,702551.1666427332,4.791110916646601e-07,4.791110916646601e-07,1.0,31502.997063655373,-145396.10901197116,148769.8468770257,-1.357424355436189,9.999999747378752e-05,0,9.999999747378752e-05,-0.073577880859375,0.074951171875,6.866454904663755e-08,7.495116998157414e-06,off
1781064870.7226148,2026-06-10T12:14:30.722,87780947069296,,1,cf_0V,frequency,frequency,2379.391801671713,170,170,0.0,0.1,2379.391801671713,0.099945068359375,2379.391801667907,0,Rp || Cp,Rp,Cp,707920.4455906939,3.941371377824266e-10,3.941371377824266e-10,707920.4455906939,4.3203405931506443e-07,4.3203405931506443e-07,1.0,38473.43143746885,-160486.52217567162,165033.7199684233,-1.3355066715898503,9.999999747378752e-05,0,9.999999747378752e-05,-0.073577880859375,0.069854736328125,-1.861572218597729e-07,7.357787900064139e-06,off
1781064871.148907,2026-06-10T12:14:31.148,87780974020976,,1,cf_0V,frequency,frequency,2133.052856990533,171,171,0.0,0.1,2133.052856990533,0.099945068359375,2133.0528569052376,0,Rp || Cp,Rp,Cp,715510.4217766381,3.9427363440872006e-10,3.9427363440872006e-10,715510.4217766381,3.8978833897604645e-07,3.8978833897604645e-07,1.0,46780.04947372479,-176870.68694646007,182952.48817569227,-1.312229720339377,9.999999747378752e-05,0,9.999999747378752e-05,-0.073577880859375,0.069854736328125,-1.861572218597729e-07,7.357787900064139e-06,off
1781064871.5644655,2026-06-10T12:14:31.564,87781001259376,,1,cf_0V,frequency,frequency,1912.21743620315,172,172,0.0,0.1,1912.21743620315,0.099945068359375,1912.2174361285715,0,Rp || Cp,Rp,Cp,709328.9088978904,3.944845661052492e-10,3.944845661052492e-10,709328.9088978904,3.524944658947501e-07,3.524944658947501e-07,1.0,57655.45366135311,-193836.3451490046,202229.275916274,-1.2816861527786998,9.999999747378752e-05,0,9.999999747378752e-05,-0.06719970703125,0.069854736328125,1.3275146149016592e-07,6.985473456344593e-06,off
1781064871.9451027,2026-06-10T12:14:31.945,87781025343856,,1,cf_0V,frequency,frequency,1714.2451539988147,173,173,0.0,0.1,1714.2451539988147,0.099945068359375,1714.2451539342574,0,Rp || Cp,Rp,Cp,709512.1856845906,3.9464784220464217e-10,3.9464784220464217e-10,709512.1856845906,3.1918570552348095e-07,3.1918570552348095e-07,1.0,70277.39040603681,-211952.24289663447,223299.4959044835,-1.2506319735303828,9.999999747378752e-05,0,9.999999747378752e-05,-0.071044921875,0.06890869140625,-1.0681152073921396e-07,7.1044920080254315e-06,off
1781064872.4054737,2026-06-10T12:14:32.405,87781052582256,,1,cf_0V,frequency,frequency,1536.7689847255556,174,174,0.0,0.1,1536.7689847255556,0.099945068359375,1536.7689847067822,0,Rp || Cp,Rp,Cp,709774.0332156837,3.9478861703148535e-10,3.9478861703148535e-10,709774.0332156837,2.892359969709123e-07,2.892359969709123e-07,1.0,85303.28071332142,-230801.65488567902,246061.07696753624,-1.2167721410690784,9.999999747378752e-05,0,9.999999747378752e-05,-0.071044921875,0.067596435546875,-1.724243120504454e-07,7.1044920080254315e-06,off
1781064872.8069735,2026-06-10T12:14:32.806,87781075519856,,1,cf_0V,frequency,frequency,1377.6669614059458,175,175,0.0,0.1,1377.6669614059458,0.099945068359375,1377.6669614173898,0,Rp || Cp,Rp,Cp,717713.3033502878,3.949707816601619e-10,3.949707816601619e-10,717713.3033502878,2.636206760363509e-07,2.636206760363509e-07,1.0,102221.47356342718,-250831.58056166492,270861.05564392504,-1.1838152004601354,9.999999747378752e-05,0,9.999999747378752e-05,-0.071044921875,0.072052001953125,5.035400263420087e-08,7.205200013293833e-06,off
1781064873.2647898,2026-06-10T12:14:33.264,87781100751216,,1,cf_0V,frequency,frequency,1235.0368047598533,176,176,0.0,0.1,1235.0368047598533,0.099945068359375,1235.036804771994,0,Rp || Cp,Rp,Cp,718089.6561978739,3.9507815652342887e-10,3.9507815652342887e-10,718089.6561978739,2.404448437129648e-07,2.404448437129648e-07,1.0,122820.40700226526,-270390.84944231657,296978.2211515511,-1.1444279379508724,9.999999747378752e-05,0,9.999999747378752e-05,-0.06988525390625,0.072052001953125,1.0833739960691702e-07,7.205200013293833e-06,off
1781064873.6629918,2026-06-10T12:14:33.662,87781130856816,,1,cf_0V,frequency,frequency,1107.1731788899117,177,177,0.0,0.1,1107.1731788899117,0.099945068359375,1107.1731789513706,0,Rp || Cp,Rp,Cp,715087.9945897595,3.9534633272045287e-10,3.9534633272045287e-10,715087.9945897595,2.1986569666518093e-07,2.1986569666518093e-07,1.0,146901.34507816078,-288907.2222508592,324110.1483361486,-1.100393802946929,9.999999747378752e-05,0,9.999999747378752e-05,-0.06988525390625,0.072052001953125,1.0833739960691702e-07,7.205200013293833e-06,off
1781064874.1239004,2026-06-10T12:14:34.123,87781151787376,,1,cf_0V,frequency,frequency,992.547301690778,178,178,0.0,0.1,992.547301690778,0.099945068359375,992.5473017347031,0,Rp || Cp,Rp,Cp,721473.3917198337,3.9535932902374674e-10,3.9535932902374674e-10,721473.3917198337,2.0198549826247902e-07,2.0198549826247902e-07,1.0,173249.25326547533,-308187.3174050583,353545.93247040897,-1.058668459933026,9.999999747378752e-05,0,9.999999747378752e-05,-0.06988525390625,0.072052001953125,1.0833739960691702e-07,7.205200013293833e-06,off
1781064874.5269587,2026-06-10T12:14:34.526,87781180172656,,1,cf_0V,frequency,frequency,889.7886661970878,179,179,0.0,0.1,889.7886661970878,0.099945068359375,889.7886662140309,0,Rp || Cp,Rp,Cp,719604.0210633066,3.955808449366795e-10,3.955808449366795e-10,719604.0210633066,1.8557286455577477e-07,1.8557286455577477e-07,1.0,203695.54033294553,-324173.18942923076,382857.84554616426,-1.0097887367802492,9.999999747378752e-05,0,9.999999747378752e-05,-0.06988525390625,0.07110595703125,6.103515470812226e-08,7.110595523496244e-06,off
1781064874.9313452,2026-06-10T12:14:34.931,87781204830576,,1,cf_0V,frequency,frequency,797.6686543241938,180,180,0.0,0.1,797.6686543241938,0.099945068359375,797.6686543287315,0,Rp || Cp,Rp,Cp,721716.4367981806,3.956108699637305e-10,3.956108699637305e-10,721716.4367981806,1.7228541772224346e-07,1.7228541772224346e-07,1.0,236803.95436589682,-338864.5649243194,413406.94982628676,-0.9608654857974378,9.999999747378752e-05,0,9.999999747378752e-05,-0.069366455078125,0.07110595703125,8.697509545907423e-08,7.110595523496244e-06,off
1781064875.348277,2026-06-10T12:14:35.348,87781228341616,,1,cf_0V,frequency,frequency,715.0858470818457,181,181,0.0,0.1,715.0858470818457,0.099945068359375,715.0858471760557,0,Rp || Cp,Rp,Cp,721580.8297863328,3.961581524973737e-10,3.961581524973737e-10,721580.8297863328,1.6068424228568353e-07,1.6068424228568353e-07,1.0,272333.95517416997,-349778.75609128224,443295.5688404425,-0.9092477901947631,9.999999747378752e-05,0,9.999999747378752e-05,-0.069366455078125,0.07110595703125,8.697509545907423e-08,7.110595523496244e-06,off
1781064875.7716339,2026-06-10T12:14:35.771,87781252426096,,1,cf_0V,frequency,frequency,641.0528556246055,182,182,0.0,0.1,641.0528556246055,0.099945068359375,641.0528555989004,0,Rp || Cp,Rp,Cp,717511.7929085722,3.9592943546577523e-10,3.9592943546577523e-10,717511.7929085722,1.5059502188754103e-07,1.5059502188754103e-07,1.0,310704.54198476643,-355523.3615029581,472159.05475202587,-0.8525694598076932,9.999999747378752e-05,0,9.999999747378752e-05,-0.069366455078125,0.07110595703125,8.697509545907423e-08,7.110595523496244e-06,off
1781064876.170882,2026-06-10T12:14:36.170,87781277370736,,1,cf_0V,frequency,frequency,574.6845156864445,183,183,0.0,0.1,574.6845156864445,0.099945068359375,574.6845156551217,0,Rp || Cp,Rp,Cp,721872.8093221374,3.9580574282624097e-10,3.9580574282624097e-10,721872.8093221374,1.4262167918071947e-07,1.4262167918071947e-07,1.0,349677.05556829076,-360760.7451867036,502416.5188950052,-0.8009981082335826,9.999999747378752e-05,0,9.999999747378752e-05,-0.069366455078125,0.06884765625,-2.5939940750951962e-08,6.936645332578095e-06,off
1781064876.620245,2026-06-10T12:14:36.620,87781302602096,,1,cf_0V,frequency,frequency,515.1873042480629,184,184,0.0,0.1,515.1873042480629,0.099945068359375,515.1873042308353,0,Rp || Cp,Rp,Cp,719588.9905773858,3.9640281786532973e-10,3.9640281786532973e-10,719588.9905773858,1.3379498137185898e-07,1.3379498137185898e-07,1.0,388426.4016609271,-358653.44383894716,528684.558394505,-0.7455667972741875,9.999999747378752e-05,0,9.999999747378752e-05,-0.06903076171875,0.06884765625,-9.15527320621834e-09,6.903075997488628e-06,off
1781064877.0381274,2026-06-10T12:14:37.038,87781329553776,,1,cf_0V,frequency,frequency,461.8498518989187,185,185,0.0,0.1,461.8498518989187,0.099945068359375,461.8498518027536,0,Rp || Cp,Rp,Cp,720093.2741003169,3.9660906556784766e-10,3.9660906556784766e-10,720093.2741003169,1.2831380459654476e-07,1.2831380459654476e-07,1.0,426885.47630017827,-353788.2847393883,554434.270490983,-0.6920369002843915,9.999999747378752e-05,0,9.999999747378752e-05,-0.06903076171875,0.06884765625,-9.15527320621834e-09,6.903075997488628e-06,off
1781064877.458264,2026-06-10T12:14:37.458,87781353924976,,1,cf_0V,frequency,frequency,414.03443745645274,186,186,0.0,0.1,414.03443745645274,0.099945068359375,414.0344374548022,0,Rp || Cp,Rp,Cp,727526.0167556254,3.966492359603053e-10,3.966492359603053e-10,727526.0167556254,1.227796323990933e-07,1.227796323990933e-07,1.0,465299.9061934851,-349304.7160375112,581822.8143943071,-0.6439545614878714,9.999999747378752e-05,0,9.999999747378752e-05,-0.06549072265625,0.069366455078125,1.9378661619828819e-07,6.936645332578095e-06,off
1781064877.8598435,2026-06-10T12:14:37.859,87781379156336,,1,cf_0V,frequency,frequency,371.1693631492158,187,187,0.0,0.1,371.1693631492158,0.099945068359375,371.1693631913704,0,Rp || Cp,Rp,Cp,724195.5631999123,3.969968015209548e-10,3.969968015209548e-10,724195.5631999123,1.181296060676856e-07,1.181296060676856e-07,1.0,499596.0853813428,-334976.14825066435,601502.509076407,-0.5906475767351334,9.999999747378752e-05,0,9.999999747378752e-05,-0.06549072265625,0.069366455078125,1.9378661619828819e-07,6.936645332578095e-06,off
1781064878.306494,2026-06-10T12:14:38.306,87781403240816,,1,cf_0V,frequency,frequency,332.7421191989247,188,188,0.0,0.1,332.7421191989247,0.099945068359375,332.74211929779085,0,Rp || Cp,Rp,Cp,728248.5245846737,3.9701405935324206e-10,3.9701405935324206e-10,728248.5245846737,1.1509843625661694e-07,1.1509843625661694e-07,1.0,533366.4192980158,-322402.8081174289,623236.1574209173,-0.543698148357183,9.999999747378752e-05,0,9.999999747378752e-05,-0.06549072265625,0.069366455078125,1.9378661619828819e-07,6.936645332578095e-06,off
1781064878.7441478,2026-06-10T12:14:38.744,87781431912816,,1,cf_0V,frequency,frequency,298.2932560748046,189,189,0.0,0.1,298.2932560748046,0.099945068359375,298.2932561224061,0,Rp || Cp,Rp,Cp,722976.5804893862,3.965570791290237e-10,3.965570791290237e-10,722976.5804893862,1.1167478422246638e-07,1.1167478422246638e-07,1.0,560995.0469918698,-301447.9026237441,636856.5621438351,-0.4930754185443925,9.999999747378752e-05,0,9.999999747378752e-05,-0.065673828125,0.0706787109375,2.502441343033013e-07,7.067870915200558e-06,off
1781064879.1949487,2026-06-10T12:14:39.194,87781456284016,,1,cf_0V,frequency,frequency,267.41089115476336,190,190,0.0,0.1,267.41089115476336,0.099945068359375,267.4108910838413,0,Rp || Cp,Rp,Cp,723194.5307666763,3.9696077625903675e-10,3.9696077625903675e-10,723194.5307666763,1.0955570071699245e-07,1.0955570071699245e-07,1.0,586693.825501595,-282991.37964898546,651378.3584348902,-0.44942763619810916,9.999999747378752e-05,0,9.999999747378752e-05,-0.0694580078125,0.0706787109375,6.103515470812226e-08,7.067870915200558e-06,off
1781064879.6922038,2026-06-10T12:14:39.692,87781483522416,,1,cf_0V,frequency,frequency,239.7257841131082,191,191,0.0,0.1,239.7257841131082,0.099945068359375,239.72578418351986,0,Rp || Cp,Rp,Cp,719009.7904683689,3.963021858160556e-10,3.963021858160556e-10,719009.7904683689,1.0761292750515094e-07,1.0761292750515094e-07,1.0,607164.4031274152,-260592.66652656355,660724.7159540008,-0.40541950759263895,9.999999747378752e-05,0,9.999999747378752e-05,-0.0694580078125,0.0706787109375,6.103515470812226e-08,7.067870915200558e-06,off
1781064880.198195,2026-06-10T12:14:40.198,87781517642096,,1,cf_0V,frequency,frequency,214.90692215443403,192,192,0.0,0.1,214.90692215443403,0.099945068359375,214.9069221246691,0,Rp || Cp,Rp,Cp,718968.6706753952,3.983934521279762e-10,3.983934521279762e-10,718968.6706753952,1.0645215605519259e-07,1.0645215605519259e-07,1.0,625412.6909100602,-241890.67170059547,670561.0568823153,-0.36904916547738204,9.999999747378752e-05,0,9.999999747378752e-05,-0.0694580078125,0.070648193359375,5.950927584041921e-08,7.064819157465152e-06,off
1781064880.6493201,2026-06-10T12:14:40.649,87781546600816,,1,cf_0V,frequency,frequency,192.65756230919578,193,193,0.0,0.1,192.65756230919578,0.099945068359375,192.65756222353048,0,Rp || Cp,Rp,Cp,722306.6912728974,3.9796435639565046e-10,3.9796435639565046e-10,722306.6912728974,1.0466168362192889e-07,1.0466168362192889e-07,1.0,644296.8338709486,-224190.77620366047,682187.5946328315,-0.33485802313917507,9.999999747378752e-05,0,9.999999747378752e-05,-0.068145751953125,0.070648193359375,1.2512206715165064e-07,7.064819157465152e-06,off
1781064881.0539296,2026-06-10T12:14:41.053,87781570685296,,1,cf_0V,frequency,frequency,172.71168347127087,194,194,0.0,0.1,172.71168347127087,0.099945068359375,172.7116834615572,0,Rp || Cp,Rp,Cp,717100.7600551648,4.00266973751341e-10,4.00266973751341e-10,717100.7600551648,1.0361926291853818e-07,1.0361926291853818e-07,1.0,653680.4249702103,-203609.01647541585,684656.6508691205,-0.3019562353317127,9.999999747378752e-05,0,9.999999747378752e-05,-0.068145751953125,0.070648193359375,1.2512206715165064e-07,7.064819157465152e-06,off
1781064881.431614,2026-06-10T12:14:41.431,87781594769776,,1,cf_0V,frequency,frequency,154.83080575683516,195,195,0.0,0.1,154.83080575683516,0.099945068359375,154.83080566980334,0,Rp || Cp,Rp,Cp,722057.051802118,4.1088238305163517e-10,4.1088238305163517e-10,722057.051802118,1.0222147529172772e-07,1.0222147529172772e-07,1.0,666533.8191727742,-192374.9263736177,693740.1850824985,-0.2809839179326836,9.999999747378752e-05,0,9.999999747378752e-05,-0.063812255859375,0.0694580078125,2.8228759052506547e-07,6.9458006057843136e-06,off
1781064881.826932,2026-06-10T12:14:41.826,87781617133936,,1,cf_0V,frequency,frequency,138.8011391556985,196,196,0.0,0.1,138.8011391556985,0.099945068359375,138.80113911568515,0,Rp || Cp,Rp,Cp,724070.0454417497,4.126765403106486e-10,4.126765403106486e-10,724070.0454417497,1.0163477698759655e-07,1.0163477698759655e-07,1.0,678026.0599892433,-176689.0546767542,700669.9366086018,-0.25492371928150986,9.999999747378752e-05,0,9.999999747378752e-05,-0.063812255859375,0.067657470703125,1.9226073733058513e-07,6.765746899395353e-06,off
1781064882.2269125,2026-06-10T12:14:42.226,87781641218416,,1,cf_0V,frequency,frequency,124.43102738338021,197,197,0.0,0.1,124.43102738338021,0.099945068359375,124.43102740178347,0,Rp || Cp,Rp,Cp,720940.4864144053,4.122789842053274e-10,4.122789842053274e-10,720940.4864144053,1.0099284098267201e-07,1.0099284098267201e-07,1.0,684003.8873101183,-158948.97725794822,702229.3750810348,-0.22832784666984055,9.999999747378752e-05,0,9.999999747378752e-05,-0.070343017578125,0.06951904296875,-4.119872942798253e-08,7.034301580111091e-06,off
1781064882.6535249,2026-06-10T12:14:42.653,87781665302896,,1,cf_0V,frequency,frequency,111.54865637172875,198,198,0.0,0.1,111.54865637172875,0.099945068359375,111.54865639184663,0,Rp || Cp,Rp,Cp,727895.1770785273,4.1010750608937954e-10,4.1010750608937954e-10,727895.1770785273,9.99459428130158e-08,9.99459428130158e-08,1.0,697368.2078919706,-145905.92103818955,712468.213447071,-0.20624851807383435,9.999999747378752e-05,0,9.999999747378752e-05,-0.070343017578125,0.06951904296875,-4.119872942798253e-08,7.034301580111091e-06,off
1781064883.1479917,2026-06-10T12:14:43.147,87781695408496,,1,cf_0V,frequency,frequency,100.0,199,199,0.0,0.1,100.0,0.099945068359375,99.99999996068709,0,Rp || Cp,Rp,Cp,725318.2401132184,3.987509886298537e-10,3.987509886298537e-10,725318.2401132184,1.0007197437917355e-07,1.0007197437917355e-07,1.0,702131.539104815,-127593.55025154457,713630.7254256151,-0.17976150090673562,9.999999747378752e-05,0,9.999999747378752e-05,-0.071044921875,0.06951904296875,-7.629394338515283e-08,7.1044920080254315e-06,off
1781064883.5632727,2026-06-10T12:14:43.563,87781722646896,,1,cf_0V,frequency,frequency,0.0,200,200,0.0,0.1,0.0,0.099945068359375,0.0,0,Rp || Cp,Rp,Cp,108.61696845122093,nan,nan,108.61696845122093,8.602402578898296e-08,8.602402578898296e-08,1.0,-108.61696845029894,-0.0004475333132156692,108.61696845122091,-3.1415885333006743,9.999999747378752e-05,0,9.999999747378752e-05,-1.0,0.484405517578125,-2.577972346984314e-05,9.999999747378752e-05,off
