timestamp_unix,timestamp_iso,sample_timestamp,sample_clockbase,block_index,block_name,mode,sweep_variable,sweep_value,point_index_block,point_index_total,set_bias_V,set_amplitude_V,set_frequency_Hz,measured_drive_V,measured_frequency_Hz,model,model_name,param0_name,param1_name,param0,param1,C_F,R_Ohm,demod_R_raw,demod_R,demod_R_gain,Z_real_Ohm,Z_imag_Ohm,Z_abs_Ohm,Z_phase_rad,imps_current_range_A,currin_index,currin_range_A,currin_norm_min,currin_norm_max,currin_est_A,currin_peak_A,iv_autorange_mode
1781065654.5186932,2026-06-10T12:27:34.518,87827980331376,,1,cf_0V,frequency,frequency,0.0,1,1,0.0,0.1,0.0,0.099945068359375,0.0,0,Rp || Cp,Rp,Cp,108.61696845122093,nan,nan,108.61696845122093,9.000130071270455e-08,9.000130071270455e-08,1.0,-108.61696845029894,-0.0004475333132156692,108.61696845122091,-3.1415885333006743,9.999999747378752e-05,0,0.0010000000474974513,-1.0,0.999969482421875,-1.525878978725359e-08,0.0010000000474974513,off
1781065655.4497683,2026-06-10T12:27:35.449,87828035668336,,1,cf_0V,frequency,frequency,100.0,2,2,0.0,0.1,100.0,0.099945068359375,99.99999996068709,0,Rp || Cp,Rp,Cp,52032.54658596227,1.100682756477861e-09,1.100682756477861e-09,52032.54658596227,1.339353939265715e-06,1.339353939265715e-06,1.0,51965.257085289544,-1869.9508553967576,51998.89095107543,-0.03596911585454116,0.0010000000474974513,0,0.0010000000474974513,-0.024017333984375,0.999969482421875,0.0004879760973963698,0.0009999695299178768,off
1781065656.2416306,2026-06-10T12:27:36.241,87828082690416,,1,cf_0V,frequency,frequency,111.67312606580774,3,3,0.0,0.1,111.67312606580774,0.099945068359375,111.6731259998005,0,Rp || Cp,Rp,Cp,53694.60091158366,1.1451890042994976e-09,1.1451890042994976e-09,53694.60091158366,1.3213018711715882e-06,1.3213018711715882e-06,1.0,53594.831922212245,-2312.3802058506312,53644.69322297026,-0.04311883925699385,9.999999747378752e-05,0,9.999999747378752e-05,-0.081146240234375,0.079925537109375,-6.103515470812226e-08,8.114623818444855e-06,off
1781065656.666285,2026-06-10T12:27:36.666,87828107921776,,1,cf_0V,frequency,frequency,124.70887085309788,4,4,0.0,0.1,124.70887085309788,0.099945068359375,124.70887085669347,0,Rp || Cp,Rp,Cp,53764.647522982224,1.1288531059131306e-09,1.1288531059131306e-09,53764.647522982224,1.3316271641581423e-06,1.3316271641581423e-06,1.0,53643.325792390715,-2551.0980223850534,53703.95239820238,-0.04752086808688385,9.999999747378752e-05,0,9.999999747378752e-05,-0.081146240234375,0.0853271484375,2.0904540487531875e-07,8.532714628195492e-06,off
1781065657.0650613,2026-06-10T12:27:37.065,87828132006256,,1,cf_0V,frequency,frequency,139.2662945630255,5,5,0.0,0.1,139.2662945630255,0.099945068359375,139.26629449656502,0,Rp || Cp,Rp,Cp,53559.3321969393,1.113645421001401e-09,1.113645421001401e-09,53559.3321969393,1.3268406982462354e-06,1.3268406982462354e-06,1.0,53413.829958356204,-2787.80053630765,53486.53160049199,-0.05214517089159568,9.999999747378752e-05,0,9.999999747378752e-05,-0.0860595703125,0.0853271484375,-3.662109282487336e-08,8.605956813845239e-06,off
1781065657.4689147,2026-06-10T12:27:37.468,87828156377456,,1,cf_0V,frequency,frequency,155.52302469454662,6,6,0.0,0.1,155.52302469454662,0.099945068359375,155.52302464527656,0,Rp || Cp,Rp,Cp,53855.92977984525,1.1160900719055449e-09,1.1160900719055449e-09,53855.92977984525,1.330142991323631e-06,1.330142991323631e-06,1.0,53670.76751835575,-3152.427745337897,53763.26893613302,-0.05866899471945809,9.999999747378752e-05,0,9.999999747378752e-05,-0.0860595703125,0.0853271484375,-3.662109282487336e-08,8.605956813845239e-06,off
1781065657.8794324,2026-06-10T12:27:37.879,87828180175216,,1,cf_0V,frequency,frequency,173.67742342849834,7,7,0.0,0.1,173.67742342849834,0.099945068359375,173.6774233762617,0,Rp || Cp,Rp,Cp,53611.30374631356,1.1144108054573497e-09,1.1144108054573497e-09,53611.30374631356,1.3285470035053375e-06,1.3285470035053375e-06,1.0,53384.388274508616,-3480.480376661868,53497.72570021853,-0.0651044557334982,9.999999747378752e-05,0,9.999999747378752e-05,-0.0860595703125,0.0853271484375,-3.662109282487336e-08,8.605956813845239e-06,off
1781065658.300547,2026-06-10T12:27:38.300,87828205119856,,1,cf_0V,frequency,frequency,193.95100801315368,8,8,0.0,0.1,193.95100801315368,0.099945068359375,193.9510080006812,0,Rp || Cp,Rp,Cp,53645.39597243695,1.1167300106787782e-09,1.1167300106787782e-09,53645.39597243695,1.33571770724392e-06,1.33571770724392e-06,1.0,53360.9963377603,-3895.619060488519,53503.00718672652,-0.07287570530921819,9.999999747378752e-05,0,9.999999747378752e-05,-0.0848388671875,0.084716796875,-6.103515470812226e-09,8.483886504428995e-06,off
1781065658.7021492,2026-06-10T12:27:38.702,87828230351216,,1,cf_0V,frequency,frequency,216.59115368443398,9,9,0.0,0.1,216.59115368443398,0.099945068359375,216.5911537588272,0,Rp || Cp,Rp,Cp,53837.52326527346,1.1477565978997476e-09,1.1477565978997476e-09,53837.52326527346,1.334663036087852e-06,1.334663036087852e-06,1.0,53459.48507248238,-4495.5230089882625,53648.171183548366,-0.08389476734091335,9.999999747378752e-05,0,9.999999747378752e-05,-0.080657958984375,0.084716796875,2.0294188940450653e-07,8.47167947348737e-06,off
1781065659.1447272,2026-06-10T12:27:39.144,87828257589616,,1,cf_0V,frequency,frequency,241.8741121014056,10,10,0.0,0.1,241.8741121014056,0.099945068359375,241.87411220566446,0,Rp || Cp,Rp,Cp,53478.78171913414,1.1476223879445816e-09,1.1476223879445816e-09,53478.78171913414,1.3317012089209148e-06,1.3317012089209148e-06,1.0,53017.549962226105,-4945.035663778068,53247.66644382811,-0.09300260203798189,9.999999747378752e-05,0,9.999999747378752e-05,-0.081390380859375,0.084716796875,1.6632079657963317e-07,8.47167947348737e-06,off
1781065659.6004572,2026-06-10T12:27:39.600,87828281387376,,1,cf_0V,frequency,frequency,270.1083821275558,11,11,0.0,0.1,270.1083821275558,0.099945068359375,270.1083821676775,0,Rp || Cp,Rp,Cp,53361.877187164675,1.1453745560367465e-09,1.1453745560367465e-09,53361.877187164675,1.3419961939640377e-06,1.3419961939640377e-06,1.0,52793.84051217242,-5476.206499448856,53077.09895660561,-0.10335849432716178,9.999999747378752e-05,0,9.999999747378752e-05,-0.081878662109375,0.084716796875,1.4190673469638426e-07,8.47167947348737e-06,off
1781065660.0082827,2026-06-10T12:27:40.008,87828308625776,,1,cf_0V,frequency,frequency,301.6384740876191,12,12,0.0,0.1,301.6384740876191,0.099945068359375,301.6384739851219,0,Rp || Cp,Rp,Cp,53498.761588618116,1.1492306181900577e-09,1.1492306181900577e-09,53498.761588618116,1.3401078968354645e-06,1.3401078968354645e-06,1.0,52782.0876624926,-6150.41022974727,53139.216441393204,-0.11600143905588385,9.999999747378752e-05,0,9.999999747378752e-05,-0.08978271484375,0.0828857421875,-3.448486241008908e-07,8.978271257564785e-06,off
1781065660.3997867,2026-06-10T12:27:40.399,87828332710256,,1,cf_0V,frequency,frequency,336.849113430846,13,13,0.0,0.1,336.849113430846,0.099945068359375,336.84911350917446,0,Rp || Cp,Rp,Cp,53767.991492454705,1.1478193614993723e-09,1.1478193614993723e-09,53767.991492454705,1.3380852071922654e-06,1.3380852071922654e-06,1.0,52866.001461615575,-6905.404136522633,53315.089016414895,-0.129885526389289,9.999999747378752e-05,0,9.999999747378752e-05,-0.09222412109375,0.0859375,-3.1433104674682966e-07,9.222411876397274e-06,off
1781065660.763024,2026-06-10T12:27:40.763,87828355647856,,1,cf_0V,frequency,frequency,376.169935093184,14,14,0.0,0.1,376.169935093184,0.099945068359375,376.1699350945946,0,Rp || Cp,Rp,Cp,54328.67711242587,1.151424463669973e-09,1.151424463669973e-09,54328.67711242587,1.3362387515323906e-06,1.3362387515323906e-06,1.0,53166.44024014422,-7860.788587352696,53744.41705911304,-0.14678899798696532,9.999999747378752e-05,0,9.999999747378752e-05,-0.09222412109375,0.0859375,-3.1433104674682966e-07,9.222411876397274e-06,off
1781065661.1847618,2026-06-10T12:27:41.184,87828377725296,,1,cf_0V,frequency,frequency,420.08072583827897,15,15,0.0,0.1,420.08072583827897,0.099945068359375,420.08072583143985,0,Rp || Cp,Rp,Cp,53672.50864987752,1.1485722184766996e-09,1.1485722184766996e-09,53672.50864987752,1.3381006193211207e-06,1.3381006193211207e-06,1.0,52288.1490375329,-8507.972833279198,52975.80703965793,-0.16129962710569848,9.999999747378752e-05,0,9.999999747378752e-05,-0.09222412109375,0.0859375,-3.1433104674682966e-07,9.222411876397274e-06,off
1781065661.6160586,2026-06-10T12:27:41.616,87828403816816,,1,cf_0V,frequency,frequency,469.11727854354143,16,16,0.0,0.1,469.11727854354143,0.099945068359375,469.11727856979724,0,Rp || Cp,Rp,Cp,54006.87540455389,1.151271505786982e-09,1.151271505786982e-09,54006.87540455389,1.344624045530172e-06,1.344624045530172e-06,1.0,52251.871603804924,-9576.128302238032,53122.12645745123,-0.1812571628735797,9.999999747378752e-05,0,9.999999747378752e-05,-0.09222412109375,0.08929443359375,-1.4648437129949343e-07,9.222411876397274e-06,off
1781065662.0064783,2026-06-10T12:27:42.006,87828429334896,,1,cf_0V,frequency,frequency,523.8779298644155,17,17,0.0,0.1,523.8779298644155,0.099945068359375,523.877929836658,0,Rp || Cp,Rp,Cp,53562.83252927404,1.1498014956749083e-09,1.1498014956749083e-09,53562.83252927404,1.3549164489427224e-06,1.3549164489427224e-06,1.0,51448.53658086476,-10429.642009412848,52495.041182544934,-0.20000947173976205,9.999999747378752e-05,0,9.999999747378752e-05,-0.08502197265625,0.09381103515625,4.394531138984803e-07,9.381103278638392e-06,off
1781065662.4174345,2026-06-10T12:27:42.417,87828453132656,,1,cf_0V,frequency,frequency,585.0308610484332,18,18,0.0,0.1,585.0308610484332,0.099945068359375,585.0308610888533,0,Rp || Cp,Rp,Cp,53642.08061159374,1.1492933829116353e-09,1.1492933829116353e-09,53642.08061159374,1.3624382148065198e-06,1.3624382148065198e-06,1.0,51021.80973686166,-11562.480790454112,52315.54291846861,-0.2228543220234688,9.999999747378752e-05,0,9.999999747378752e-05,-0.084197998046875,0.09381103515625,4.806518433264628e-07,9.381103278638392e-06,off
1781065662.8091888,2026-06-10T12:27:42.809,87828478650736,,1,cf_0V,frequency,frequency,653.3222509824973,19,19,0.0,0.1,653.3222509824973,0.099945068359375,653.3222509119696,0,Rp || Cp,Rp,Cp,53272.32750445673,1.1478922583445911e-09,1.1478922583445911e-09,53272.32750445673,1.3717247511813468e-06,1.3717247511813468e-06,1.0,50114.53261264797,-12579.801870045616,51669.31191794371,-0.2459394066072923,9.999999747378752e-05,0,9.999999747378752e-05,-0.084197998046875,0.09381103515625,4.806518433264628e-07,9.381103278638392e-06,off
1781065663.2620132,2026-06-10T12:27:43.262,87828502735216,,1,cf_0V,frequency,frequency,729.585380955657,20,20,0.0,0.1,729.585380955657,0.099945068359375,729.5853809097252,0,Rp || Cp,Rp,Cp,53140.66937548604,1.1486795881041015e-09,1.1486795881041015e-09,53140.66937548604,1.3852336369616064e-06,1.3852336369616064e-06,1.0,49281.87979632462,-13790.156061464404,51174.91651638458,-0.2728436717364563,9.999999747378752e-05,0,9.999999747378752e-05,-0.08477783203125,0.08935546875,2.288818301554585e-07,8.9355466492691e-06,off
1781065663.6207128,2026-06-10T12:27:43.620,87828527393136,,1,cf_0V,frequency,frequency,814.7508022323145,21,21,0.0,0.1,814.7508022323145,0.099945068359375,814.7508022915417,0,Rp || Cp,Rp,Cp,53204.453240068215,1.148779539433563e-09,1.148779539433563e-09,53204.453240068215,1.4113274696142407e-06,1.4113274696142407e-06,1.0,48460.23957730675,-15162.64260290245,50776.96870228982,-0.3032385947221209,9.999999747378752e-05,0,9.999999747378752e-05,-0.08477783203125,0.089752197265625,2.487182554355982e-07,8.975219499829379e-06,off
1781065664.0261881,2026-06-10T12:27:44.026,87828549757296,,1,cf_0V,frequency,frequency,909.8576904990725,22,22,0.0,0.1,909.8576904990725,0.099945068359375,909.8576904165157,0,Rp || Cp,Rp,Cp,52983.65212590775,1.1483214438093328e-09,1.1483214438093328e-09,52983.65212590775,1.4141795633549987e-06,1.4141795633549987e-06,1.0,47265.43000120515,-16440.01908656049,50042.93257559251,-0.3347343746899649,9.999999747378752e-05,0,9.999999747378752e-05,-0.08477783203125,0.089752197265625,2.487182554355982e-07,8.975219499829379e-06,off
1781065664.4277656,2026-06-10T12:27:44.427,87828572694896,,1,cf_0V,frequency,frequency,1016.0665257304771,23,23,0.0,0.1,1016.0665257304771,0.099945068359375,1016.0665256364609,0,Rp || Cp,Rp,Cp,53087.406851865424,1.1472522932447928e-09,1.1472522932447928e-09,53087.406851865424,1.43722588184136e-06,1.43722588184136e-06,1.0,46115.49633513614,-17930.786761409177,49478.80471594965,-0.3708344523157361,9.999999747378752e-05,0,9.999999747378752e-05,-0.093963623046875,0.089752197265625,-2.105712837430218e-07,9.396362067315422e-06,off
1781065664.8274484,2026-06-10T12:27:44.827,87828597926256,,1,cf_0V,frequency,frequency,1134.6732521914685,24,24,0.0,0.1,1134.6732521914685,0.099945068359375,1134.67325220995,0,Rp || Cp,Rp,Cp,52837.85028286012,1.1466812495167998e-09,1.1466812495167998e-09,52837.85028286012,1.452739728511338e-06,1.452739728511338e-06,1.0,44529.337263223686,-19234.671258102535,48506.02494030197,-0.4077468414726643,9.999999747378752e-05,0,9.999999747378752e-05,-0.093963623046875,0.089752197265625,-2.105712837430218e-07,9.396362067315422e-06,off
1781065665.2333388,2026-06-10T12:27:45.233,87828622010736,,1,cf_0V,frequency,frequency,1267.1250913547792,25,25,0.0,0.1,1267.1250913547792,0.099945068359375,1267.1250913598442,0,Rp || Cp,Rp,Cp,53313.156486346525,1.146818232186121e-09,1.146818232186121e-09,53313.156486346525,1.4821982319088486e-06,1.4821982319088486e-06,1.0,43100.49481489708,-20980.247172438296,47935.617495820115,-0.4530118156655971,9.999999747378752e-05,0,9.999999747378752e-05,-0.093963623046875,0.089752197265625,-2.105712837430218e-07,9.396362067315422e-06,off
1781065665.670798,2026-06-10T12:27:45.670,87828647242096,,1,cf_0V,frequency,frequency,1415.0382006801042,26,26,0.0,0.1,1415.0382006801042,0.099945068359375,1415.0382007471762,0,Rp || Cp,Rp,Cp,53196.06901724803,1.1459547938513283e-09,1.1459547938513283e-09,53196.06901724803,1.5226144965874257e-06,1.5226144965874257e-06,1.0,41117.471315549104,-22285.452531453408,46768.449214365304,-0.49667635778275127,9.999999747378752e-05,0,9.999999747378752e-05,-0.085662841796875,0.08685302734375,5.950927584041921e-08,8.685302514965798e-06,off
1781065666.1630855,2026-06-10T12:27:46.163,87828673046896,,1,cf_0V,frequency,frequency,1580.2173937248301,27,27,0.0,0.1,1580.2173937248301,0.099945068359375,1580.217393737371,0,Rp || Cp,Rp,Cp,53159.391171449766,1.1456710440447828e-09,1.1456710440447828e-09,53159.391171449766,1.5669437899388356e-06,1.5669437899388356e-06,1.0,38925.88778476592,-23538.304008873307,45489.30088983925,-0.5438648255749077,9.999999747378752e-05,0,9.999999747378752e-05,-0.0850830078125,0.08685302734375,8.850097432677728e-08,8.685302514965798e-06,off
1781065666.5376709,2026-06-10T12:27:46.537,87828702292336,,1,cf_0V,frequency,frequency,1764.6781622081528,28,28,0.0,0.1,1764.6781622081528,0.099945068359375,1764.6781621039054,0,Rp || Cp,Rp,Cp,52522.050653282364,1.1454164439740005e-09,1.1454164439740005e-09,52522.050653282364,1.6220996211593094e-06,1.6220996211593094e-06,1.0,36348.96247843655,-24246.1332015626,43693.50121570375,-0.5882595215640606,9.999999747378752e-05,0,9.999999747378752e-05,-0.089569091796875,0.085540771484375,-2.0141601053680347e-07,8.956908953416942e-06,off
1781065666.959859,2026-06-10T12:27:46.959,87828726090096,,1,cf_0V,frequency,frequency,1970.6712687384897,29,29,0.0,0.1,1970.6712687384897,0.099945068359375,1970.6712688360994,0,Rp || Cp,Rp,Cp,52873.59851460935,1.1448719779017579e-09,1.1448719779017579e-09,52873.59851460935,1.6744387684090888e-06,1.6744387684090888e-06,1.0,33854.32694100172,-25374.882029925047,42308.39267404102,-0.6432011555204418,9.999999747378752e-05,0,9.999999747378752e-05,-0.095703125,0.085540771484375,-5.081176629451178e-07,9.570312258233571e-06,off
1781065667.4089386,2026-06-10T12:27:47.408,87828749887856,,1,cf_0V,frequency,frequency,2200.7102102809863,30,30,0.0,0.1,2200.7102102809863,0.099945068359375,2200.7102103316356,0,Rp || Cp,Rp,Cp,52751.4190978068,1.144638745669467e-09,1.144638745669467e-09,52751.4190978068,1.7524921938045906e-06,1.7524921938045906e-06,1.0,31083.40173953416,-25952.18080328488,40493.1296906977,-0.6956744515112651,9.999999747378752e-05,0,9.999999747378752e-05,-0.095703125,0.085540771484375,-5.081176629451178e-07,9.570312258233571e-06,off
1781065667.813641,2026-06-10T12:27:47.813,87828776839536,,1,cf_0V,frequency,frequency,2457.6018874701913,31,31,0.0,0.1,2457.6018874701913,0.099945068359375,2457.6018875421823,0,Rp || Cp,Rp,Cp,52656.99984289139,1.1442146331793947e-09,1.1442146331793947e-09,52656.99984289139,1.8392732827058014e-06,1.8392732827058014e-06,1.0,28225.45376251006,-26260.073766812555,38552.14279826778,-0.7493421990898743,9.999999747378752e-05,0,9.999999747378752e-05,-0.095703125,0.086700439453125,-4.501342659724017e-07,9.570312258233571e-06,off
1781065668.2234519,2026-06-10T12:27:48.223,87828801497456,,1,cf_0V,frequency,frequency,2744.480853990254,32,32,0.0,0.1,2744.480853990254,0.099945068359375,2744.480853991149,0,Rp || Cp,Rp,Cp,52631.53520430756,1.1436686416993873e-09,1.1436686416993873e-09,52631.53520430756,1.9547691337093215e-06,1.9547691337093215e-06,1.0,25335.422535871763,-26297.500794592313,36516.327623581514,-0.8040290461462897,9.999999747378752e-05,0,9.999999747378752e-05,-0.095703125,0.089752197265625,-2.9754637920209603e-07,9.570312258233571e-06,off
1781065668.5985034,2026-06-10T12:27:48.598,87828825008496,,1,cf_0V,frequency,frequency,3064.8475639284966,33,33,0.0,0.1,3064.8475639284966,0.099945068359375,3064.8475640049355,0,Rp || Cp,Rp,Cp,52346.74094994995,1.1435131475240773e-09,1.1435131475240773e-09,52346.74094994995,2.059593738908581e-06,2.059593738908581e-06,1.0,22478.594608570656,-25911.27077773933,34302.786605373476,-0.8562174456494246,9.999999747378752e-05,0,9.999999747378752e-05,-0.08837890625,0.089752197265625,6.866454904663755e-08,8.975219499829379e-06,off
1781065669.041929,2026-06-10T12:27:49.041,87828849092976,,1,cf_0V,frequency,frequency,3422.6110837907077,34,34,0.0,0.1,3422.6110837907077,0.099945068359375,3422.6110837209944,0,Rp || Cp,Rp,Cp,52510.19676721827,1.14313807403572e-09,1.14313807403572e-09,52510.19676721827,2.206259108206119e-06,2.206259108206119e-06,1.0,19693.85265757858,-25422.042515416437,32157.8618405213,-0.9116885525901064,9.999999747378752e-05,0,9.999999747378752e-05,-0.089569091796875,0.089752197265625,9.15527320621834e-09,8.975219499829379e-06,off
1781065669.4704494,2026-06-10T12:27:49.470,87828878051696,,1,cf_0V,frequency,frequency,3822.1367903439054,35,35,0.0,0.1,3822.1367903439054,0.099945068359375,3822.136790319064,0,Rp || Cp,Rp,Cp,52879.33233426188,1.142960930153252e-09,1.142960930153252e-09,52879.33233426188,2.37948228936641e-06,2.37948228936641e-06,1.0,17020.950334784215,-24705.1358850509,30000.941475194082,-0.9675155078956826,9.999999747378752e-05,0,9.999999747378752e-05,-0.094451904296875,0.09613037109375,8.392333772366811e-08,9.613036866529256e-06,off
1781065669.8691058,2026-06-10T12:27:49.869,87828900415856,,1,cf_0V,frequency,frequency,4268.299636288371,36,36,0.0,0.1,4268.299636288371,0.099945068359375,4268.299636294159,0,Rp || Cp,Rp,Cp,52336.63622514889,1.142522009996432e-09,1.142522009996432e-09,52336.63622514889,2.569786629638748e-06,2.569786629638748e-06,1.0,14653.387591703982,-23498.66481186575,27693.12217596856,-1.013216023348555,9.999999747378752e-05,0,9.999999747378752e-05,-0.094451904296875,0.098846435546875,2.1972655694924015e-07,9.8846433049804e-06,off
1781065670.3216484,2026-06-10T12:27:50.321,87828924500336,,1,cf_0V,frequency,frequency,4766.543633698721,37,37,0.0,0.1,4766.543633698721,0.099945068359375,4766.543633607512,0,Rp || Cp,Rp,Cp,52343.38211658741,1.1420157525010487e-09,1.1420157525010487e-09,52343.38211658741,2.787636821907269e-06,2.787636821907269e-06,1.0,12447.746945574032,-22284.765442824784,25525.618011377617,-1.061392303076036,9.999999747378752e-05,0,9.999999747378752e-05,-0.09765625,0.098846435546875,5.950927584041921e-08,9.8846433049804e-06,off
1781065670.7257178,2026-06-10T12:27:50.725,87828953172336,,1,cf_0V,frequency,frequency,5322.948281042111,38,38,0.0,0.1,5322.948281042111,0.099945068359375,5322.948280976902,0,Rp || Cp,Rp,Cp,52402.71787117127,1.1417008841903227e-09,1.1417008841903227e-09,52402.71787117127,3.0339944314803358e-06,3.0339944314803358e-06,1.0,10472.50426300702,-20955.05525548179,23426.21792562759,-1.107340512903745,9.999999747378752e-05,0,9.999999747378752e-05,-0.10223388671875,0.098846435546875,-1.6937255431503928e-07,1.0223388413610479e-05,off
1781065671.0797539,2026-06-10T12:27:51.079,87828975823216,,1,cf_0V,frequency,frequency,5944.302744305904,39,39,0.0,0.1,5944.302744305904,0.099945068359375,5944.302744325114,0,Rp || Cp,Rp,Cp,52749.93946471661,1.1413634716081188e-09,1.1413634716081188e-09,52749.93946471661,3.3196253082101343e-06,3.3196253082101343e-06,1.0,8709.583284695686,-19585.023615956008,21434.31806777638,-1.1523533599703646,9.999999747378752e-05,0,9.999999747378752e-05,-0.10223388671875,0.106842041015625,2.3040770902316154e-07,1.0684203831656802e-05,off
1781065671.499486,2026-06-10T12:27:51.499,87828998474096,,1,cf_0V,frequency,frequency,6638.188697382001,40,40,0.0,0.1,6638.188697382001,0.099945068359375,6638.188697394298,0,Rp || Cp,Rp,Cp,51969.3292783281,1.1411285190040954e-09,1.1411285190040954e-09,51969.3292783281,3.653123089423878e-06,3.653123089423878e-06,1.0,7300.929117168971,-18058.815668641226,19478.818992122895,-1.1866004598401982,9.999999747378752e-05,0,9.999999747378752e-05,-0.109375,0.106842041015625,-1.266479460193537e-07,1.093749972369551e-05,off
1781065671.9587157,2026-06-10T12:27:51.958,87829025712496,,1,cf_0V,frequency,frequency,7413.07283251361,41,41,0.0,0.1,7413.07283251361,0.099945068359375,7413.072832491707,0,Rp || Cp,Rp,Cp,51699.719286856605,1.1407146239165132e-09,1.1407146239165132e-09,51699.719286856605,4.016195887963709e-06,4.016195887963709e-06,1.0,6049.951750044107,-16618.630840067584,17685.610172575532,-1.2216632740874735,9.999999747378752e-05,0,9.999999747378752e-05,-0.111907958984375,0.1082763671875,-1.8157958525666373e-07,1.1190795615734217e-05,off
1781065672.3610778,2026-06-10T12:27:52.361,87829049796976,,1,cf_0V,frequency,frequency,8278.410169603068,42,42,0.0,0.1,8278.410169603068,0.099945068359375,8278.410169637595,0,Rp || Cp,Rp,Cp,52373.345251101346,1.1403282847216043e-09,1.1403282847216043e-09,52373.345251101346,4.43465464867915e-06,4.43465464867915e-06,1.0,4917.615980735479,-15276.42146045361,16048.426700813778,-1.2593627601214417,9.999999747378752e-05,0,9.999999747378752e-05,-0.11248779296875,0.11151123046875,-4.882812376649781e-08,1.1248779012706933e-05,off
1781065672.7619784,2026-06-10T12:27:52.761,87829075601776,,1,cf_0V,frequency,frequency,9244.759424945483,43,43,0.0,0.1,9244.759424945483,0.099945068359375,9244.759424973381,0,Rp || Cp,Rp,Cp,51734.250856564795,1.1399554508780308e-09,1.1399554508780308e-09,51734.250856564795,4.909156198243622e-06,4.909156198243622e-06,1.0,4062.3679094201025,-13916.203773519272,14497.01902108148,-1.286772091897798,9.999999747378752e-05,0,9.999999747378752e-05,-0.124237060546875,0.12554931640625,6.561279131123143e-08,1.255493132346075e-05,off
1781065673.1628685,2026-06-10T12:27:53.162,87829097965936,,1,cf_0V,frequency,frequency,10323.911847100022,44,44,0.0,0.1,10323.911847100022,0.099945068359375,10323.911847009982,0,Rp || Cp,Rp,Cp,51436.801431997694,1.1395067430239327e-09,1.1395067430239327e-09,51436.801431997694,5.438594682643645e-06,5.438594682643645e-06,1.0,3328.0802732804445,-12653.445612206835,13083.79930167361,-1.313603722888399,9.999999747378752e-05,0,9.999999747378752e-05,-0.126190185546875,0.12921142578125,1.510620079026026e-07,1.2921142251709483e-05,off
1781065673.608519,2026-06-10T12:27:53.608,87829122050416,,1,cf_0V,frequency,frequency,11529.035091934857,45,45,0.0,0.1,11529.035091934857,0.099945068359375,11529.035091939477,0,Rp || Cp,Rp,Cp,50832.075987195545,1.139154430502069e-09,1.139154430502069e-09,50832.075987195545,6.032002625526374e-06,6.032002625526374e-06,1.0,2733.658311955699,-11466.67516195677,11788.024730053834,-1.3367645100126444,9.999999747378752e-05,0,9.999999747378752e-05,-0.135101318359375,0.147918701171875,6.408691244352838e-07,1.479186974351343e-05,off
1781065674.0686777,2026-06-10T12:27:54.068,87829148141936,,1,cf_0V,frequency,frequency,12874.833892387638,46,46,0.0,0.1,12874.833892387638,0.099945068359375,12874.83389234012,0,Rp || Cp,Rp,Cp,51370.07095543359,1.1388644144251042e-09,1.1388644144251042e-09,51370.07095543359,6.700102372432763e-06,6.700102372432763e-06,1.0,2195.4988141160716,-10390.510806544971,10619.930784318365,-1.3625608522650938,9.999999747378752e-05,0,9.999999747378752e-05,-0.15155029296875,0.147918701171875,-1.8157958525666373e-07,1.5155028914026758e-05,off
1781065674.5169554,2026-06-10T12:27:54.516,87829176240496,,1,cf_0V,frequency,frequency,14377.729483409405,47,47,0.0,0.1,14377.729483409405,0.099945068359375,14377.729483356916,0,Rp || Cp,Rp,Cp,50665.26597468759,1.138468532952442e-09,1.138468532952442e-09,50665.26597468759,7.449059035490609e-06,7.449059035490609e-06,1.0,1799.6989899490898,-9377.809528121345,9548.938579766194,-1.3811912099309973,9.999999747378752e-05,0,9.999999747378752e-05,-0.153900146484375,0.155029296875,5.6457518105013094e-08,1.5502929295863055e-05,off
1781065674.9677272,2026-06-10T12:27:54.967,87829203478896,,1,cf_0V,frequency,frequency,16056.059971408577,48,48,0.0,0.1,16056.059971408577,0.099945068359375,16056.059971489845,0,Rp || Cp,Rp,Cp,50492.4176229509,1.1380685917860638e-09,1.1380685917860638e-09,50492.4176229509,8.290061129553024e-06,8.290061129553024e-06,1.0,1459.0325122171714,-8458.209211211666,8583.127572879983,-1.3999783829932517,9.999999747378752e-05,0,9.999999747378752e-05,-0.16912841796875,0.165771484375,-1.6784667544733622e-07,1.691284136962068e-05,off
1781065675.4238899,2026-06-10T12:27:55.423,87829233584496,,1,cf_0V,frequency,frequency,17930.304093072773,49,49,0.0,0.1,17930.304093072773,0.099945068359375,17930.304093098926,0,Rp || Cp,Rp,Cp,50196.39556193528,1.137740775163143e-09,1.137740775163143e-09,50196.39556193528,9.228484331729101e-06,9.228484331729101e-06,1.0,1183.9666425752362,-7617.6821220179645,7709.141192301708,-1.4166065114804016,9.999999747378752e-05,0,9.999999747378752e-05,-0.171966552734375,0.17291259765625,4.7302244898794754e-08,1.7291259328811037e-05,off
1781065675.9096603,2026-06-10T12:27:55.909,87829258815856,,1,cf_0V,frequency,frequency,20023.331093839864,50,50,0.0,0.1,20023.331093839864,0.099945068359375,20023.331093881323,0,Rp || Cp,Rp,Cp,49739.85132973283,1.1374492952791289e-09,1.1374492952791289e-09,49739.85132973283,1.0282461709984753e-05,1.0282461709984753e-05,1.0,962.7434979271624,-6852.725254434397,6920.023009756832,-1.4312192464861933,9.999999747378752e-05,0,9.999999747378752e-05,-0.193359375,0.197418212890625,2.0294188940450653e-07,1.9741820790342146e-05,off
1781065676.328312,2026-06-10T12:27:56.328,87829287774576,,1,cf_0V,frequency,frequency,22360.679774997894,51,51,0.0,0.1,22360.679774997894,0.099945068359375,22360.6797749909,0,Rp || Cp,Rp,Cp,49870.28233992,1.137050436973847e-09,1.137050436973847e-09,49870.28233992,1.1457678736494946e-05,1.1457678736494946e-05,1.0,773.5348216103348,-6162.632865360658,6210.990255463861,-1.4459291822472384,9.999999747378752e-05,0,9.999999747378752e-05,-0.20745849609375,0.203826904296875,-1.8157958525666373e-07,2.0745849085290757e-05,off
1781065676.7500505,2026-06-10T12:27:56.750,87829313005936,,1,cf_0V,frequency,frequency,24970.870114304947,52,52,0.0,0.1,24970.870114304947,0.099945068359375,24970.87011427368,0,Rp || Cp,Rp,Cp,48282.52618767858,1.1366848736284387e-09,1.1366848736284387e-09,48282.52618767858,1.2771333585811013e-05,1.2771333585811013e-05,1.0,642.5169923668637,-5532.586684770643,5569.770507837963,-1.4551810359254431,9.999999747378752e-05,0,9.999999747378752e-05,-0.22650146484375,0.21612548828125,-5.187988150190392e-07,2.2650145912184172e-05,off
1781065677.1078336,2026-06-10T12:27:57.107,87829337090416,,1,cf_0V,frequency,frequency,27885.751262476904,53,53,0.0,0.1,27885.751262476904,0.099945068359375,27885.751262459737,0,Rp || Cp,Rp,Cp,48107.8904044408,1.136292082780719e-09,1.136292082780719e-09,48107.8904044408,1.424271013183355e-05,1.424271013183355e-05,1.0,518.7650396725762,-4968.659226374575,4995.667290184933,-1.4667657935549594,9.999999747378752e-05,0,9.999999747378752e-05,-0.244293212890625,0.237945556640625,-3.1738280448223577e-07,2.4429320671925936e-05,off
1781065677.4817245,2026-06-10T12:27:57.481,87829358307696,,1,cf_0V,frequency,frequency,31140.89016174344,54,54,0.0,0.1,31140.89016174344,0.099945068359375,31140.890161793777,0,Rp || Cp,Rp,Cp,47442.183707414515,1.1359662221493987e-09,1.1359662221493987e-09,47442.183707414515,1.5887289088553804e-05,1.5887289088553804e-05,1.0,422.8578897444514,-4458.978906932255,4478.984448218803,-1.476246191275062,9.999999747378752e-05,0,9.999999747378752e-05,-0.264678955078125,0.25689697265625,-3.8909911126427943e-07,2.646789483917722e-05,off
1781065677.8717067,2026-06-10T12:27:57.871,87829382392176,,1,cf_0V,frequency,frequency,34776.005528338435,55,55,0.0,0.1,34776.005528338435,0.099945068359375,34776.005528271984,0,Rp || Cp,Rp,Cp,46208.84196691892,1.1356352218703352e-09,1.1356352218703352e-09,46208.84196691892,1.772192233322625e-05,1.772192233322625e-05,1.0,348.8087402027872,-3999.5475263420503,4014.7288766130487,-1.4838043827797565,9.999999747378752e-05,0,9.999999747378752e-05,-0.282379150390625,0.278167724609375,-2.105712837430218e-07,2.8237914325712765e-05,off
1781065678.2846832,2026-06-10T12:27:58.284,87829405043056,,1,cf_0V,frequency,frequency,38835.452494313686,56,56,0.0,0.1,38835.452494313686,0.099945068359375,38835.45249436793,0,Rp || Cp,Rp,Cp,45170.14548896769,1.1353384208431335e-09,1.1353384208431335e-09,45170.14548896769,1.9772747717465434e-05,1.9772747717465434e-05,1.0,286.626784568965,-3586.7560059729185,3598.19031736999,-1.4910532450114644,9.999999747378752e-05,0,9.999999747378752e-05,-0.310943603515625,0.3115234375,2.8991698486358075e-08,3.11523429630256e-05,off
1781065678.732757,2026-06-10T12:27:58.732,87829430561136,,1,cf_0V,frequency,frequency,43368.76382220184,57,57,0.0,0.1,43368.76382220184,0.099945068359375,43368.763822186906,0,Rp || Cp,Rp,Cp,43806.82574527029,1.1350376704020292e-09,1.1350376704020292e-09,43806.82574527029,2.2063525442714938e-05,2.2063525442714938e-05,1.0,237.3364949908537,-3215.684976362423,3224.431497032855,-1.4971240139506148,9.999999747378752e-05,0,9.999999747378752e-05,-0.343475341796875,0.336822509765625,-3.3264159315926634e-07,3.4347533311995804e-05,off
1781065679.1277266,2026-06-10T12:27:59.127,87829456365936,,1,cf_0V,frequency,frequency,48431.254296349834,58,58,0.0,0.1,48431.254296349834,0.099945068359375,48431.25429637496,0,Rp || Cp,Rp,Cp,42553.25953718417,1.1347229232108545e-09,1.1347229232108545e-09,42553.25953718417,2.4622282164085234e-05,2.4622282164085234e-05,1.0,196.18664882565042,-2882.6883605466046,2889.356569412697,-1.5028442735072922,9.999999747378752e-05,0,9.999999747378752e-05,-0.369903564453125,0.366180419921875,-1.861572218597729e-07,3.69903555108575e-05,off
1781065679.6040072,2026-06-10T12:27:59.604,87829480450416,,1,cf_0V,frequency,frequency,54084.69566561462,59,59,0.0,0.1,54084.69566561462,0.099945068359375,54084.69566560825,0,Rp || Cp,Rp,Cp,40441.887732349576,1.1345023866731564e-09,1.1345023866731564e-09,40441.887732349576,2.7479488762690672e-05,2.7479488762690672e-05,1.0,165.67859533292255,-2583.1968092183647,2588.5044238145374,-1.5067470148990274,9.999999747378752e-05,0,9.999999747378752e-05,-0.40960693359375,0.4034423828125,-3.0822753127601743e-07,4.096069232462085e-05,off
1781065680.0318482,2026-06-10T12:28:00.031,87829510842736,,1,cf_0V,frequency,frequency,60398.07037297046,60,60,0.0,0.1,60398.07037297046,0.099945068359375,60398.070372897906,0,Rp || Cp,Rp,Cp,38528.50574465084,1.1343396625862933e-09,1.1343396625862933e-09,38528.50574465084,3.066894271207124e-05,3.066894271207124e-05,1.0,139.5564117664463,-2314.6109868358567,2318.81435489053,-1.5105755513077401,9.999999747378752e-05,0,9.999999747378752e-05,-0.44873046875,0.446014404296875,-1.3580321922557204e-07,4.487304574141149e-05,off
1781065680.5282428,2026-06-10T12:28:00.528,87829536074096,,1,cf_0V,frequency,frequency,67448.41326892251,61,61,0.0,0.1,67448.41326892251,0.099945068359375,67448.4132688491,0,Rp || Cp,Rp,Cp,36624.53439462048,1.1342417350535173e-09,1.1342417350535173e-09,36624.53439462048,3.4231580358414786e-05,3.4231580358414786e-05,1.0,117.79162232151675,-2073.6895758100827,2077.0323355962796,-1.5140543820572474,9.999999747378752e-05,0,9.999999747378752e-05,-0.489959716796875,0.490447998046875,2.4414061883248905e-08,4.9044798565711645e-05,off
1781065681.0337145,2026-06-10T12:28:01.033,87829566753136,,1,cf_0V,frequency,frequency,75321.75157919075,62,62,0.0,0.1,75321.75157919075,0.099945068359375,75321.7515791249,0,Rp || Cp,Rp,Cp,34437.05681768354,1.1342286969349537e-09,1.1342286969349537e-09,34437.05681768354,3.820873895623058e-05,3.820873895623058e-05,1.0,100.4854201267135,-1857.5049939621674,1860.2209874776795,-1.5167520204663698,9.999999747378752e-05,0,9.999999747378752e-05,-0.544921875,0.561737060546875,8.407592561043842e-07,5.6173704635620325e-05,off
1781065681.448058,2026-06-10T12:28:01.448,87829595138416,,1,cf_0V,frequency,frequency,84114.1545960043,63,63,0.0,0.1,84114.1545960043,0.099945068359375,84114.15459598004,0,Rp || Cp,Rp,Cp,31715.15964298818,1.1342639066378187e-09,1.1342639066378187e-09,31715.15964298818,4.2651039750393585e-05,4.2651039750393585e-05,1.0,87.49981298793107,-1663.5547241888141,1665.85429664297,-1.5182466545544053,9.999999747378752e-05,0,9.999999747378752e-05,-0.60205078125,0.605072021484375,1.510620079026026e-07,6.0507200619897006e-05,off
1781065681.8875315,2026-06-10T12:28:01.887,87829623236976,,1,cf_0V,frequency,frequency,93932.9059011844,64,64,0.0,0.1,93932.9059011844,0.099945068359375,93932.90590111291,0,Rp || Cp,Rp,Cp,29037.875790035545,1.134370324881478e-09,1.134370324881478e-09,29037.875790035545,4.761345917443667e-05,4.761345917443667e-05,1.0,76.62714235225938,-1489.7039044136277,1491.6733696658528,-1.5194037863840073,9.999999747378752e-05,0,9.999999747378752e-05,-0.66058349609375,0.65850830078125,-1.0375976300380785e-07,6.605834794060073e-05,off
1781065682.2914703,2026-06-10T12:28:02.291,87829645027696,,1,cf_0V,frequency,frequency,104897.8124243061,65,65,0.0,0.1,104897.8124243061,0.099945068359375,104897.81242434049,0,Rp || Cp,Rp,Cp,26423.615480004308,1.1346606362337892e-09,1.1346606362337892e-09,26423.615480004308,5.3149527651147665e-05,5.3149527651147665e-05,1.0,67.49512778379655,-1333.7577407678818,1335.4644522909607,-1.5202342207831747,9.999999747378752e-05,0,9.999999747378752e-05,-0.7283935546875,0.729217529296875,4.119872942798253e-08,7.292175108752907e-05,off
1781065683.1381626,2026-06-10T12:28:03.138,87829670832496,,1,cf_0V,frequency,frequency,117142.66630887002,66,66,0.0,0.1,117142.66630887002,0.099945068359375,117142.66630889369,0,Rp || Cp,Rp,Cp,23791.865606265583,1.1351932754945046e-09,1.1351932754945046e-09,23791.865606265583,1195.3261234048998,1195.3261234048998,1.0,60.054329699891646,-1193.8165766894354,1195.3261234048998,-1.5205342086511016,0.0010000000474974513,0,0.0010000000474974513,-0.093017578125,0.08154296875,-5.73730496000735e-06,9.301758254309789e-05,off
1781065683.607445,2026-06-10T12:28:03.607,87829722728816,,1,cf_0V,frequency,frequency,130816.87742395303,67,67,0.0,0.1,130816.87742395303,0.099945068359375,130816.87742399595,0,Rp || Cp,Rp,Cp,20848.82038947161,1.1359751564268233e-09,1.1359751564268233e-09,20848.82038947161,6.581589492702004e-05,6.581589492702004e-05,1.0,54.87177763530836,-1068.1764481529774,1069.5848897444137,-1.5194718586613507,0.0010000000474974513,0,0.0010000000474974513,-0.10308837890625,0.093048095703125,-5.020141840006431e-06,0.00010308838380268526,off
1781065684.0038762,2026-06-10T12:28:04.003,87829749967216,,1,cf_0V,frequency,frequency,146087.29644100412,68,68,0.0,0.1,146087.29644100412,0.099945068359375,146087.29644095319,0,Rp || Cp,Rp,Cp,18328.577903591275,1.13646377333482e-09,1.13646377333482e-09,18328.577903591275,7.339638569359723e-05,7.339638569359723e-05,1.0,50.00218461076099,-956.0171115216699,957.3238407080885,-1.518541336795014,0.0010000000474974513,0,0.0010000000474974513,-0.114013671875,0.101104736328125,-6.454468080008269e-06,0.00011401367729035883,off
1781065684.4600997,2026-06-10T12:28:04.460,87829775772016,,1,cf_0V,frequency,frequency,163140.25072069294,69,69,0.0,0.1,163140.25072069294,0.099945068359375,163140.25072077243,0,Rp || Cp,Rp,Cp,15943.38200297516,1.1371244574699807e-09,1.1371244574699807e-09,15943.38200297516,8.182900818640723e-05,8.182900818640723e-05,1.0,46.032634020961794,-855.4512641900978,856.6888984919465,-1.5170372384381288,0.0010000000474974513,0,0.0010000000474974513,-0.122100830078125,0.1126708984375,-4.7149660442613595e-06,0.00012210083587760323,off
1781065684.8522608,2026-06-10T12:28:04.852,87829799856496,,1,cf_0V,frequency,frequency,182183.81785139444,70,70,0.0,0.1,182183.81785139444,0.099945068359375,182183.81785146677,0,Rp || Cp,Rp,Cp,13704.95118834503,1.138087578115389e-09,1.138087578115389e-09,13704.95118834503,9.120371930376878e-05,9.120371930376878e-05,1.0,42.8579661288917,-765.1990123931814,766.3982866814131,-1.5148458688452853,0.0010000000474974513,0,0.0010000000474974513,-0.135986328125,0.12396240234375,-6.011963176177915e-06,0.000135986334584004,off
1781065685.3005848,2026-06-10T12:28:05.300,87829823940976,,1,cf_0V,frequency,frequency,203450.36458068906,71,71,0.0,0.1,203450.36458068906,0.099945068359375,203450.36458074616,0,Rp || Cp,Rp,Cp,11678.779231989476,1.1395439837573303e-09,1.1395439837573303e-09,11678.779231989476,0.00010161416669201792,0.00010161416669201792,1.0,40.21293023309228,-684.1204972121127,685.3013457331598,-1.5120834065672,0.0010000000474974513,0,0.0010000000474974513,-0.1494140625,0.13897705078125,-5.218506107240728e-06,0.00014941406959678716,off
1781065685.75813,2026-06-10T12:28:05.758,87829851179376,,1,cf_0V,frequency,frequency,227199.38211953812,72,72,0.0,0.1,227199.38211953812,0.099945068359375,227199.38211963608,0,Rp || Cp,Rp,Cp,9857.802965003799,1.1414053239766463e-09,1.1414053239766463e-09,9857.802965003799,0.00011315334841638666,0.00011315334841638666,1.0,38.061506180396904,-611.3543573287972,612.5380220668975,-1.5086188939143084,0.0010000000474974513,0,0.0010000000474974513,-0.164459228515625,0.151763916015625,-6.347656551497494e-06,0.0001644592363270192,off
1781065686.1570632,2026-06-10T12:28:06.157,87829878131056,,1,cf_0V,frequency,frequency,253720.6524150888,73,73,0.0,0.1,253720.6524150888,0.099945068359375,253720.65241505482,0,Rp || Cp,Rp,Cp,8232.898449498593,1.1437722150732598e-09,1.1437722150732598e-09,8232.898449498593,0.0001259306161792914,0.0001259306161792914,1.0,36.37255738823598,-546.0115460271386,547.2216838959387,-1.5042796044400775,0.0010000000474974513,0,0.0010000000474974513,-0.1802978515625,0.1668701171875,-6.71386750639158e-06,0.00018029786012618843,off
1781065686.5639088,2026-06-10T12:28:06.563,87829901068656,,1,cf_0V,frequency,frequency,283337.78402649175,74,74,0.0,0.1,283337.78402649175,0.099945068359375,283337.7840264717,0,Rp || Cp,Rp,Cp,6837.651789801743,1.1468700165841646e-09,1.1468700165841646e-09,6837.651789801743,0.00014005542512965185,0.00014005542512965185,1.0,34.903847181289656,-487.2802834119773,488.5287638922725,-1.4992885394778503,0.0010000000474974513,0,0.0010000000474974513,-0.1956787109375,0.183807373046875,-5.935669227241647e-06,0.00019567872023174004,off
1781065687.0086052,2026-06-10T12:28:07.008,87829927733616,,1,cf_0V,frequency,frequency,316412.1607479698,75,75,0.0,0.1,316412.1607479698,0.099945068359375,316412.1607480297,0,Rp || Cp,Rp,Cp,5636.632575881884,1.1509770889372118e-09,1.1509770889372118e-09,5636.632575881884,0.00015561508273718194,0.00015561508273718194,1.0,33.680461297978425,-434.4076562972499,435.7113555129293,-1.4934191983722378,0.0010000000474974513,0,0.0010000000474974513,-0.21759033203125,0.2071533203125,-5.218506107240728e-06,0.0002175903423662362,off
1781065687.4244907,2026-06-10T12:28:07.424,87829954972016,,1,cf_0V,frequency,frequency,353347.35115962697,76,76,0.0,0.1,353347.35115962697,0.099945068359375,353347.35115966963,0,Rp || Cp,Rp,Cp,4606.56498017103,1.1562320857055108e-09,1.1562320857055108e-09,4606.56498017103,0.00017272037858917174,0.00017272037858917174,1.0,32.709550740318086,-386.7929113205712,388.1735062539389,-1.4864309999315883,0.0010000000474974513,0,0.0010000000474974513,-0.238494873046875,0.226409912109375,-6.042480755752422e-06,0.00023849488437477362,off
1781065687.85381,2026-06-10T12:28:07.853,87829979343216,,1,cf_0V,frequency,frequency,394594.03291068296,77,77,0.0,0.1,394594.03291068296,0.099945068359375,394594.0329106179,0,Rp || Cp,Rp,Cp,3733.817767192165,1.1629606300607634e-09,1.1629606300607634e-09,3733.817767192165,0.00019145522240899784,0.00019145522240899784,1.0,31.939280896765496,-343.8536561089351,345.3338304940371,-1.4781758265488332,0.0010000000474974513,0,0.0010000000474974513,-0.260345458984375,0.25048828125,-4.92858910128291e-06,0.00026034547135012076,off
1781065688.2579238,2026-06-10T12:28:08.257,87830003140976,,1,cf_0V,frequency,frequency,440655.49182050145,78,78,0.0,0.1,440655.49182050145,0.099945068359375,440655.49182050745,0,Rp || Cp,Rp,Cp,3006.282848052634,1.1714758964648053e-09,1.1714758964648053e-09,3006.282848052634,0.00021186741902255566,0.00021186741902255566,1.0,31.28970478911742,-305.10106063788754,306.70132511639736,-1.46859840400491,0.0010000000474974513,0,0.0010000000474974513,-0.287353515625,0.275482177734375,-5.935669227241647e-06,0.0002873535292735596,off
1781065688.6295967,2026-06-10T12:28:08.629,87830027512176,,1,cf_0V,frequency,frequency,492093.7628966142,79,79,0.0,0.1,492093.7628966142,0.099945068359375,492093.7628966726,0,Rp || Cp,Rp,Cp,2403.2112458160364,1.1824560996553042e-09,1.1824560996553042e-09,2403.2112458160364,0.00023398927418074098,0.00023398927418074098,1.0,30.73215316967966,-270.02109337433336,271.76433928224486,-1.457470077682217,0.0010000000474974513,0,0.0010000000474974513,-0.312286376953125,0.3031005859375,-4.592895725963331e-06,0.000312286391785932,off
1781065689.0183427,2026-06-10T12:28:09.018,87830051309936,,1,cf_0V,frequency,frequency,549536.4882015135,80,80,0.0,0.1,549536.4882015135,0.099945068359375,549536.4882015963,0,Rp || Cp,Rp,Cp,1903.5990224835564,1.1964701527173865e-09,1.1964701527173865e-09,1903.5990224835564,0.00025780918851412294,0.00025780918851412294,1.0,30.29018272093712,-238.20761333164072,240.1257216926671,-1.4443163600489937,0.0010000000474974513,0,0.0010000000474974513,-0.342803955078125,0.331298828125,-5.752563749794604e-06,0.00034280397136043916,off
1781065689.50262,2026-06-10T12:28:09.502,87830075967856,,1,cf_0V,frequency,frequency,613684.5752468883,81,81,0.0,0.1,613684.5752468883,0.099945068359375,613684.5752469356,0,Rp || Cp,Rp,Cp,1495.2882042993276,1.214291982438424e-09,1.214291982438424e-09,1495.2882042993276,0.00028321855173874054,0.00028321855173874054,1.0,29.895633707489743,-209.3056127486561,211.42986648735976,-1.4289234701513727,0.0010000000474974513,0,0.0010000000474974513,-0.37640380859375,0.36370849609375,-6.347656551497494e-06,0.00037640382647197157,off
1781065689.922623,2026-06-10T12:28:09.922,87830105500016,,1,cf_0V,frequency,frequency,685320.749361875,82,82,0.0,0.1,685320.749361875,0.099945068359375,685320.7493619351,0,Rp || Cp,Rp,Cp,1160.002529117536,1.2370375004932153e-09,1.2370375004932153e-09,1160.002529117536,0.00031006044211867687,0.00031006044211867687,1.0,29.607327223666903,-182.9425610254071,185.32289243335285,-1.4103480255152179,0.0010000000474974513,0,0.0010000000474974513,-0.40850830078125,0.3985595703125,-4.9743654706446705e-06,0.0004085083201843531,off
1781065690.3383734,2026-06-10T12:28:10.338,87830128150896,,1,cf_0V,frequency,frequency,765319.1043900257,83,83,0.0,0.1,765319.1043900257,0.099945068359375,765319.1043900875,0,Rp || Cp,Rp,Cp,888.1422153239243,1.2663429214228466e-09,1.2663429214228466e-09,888.1422153239243,0.00033800070402843275,0.00033800070402843275,1.0,29.36094548589672,-158.79115229767524,161.48280146148474,-1.3879584432437189,0.0010000000474974513,0,0.0010000000474974513,-0.4456787109375,0.432586669921875,-6.54602081873179e-06,0.00044567873210610287,off
1781065690.7608628,2026-06-10T12:28:10.760,87830152522096,,1,cf_0V,frequency,frequency,854655.7682511833,84,84,0.0,0.1,854655.7682511833,0.099945068359375,854655.7682512201,0,Rp || Cp,Rp,Cp,669.0044367456237,1.303952769513034e-09,1.303952769513034e-09,669.0044367456237,0.0003666886748262469,0.0003666886748262469,1.0,29.157621986391874,-136.58847518713497,139.66595316628857,-1.3604824647217422,0.0010000000474974513,0,0.0010000000474974513,-0.480072021484375,0.468719482421875,-5.676269800858336e-06,0.00048007204428657246,off
1781065691.2105746,2026-06-10T12:28:11.210,87830179473776,,1,cf_0V,frequency,frequency,954420.8135078406,85,85,0.0,0.1,954420.8135078406,0.099945068359375,954420.8135078946,0,Rp || Cp,Rp,Cp,493.48425345864905,1.3524724239541206e-09,1.3524724239541206e-09,493.48425345864905,0.0003955802651360761,0.0003955802651360761,1.0,28.995602078881195,-116.05226454302354,119.61970174465718,-1.3259593010706394,0.0010000000474974513,0,0.0010000000474974513,-0.516571044921875,0.504913330078125,-5.8288576987308716e-06,0.000516571069457683,off
1781065691.6124573,2026-06-10T12:28:11.612,87830204705136,,1,cf_0V,frequency,frequency,1065831.5582669198,86,86,0.0,0.1,1065831.5582669198,0.099945068359375,1065831.5582669075,0,Rp || Cp,Rp,Cp,354.53121609165834,1.415259747359964e-09,1.415259747359964e-09,354.53121609165834,0.00042397057496061956,0.00042397057496061956,1.0,28.845651518700112,-96.92580822640922,101.12706814637188,-1.2815377864031212,0.0010000000474974513,0,0.0010000000474974513,-0.552001953125,0.5400390625,-5.9814455966034075e-06,0.0005520019793436859,off
1781065692.0143237,2026-06-10T12:28:12.014,87830229076336,,1,cf_0V,frequency,frequency,1190247.4197125817,87,87,0.0,0.1,1190247.4197125817,0.099945068359375,1190247.4197125202,0,Rp || Cp,Rp,Cp,246.1777813112928,1.495207783609614e-09,1.495207783609614e-09,246.1777813112928,0.00045112188815904926,0.00045112188815904926,1.0,28.699880790881306,-79.00373294716492,84.05517816885377,-1.2223467605278762,0.0010000000474974513,0,0.0010000000474974513,-0.5894775390625,0.5740966796875,-7.69043005277581e-06,0.0005894775670611807,off
1781065692.396391,2026-06-10T12:28:12.396,87830252874096,,1,cf_0V,frequency,frequency,1329186.5015106536,88,88,0.0,0.1,1329186.5015106536,0.099945068359375,1329186.5015105486,0,Rp || Cp,Rp,Cp,163.38895397353812,1.5923199953421647e-09,1.5923199953421647e-09,163.38895397353812,0.0004761886371930165,0.0004761886371930165,1.0,28.55931075113843,-62.05353881329926,68.31014499936103,-1.1394623109548871,0.0010000000474974513,0,0.0010000000474974513,-0.61798095703125,0.605224609375,-6.378174131072001e-06,0.0006179809863837704,off
1781065692.7900438,2026-06-10T12:28:12.790,87830276098416,,1,cf_0V,frequency,frequency,1484344.1174816934,89,89,0.0,0.1,1484344.1174816934,0.099945068359375,1484344.1174816263,0,Rp || Cp,Rp,Cp,102.51587304884049,1.689860778821768e-09,1.689860778821768e-09,102.51587304884049,0.0004983728999490463,0.0004983728999490463,1.0,28.394321333033076,-45.87625918840446,53.952466496771045,-1.0165718468502885,0.0010000000474974513,0,0.0010000000474974513,-0.64849853515625,0.634521484375,-6.9885257225621444e-06,0.0006484985659582776,off
1781065693.292662,2026-06-10T12:28:13.292,87830303050096,,1,cf_0V,frequency,frequency,1657613.4775657344,90,90,0.0,0.1,1657613.4775657344,0.099945068359375,1657613.477565718,0,Rp || Cp,Rp,Cp,60.70077377459654,1.6979410497829002e-09,1.6979410497829002e-09,60.70077377459654,0.0005168503237361579,0.0005168503237361579,1.0,28.20294291413251,-30.27432028288663,41.37560220236822,-0.8208052871097158,0.0010000000474974513,0,0.0010000000474974513,-0.666839599609375,0.65716552734375,-4.837036362559388e-06,0.0006668396312825564,off
1781065693.7498953,2026-06-10T12:28:13.749,87830333155696,,1,cf_0V,frequency,frequency,1851108.7884858004,91,91,0.0,0.1,1851108.7884858004,0.099945068359375,1851108.7884859024,0,Rp || Cp,Rp,Cp,36.067049641645184,1.2832328782097739e-09,1.2832328782097739e-09,36.067049641645184,0.000530908218003716,0.000530908218003716,1.0,27.96390440900401,-15.053091997920369,31.75807816121385,-0.493819520770325,0.0010000000474974513,0,0.0010000000474974513,-0.68389892578125,0.67510986328125,-4.394531458729034e-06,0.0006838989582647059,off
1781065694.1725163,2026-06-10T12:28:14.172,87830359247216,,1,cf_0V,frequency,frequency,2067191.0509809963,92,92,0.0,0.1,2067191.0509809963,0.099945068359375,2067191.0509810941,0,Rp || Cp,Rp,Cp,27.65529333269036,2.9668199662166938e-12,2.9668199662166938e-12,27.65529333269036,0.0005400195663218368,0.0005400195663218368,1.0,27.65526192487928,-0.029471872046054358,27.65527762878036,-0.0010656872811092757,0.0010000000474974513,0,0.0010000000474974513,-0.69793701171875,0.684722900390625,-6.607055977880805e-06,0.0006979370448689792,off
1781065694.5913484,2026-06-10T12:28:14.591,87830382471536,,1,cf_0V,frequency,frequency,2308496.8683831017,93,93,0.0,0.1,2308496.8683831017,0.099945068359375,2308496.8683831166,0,Rp || Cp,Rp,Cp,35.49679801121252,-1.0684664102328613e-09,-1.0684664102328613e-09,35.49679801121252,0.0005438718046593192,0.0005438718046593192,1.0,27.250006251563963,14.990834766808995,31.10125347499751,0.5029370644759343,0.0010000000474974513,0,0.0010000000474974513,-0.700042724609375,0.694183349609375,-2.9296876391526894e-06,0.0007000427578596202,off
1781065695.0924745,2026-06-10T12:28:15.092,87830408563056,,1,cf_0V,frequency,frequency,2577970.6180546875,94,94,0.0,0.1,2577970.6180546875,0.099945068359375,2577970.6180546926,0,Rp || Cp,Rp,Cp,60.838009770313086,-1.1460300318178402e-09,-1.1460300318178402e-09,60.838009770313086,0.000542224425639259,0.000542224425639259,1.0,26.73689324210478,30.195329308541748,40.331369581146,0.8460701565892147,0.0010000000474974513,0,0.0010000000474974513,-0.701202392578125,0.694183349609375,-3.509521651068326e-06,0.0007012024258834515,off
1781065695.5432973,2026-06-10T12:28:15.543,87830439815536,,1,cf_0V,frequency,frequency,2878900.378239697,95,95,0.0,0.1,2878900.378239697,0.099945068359375,2878900.378239635,0,Rp || Cp,Rp,Cp,106.4582776024012,-9.118836922569967e-10,-9.118836922569967e-10,106.4582776024012,0.0005350808659242878,0.0005350808659242878,1.0,26.070041396946724,45.77908524319517,52.68179670571464,1.0531241964798268,0.0010000000474974513,0,0.0010000000474974513,-0.701202392578125,0.694183349609375,-3.509521651068326e-06,0.0007012024258834515,off
1781065695.9575815,2026-06-10T12:28:15.957,87830467053936,,1,cf_0V,frequency,frequency,3214958.0487006293,96,96,0.0,0.1,3214958.0487006293,0.099945068359375,3214958.048700538,0,Rp || Cp,Rp,Cp,177.15407454036003,-6.853964139126636e-10,-6.853964139126636e-10,177.15407454036003,0.0005225169621450625,0.0005225169621450625,1.0,25.250585120514014,61.932640745401144,66.88231484202117,1.1836607289489374,0.0010000000474974513,0,0.0010000000474974513,-0.701202392578125,0.689910888671875,-5.6457522212838285e-06,0.0007012024258834515,off
1781065696.3549085,2026-06-10T12:28:16.354,87830489704816,,1,cf_0V,frequency,frequency,3590244.1546882903,97,97,0.0,0.1,3590244.1546882903,0.099945068359375,3590244.154688378,0,Rp || Cp,Rp,Cp,281.81977705482853,-5.141687159198404e-10,-5.141687159198404e-10,281.81977705482853,0.0005051739089803477,0.0005051739089803477,1.0,24.11872041377458,78.83793335355682,82.4447233597014,1.2739100383757578,0.0010000000474974513,0,0.0010000000474974513,-0.7000732421875,0.687774658203125,-6.149292284263197e-06,0.0007000732754391947,off
1781065696.8119438,2026-06-10T12:28:16.811,87830516943216,,1,cf_0V,frequency,frequency,4009337.880935344,98,98,0.0,0.1,4009337.880935344,0.099945068359375,4009337.8809352485,0,Rp || Cp,Rp,Cp,435.7267312118887,-3.8873282155887647e-10,-3.8873282155887647e-10,435.7267312118887,0.00048306142475544855,0.00048306142475544855,1.0,22.685954067485532,96.7999178630667,99.42271677161374,1.3405916898455432,0.0010000000474974513,0,0.0010000000474974513,-0.7000732421875,0.67926025390625,-1.0406494634906949e-05,0.0007000732754391947,off
1781065697.2555022,2026-06-10T12:28:17.255,87830541027696,,1,cf_0V,frequency,frequency,4477352.946181116,99,99,0.0,0.1,4477352.946181116,0.099945068359375,4477352.946181128,0,Rp || Cp,Rp,Cp,666.7615341670129,-2.967739480944633e-10,-2.967739480944633e-10,666.7615341670129,0.0004567912078777312,0.0004567912078777312,1.0,20.844045947909372,116.03246874473197,117.8898131921319,1.393052335717814,0.0010000000474974513,0,0.0010000000474974513,-0.67474365234375,0.66339111328125,-5.676269800858336e-06,0.0006747436843923538,off
1781065697.707915,2026-06-10T12:28:17.707,87830567979376,,1,cf_0V,frequency,frequency,4999999.999999999,100,100,0.0,0.1,4999999.999999999,0.099945068359375,4999999.999999929,0,Rp || Cp,Rp,Cp,1032.4754444799328,-2.2854772763753787e-10,-2.2854772763753787e-10,1032.4754444799328,0.0004270545205056307,0.0004270545205056307,1.0,18.45164641799554,136.78599555974938,138.02489571380414,1.4367114421608969,0.0010000000474974513,0,0.0010000000474974513,-0.652435302734375,0.642822265625,-4.806518782984881e-06,0.000652435333723389,off
1781065698.158195,2026-06-10T12:28:18.158,87830598371696,,1,cf_0V,frequency,frequency,4482348.925241931,101,101,0.0,0.1,4482348.925241931,0.099945068359375,4482348.925241979,0,Rp || Cp,Rp,Cp,669.6377781302505,-2.959649704336411e-10,-2.959649704336411e-10,669.6377781302505,0.0004564987905124978,0.0004564987905124978,1.0,20.825130464147236,116.2394426794769,118.0901947381075,1.3935198804130136,0.0010000000474974513,0,0.0010000000474974513,-0.625762939453125,0.61444091796875,-5.661011011071082e-06,0.0006257629691752697,off
1781065698.566716,2026-06-10T12:28:18.566,87830623603056,,1,cf_0V,frequency,frequency,4018290.377523501,102,102,0.0,0.1,4018290.377523501,0.099945068359375,4018290.3775235703,0,Rp || Cp,Rp,Cp,439.4566126330393,-3.865723800305081e-10,-3.865723800305081e-10,439.4566126330393,0.00048256838853596003,0.00048256838853596003,1.0,22.65644981745886,97.17619035926383,99.78239669937236,1.3417400145032958,0.0010000000474974513,0,0.0010000000474974513,-0.6229248046875,0.612884521484375,-5.020141840006431e-06,0.0006229248342748406,off
1781065698.9592285,2026-06-10T12:28:18.959,87830646540656,,1,cf_0V,frequency,frequency,3602275.9110004925,103,103,0.0,0.1,3602275.9110004925,0.099945068359375,3602275.9110004897,0,Rp || Cp,Rp,Cp,285.57205706072676,-5.097209668309144e-10,-5.097209668309144e-10,285.57205706072676,0.0005045388396120529,0.0005045388396120529,1.0,24.08974565217613,79.36650662826919,82.9418966503759,1.2761084247265244,0.0010000000474974513,0,0.0010000000474974513,-0.652618408203125,0.639404296875,-6.607055977880805e-06,0.0006526184392008361,off
1781065699.391909,2026-06-10T12:28:19.391,87830670338416,,1,cf_0V,frequency,frequency,3229331.511619592,104,104,0.0,0.1,3229331.511619592,0.099945068359375,3229331.5116196196,0,Rp || Cp,Rp,Cp,180.64250644680925,-6.774359730885797e-10,-6.774359730885797e-10,180.64250644680925,0.0005219262403278742,0.0005219262403278742,1.0,25.210379426672816,62.59794643015411,67.48382123227205,1.1879344791852877,0.0010000000474974513,0,0.0010000000474974513,-0.674896240234375,0.66094970703125,-6.973266932774891e-06,0.0006748962722902263,off
1781065699.8183405,2026-06-10T12:28:19.818,87830697576816,,1,cf_0V,frequency,frequency,2894998.1260715965,105,105,0.0,0.1,2894998.1260715965,0.099945068359375,2894998.126071542,0,Rp || Cp,Rp,Cp,109.37359669026607,-8.993222615961206e-10,-8.993222615961206e-10,109.37359669026607,0.000534608231626472,0.000534608231626472,1.0,26.03393183252722,46.579600189911865,53.36126648152864,1.0611360856480865,0.0010000000474974513,0,0.0010000000474974513,-0.68963623046875,0.67852783203125,-5.554199482560307e-06,0.0006896362632247133,off
1781065700.2767243,2026-06-10T12:28:20.276,87830724815216,,1,cf_0V,frequency,frequency,2595278.3477948857,106,106,0.0,0.1,2595278.3477948857,0.099945068359375,2595278.3477949738,0,Rp || Cp,Rp,Cp,62.98015817544729,-1.1348205266641943e-09,-1.1348205266641943e-09,62.98015817544729,0.000541984662209325,0.000541984662209325,1.0,26.70596509923799,31.124545527545713,41.01153381889031,0.8616556970942414,0.0010000000474974513,0,0.0010000000474974513,-0.70263671875,0.687225341796875,-7.705688842563063e-06,0.0007026367521234533,off
1781065700.7001798,2026-06-10T12:28:20.700,87830750620016,,1,cf_0V,frequency,frequency,2326588.622588413,107,107,0.0,0.1,2326588.622588413,0.099945068359375,2326588.6225883747,0,Rp || Cp,Rp,Cp,36.696409397586805,-1.0992727161422025e-09,-1.0992727161422025e-09,36.696409397586805,0.0005439355627121834,0.0005439355627121834,1.0,27.228069667224958,16.056295145868688,31.60968825557288,0.5328088876022097,0.0010000000474974513,0,0.0010000000474974513,-0.703399658203125,0.6895751953125,-6.9122317736258765e-06,0.000703399691612816,off
1781065701.0999572,2026-06-10T12:28:21.099,87830774131056,,1,cf_0V,frequency,frequency,2085716.402387856,108,108,0.0,0.1,2085716.402387856,0.099945068359375,2085716.4023878027,0,Rp || Cp,Rp,Cp,27.683266176552994,-1.1759734580655292e-10,-1.1759734580655292e-10,27.683266176552994,0.000540546525736187,0.000540546525736187,1.0,27.632970862380223,1.1789015866688877,27.65810708693212,0.0426370050942574,0.0010000000474974513,0,0.0010000000474974513,-0.703399658203125,0.69146728515625,-5.966186806816154e-06,0.000703399691612816,off
1781065701.459115,2026-06-10T12:28:21.459,87830798788976,,1,cf_0V,frequency,frequency,1869781.7349205392,109,109,0.0,0.1,1869781.7349205392,0.099945068359375,1869781.734920437,0,Rp || Cp,Rp,Cp,34.64424515227851,1.2035950156589621e-09,1.2035950156589621e-09,34.64424515227851,0.0005319349356595816,0.0005319349356595816,1.0,27.939488981076927,-13.686762260158321,31.111774389928534,-0.45551211051368706,0.0010000000474974513,0,0.0010000000474974513,-0.703399658203125,0.69146728515625,-5.966186806816154e-06,0.000703399691612816,off
1781065701.9087312,2026-06-10T12:28:21.908,87830821153136,,1,cf_0V,frequency,frequency,1676202.829991615,110,110,0.0,0.1,1676202.829991615,0.099945068359375,1676202.8299915243,0,Rp || Cp,Rp,Cp,57.464442539456975,1.6835128932670288e-09,1.6835128932670288e-09,57.464442539456975,0.0005184118772552217,0.0005184118772552217,1.0,28.194940038323285,-28.72719735670394,40.25178892590568,-0.7947485116287425,0.0010000000474974513,0,0.0010000000474974513,-0.703399658203125,0.69146728515625,-5.966186806816154e-06,0.000703399691612816,off
1781065702.3275797,2026-06-10T12:28:22.327,87830848104816,,1,cf_0V,frequency,frequency,1502665.19070008,111,111,0.0,0.1,1502665.19070008,0.099945068359375,1502665.1907001564,0,Rp || Cp,Rp,Cp,96.97595615889459,1.6980123953265503e-09,1.6980123953265503e-09,96.97595615889459,0.0005006007775261908,0.0005006007775261908,1.0,28.379633957968956,-44.12185983075928,52.46086292192946,-0.9992090116066428,0.0010000000474974513,0,0.0010000000474974513,-0.7022705078125,0.69146728515625,-5.401611584687771e-06,0.0007022705411685592,off
1781065702.724435,2026-06-10T12:28:22.724,87830873622896,,1,cf_0V,frequency,frequency,1347093.9405065936,112,112,0.0,0.1,1347093.9405065936,0.099945068359375,1347093.940506525,0,Rp || Cp,Rp,Cp,154.9078999394342,1.6045484974728714e-09,1.6045484974728714e-09,154.9078999394342,0.0004790560597686689,0.0004790560597686689,1.0,28.549354162649923,-60.06209182886346,66.50203378817255,-1.1270782304631568,0.0010000000474974513,0,0.0010000000474974513,-0.695526123046875,0.68353271484375,-5.996704386390661e-06,0.0006955261560825932,off
1781065703.15957,2026-06-10T12:28:23.159,87830896560496,,1,cf_0V,frequency,frequency,1207629.01528593,113,113,0.0,0.1,1207629.01528593,0.099945068359375,1207629.0152859315,0,Rp || Cp,Rp,Cp,233.9073991610537,1.5067147805062145e-09,1.5067147805062145e-09,233.9073991610537,0.000454496867935143,0.000454496867935143,1.0,28.69619046303277,-76.73838628709608,81.92833012480011,-1.2129479979176805,0.0010000000474974513,0,0.0010000000474974513,-0.684112548828125,0.673675537109375,-5.218506107240728e-06,0.0006841125813217275,off
1781065703.540092,2026-06-10T12:28:23.540,87830922365296,,1,cf_0V,frequency,frequency,1082602.9237515721,114,114,0.0,0.1,1082602.9237515721,0.099945068359375,1082602.9237515656,0,Rp || Cp,Rp,Cp,337.4749363852114,1.4252091287281034e-09,1.4252091287281034e-09,337.4749363852114,0.00042786748351215465,0.00042786748351215465,1.0,28.83462339774944,-94.33730540118782,98.6456420570469,-1.27416001042812,0.0010000000474974513,0,0.0010000000474974513,-0.668060302734375,0.6571044921875,-5.477905533624039e-06,0.0006680603344655367,off
1781065703.9789631,2026-06-10T12:28:23.978,87830945876336,,1,cf_0V,frequency,frequency,970520.8103483266,115,115,0.0,0.1,970520.8103483266,0.099945068359375,970520.8103482476,0,Rp || Cp,Rp,Cp,470.1699350143804,1.3608221677118646e-09,1.3608221677118646e-09,470.1699350143804,0.0003998822311421856,0.0003998822311421856,1.0,28.98283750463991,-113.07897221087806,116.73413736387867,-1.3198913142761033,0.0010000000474974513,0,0.0010000000474974513,-0.64544677734375,0.635955810546875,-4.745483623835867e-06,0.0006454468080008269,off
1781065704.4402971,2026-06-10T12:28:24.440,87830973114736,,1,cf_0V,frequency,frequency,870042.5822379502,116,116,0.0,0.1,870042.5822379502,0.099945068359375,870042.5822379998,0,Rp || Cp,Rp,Cp,637.5700162308862,1.3107657874041115e-09,1.3107657874041115e-09,637.5700162308862,0.0003713211086369908,0.0003713211086369908,1.0,29.151166793415676,-133.17702264358428,136.33015031762895,-1.355304678149792,0.0010000000474974513,0,0.0010000000474974513,-0.619171142578125,0.6097412109375,-4.7149660442613595e-06,0.0006191711719871762,off
1781065704.9481688,2026-06-10T12:28:24.948,87831002073456,,1,cf_0V,frequency,frequency,779966.8866817983,117,117,0.0,0.1,779966.8866817983,0.099945068359375,779966.88668172,0,Rp || Cp,Rp,Cp,847.0015376290401,1.2719321985158802e-09,1.2719321985158802e-09,847.0015376290401,0.0003428560100283208,0.0003428560100283208,1.0,29.333809660072802,-154.87191319740927,157.62544809325445,-1.3836068733128781,0.0010000000474974513,0,0.0010000000474974513,-0.558837890625,0.545867919921875,-6.484985659582776e-06,0.0005588379171683755,off
1781065705.3380265,2026-06-10T12:28:25.338,87831030172016,,1,cf_0V,frequency,frequency,699216.7472484909,118,118,0.0,0.1,699216.7472484909,0.099945068359375,699216.7472483857,0,Rp || Cp,Rp,Cp,1105.2017730006414,1.2415761749238057e-09,1.2415761749238057e-09,1105.2017730006414,0.0003150169235757481,0.0003150169235757481,1.0,29.596453613351095,-178.42113927872904,180.8592076948444,-1.4064133975851942,0.0010000000474974513,0,0.0010000000474974513,-0.52484130859375,0.511016845703125,-6.9122317736258765e-06,0.0005248413335223745,off
1781065705.7875607,2026-06-10T12:28:25.787,87831051962736,,1,cf_0V,frequency,frequency,626826.6871080867,119,119,0.0,0.1,626826.6871080867,0.099945068359375,626826.687107993,0,Rp || Cp,Rp,Cp,1424.346449362669,1.2180447628719303e-09,1.2180447628719303e-09,1424.346449362669,0.00028822098050828335,0.00028822098050828335,1.0,29.867542072372565,-204.08247703447998,206.25646050966253,-1.4254776152869002,0.0010000000474974513,0,0.0010000000474974513,-0.48480224609375,0.475250244140625,-4.776001203410374e-06,0.0004848022691206211,off
1781065706.2420964,2026-06-10T12:28:26.242,87831080348016,,1,cf_0V,frequency,frequency,561931.1854543786,120,120,0.0,0.1,561931.1854543786,0.099945068359375,561931.1854543696,0,Rp || Cp,Rp,Cp,1813.4776856063618,1.199473727891651e-09,1.199473727891651e-09,1813.4776856063618,0.0002627752693443906,0.0002627752693443906,1.0,30.232847751624465,-232.19080448358096,234.1507949375902,-1.4413178543856224,0.0010000000474974513,0,0.0010000000474974513,-0.450531005859375,0.44012451171875,-5.203247317453474e-06,0.0004505310272584495,off
1781065706.5999093,2026-06-10T12:28:26.599,87831107299696,,1,cf_0V,frequency,frequency,503754.32903627184,121,121,0.0,0.1,503754.32903627184,0.099945068359375,503754.3290362123,0,Rp || Cp,Rp,Cp,2287.5329629639655,1.1849945945772925e-09,1.1849945945772925e-09,2287.5329629639655,0.0002388696467108888,0.0002388696467108888,1.0,30.65792332523979,-263.04201550302105,264.82260134382005,-1.4547683896460613,0.0010000000474974513,0,0.0010000000474974513,-0.450469970703125,0.406097412109375,-2.218628035066672e-05,0.0004504699920993005,off
1781065707.0433142,2026-06-10T12:28:27.043,87831131670896,,1,cf_0V,frequency,frequency,451600.5350683417,122,122,0.0,0.1,451600.5350683417,0.099945068359375,451600.5350683372,0,Rp || Cp,Rp,Cp,2862.1247398504574,1.1734965133985384e-09,1.1734965133985384e-09,2862.1247398504574,0.0002166023509893963,0.0002166023509893963,1.0,31.169060741473476,-297.04920386792355,298.6799957581239,-1.4662499459578462,0.0010000000474974513,0,0.0010000000474974513,-0.3818359375,0.3721923828125,-4.821777572772135e-06,0.00038183595563623385,off
1781065707.5107243,2026-06-10T12:28:27.510,87831154321776,,1,cf_0V,frequency,frequency,404846.2346004526,123,123,0.0,0.1,404846.2346004526,0.099945068359375,404846.23460045556,0,Rp || Cp,Rp,Cp,3551.053923415696,1.1645175806842494e-09,1.1645175806842494e-09,3551.053923415696,0.00019600019332509424,0.00019600019332509424,1.0,31.80558119608941,-334.56201054164643,336.0704299590932,-1.4760148483523108,0.0010000000474974513,0,0.0010000000474974513,-0.35052490234375,0.3380126953125,-6.256103812773972e-06,0.0003505249189927895,off
1781065707.8975747,2026-06-10T12:28:27.897,87831183853936,,1,cf_0V,frequency,frequency,362932.4169099164,124,124,0.0,0.1,362932.4169099164,0.099945068359375,362932.41690984246,0,Rp || Cp,Rp,Cp,4373.02313686262,1.1574065735413336e-09,1.1574065735413336e-09,4373.02313686262,0.00017707123870368404,0.00017707123870368404,1.0,32.58270246993189,-376.0628661038988,377.47173637574906,-1.4843705178702697,0.0010000000474974513,0,0.0010000000474974513,-0.348785400390625,0.33575439453125,-6.515503239157283e-06,0.00034878541695704257,off
1781065708.3105285,2026-06-10T12:28:28.310,87831206791536,,1,cf_0V,frequency,frequency,325357.9457743241,125,125,0.0,0.1,325357.9457743241,0.099945068359375,325357.9457742717,0,Rp || Cp,Rp,Cp,5342.957708357515,1.151912008657053e-09,1.151912008657053e-09,5342.957708357515,0.00015975431964742535,0.00015975431964742535,1.0,33.53993702717238,-421.9923431786051,423.32312135903504,-1.4914830894890865,0.0010000000474974513,0,0.0010000000474974513,-0.293060302734375,0.283782958984375,-4.6386720953250915e-06,0.00029306031665399246,off
1781065708.7488365,2026-06-10T12:28:28.748,87831230876016,,1,cf_0V,frequency,frequency,291673.56771209295,126,126,0.0,0.1,291673.56771209295,0.099945068359375,291673.56771218067,0,Rp || Cp,Rp,Cp,6485.441448470434,1.147641311342679e-09,1.147641311342679e-09,6485.441448470434,0.00014396201445384445,0.00014396201445384445,1.0,34.67099233866584,-472.92136033704,474.1905637745064,-1.4976148650815868,0.0010000000474974513,0,0.0010000000474974513,-0.291473388671875,0.27825927734375,-6.607055977880805e-06,0.0002914734025161181,off
1781065709.151264,2026-06-10T12:28:29.151,87831258114416,,1,cf_0V,frequency,frequency,261476.54055115595,127,127,0.0,0.1,261476.54055115595,0.099945068359375,261476.54055115767,0,Rp || Cp,Rp,Cp,7819.983207621395,1.14436379411231e-09,1.14436379411231e-09,7819.983207621395,0.00012961434833216385,0.00012961434833216385,1.0,36.0110857251805,-529.4424306419157,530.6657004735902,-1.5028839260475113,0.0010000000474974513,0,0.0010000000474974513,-0.26544189453125,0.253143310546875,-6.149292284263197e-06,0.00026544190713906346,off
1781065709.5550056,2026-06-10T12:28:29.555,87831283345776,,1,cf_0V,frequency,frequency,234405.81810309048,128,128,0.0,0.1,234405.81810309048,0.099945068359375,234405.81810305617,0,Rp || Cp,Rp,Cp,9346.591252353866,1.1417664389959224e-09,1.1417664389959224e-09,9346.591252353866,0.00011660908214982823,0.00011660908214982823,1.0,37.682630277971285,-592.2703452791682,593.4678951061896,-1.50725793244032,0.0010000000474974513,0,0.0010000000474974513,-0.2413330078125,0.22930908203125,-6.011963176177915e-06,0.0002413330192752028,off
1781065710.0043106,2026-06-10T12:28:30.004,87831305136496,,1,cf_0V,frequency,frequency,210137.7333689687,129,129,0.0,0.1,210137.7333689687,0.099945068359375,210137.7333689669,0,Rp || Cp,Rp,Cp,11090.632821580959,1.1397273070658516e-09,1.1397273070658516e-09,11090.632821580959,0.00010484002741242397,0.00010484002741242397,1.0,39.67505462151195,-662.1535720844054,663.3411362062192,-1.510949671938973,0.0010000000474974513,0,0.0010000000474974513,-0.2210693359375,0.2130126953125,-4.028320503834948e-06,0.00022106934643773002,off
1781065710.366962,2026-06-10T12:28:30.366,87831332088176,,1,cf_0V,frequency,frequency,188382.12866383453,130,130,0.0,0.1,188382.12866383453,0.099945068359375,188382.12866391757,0,Rp || Cp,Rp,Cp,13051.263773090559,1.1381566625198433e-09,1.1381566625198433e-09,13051.263773090559,9.421423713598931e-05,9.421423713598931e-05,1.0,42.08250698646431,-739.9046975922008,741.1004647908892,-1.5139819581500988,0.0010000000474974513,0,0.0010000000474974513,-0.20098876953125,0.1878662109375,-6.561279608519044e-06,0.0002009887790777043,off
1781065710.8107579,2026-06-10T12:28:30.810,87831357606256,,1,cf_0V,frequency,frequency,168878.88639022523,131,131,0.0,0.1,168878.88639022523,0.099945068359375,168878.88639026016,0,Rp || Cp,Rp,Cp,15157.243069612445,1.1370194241242063e-09,1.1370194241242063e-09,15157.243069612445,8.463529715707753e-05,8.463529715707753e-05,1.0,45.18942739627912,-826.3806936718711,827.6153304657947,-1.5161671888972228,0.0010000000474974513,0,0.0010000000474974513,-0.1829833984375,0.156097412109375,-1.3442993802570413e-05,0.00018298340712874506,off
1781065711.31872,2026-06-10T12:28:31.318,87831385704816,,1,cf_0V,frequency,frequency,151394.81898145608,132,132,0.0,0.1,151394.81898145608,0.099945068359375,151394.81898145846,0,Rp || Cp,Rp,Cp,17505.200196954283,1.136276145013577e-09,1.136276145013577e-09,17505.200196954283,7.59983605457228e-05,7.59983605457228e-05,1.0,48.76092738439647,-922.6007628512043,923.8884108229795,-1.5179938534817763,0.0010000000474974513,0,0.0010000000474974513,-0.152801513671875,0.142913818359375,-4.943847891070163e-06,0.00015280152092955746,off
1781065711.7207289,2026-06-10T12:28:31.720,87831411796336,,1,cf_0V,frequency,frequency,135720.88082974532,133,133,0.0,0.1,135720.88082974532,0.099945068359375,135720.88082980827,0,Rp || Cp,Rp,Cp,19887.82755271955,1.1357396161675395e-09,1.1357396161675395e-09,19887.82755271955,6.822709235978883e-05,6.822709235978883e-05,1.0,53.46050160908578,-1029.7355056766223,1031.1223190695584,-1.5189261646918215,0.0010000000474974513,0,0.0010000000474974513,-0.13909912109375,0.128509521484375,-5.294800056176996e-06,0.00013909912770060373,off
1781065712.221333,2026-06-10T12:28:32.221,87831440181616,,1,cf_0V,frequency,frequency,121669.66886401946,134,134,0.0,0.1,121669.66886401946,0.099945068359375,121669.66886411501,0,Rp || Cp,Rp,Cp,22530.41949996349,1.1353244091325483e-09,1.1353244091325483e-09,22530.41949996349,6.123694473778996e-05,6.123694473778996e-05,1.0,58.766810257693464,-1149.1681120674762,1150.6697561770673,-1.5197022685750194,0.0010000000474974513,0,0.0010000000474974513,-0.131011962890625,0.115631103515625,-7.69043005277581e-06,0.00013101196911335933,off
1781065712.6808279,2026-06-10T12:28:32.680,87831468853616,,1,cf_0V,frequency,frequency,109073.18189343589,135,135,0.0,0.1,109073.18189343589,0.099945068359375,109073.18189339321,0,Rp || Cp,Rp,Cp,25112.31015593973,1.135128178489103e-09,1.135128178489103e-09,25112.31015593973,5.495009347587749e-05,5.495009347587749e-05,1.0,65.62833015766047,-1282.0966828661167,1283.7752848281443,-1.519652680366034,0.0010000000474974513,0,0.0010000000474974513,-0.116058349609375,0.104583740234375,-5.73730496000735e-06,0.00011605835512185081,off
1781065713.1300902,2026-06-10T12:28:33.130,87831497238896,,1,cf_0V,frequency,frequency,97780.81192655204,136,136,0.0,0.1,97780.81192655204,0.099945068359375,97780.81192649779,0,Rp || Cp,Rp,Cp,27828.683682079678,1.134980449934507e-09,1.134980449934507e-09,27828.683682079678,4.930681575642566e-05,4.930681575642566e-05,1.0,73.70751226531691,-1430.2972580761561,1432.195183564207,-1.519308869561908,0.0010000000474974513,0,0.0010000000474974513,-0.10693359375,0.096771240234375,-5.081176999155446e-06,0.00010693359882907316,off
1781065713.5040264,2026-06-10T12:28:33.504,87831520176496,,1,cf_0V,frequency,frequency,87657.5434496528,137,137,0.0,0.1,87657.5434496528,0.099945068359375,87657.54344956634,0,Rp || Cp,Rp,Cp,30368.84149186823,1.1350009271055442e-09,1.1350009271055442e-09,30368.84149186823,4.4233097554116804e-05,4.4233097554116804e-05,1.0,84.03063693942656,-1595.2592095737064,1597.4708428244228,-1.51816974033674,0.0010000000474974513,0,0.0010000000474974513,-0.10150146484375,0.08837890625,-6.561279608519044e-06,0.00010150146966481088,off
1781065713.9038098,2026-06-10T12:28:33.903,87831542540656,,1,cf_0V,frequency,frequency,78582.33913417984,138,138,0.0,0.1,78582.33913417984,0.099945068359375,78582.33913417223,0,Rp || Cp,Rp,Cp,32858.08557005653,1.1351257884620374e-09,1.1351257884620374e-09,32858.08557005653,3.9680216752770036e-05,3.9680216752770036e-05,1.0,96.6009593853476,-1778.9859033390728,1781.6067438223583,-1.516548465400359,0.0010000000474974513,0,0.0010000000474974513,-0.091949462890625,0.080169677734375,-5.889892857879886e-06,9.194946725799014e-05,off
1781065714.3066275,2026-06-10T12:28:34.306,87831566338416,,1,cf_0V,frequency,frequency,70446.69267221761,139,139,0.0,0.1,70446.69267221761,0.099945068359375,70446.69267216364,0,Rp || Cp,Rp,Cp,35251.959140159044,1.135342656055242e-09,1.135342656055242e-09,35251.959140159044,3.559500114828535e-05,3.559500114828535e-05,1.0,111.96963103735939,-1983.585556509483,1986.7432794066974,-1.5144080700332858,0.0010000000474974513,0,0.0010000000474974513,-0.089080810546875,0.080169677734375,-4.455566617878048e-06,8.908081477798646e-05,off
1781065714.6611888,2026-06-10T12:28:34.661,87831590709616,,1,cf_0V,frequency,frequency,63153.33143723267,140,140,0.0,0.1,63153.33143723267,0.099945068359375,63153.33143732005,0,Rp || Cp,Rp,Cp,37308.16773436842,1.135439425223416e-09,1.135439425223416e-09,37308.16773436842,3.192843898818524e-05,3.192843898818524e-05,1.0,131.57746253189586,-2211.6965012307214,2215.6069241186597,-1.5113747187674178,0.0010000000474974513,0,0.0010000000474974513,-0.08282470703125,0.073822021484375,-4.501342987239809e-06,8.282471096521249e-05,off
1781065715.1848576,2026-06-10T12:28:35.184,87831613360496,,1,cf_0V,frequency,frequency,56615.05345862548,141,141,0.0,0.1,56615.05345862548,0.099945068359375,56615.05345855744,0,Rp || Cp,Rp,Cp,39662.26179866646,1.1356770533455147e-09,1.1356770533455147e-09,39662.26179866646,2.8639707104155503e-05,2.8639707104155503e-05,1.0,153.88664572174156,-2465.7273430375185,2470.5247276508585,-1.5084669238086335,0.0010000000474974513,0,0.0010000000474974513,-0.0765380859375,0.06500244140625,-5.767822539581857e-06,7.653808957286401e-05,off
1781065715.6282043,2026-06-10T12:28:35.628,87831646620016,,1,cf_0V,frequency,frequency,50753.68480455689,142,142,0.0,0.1,50753.68480455689,0.099945068359375,50753.68480454756,0,Rp || Cp,Rp,Cp,41799.01221532479,1.1359960982712781e-09,1.1359960982712781e-09,41799.01221532479,2.5688387922068114e-05,2.5688387922068114e-05,1.0,181.5078546044934,-2748.436633889799,2754.4235389261785,-1.5048516844571869,0.0010000000474974513,0,0.0010000000474974513,-0.0709228515625,0.05517578125,-7.873535530222853e-06,7.092285493115469e-05,off
1781065716.0446067,2026-06-10T12:28:36.044,87831670704496,,1,cf_0V,frequency,frequency,45499.144907154674,143,143,0.0,0.1,45499.144907154674,0.099945068359375,45499.14490716844,0,Rp || Cp,Rp,Cp,43378.852840235035,1.136211649939329e-09,1.136211649939329e-09,43378.852840235035,2.304310061967896e-05,2.304310061967896e-05,1.0,217.39786193028894,-3063.202250926941,3070.9070094119975,-1.4999443415249347,0.0010000000474974513,0,0.0010000000474974513,-0.06561279296875,0.050262451171875,-7.675171262988556e-06,6.561279608519044e-05,off
1781065716.4485896,2026-06-10T12:28:36.448,87831695935856,,1,cf_0V,frequency,frequency,40788.608654802425,144,144,0.0,0.1,40788.608654802425,0.099945068359375,40788.608654906966,0,Rp || Cp,Rp,Cp,44522.313969855335,1.136575330941033e-09,1.136575330941033e-09,44522.313969855335,2.0670820720643238e-05,2.0670820720643238e-05,1.0,263.1562677004294,-3412.781087685496,3422.911914393039,-1.4938395706403433,0.0010000000474974513,0,0.0010000000474974513,-0.061279296875,0.04656982421875,-7.354736677456231e-06,6.127929978561042e-05,off
1781065716.8479707,2026-06-10T12:28:36.847,87831720307056,,1,cf_0V,frequency,frequency,36565.755233193486,145,145,0.0,0.1,36565.755233193486,0.099945068359375,36565.755233297634,0,Rp || Cp,Rp,Cp,45873.010560085895,1.1368641227144024e-09,1.1368641227144024e-09,45873.010560085895,1.854484962887158e-05,1.854484962887158e-05,1.0,317.3234451519148,-3802.0898965665638,3815.3088669748117,-1.487529036081755,0.0010000000474974513,0,0.0010000000474974513,-0.056549072265625,0.042083740234375,-7.232666359158202e-06,5.6549074951561806e-05,off
1781065717.2704978,2026-06-10T12:28:37.270,87831742957936,,1,cf_0V,frequency,frequency,32780.09473403288,146,146,0.0,0.1,32780.09473403288,0.099945068359375,32780.09473397958,0,Rp || Cp,Rp,Cp,46996.314214403785,1.1372860353657924e-09,1.1372860353657924e-09,46996.314214403785,1.6637117448015387e-05,1.6637117448015387e-05,1.0,384.6339392530756,-4234.198176684235,4251.632329666035,-1.4802051105695606,0.0010000000474974513,0,0.0010000000474974513,-0.05279541015625,0.041046142578125,-5.874634068092632e-06,5.279541266389742e-05,off
1781065717.696485,2026-06-10T12:28:37.696,87831768476016,,1,cf_0V,frequency,frequency,29386.364480084198,147,147,0.0,0.1,29386.364480084198,0.099945068359375,29386.3644801462,0,Rp || Cp,Rp,Cp,47832.97322798197,1.1376892610807307e-09,1.1376892610807307e-09,47832.97322798197,1.4929993419950809e-05,1.4929993419950809e-05,1.0,469.13021317253265,-4713.789321788568,4737.076411365899,-1.4716000245321288,0.0010000000474974513,0,0.0010000000474974513,-0.050079345703125,0.03955078125,-5.264282476602489e-06,5.0079348081766284e-05,off
1781065718.5024447,2026-06-10T12:28:38.502,87831817218416,,1,cf_0V,frequency,frequency,26343.98784881462,148,148,0.0,0.1,26343.98784881462,0.099945068359375,26343.987848775898,0,Rp || Cp,Rp,Cp,48314.7557049419,1.1364845523201459e-09,1.1364845523201459e-09,48314.7557049419,1.3465578250249593e-05,1.3465578250249593e-05,1.0,577.889079926222,-5252.29606291297,5283.991835836716,-1.4612111197158661,9.999999747378752e-05,0,9.999999747378752e-05,-0.23382568359375,0.23809814453125,2.1362304147842792e-07,2.3809813851638495e-05,off
1781065718.8917315,2026-06-10T12:28:38.891,87831842449776,,1,cf_0V,frequency,frequency,23616.58912414415,149,149,0.0,0.1,23616.58912414415,0.099945068359375,23616.589124202394,0,Rp || Cp,Rp,Cp,49084.18626994315,1.136818147394735e-09,1.136818147394735e-09,49084.18626994315,1.2089913473090366e-05,1.2089913473090366e-05,1.0,705.6565777062965,-5842.827029536841,5885.284946605939,-1.4506053039646145,9.999999747378752e-05,0,9.999999747378752e-05,-0.23382568359375,0.23809814453125,2.1362304147842792e-07,2.3809813851638495e-05,off
1781065719.2453413,2026-06-10T12:28:39.245,87831864813936,,1,cf_0V,frequency,frequency,21171.558575697567,150,150,0.0,0.1,21171.558575697567,0.099945068359375,21171.5585756167,0,Rp || Cp,Rp,Cp,49762.86191931677,1.1371733132999967e-09,1.1371733132999967e-09,49762.86191931677,1.0858005456693828e-05,1.0858005456693828e-05,1.0,862.9363893125769,-6495.96222083501,6553.028642277976,-1.4387276105167301,9.999999747378752e-05,0,9.999999747378752e-05,-0.23382568359375,0.23809814453125,2.1362304147842792e-07,2.3809813851638495e-05,off
1781065719.658546,2026-06-10T12:28:39.658,87831887751536,,1,cf_0V,frequency,frequency,18979.66256549492,151,151,0.0,0.1,18979.66256549492,0.099945068359375,18979.662565428156,0,Rp || Cp,Rp,Cp,50241.0086221532,1.137568730650702e-09,1.137568730650702e-09,50241.0086221532,9.75461311119155e-06,9.75461311119155e-06,1.0,1058.7651415602318,-7216.123958260404,7293.382521571378,-1.425113642586806,9.999999747378752e-05,0,9.999999747378752e-05,-0.23382568359375,0.23809814453125,2.1362304147842792e-07,2.3809813851638495e-05,off
1781065720.087682,2026-06-10T12:28:40.087,87831913556336,,1,cf_0V,frequency,frequency,17014.69402038014,152,152,0.0,0.1,17014.69402038014,0.099945068359375,17014.694020431874,0,Rp || Cp,Rp,Cp,50666.738287937435,1.1378888202733896e-09,1.1378888202733896e-09,50666.738287937435,8.767453991804237e-06,8.767453991804237e-06,1.0,1299.5261511523008,-8009.618167006186,8114.354650787964,-1.4099521844134466,9.999999747378752e-05,0,9.999999747378752e-05,-0.233642578125,0.226531982421875,-3.555297761748122e-07,2.3364257222269202e-05,off
1781065720.5453532,2026-06-10T12:28:40.545,87831940794736,,1,cf_0V,frequency,frequency,15253.159091114281,153,153,0.0,0.1,15253.159091114281,0.099945068359375,15253.159091201951,0,Rp || Cp,Rp,Cp,51206.501486422,1.1382575663300946e-09,1.1382575663300946e-09,51206.501486422,7.88447574678053e-06,7.88447574678053e-06,1.0,1590.0651867925958,-8882.193876107027,9023.395998791306,-1.3936555397489945,9.999999747378752e-05,0,9.999999747378752e-05,-0.206817626953125,0.213714599609375,3.448486241008908e-07,2.137145942104901e-05,off
1781065721.0010002,2026-06-10T12:28:41.001,87831967746416,,1,cf_0V,frequency,frequency,13673.996251720062,154,154,0.0,0.1,13673.996251720062,0.099945068359375,13673.996251668541,0,Rp || Cp,Rp,Cp,51883.83254879362,1.1385877110234243e-09,1.1385877110234243e-09,51883.83254879362,7.094607672365905e-06,7.094607672365905e-06,1.0,1938.84966819868,-9840.518964273697,10029.703461324489,-1.376260878267588,9.999999747378752e-05,0,9.999999747378752e-05,-0.2012939453125,0.18408203125,-8.605956813845239e-07,2.0129394022738722e-05,off
1781065721.501846,2026-06-10T12:28:41.501,87831996131696,,1,cf_0V,frequency,frequency,12258.324480531926,155,155,0.0,0.1,12258.324480531926,0.099945068359375,12258.324480498573,0,Rp || Cp,Rp,Cp,51786.60519833429,1.1389446490729582e-09,1.1389446490729582e-09,51786.60519833429,6.388984863106869e-06,6.388984863106869e-06,1.0,2393.3465847716884,-10872.680755614727,11132.982290848806,-1.354126994474251,9.999999747378752e-05,0,9.999999747378752e-05,-0.1680908203125,0.17388916015625,2.8991698486358075e-07,1.7388915576344033e-05,off
1781065721.9655132,2026-06-10T12:28:41.965,87832023370096,,1,cf_0V,frequency,frequency,10989.217512115829,156,156,0.0,0.1,10989.217512115829,0.099945068359375,10989.217512076266,0,Rp || Cp,Rp,Cp,52009.65344099697,1.1393216608911057e-09,1.1393216608911057e-09,52009.65344099697,5.761007295679586e-06,5.761007295679586e-06,1.0,2931.782893384493,-11995.234942060488,12348.32021973721,-1.3310835554995344,9.999999747378752e-05,0,9.999999747378752e-05,-0.1676025390625,0.1588134765625,-4.394531138984803e-07,1.6760253482850374e-05,off
1781065722.3142998,2026-06-10T12:28:42.314,87832050321776,,1,cf_0V,frequency,frequency,9851.501460936432,157,157,0.0,0.1,9851.501460936432,0.099945068359375,9851.501461000113,0,Rp || Cp,Rp,Cp,52209.48036299219,1.1397057729554886e-09,1.1397057729554886e-09,52209.48036299219,5.2013206396858185e-06,5.2013206396858185e-06,1.0,3584.3618497975326,-13201.894551183881,13679.82710456761,-1.3056835913349785,9.999999747378752e-05,0,9.999999747378752e-05,-0.150177001953125,0.1529541015625,1.3885497696097815e-07,1.529540976985544e-05,off
1781065722.8109667,2026-06-10T12:28:42.810,87832074406256,,1,cf_0V,frequency,frequency,8831.573397089549,158,158,0.0,0.1,8831.573397089549,0.099945068359375,8831.57339707452,0,Rp || Cp,Rp,Cp,52551.693727225356,1.1400439767894875e-09,1.1400439767894875e-09,52551.693727225356,4.702774818523591e-06,4.702774818523591e-06,1.0,4360.305242029742,-14495.832636750818,15137.418063737361,-1.2786083563893191,9.999999747378752e-05,0,9.999999747378752e-05,-0.147308349609375,0.139892578125,-3.7078856485184275e-07,1.4730834588805308e-05,off
1781065723.2911494,2026-06-10T12:28:43.291,87832101644656,,1,cf_0V,frequency,frequency,7917.238704927916,159,159,0.0,0.1,7917.238704927916,0.099945068359375,7917.238704848728,0,Rp || Cp,Rp,Cp,52493.73736918286,1.1404364315761737e-09,1.1404364315761737e-09,52493.73736918286,4.254277370545344e-06,4.254277370545344e-06,1.0,5319.166557620775,-15840.751226850769,16709.96505976854,-1.246836364408902,9.999999747378752e-05,0,9.999999747378752e-05,-0.13232421875,0.136444091796875,2.0599364713991264e-07,1.3644408835000732e-05,off
1781065723.6940224,2026-06-10T12:28:43.694,87832129743216,,1,cf_0V,frequency,frequency,7097.565279983502,160,160,0.0,0.1,7097.565279983502,0.099945068359375,7097.565280034246,0,Rp || Cp,Rp,Cp,52719.899644339646,1.1407845776956276e-09,1.1407845776956276e-09,52719.899644339646,3.8630888257542e-06,3.8630888257542e-06,1.0,6434.425236487957,-17257.474456382613,18417.987206441736,-1.2139131458949348,9.999999747378752e-05,0,9.999999747378752e-05,-0.12396240234375,0.123016357421875,-4.7302244898794754e-08,1.2396239921219632e-05,off
1781065724.1474638,2026-06-10T12:28:44.147,87832153827696,,1,cf_0V,frequency,frequency,6362.752820913701,161,161,0.0,0.1,6362.752820913701,0.099945068359375,6362.7528208343165,0,Rp || Cp,Rp,Cp,52742.10029553467,1.141149746422489e-09,1.141149746422489e-09,52742.10029553467,3.5150737813815376e-06,3.5150737813815376e-06,1.0,7768.050475452718,-18691.192821431217,20241.128853823913,-1.1769148494090653,9.999999747378752e-05,0,9.999999747378752e-05,-0.119720458984375,0.123016357421875,1.647949177119301e-07,1.2301635431422042e-05,off
1781065724.548638,2026-06-10T12:28:44.548,87832181066096,,1,cf_0V,frequency,frequency,5704.01565368052,162,162,0.0,0.1,5704.01565368052,0.099945068359375,5704.015653620331,0,Rp || Cp,Rp,Cp,53161.7619049893,1.141376109130942e-09,1.141376109130942e-09,53161.7619049893,3.206123161698559e-06,3.206123161698559e-06,1.0,9279.270493134944,-20179.13545529807,22210.411266071424,-1.139785689296886,9.999999747378752e-05,0,9.999999747378752e-05,-0.11968994140625,0.12005615234375,1.831054641243668e-08,1.200561493108765e-05,off
1781065724.9506142,2026-06-10T12:28:44.950,87832206010736,,1,cf_0V,frequency,frequency,5113.477686967608,163,163,0.0,0.1,5113.477686967608,0.099945068359375,5113.477686933265,0,Rp || Cp,Rp,Cp,53027.354604354034,1.1416888636327582e-09,1.1416888636327582e-09,53027.354604354034,2.938712649237459e-06,2.938712649237459e-06,1.0,11085.589308802662,-21562.68037495976,24245.40111600785,-1.0959245520394312,9.999999747378752e-05,0,9.999999747378752e-05,-0.11968994140625,0.11578369140625,-1.9531249506599124e-07,1.1968993838262776e-05,off
1781065725.3362868,2026-06-10T12:28:45.336,87832229235056,,1,cf_0V,frequency,frequency,4584.078242885572,164,164,0.0,0.1,4584.078242885572,0.099945068359375,4584.078242970691,0,Rp || Cp,Rp,Cp,52982.83544015381,1.1420306818455168e-09,1.1420306818455168e-09,52982.83544015381,2.6991184737658238e-06,2.6991184737658238e-06,1.0,13123.287704496553,-22871.1239930648,26368.712385725907,-1.0498697160748203,9.999999747378752e-05,0,9.999999747378752e-05,-0.11279296875,0.1087646484375,-2.0141601053680347e-07,1.1279296590060994e-05,off
1781065725.7540967,2026-06-10T12:28:45.754,87832252172656,,1,cf_0V,frequency,frequency,4109.487637044614,165,165,0.0,0.1,4109.487637044614,0.099945068359375,4109.487637009579,0,Rp || Cp,Rp,Cp,53265.976135865145,1.1424838644392744e-09,1.1424838644392744e-09,53265.976135865145,2.4882258080385834e-06,2.4882258080385834e-06,1.0,15354.499798475485,-24126.992265559285,28598.468837400036,-1.0040388107056106,9.999999747378752e-05,0,9.999999747378752e-05,-0.107025146484375,0.107421875,1.9836425280139736e-08,1.0742187228629518e-05,off
1781065726.2515538,2026-06-10T12:28:46.251,87832277404016,,1,cf_0V,frequency,frequency,3684.0314986403864,166,166,0.0,0.1,3684.0314986403864,0.099945068359375,3684.0314986363865,0,Rp || Cp,Rp,Cp,53034.44288161728,1.1428988341429325e-09,1.1428988341429325e-09,53034.44288161728,2.306778598332534e-06,2.306778598332534e-06,1.0,17865.667260150934,-25066.18525424293,30781.418255994224,-0.951571251410385,9.999999747378752e-05,0,9.999999747378752e-05,-0.099884033203125,0.101318359375,7.171630678204366e-08,1.0131835681548296e-05,off
1781065726.675011,2026-06-10T12:28:46.675,87832309516656,,1,cf_0V,frequency,frequency,3302.622925697632,167,167,0.0,0.1,3302.622925697632,0.099945068359375,3302.6229256449824,0,Rp || Cp,Rp,Cp,53463.9956078936,1.1433786470750031e-09,1.1433786470750031e-09,53463.9956078936,2.15325108197436e-06,2.15325108197436e-06,1.0,20491.423462055653,-25993.363354393874,33099.14461092358,-0.9032100690002277,9.999999747378752e-05,0,9.999999747378752e-05,-0.096832275390625,0.107177734375,5.172729361513362e-07,1.071777316674627e-05,off
1781065727.0889208,2026-06-10T12:28:47.088,87832333314416,,1,cf_0V,frequency,frequency,2960.70166429603,168,168,0.0,0.1,2960.70166429603,0.099945068359375,2960.701664207477,0,Rp || Cp,Rp,Cp,53432.750158379975,1.143633030355529e-09,1.143633030355529e-09,53432.750158379975,2.022571134836918e-06,2.022571134836918e-06,1.0,23310.450190804342,-26498.38434747747,35292.229472287654,-0.84931437024268,9.999999747378752e-05,0,9.999999747378752e-05,-0.096832275390625,0.107177734375,5.172729361513362e-07,1.071777316674627e-05,off
1781065727.4954762,2026-06-10T12:28:47.495,87832357685616,,1,cf_0V,frequency,frequency,2654.1795845838647,169,169,0.0,0.1,2654.1795845838647,0.099945068359375,2654.179584595795,0,Rp || Cp,Rp,Cp,52920.20789359715,1.1439282518094076e-09,1.1439282518094076e-09,52920.20789359715,1.9071999715682345e-06,1.9071999715682345e-06,1.0,26208.454026043317,-26458.907256210892,37241.86938954589,-0.7901535059133942,9.999999747378752e-05,0,9.999999747378752e-05,-0.096832275390625,0.107177734375,5.172729361513362e-07,1.071777316674627e-05,off
1781065727.8920445,2026-06-10T12:28:47.892,87832381770096,,1,cf_0V,frequency,frequency,2379.391801671713,170,170,0.0,0.1,2379.391801671713,0.099945068359375,2379.391801667907,0,Rp || Cp,Rp,Cp,52985.60121555241,1.1442196619402747e-09,1.1442196619402747e-09,52985.60121555241,1.8115211398196423e-06,1.8115211398196423e-06,1.0,29088.430287521256,-26365.340707243173,39258.98581472779,-0.7363319969036607,9.999999747378752e-05,0,9.999999747378752e-05,-0.096832275390625,0.107177734375,5.172729361513362e-07,1.071777316674627e-05,off
1781065728.30844,2026-06-10T12:28:48.308,87832405854576,,1,cf_0V,frequency,frequency,2133.052856990533,171,171,0.0,0.1,2133.052856990533,0.099945068359375,2133.0528569052376,0,Rp || Cp,Rp,Cp,53370.79881402855,1.1444249268109089e-09,1.1444249268109089e-09,53370.79881402855,1.72774050841879e-06,1.72774050841879e-06,1.0,31956.48984519792,-26159.62819124857,41298.22502639314,-0.6859808090967682,9.999999747378752e-05,0,9.999999747378752e-05,-0.0938720703125,0.09124755859375,-1.3122558262246287e-07,9.387206794109204e-06,off
1781065728.732316,2026-06-10T12:28:48.732,87832433092976,,1,cf_0V,frequency,frequency,1912.21743620315,172,172,0.0,0.1,1912.21743620315,0.099945068359375,1912.2174361285715,0,Rp || Cp,Rp,Cp,52825.878897621005,1.1451779574052446e-09,1.1451779574052446e-09,52825.878897621005,1.6594674119802776e-06,1.6594674119802776e-06,1.0,34565.313850338614,-25123.33898875385,42731.05525863186,-0.6285110482033285,9.999999747378752e-05,0,9.999999747378752e-05,-0.0938720703125,0.091522216796875,-1.1749267281313536e-07,9.387206794109204e-06,off
1781065729.1890817,2026-06-10T12:28:49.189,87832458324336,,1,cf_0V,frequency,frequency,1714.2451539988147,173,173,0.0,0.1,1714.2451539988147,0.099945068359375,1714.2451539342574,0,Rp || Cp,Rp,Cp,53249.45473625577,1.1453926736313231e-09,1.1453926736313231e-09,53249.45473625577,1.5961756311241063e-06,1.5961756311241063e-06,1.0,37196.711074074374,-24435.819363146802,44505.107377429245,-0.5812349637161232,9.999999747378752e-05,0,9.999999747378752e-05,-0.0938720703125,0.091522216796875,-1.1749267281313536e-07,9.387206794109204e-06,off
1781065729.6387913,2026-06-10T12:28:49.638,87832485276016,,1,cf_0V,frequency,frequency,1536.7689847255556,174,174,0.0,0.1,1536.7689847255556,0.099945068359375,1536.7689847067822,0,Rp || Cp,Rp,Cp,53166.19959928086,1.1458106900296319e-09,1.1458106900296319e-09,53166.19959928086,1.5563510581139636e-06,1.5563510581139636e-06,1.0,39499.45710829944,-23234.21848982001,45826.14996574642,-0.5317098425550352,9.999999747378752e-05,0,9.999999747378752e-05,-0.09149169921875,0.09197998046875,2.4414061883248905e-08,9.197997814514025e-06,off
1781065730.0900707,2026-06-10T12:28:50.090,87832511080816,,1,cf_0V,frequency,frequency,1377.6669614059458,175,175,0.0,0.1,1377.6669614059458,0.099945068359375,1377.6669614173898,0,Rp || Cp,Rp,Cp,52987.22048857997,1.146692633336201e-09,1.146692633336201e-09,52987.22048857997,1.5148029845812483e-06,1.5148029845812483e-06,1.0,41505.84737213463,-21829.890521798552,46896.47626712102,-0.4841893691879967,9.999999747378752e-05,0,9.999999747378752e-05,-0.0897216796875,0.09197998046875,1.1291503621002619e-07,9.197997814514025e-06,off
1781065730.501431,2026-06-10T12:28:50.501,87832538319216,,1,cf_0V,frequency,frequency,1235.0368047598533,176,176,0.0,0.1,1235.0368047598533,0.099945068359375,1235.036804771994,0,Rp || Cp,Rp,Cp,53042.56437099067,1.1466484884817113e-09,1.1466484884817113e-09,53042.56437099067,1.4847193300443493e-06,1.4847193300443493e-06,1.0,43379.52118003888,-20473.841524382373,47968.333769008124,-0.44097339492841753,9.999999747378752e-05,0,9.999999747378752e-05,-0.08929443359375,0.09197998046875,1.3427734035786898e-07,9.197997814514025e-06,off
1781065730.9562657,2026-06-10T12:28:50.956,87832564410736,,1,cf_0V,frequency,frequency,1107.1731788899117,177,177,0.0,0.1,1107.1731788899117,0.099945068359375,1107.1731789513706,0,Rp || Cp,Rp,Cp,52653.979379697324,1.1477048042813162e-09,1.1477048042813162e-09,52653.979379697324,1.4550182099699606e-06,1.4550182099699606e-06,1.0,44745.96383497841,-18810.948343197368,48539.19093981311,-0.39796312322169364,9.999999747378752e-05,0,9.999999747378752e-05,-0.08929443359375,0.089752197265625,2.288818301554585e-08,8.975219499829379e-06,off
1781065731.436639,2026-06-10T12:28:51.436,87832589642096,,1,cf_0V,frequency,frequency,992.547301690778,178,178,0.0,0.1,992.547301690778,0.099945068359375,992.5473017347031,0,Rp || Cp,Rp,Cp,53175.51464350941,1.1477374045648167e-09,1.1477374045648167e-09,53175.51464350941,1.44387750416926e-06,1.44387750416926e-06,1.0,46446.87680289774,-17678.354358768975,49697.45041325326,-0.36368385482604615,9.999999747378752e-05,0,9.999999747378752e-05,-0.08929443359375,0.089752197265625,2.288818301554585e-08,8.975219499829379e-06,off
1781065731.8543243,2026-06-10T12:28:51.854,87832619747696,,1,cf_0V,frequency,frequency,889.7886661970878,179,179,0.0,0.1,889.7886661970878,0.099945068359375,889.7886662140309,0,Rp || Cp,Rp,Cp,52715.10531103102,1.1483605994727292e-09,1.1483605994727292e-09,52715.10531103102,1.4149381911511951e-06,1.4149381911511951e-06,1.0,47297.600472413294,-16007.341422431984,49932.93492137566,-0.32633838249641467,9.999999747378752e-05,0,9.999999747378752e-05,-0.09088134765625,0.08734130859375,-1.7700194865355456e-07,9.088134536039405e-06,off
1781065732.29484,2026-06-10T12:28:52.294,87832646699376,,1,cf_0V,frequency,frequency,797.6686543241938,180,180,0.0,0.1,797.6686543241938,0.099945068359375,797.6686543287315,0,Rp || Cp,Rp,Cp,53115.15171837658,1.1480008646220595e-09,1.1480008646220595e-09,53115.15171837658,1.3925020279107868e-06,1.3925020279107868e-06,1.0,48578.16815656282,-14845.819289933128,50796.03106382077,-0.2965926914860837,9.999999747378752e-05,0,9.999999747378752e-05,-0.09088134765625,0.08758544921875,-1.647949177119301e-07,9.088134536039405e-06,off
1781065732.7484422,2026-06-10T12:28:52.748,87832672217456,,1,cf_0V,frequency,frequency,715.0858470818457,181,181,0.0,0.1,715.0858470818457,0.099945068359375,715.0858471760557,0,Rp || Cp,Rp,Cp,53209.94300052847,1.1486724305114935e-09,1.1486724305114935e-09,53209.94300052847,1.3835122226860936e-06,1.3835122226860936e-06,1.0,49478.54955250906,-13587.639074457924,51310.33815361023,-0.26800988283817895,9.999999747378752e-05,0,9.999999747378752e-05,-0.09088134765625,0.08758544921875,-1.647949177119301e-07,9.088134536039405e-06,off
1781065733.1542816,2026-06-10T12:28:53.154,87832696301936,,1,cf_0V,frequency,frequency,641.0528556246055,182,182,0.0,0.1,641.0528556246055,0.099945068359375,641.0528555989004,0,Rp || Cp,Rp,Cp,52782.41861385472,1.1495249982496175e-09,1.1495249982496175e-09,52782.41861385472,1.372256953384892e-06,1.372256953384892e-06,1.0,49807.61322493037,-12172.426061840877,51273.44626017684,-0.23969066249495463,9.999999747378752e-05,0,9.999999747378752e-05,-0.091156005859375,0.08758544921875,-1.7852782752125762e-07,9.11560035565806e-06,off
1781065733.6028116,2026-06-10T12:28:53.602,87832722106736,,1,cf_0V,frequency,frequency,574.6845156864445,183,183,0.0,0.1,574.6845156864445,0.099945068359375,574.6845156551217,0,Rp || Cp,Rp,Cp,53517.09895991658,1.1480450924471932e-09,1.1480450924471932e-09,53517.09895991658,1.3690297772897861e-06,1.3690297772897861e-06,1.0,51006.66568908033,-11315.866320361387,52246.806364579774,-0.21831491345166376,9.999999747378752e-05,0,9.999999747378752e-05,-0.091156005859375,0.08636474609375,-2.395629822293799e-07,9.11560035565806e-06,off
1781065733.9574277,2026-06-10T12:28:53.957,87832748198256,,1,cf_0V,frequency,frequency,515.1873042480629,184,184,0.0,0.1,515.1873042480629,0.099945068359375,515.1873042308353,0,Rp || Cp,Rp,Cp,53703.31918623647,1.147790519394247e-09,1.147790519394247e-09,53703.31918623647,1.347901045548714e-06,1.347901045548714e-06,1.0,51647.12687312577,-10305.164980279278,52665.18906753801,-0.196943852087877,9.999999747378752e-05,0,9.999999747378752e-05,-0.091156005859375,0.08636474609375,-2.395629822293799e-07,9.11560035565806e-06,off
1781065734.3700807,2026-06-10T12:28:54.370,87832770275696,,1,cf_0V,frequency,frequency,461.8498518989187,185,185,0.0,0.1,461.8498518989187,0.099945068359375,461.8498518027536,0,Rp || Cp,Rp,Cp,53412.7462268399,1.1492466192269854e-09,1.1492466192269854e-09,53412.7462268399,1.348502019422488e-06,1.348502019422488e-06,1.0,51770.05379733931,-9221.83688034699,52584.98593350705,-0.17628173243774722,9.999999747378752e-05,0,9.999999747378752e-05,-0.091156005859375,0.092864990234375,8.544921659137117e-08,9.286498788840802e-06,off
1781065734.7592893,2026-06-10T12:28:54.759,87832794646896,,1,cf_0V,frequency,frequency,414.03443745645274,186,186,0.0,0.1,414.03443745645274,0.099945068359375,414.0344374548022,0,Rp || Cp,Rp,Cp,53341.82782084042,1.1499156400371165e-09,1.1499156400371165e-09,53341.82782084042,1.356496930793063e-06,1.356496930793063e-06,1.0,52017.33825671187,-8300.38683886239,52675.420273481825,-0.15823559562032663,9.999999747378752e-05,0,9.999999747378752e-05,-0.084808349609375,0.092864990234375,4.0283202107360694e-07,9.286498788840802e-06,off
1781065735.137513,2026-06-10T12:28:55.137,87832817297776,,1,cf_0V,frequency,frequency,371.1693631492158,187,187,0.0,0.1,371.1693631492158,0.099945068359375,371.1693631913704,0,Rp || Cp,Rp,Cp,53379.52867598417,1.150499270603756e-09,1.150499270603756e-09,53379.52867598417,1.3406951418873917e-06,1.3406951418873917e-06,1.0,52306.57147313154,-7491.50936851996,52840.32675800217,-0.14225567518505397,9.999999747378752e-05,0,9.999999747378752e-05,-0.084808349609375,0.092864990234375,4.0283202107360694e-07,9.286498788840802e-06,off
1781065735.5650766,2026-06-10T12:28:55.565,87832842815856,,1,cf_0V,frequency,frequency,332.7421191989247,188,188,0.0,0.1,332.7421191989247,0.099945068359375,332.74211929779085,0,Rp || Cp,Rp,Cp,53286.35674402313,1.1509125235300178e-09,1.1509125235300178e-09,53286.35674402313,1.3505117700891438e-06,1.3505117700891438e-06,1.0,52424.51719298133,-6721.7201936098345,52853.680338065176,-0.1275213482264115,9.999999747378752e-05,0,9.999999747378752e-05,-0.087493896484375,0.092864990234375,2.6855468071573796e-07,9.286498788840802e-06,off
1781065735.976571,2026-06-10T12:28:55.976,87832866613616,,1,cf_0V,frequency,frequency,298.2932560748046,189,189,0.0,0.1,298.2932560748046,0.099945068359375,298.2932561224061,0,Rp || Cp,Rp,Cp,53382.394265272094,1.148773351480758e-09,1.148773351480758e-09,53382.394265272094,1.3343000352631821e-06,1.3343000352631821e-06,1.0,52686.39324287652,-6055.558072001069,53033.25198878908,-0.11443376384311284,9.999999747378752e-05,0,9.999999747378752e-05,-0.087493896484375,0.090667724609375,1.5869140224111788e-07,9.066772231891562e-06,off
1781065736.3672516,2026-06-10T12:28:56.367,87832890984816,,1,cf_0V,frequency,frequency,267.41089115476336,190,190,0.0,0.1,267.41089115476336,0.099945068359375,267.4108910838413,0,Rp || Cp,Rp,Cp,53787.7705765007,1.1532925263104047e-09,1.1532925263104047e-09,53787.7705765007,1.3360759193973508e-06,1.3360759193973508e-06,1.0,53209.73435592483,-5545.913247152768,53497.971774386286,-0.10385243971915407,9.999999747378752e-05,0,9.999999747378752e-05,-0.087493896484375,0.090667724609375,1.5869140224111788e-07,9.066772231891562e-06,off
1781065736.7817073,2026-06-10T12:28:56.781,87832916216176,,1,cf_0V,frequency,frequency,239.7257841131082,191,191,0.0,0.1,239.7257841131082,0.099945068359375,239.72578418351986,0,Rp || Cp,Rp,Cp,53767.77287235584,1.149767035156592e-09,1.149767035156592e-09,53767.77287235584,1.3299051500533711e-06,1.3299051500533711e-06,1.0,53305.57740089164,-4963.62735088732,53536.17635319996,-0.09284873671378188,9.999999747378752e-05,0,9.999999747378752e-05,-0.087493896484375,0.083404541015625,-2.0446776827220958e-07,8.749389427409326e-06,off
1781065737.1582606,2026-06-10T12:28:57.158,87832940874096,,1,cf_0V,frequency,frequency,214.90692215443403,192,192,0.0,0.1,214.90692215443403,0.099945068359375,214.9069221246691,0,Rp || Cp,Rp,Cp,53363.60633904889,1.1569655935776128e-09,1.1569655935776128e-09,53363.60633904889,1.33639765841302e-06,1.33639765841302e-06,1.0,52995.28320794123,-4418.075219491675,53179.12589479997,-0.08317499317302514,9.999999747378752e-05,0,9.999999747378752e-05,-0.08624267578125,0.083404541015625,-1.4190673469638426e-07,8.624267360257676e-06,off
1781065737.5243726,2026-06-10T12:28:57.524,87832961804656,,1,cf_0V,frequency,frequency,192.65756230919578,193,193,0.0,0.1,192.65756230919578,0.099945068359375,192.65756222353048,0,Rp || Cp,Rp,Cp,53648.77595737739,1.1625304663053055e-09,1.1625304663053055e-09,53648.77595737739,1.3264658036873665e-06,1.3264658036873665e-06,1.0,53344.72132081774,-4027.370091458841,53496.5326226783,-0.07535411769613087,9.999999747378752e-05,0,9.999999747378752e-05,-0.08624267578125,0.084381103515625,-9.307861092988645e-08,8.624267360257676e-06,off
1781065737.986584,2026-06-10T12:28:57.986,87832987322736,,1,cf_0V,frequency,frequency,172.71168347127087,194,194,0.0,0.1,172.71168347127087,0.099945068359375,172.7116834615572,0,Rp || Cp,Rp,Cp,53393.58988468552,1.1445875502611547e-09,1.1445875502611547e-09,53393.58988468552,1.328289810263371e-06,1.328289810263371e-06,1.0,53159.78013028851,-3525.5177117781695,53276.556745314156,-0.06622229443199983,9.999999747378752e-05,0,9.999999747378752e-05,-0.08624267578125,0.084381103515625,-9.307861092988645e-08,8.624267360257676e-06,off
1781065738.4281523,2026-06-10T12:28:58.428,87833012554096,,1,cf_0V,frequency,frequency,154.83080575683516,195,195,0.0,0.1,154.83080575683516,0.099945068359375,154.83080566980334,0,Rp || Cp,Rp,Cp,53559.010214386384,1.1892815567996998e-09,1.1892815567996998e-09,53559.010214386384,1.3267352196631818e-06,1.3267352196631818e-06,1.0,53354.14082746377,-3306.1503476256667,53456.47737700215,-0.06188701314861001,9.999999747378752e-05,0,9.999999747378752e-05,-0.083984375,0.084381103515625,1.9836425280139736e-08,8.438110138397903e-06,off
1781065738.8769052,2026-06-10T12:28:58.876,87833039792496,,1,cf_0V,frequency,frequency,138.8011391556985,196,196,0.0,0.1,138.8011391556985,0.099945068359375,138.80113911568515,0,Rp || Cp,Rp,Cp,53362.7455470253,1.1761884579208685e-09,1.1761884579208685e-09,53362.7455470253,1.3332219277550359e-06,1.3332219277550359e-06,1.0,53203.33581947253,-2912.237845348532,53282.98106888774,-0.05468330950883308,9.999999747378752e-05,0,9.999999747378752e-05,-0.083984375,0.08245849609375,-7.629394338515283e-08,8.398437287837623e-06,off
1781065739.280825,2026-06-10T12:28:59.280,87833066744176,,1,cf_0V,frequency,frequency,124.43102738338021,197,197,0.0,0.1,124.43102738338021,0.099945068359375,124.43102740178347,0,Rp || Cp,Rp,Cp,52290.03596748837,1.1644475745156815e-09,1.1644475745156815e-09,52290.03596748837,1.3588415205054647e-06,1.3588415205054647e-06,1.0,52171.80513798152,-2483.609429506492,52230.88709905136,-0.04756852605997418,9.999999747378752e-05,0,9.999999747378752e-05,-0.083984375,0.0880126953125,2.0141601053680347e-07,8.80126930891123e-06,off
1781065739.684766,2026-06-10T12:28:59.684,87833090828656,,1,cf_0V,frequency,frequency,111.54865637172875,198,198,0.0,0.1,111.54865637172875,0.099945068359375,111.54865639184663,0,Rp || Cp,Rp,Cp,52460.16647322346,1.1681777012332983e-09,1.1681777012332983e-09,52460.16647322346,1.3488262451333282e-06,1.3488262451333282e-06,1.0,52363.56255032579,-2249.11661753213,52411.84225460063,-0.04292555602388412,9.999999747378752e-05,0,9.999999747378752e-05,-0.08642578125,0.0880126953125,7.934570112055894e-08,8.80126930891123e-06,off
1781065740.1333177,2026-06-10T12:29:00.133,87833116920176,,1,cf_0V,frequency,frequency,100.0,199,199,0.0,0.1,100.0,0.099945068359375,99.99999996068709,0,Rp || Cp,Rp,Cp,53073.55469959575,1.14103960758254e-09,1.14103960758254e-09,53073.55469959575,1.339742601657476e-06,1.339742601657476e-06,1.0,52996.824314981444,-2016.5482173816556,53035.17563076447,-0.03803201195059441,9.999999747378752e-05,0,9.999999747378752e-05,-0.0888671875,0.0880126953125,-4.2724608295685584e-08,8.886718525502602e-06,off
1781065740.5851514,2026-06-10T12:29:00.585,87833143871856,,1,cf_0V,frequency,frequency,0.0,200,200,0.0,0.1,0.0,0.099945068359375,0.0,0,Rp || Cp,Rp,Cp,108.61696845122093,nan,nan,108.61696845122093,8.80188061400166e-08,8.80188061400166e-08,1.0,-108.61696845029894,-0.0004475333132156692,108.61696845122091,-3.1415885333006743,9.999999747378752e-05,0,9.999999747378752e-05,-1.0,0.0880126953125,-4.559936408243814e-05,9.999999747378752e-05,off
