timestamp_unix,timestamp_iso,sample_timestamp,sample_clockbase,block_index,block_name,mode,sweep_variable,sweep_value,point_index_block,point_index_total,set_bias_V,set_amplitude_V,set_frequency_Hz,measured_drive_V,measured_frequency_Hz,model,model_name,param0_name,param1_name,param0,param1,C_F,R_Ohm,demod_R_raw,demod_R,demod_R_gain,Z_real_Ohm,Z_imag_Ohm,Z_abs_Ohm,Z_phase_rad,imps_current_range_A,currin_index,currin_range_A,currin_norm_min,currin_norm_max,currin_est_A,currin_peak_A,iv_autorange_mode
1781066902.1651392,2026-06-10T12:48:22.165,87902821706096,,1,cf_0V,frequency,frequency,0.0,1,1,0.0,0.1,0.0,0.099945068359375,0.0,0,Rp || Cp,Rp,Cp,108.61696845122093,nan,nan,108.61696845122093,108.61696845122091,108.61696845122091,1.0,-108.61696845029894,-0.0004475333132156692,108.61696845122091,-3.1415885333006743,0.0010000000474974513,0,0.0010000000474974513,-0.023590087890625,0.009063720703125,-7.263183938732709e-06,2.359008901109405e-05,off
1781066902.5710397,2026-06-10T12:48:22.571,87902863567216,,1,cf_0V,frequency,frequency,100.0,2,2,0.0,0.1,100.0,0.099945068359375,99.99999996068709,0,Rp || Cp,Rp,Cp,45509.427408088115,-8.941520877427722e-11,-8.941520877427722e-11,45509.427408088115,1.5669706689333885e-06,1.5669706689333885e-06,1.0,45509.129910258875,116.35663865419491,45509.2786589304,0.002556770154462648,0.0010000000474974513,0,0.0010000000474974513,-0.02410888671875,0.0115966796875,-6.256103812773972e-06,2.4108887863860673e-05,off
1781066903.5939574,2026-06-10T12:48:23.593,87902923778416,,1,cf_0V,frequency,frequency,111.67312606580774,3,3,0.0,0.1,111.67312606580774,0.099945068359375,111.6731259998005,0,Rp || Cp,Rp,Cp,45966.830385317466,4.53847250090385e-10,4.53847250090385e-10,45966.830385317466,1.5601598430106811e-06,1.5601598430106811e-06,1.0,45956.98308625754,-672.7199687406359,45961.90647206558,-0.014636990537041473,9.999999747378752e-05,0,9.999999747378752e-05,-0.07470703125,0.088470458984375,6.881713693340785e-07,8.847045674942322e-06,off
1781066903.9578412,2026-06-10T12:48:23.957,87902948436336,,1,cf_0V,frequency,frequency,124.70887085309788,4,4,0.0,0.1,124.70887085309788,0.099945068359375,124.70887085669347,0,Rp || Cp,Rp,Cp,46035.059214020184,4.501002264716603e-10,4.501002264716603e-10,46035.059214020184,1.5500854724323714e-06,1.5500854724323714e-06,1.0,46022.92743347027,-747.221557429632,46028.99292405123,-0.016234428205025055,9.999999747378752e-05,0,9.999999747378752e-05,-0.082489013671875,0.088470458984375,2.990722580697991e-07,8.847045674942322e-06,off
1781066904.3627713,2026-06-10T12:48:24.362,87902970800496,,1,cf_0V,frequency,frequency,139.2662945630255,5,5,0.0,0.1,139.2662945630255,0.099945068359375,139.26629449656502,0,Rp || Cp,Rp,Cp,45927.51460918061,4.513512388225059e-10,4.513512388225059e-10,45927.51460918061,1.5487232849958876e-06,1.5487232849958876e-06,1.0,45912.408347020144,-832.8054255997232,45919.96085691312,-0.018137016464241346,9.999999747378752e-05,0,9.999999747378752e-05,-0.082489013671875,0.088470458984375,2.990722580697991e-07,8.847045674942322e-06,off
1781066904.8331294,2026-06-10T12:48:24.833,87902996031856,,1,cf_0V,frequency,frequency,155.52302469454662,6,6,0.0,0.1,155.52302469454662,0.099945068359375,155.52302464527656,0,Rp || Cp,Rp,Cp,45868.09880639456,4.460114138807922e-10,4.460114138807922e-10,45868.09880639456,1.5616297140330817e-06,1.5616297140330817e-06,1.0,45849.77567211884,-916.5760176614399,45858.93632412088,-0.01998818827679195,9.999999747378752e-05,0,9.999999747378752e-05,-0.082489013671875,0.088470458984375,2.990722580697991e-07,8.847045674942322e-06,off
1781066905.2041175,2026-06-10T12:48:25.204,87903021836656,,1,cf_0V,frequency,frequency,173.67742342849834,7,7,0.0,0.1,173.67742342849834,0.099945068359375,173.6774233762617,0,Rp || Cp,Rp,Cp,45228.937316872005,4.4375187925567935e-10,4.4375187925567935e-10,45228.937316872005,1.5629864603177806e-06,1.5629864603177806e-06,1.0,45207.25190089448,-990.1202263724225,45218.093308913405,-0.021898299802406047,9.999999747378752e-05,0,9.999999747378752e-05,-0.086944580078125,0.08331298828125,-1.8157958525666373e-07,8.694457788172016e-06,off
1781066905.660262,2026-06-10T12:48:25.660,87903047354736,,1,cf_0V,frequency,frequency,193.95100801315368,8,8,0.0,0.1,193.95100801315368,0.099945068359375,193.9510080006812,0,Rp || Cp,Rp,Cp,46023.51070267288,4.547865005327808e-10,4.547865005327808e-10,46023.51070267288,1.5447411273658801e-06,1.5447411273658801e-06,1.0,45993.58697336431,-1173.1579802058784,46008.54640523811,-0.025501460860854364,9.999999747378752e-05,0,9.999999747378752e-05,-0.086944580078125,0.082305908203125,-2.319335878908646e-07,8.694457788172016e-06,off
1781066906.107306,2026-06-10T12:48:26.107,87903074306416,,1,cf_0V,frequency,frequency,216.59115368443398,9,9,0.0,0.1,216.59115368443398,0.099945068359375,216.5911537588272,0,Rp || Cp,Rp,Cp,45432.7524897393,4.595431212717153e-10,4.595431212717153e-10,45432.7524897393,1.560183129672891e-06,1.560183129672891e-06,1.0,45396.10448034084,-1289.8359832355357,45414.42478831666,-0.02840528000534174,9.999999747378752e-05,0,9.999999747378752e-05,-0.086944580078125,0.082305908203125,-2.319335878908646e-07,8.694457788172016e-06,off
1781066906.5071669,2026-06-10T12:48:26.507,87903101544816,,1,cf_0V,frequency,frequency,241.8741121014056,10,10,0.0,0.1,241.8741121014056,0.099945068359375,241.87411220566446,0,Rp || Cp,Rp,Cp,45406.80026846583,4.6225136079595386e-10,4.6225136079595386e-10,45406.80026846583,1.5696623507983728e-06,1.5696623507983728e-06,1.0,45360.64556820939,-1446.9301986065414,45383.717050990366,-0.03188754760423295,9.999999747378752e-05,0,9.999999747378752e-05,-0.084503173828125,0.080291748046875,-2.105712837430218e-07,8.450317169339527e-06,off
1781066906.9098287,2026-06-10T12:48:26.909,87903125629296,,1,cf_0V,frequency,frequency,270.1083821275558,11,11,0.0,0.1,270.1083821275558,0.099945068359375,270.1083821676775,0,Rp || Cp,Rp,Cp,45750.09882006597,4.512882000487337e-10,4.512882000487337e-10,45750.09882006597,1.5564934525793799e-06,1.5564934525793799e-06,1.0,45693.995698544975,-1601.117045520212,45722.038654155636,-0.035025657510066616,9.999999747378752e-05,0,9.999999747378752e-05,-0.07904052734375,0.080291748046875,6.256103357582532e-08,8.029174601853484e-06,off
1781066907.3655133,2026-06-10T12:48:27.365,87903152580976,,1,cf_0V,frequency,frequency,301.6384740876191,12,12,0.0,0.1,301.6384740876191,0.099945068359375,301.6384739851219,0,Rp || Cp,Rp,Cp,45824.17776886338,4.6472480572882163e-10,4.6472480572882163e-10,45824.17776886338,1.5494025903671922e-06,1.5494025903671922e-06,1.0,45749.65275251292,-1846.4814159392308,45786.90009811673,-0.04033866182629672,9.999999747378752e-05,0,9.999999747378752e-05,-0.07904052734375,0.080291748046875,6.256103357582532e-08,8.029174601853484e-06,off
1781066907.8127875,2026-06-10T12:48:27.812,87903178672496,,1,cf_0V,frequency,frequency,336.849113430846,13,13,0.0,0.1,336.849113430846,0.099945068359375,336.84911350917446,0,Rp || Cp,Rp,Cp,45813.23528145206,4.6361676673743995e-10,4.6361676673743995e-10,45813.23528145206,1.5611159386830996e-06,1.5611159386830996e-06,1.0,45720.841028770636,-2055.320641364621,45767.014839477306,-0.044923448121358865,9.999999747378752e-05,0,9.999999747378752e-05,-0.081451416015625,0.078094482421875,-1.6784667544733622e-07,8.145141395798916e-06,off
1781066908.2163486,2026-06-10T12:48:28.216,87903203903856,,1,cf_0V,frequency,frequency,376.169935093184,14,14,0.0,0.1,376.169935093184,0.099945068359375,376.1699350945946,0,Rp || Cp,Rp,Cp,45805.31184876073,4.648725821295087e-10,4.648725821295087e-10,45805.31184876073,1.5549122611844902e-06,1.5549122611844902e-06,1.0,45689.58219832926,-2299.48676364364,45747.41042763031,-0.0502860411425066,9.999999747378752e-05,0,9.999999747378752e-05,-0.081451416015625,0.078094482421875,-1.6784667544733622e-07,8.145141395798916e-06,off
1781066908.6287954,2026-06-10T12:48:28.628,87903228561776,,1,cf_0V,frequency,frequency,420.08072583827897,15,15,0.0,0.1,420.08072583827897,0.099945068359375,420.08072583143985,0,Rp || Cp,Rp,Cp,45698.76103729615,4.6416354049133223e-10,4.6416354049133223e-10,45698.76103729615,1.5537544862345878e-06,1.5537544862345878e-06,1.0,45555.96328146441,-2550.5468671142244,45627.30629593948,-0.055928724578374445,9.999999747378752e-05,0,9.999999747378752e-05,-0.081451416015625,0.079681396484375,-8.850097432677728e-08,8.145141395798916e-06,off
1781066909.06688,2026-06-10T12:48:29.066,87903250925936,,1,cf_0V,frequency,frequency,469.11727854354143,16,16,0.0,0.1,469.11727854354143,0.099945068359375,469.11727856979724,0,Rp || Cp,Rp,Cp,45941.72586941365,4.643231801487151e-10,4.643231801487151e-10,45941.72586941365,1.554287895079695e-06,1.554287895079695e-06,1.0,45760.81208402488,-2877.2837428006505,45851.17974846473,-0.06279392418399024,9.999999747378752e-05,0,9.999999747378752e-05,-0.081451416015625,0.079681396484375,-8.850097432677728e-08,8.145141395798916e-06,off
1781066909.5148642,2026-06-10T12:48:29.514,87903277877616,,1,cf_0V,frequency,frequency,523.8779298644155,17,17,0.0,0.1,523.8779298644155,0.099945068359375,523.877929836658,0,Rp || Cp,Rp,Cp,45889.320269879885,4.625198792265004e-10,4.625198792265004e-10,45889.320269879885,1.545209307489474e-06,1.545209307489474e-06,1.0,45666.4249179307,-3190.4284750395345,45777.73693226156,-0.0697504317413288,9.999999747378752e-05,0,9.999999747378752e-05,-0.083465576171875,0.0819091796875,-7.781982225285589e-08,8.34655740633572e-06,off
1781066909.9275365,2026-06-10T12:48:29.927,87903306262896,,1,cf_0V,frequency,frequency,585.0308610484332,18,18,0.0,0.1,585.0308610484332,0.099945068359375,585.0308610888533,0,Rp || Cp,Rp,Cp,45688.63098415394,4.601541861567674e-10,4.601541861567674e-10,45688.63098415394,1.55769969506955e-06,1.55769969506955e-06,1.0,45417.38553272532,-3509.880231793084,45552.80636656471,-0.07712724523051331,9.999999747378752e-05,0,9.999999747378752e-05,-0.083465576171875,0.082550048828125,-4.57763660310917e-08,8.34655740633572e-06,off
1781066910.3835158,2026-06-10T12:48:30.383,87903332067696,,1,cf_0V,frequency,frequency,653.3222509824973,19,19,0.0,0.1,653.3222509824973,0.099945068359375,653.3222509119696,0,Rp || Cp,Rp,Cp,46390.39110993383,4.6251803360949363e-10,4.6251803360949363e-10,46390.39110993383,1.5384837501945945e-06,1.5384837501945945e-06,1.0,46033.282770642814,-4054.487533873799,46211.491988511894,-0.08785060377563156,9.999999747378752e-05,0,9.999999747378752e-05,-0.083465576171875,0.082550048828125,-4.57763660310917e-08,8.34655740633572e-06,off
1781066910.7758539,2026-06-10T12:48:30.775,87903357585776,,1,cf_0V,frequency,frequency,729.585380955657,20,20,0.0,0.1,729.585380955657,0.099945068359375,729.5853809097252,0,Rp || Cp,Rp,Cp,46617.045032298614,4.6314007948441285e-10,4.6314007948441285e-10,46617.045032298614,1.5618006111953152e-06,1.5618006111953152e-06,1.0,46164.837792934355,-4569.034236470754,46390.39040902741,-0.09865089714352072,9.999999747378752e-05,0,9.999999747378752e-05,-0.083465576171875,0.082550048828125,-4.57763660310917e-08,8.34655740633572e-06,off
1781066911.188247,2026-06-10T12:48:31.188,87903381670256,,1,cf_0V,frequency,frequency,814.7508022323145,21,21,0.0,0.1,814.7508022323145,0.099945068359375,814.7508022915417,0,Rp || Cp,Rp,Cp,45436.305967402084,4.604691622882162e-10,4.604691622882162e-10,45436.305967402084,1.5635412286646028e-06,1.5635412286646028e-06,1.0,44920.99917125732,-4811.246840743305,45177.917865995805,-0.10669787579951269,9.999999747378752e-05,0,9.999999747378752e-05,-0.09375,0.0794677734375,-7.141113100850305e-07,9.37499976316758e-06,off
1781066911.5788693,2026-06-10T12:48:31.578,87903404607856,,1,cf_0V,frequency,frequency,909.8576904990725,22,22,0.0,0.1,909.8576904990725,0.099945068359375,909.8576904165157,0,Rp || Cp,Rp,Cp,45933.62020824767,4.6297098290684727e-10,4.6297098290684727e-10,45933.62020824767,1.5607579583127556e-06,1.5607579583127556e-06,1.0,45264.60755591131,-5502.962398376417,45597.88692854755,-0.12097948653879176,9.999999747378752e-05,0,9.999999747378752e-05,-0.09375,0.080535888671875,-6.607055497154235e-07,9.37499976316758e-06,off
1781066911.9809144,2026-06-10T12:48:31.980,87903429839216,,1,cf_0V,frequency,frequency,1016.0665257304771,23,23,0.0,0.1,1016.0665257304771,0.099945068359375,1016.0665256364609,0,Rp || Cp,Rp,Cp,45845.38095043537,4.621719093323863e-10,4.621719093323863e-10,45845.38095043537,1.5599019091663032e-06,1.5599019091663032e-06,1.0,45021.57863885212,-6090.064084540771,45431.61260276988,-0.13445377981619536,9.999999747378752e-05,0,9.999999747378752e-05,-0.09375,0.080535888671875,-6.607055497154235e-07,9.37499976316758e-06,off
1781066912.4323854,2026-06-10T12:48:32.432,87903451629936,,1,cf_0V,frequency,frequency,1134.6732521914685,24,24,0.0,0.1,1134.6732521914685,0.099945068359375,1134.67325220995,0,Rp || Cp,Rp,Cp,45600.73280096435,4.6141792261199617e-10,4.6141792261199617e-10,45600.73280096435,1.5746016386108956e-06,1.5746016386108956e-06,1.0,44597.17750354726,-6689.9726257687535,45096.163639676015,-0.1488986316969712,9.999999747378752e-05,0,9.999999747378752e-05,-0.09375,0.080535888671875,-6.607055497154235e-07,9.37499976316758e-06,off
1781066912.8671477,2026-06-10T12:48:32.867,87903481162096,,1,cf_0V,frequency,frequency,1267.1250913547792,25,25,0.0,0.1,1267.1250913547792,0.099945068359375,1267.1250913598442,0,Rp || Cp,Rp,Cp,45825.92240301919,4.618394364368332e-10,4.618394364368332e-10,45825.92240301919,1.5761333113000678e-06,1.5761333113000678e-06,1.0,44560.73311719715,-7508.512642877625,45188.9001642032,-0.16693256443912746,9.999999747378752e-05,0,9.999999747378752e-05,-0.081634521484375,0.07952880859375,-1.052856418715109e-07,8.163451942211353e-06,off
1781066913.3142514,2026-06-10T12:48:33.314,87903506966896,,1,cf_0V,frequency,frequency,1415.0382006801042,26,26,0.0,0.1,1415.0382006801042,0.099945068359375,1415.0382007471762,0,Rp || Cp,Rp,Cp,45424.78815234988,4.615791597390385e-10,4.615791597390385e-10,45424.78815234988,1.5849414059362471e-06,1.5849414059362471e-06,1.0,43899.22182995495,-8183.591778866005,44655.49072262801,-0.1843021986229159,9.999999747378752e-05,0,9.999999747378752e-05,-0.081634521484375,0.079925537109375,-8.544921659137117e-08,8.163451942211353e-06,off
1781066913.7389483,2026-06-10T12:48:33.738,87903534205296,,1,cf_0V,frequency,frequency,1580.2173937248301,27,27,0.0,0.1,1580.2173937248301,0.099945068359375,1580.217393737371,0,Rp || Cp,Rp,Cp,45867.153369921,4.6157840207921916e-10,4.6157840207921916e-10,45867.153369921,1.5813880411692066e-06,1.5813880411692066e-06,1.0,43926.21507016317,-9233.529833876059,44886.194353980485,-0.20718895904239948,9.999999747378752e-05,0,9.999999747378752e-05,-0.080108642578125,0.079925537109375,-9.15527320621834e-09,8.010864055441047e-06,off
1781066914.1491868,2026-06-10T12:48:34.149,87903559436656,,1,cf_0V,frequency,frequency,1764.6781622081528,28,28,0.0,0.1,1764.6781622081528,0.099945068359375,1764.6781621039054,0,Rp || Cp,Rp,Cp,45646.10067926113,4.6080917059619726e-10,4.6080917059619726e-10,45646.10067926113,1.609986822163278e-06,1.609986822163278e-06,1.0,43291.36773001541,-10096.514745781355,44453.14533244188,-0.22912668281308354,9.999999747378752e-05,0,9.999999747378752e-05,-0.0850830078125,0.08251953125,-1.2817382488705675e-07,8.508300566312244e-06,off
1781066914.6720567,2026-06-10T12:48:34.672,87903584094576,,1,cf_0V,frequency,frequency,1970.6712687384897,29,29,0.0,0.1,1970.6712687384897,0.099945068359375,1970.6712688360994,0,Rp || Cp,Rp,Cp,45891.578799826006,4.6070948630796754e-10,4.6070948630796754e-10,45891.578799826006,1.6169379581267784e-06,1.6169379581267784e-06,1.0,42948.15418517652,-11243.427154671734,44395.4795232139,-0.2560446352134259,9.999999747378752e-05,0,9.999999747378752e-05,-0.0850830078125,0.090423583984375,2.670288018480349e-07,9.042358170008313e-06,off
1781066915.0930574,2026-06-10T12:48:35.093,87903613626736,,1,cf_0V,frequency,frequency,2200.7102102809863,30,30,0.0,0.1,2200.7102102809863,0.099945068359375,2200.7102103316356,0,Rp || Cp,Rp,Cp,45879.13892118796,4.603985727591022e-10,4.603985727591022e-10,45879.13892118796,1.616173772651564e-06,1.616173772651564e-06,1.0,42272.96538988812,-12346.807234203032,44039.15589260593,-0.28416888106119537,9.999999747378752e-05,0,9.999999747378752e-05,-0.0850830078125,0.090423583984375,2.670288018480349e-07,9.042358170008313e-06,off
1781066915.495458,2026-06-10T12:48:35.495,87903638284656,,1,cf_0V,frequency,frequency,2457.6018874701913,31,31,0.0,0.1,2457.6018874701913,0.099945068359375,2457.6018875421823,0,Rp || Cp,Rp,Cp,45868.34919019113,4.6030955475462077e-10,4.6030955475462077e-10,45868.34919019113,1.625656499361224e-06,1.625656499361224e-06,1.0,41461.263151203486,-13517.52026047906,43609.16986237878,-0.315161137519208,9.999999747378752e-05,0,9.999999747378752e-05,-0.081787109375,0.090423583984375,4.31823719559965e-07,9.042358170008313e-06,off
1781066915.897034,2026-06-10T12:48:35.897,87903664949616,,1,cf_0V,frequency,frequency,2744.480853990254,32,32,0.0,0.1,2744.480853990254,0.099945068359375,2744.480853991149,0,Rp || Cp,Rp,Cp,45956.564843924534,4.600785820672372e-10,4.600785820672372e-10,45956.564843924534,1.6700849224326918e-06,1.6700849224326918e-06,1.0,40564.1677377477,-14789.79718331195,43176.264370364814,-0.349624046299566,9.999999747378752e-05,0,9.999999747378752e-05,-0.081787109375,0.090423583984375,4.31823719559965e-07,9.042358170008313e-06,off
1781066916.40626,2026-06-10T12:48:36.406,87903689034096,,1,cf_0V,frequency,frequency,3064.8475639284966,33,33,0.0,0.1,3064.8475639284966,0.099945068359375,3064.8475640049355,0,Rp || Cp,Rp,Cp,45611.371062579674,4.5986574571925583e-10,4.5986574571925583e-10,45611.371062579674,1.675401585659819e-06,1.675401585659819e-06,1.0,39213.677374966544,-15839.100233596637,42291.72010545189,-0.3838791763022858,9.999999747378752e-05,0,9.999999747378752e-05,-0.081634521484375,0.084991455078125,1.6784667544733622e-07,8.499145293106025e-06,off
1781066916.8638844,2026-06-10T12:48:36.863,87903720860016,,1,cf_0V,frequency,frequency,3422.6110837907077,34,34,0.0,0.1,3422.6110837907077,0.099945068359375,3422.6110837209944,0,Rp || Cp,Rp,Cp,45518.27218326533,4.5973514170093446e-10,4.5973514170093446e-10,45518.27218326533,1.7147397393440704e-06,1.7147397393440704e-06,1.0,37852.49350887205,-17034.34288468215,41508.79548182677,-0.42286976176974767,9.999999747378752e-05,0,9.999999747378752e-05,-0.081634521484375,0.08453369140625,1.4495849243179038e-07,8.453368927074933e-06,off
1781066917.2634933,2026-06-10T12:48:37.263,87903744944496,,1,cf_0V,frequency,frequency,3822.1367903439054,35,35,0.0,0.1,3822.1367903439054,0.099945068359375,3822.136790319064,0,Rp || Cp,Rp,Cp,45010.289066200836,4.593897280205448e-10,4.593897280205448e-10,45010.289066200836,1.739176695011136e-06,1.739176695011136e-06,1.0,36107.01175865732,-17929.605083048,40313.60857792165,-0.4608986518951767,9.999999747378752e-05,0,9.999999747378752e-05,-0.0804443359375,0.08135986328125,4.57763660310917e-08,8.135986122592698e-06,off
1781066917.6535835,2026-06-10T12:48:37.653,87903770175856,,1,cf_0V,frequency,frequency,4268.299636288371,36,36,0.0,0.1,4268.299636288371,0.099945068359375,4268.299636294159,0,Rp || Cp,Rp,Cp,45461.462041093655,4.5916512770674235e-10,4.5916512770674235e-10,45461.462041093655,1.7858927233344585e-06,1.7858927233344585e-06,1.0,34613.66191580365,-19377.36014185112,39668.47208159846,-0.5103499620085268,9.999999747378752e-05,0,9.999999747378752e-05,-0.0804443359375,0.081268310546875,4.119872942798253e-08,8.12683084938648e-06,off
1781066918.1107833,2026-06-10T12:48:38.110,87903794547056,,1,cf_0V,frequency,frequency,4766.543633698721,37,37,0.0,0.1,4766.543633698721,0.099945068359375,4766.543633607512,0,Rp || Cp,Rp,Cp,45802.49705839675,4.5893887446560087e-10,4.5893887446560087e-10,45802.49705839675,1.8389034177624771e-06,1.8389034177624771e-06,1.0,32802.1017666943,-20650.43073075419,38761.03932660019,-0.5618616451707714,9.999999747378752e-05,0,9.999999747378752e-05,-0.0814208984375,0.081268310546875,-7.629394338515283e-09,8.14208963806351e-06,off
1781066918.5592785,2026-06-10T12:48:38.559,87903822072176,,1,cf_0V,frequency,frequency,5322.948281042111,38,38,0.0,0.1,5322.948281042111,0.099945068359375,5322.948280976902,0,Rp || Cp,Rp,Cp,45673.982489231144,4.586158178030393e-10,4.586158178030393e-10,45673.982489231144,1.907662482181802e-06,1.907662482181802e-06,1.0,30637.334585325312,-21463.522843971663,37407.60729272675,-0.6111067779616914,9.999999747378752e-05,0,9.999999747378752e-05,-0.086181640625,0.0811767578125,-2.502441343033013e-07,8.618163844786864e-06,off
1781066918.9909928,2026-06-10T12:48:38.990,87903847303536,,1,cf_0V,frequency,frequency,5944.302744305904,39,39,0.0,0.1,5944.302744305904,0.099945068359375,5944.302744325114,0,Rp || Cp,Rp,Cp,45190.09878206193,4.584671614662526e-10,4.584671614662526e-10,45190.09878206193,1.978356781376525e-06,1.978356781376525e-06,1.0,28265.428914021948,-21871.969574054674,35739.57924685182,-0.65856392371939,9.999999747378752e-05,0,9.999999747378752e-05,-0.086181640625,0.080352783203125,-2.914428637312838e-07,8.618163844786864e-06,off
1781066919.3935852,2026-06-10T12:48:39.393,87903873108336,,1,cf_0V,frequency,frequency,6638.188697382001,40,40,0.0,0.1,6638.188697382001,0.099945068359375,6638.188697394298,0,Rp || Cp,Rp,Cp,45537.34501213782,4.5833031600351165e-10,4.5833031600351165e-10,45537.34501213782,2.064830930439329e-06,2.064830930439329e-06,1.0,25905.95344822519,-22551.494761514172,34346.59138896044,-0.7162835919711044,9.999999747378752e-05,0,9.999999747378752e-05,-0.086181640625,0.08294677734375,-1.61743159976524e-07,8.618163844786864e-06,off
1781066919.8397183,2026-06-10T12:48:39.839,87903896906096,,1,cf_0V,frequency,frequency,7413.07283251361,41,41,0.0,0.1,7413.07283251361,0.099945068359375,7413.072832491707,0,Rp || Cp,Rp,Cp,45452.61678197988,4.580079640978788e-10,4.580079640978788e-10,45452.61678197988,2.182099637856394e-06,2.182099637856394e-06,1.0,23426.77227427674,-22715.51107570751,32631.39749721749,-0.7699848630293427,9.999999747378752e-05,0,9.999999747378752e-05,-0.086181640625,0.084991455078125,-5.950927584041921e-08,8.618163844786864e-06,off
1781066920.281602,2026-06-10T12:48:40.281,87903927585136,,1,cf_0V,frequency,frequency,8278.410169603068,42,42,0.0,0.1,8278.410169603068,0.099945068359375,8278.410169637595,0,Rp || Cp,Rp,Cp,45671.47533989332,4.577926602121156e-10,4.577926602121156e-10,45671.47533989332,2.3011368660533766e-06,2.3011368660533766e-06,1.0,20924.126311098138,-22755.585181298728,30913.358258625536,-0.8273028982060527,9.999999747378752e-05,0,9.999999747378752e-05,-0.08294677734375,0.0859375,1.4953612903489955e-07,8.593749782903615e-06,off
1781066920.7478435,2026-06-10T12:48:40.747,87903951096176,,1,cf_0V,frequency,frequency,9244.759424945483,43,43,0.0,0.1,9244.759424945483,0.099945068359375,9244.759424973381,0,Rp || Cp,Rp,Cp,45291.5320554394,4.575724594918983e-10,4.575724594918983e-10,45291.5320554394,2.4496162107427958e-06,2.4496162107427958e-06,1.0,18492.972117600366,-22261.73896447219,28940.88871241939,-0.8776102941800333,9.999999747378752e-05,0,9.999999747378752e-05,-0.0841064453125,0.09173583984375,3.8146971692576415e-07,9.173583752630776e-06,off
1781066921.1724954,2026-06-10T12:48:41.172,87903978334576,,1,cf_0V,frequency,frequency,10323.911847100022,44,44,0.0,0.1,10323.911847100022,0.099945068359375,10323.911847009982,0,Rp || Cp,Rp,Cp,45458.67719628336,4.5728539421707323e-10,4.5728539421707323e-10,45458.67719628336,2.633305665928148e-06,2.633305665928148e-06,1.0,16130.03709241383,-21750.219602235546,27078.592085780925,-0.9326907273333198,9.999999747378752e-05,0,9.999999747378752e-05,-0.087677001953125,0.09173583984375,2.0294188940450653e-07,9.173583752630776e-06,off
1781066921.621808,2026-06-10T12:48:41.621,87904008153456,,1,cf_0V,frequency,frequency,11529.035091934857,45,45,0.0,0.1,11529.035091934857,0.099945068359375,11529.035091939477,0,Rp || Cp,Rp,Cp,45229.38676509639,4.5708600217250094e-10,4.5708600217250094e-10,45229.38676509639,2.8338865876619984e-06,2.8338865876619984e-06,1.0,13947.80360256293,-20888.019971463455,25116.73951100985,-0.9820497844225068,9.999999747378752e-05,0,9.999999747378752e-05,-0.094268798828125,0.092010498046875,-1.1291503621002619e-07,9.426879644669484e-06,off
1781066922.071463,2026-06-10T12:48:42.071,87904032524656,,1,cf_0V,frequency,frequency,12874.833892387638,46,46,0.0,0.1,12874.833892387638,0.099945068359375,12874.83389234012,0,Rp || Cp,Rp,Cp,45467.792625100345,4.568190898194111e-10,4.568190898194111e-10,45467.792625100345,3.060369609598817e-06,3.060369609598817e-06,1.0,11892.649859598892,-19982.427702763085,23253.65643461628,-1.0339466431753115,9.999999747378752e-05,0,9.999999747378752e-05,-0.094268798828125,0.09356689453125,-3.50952139571703e-08,9.426879644669484e-06,off
1781066922.5272255,2026-06-10T12:48:42.527,87904059476336,,1,cf_0V,frequency,frequency,14377.729483409405,47,47,0.0,0.1,14377.729483409405,0.099945068359375,14377.729483356916,0,Rp || Cp,Rp,Cp,45195.583349830034,4.566180769434719e-10,4.566180769434719e-10,45195.583349830034,3.3321732673809685e-06,3.3321732673809685e-06,1.0,10098.05960113564,-18825.96310063816,21363.232301659722,-1.0784622120905545,9.999999747378752e-05,0,9.999999747378752e-05,-0.109161376953125,0.097320556640625,-5.92041000668786e-07,1.0916137419547667e-05,off
1781066922.9720936,2026-06-10T12:48:42.972,87904086714736,,1,cf_0V,frequency,frequency,16056.059971408577,48,48,0.0,0.1,16056.059971408577,0.099945068359375,16056.059971489845,0,Rp || Cp,Rp,Cp,45106.75167350612,4.563801682952915e-10,4.563801682952915e-10,45106.75167350612,3.6359096740649847e-06,3.6359096740649847e-06,1.0,8489.964936429213,-17631.65436033979,19569.22942029876,-1.1220430614425765,9.999999747378752e-05,0,9.999999747378752e-05,-0.109161376953125,0.10760498046875,-7.781982225285589e-08,1.0916137419547667e-05,off
1781066923.3299217,2026-06-10T12:48:43.329,87904111372656,,1,cf_0V,frequency,frequency,17930.304093072773,49,49,0.0,0.1,17930.304093072773,0.099945068359375,17930.304093098926,0,Rp || Cp,Rp,Cp,45038.41393439502,4.5615192447051483e-10,4.5615192447051483e-10,45038.41393439502,3.983994840224783e-06,3.983994840224783e-06,1.0,7084.872787536847,-16398.04899559809,17863.130556473454,-1.1629645335466896,9.999999747378752e-05,0,9.999999747378752e-05,-0.109161376953125,0.107940673828125,-6.103515470812226e-08,1.0916137419547667e-05,off
1781066923.7784984,2026-06-10T12:48:43.778,87904133450096,,1,cf_0V,frequency,frequency,20023.331093839864,50,50,0.0,0.1,20023.331093839864,0.099945068359375,20023.331093881323,0,Rp || Cp,Rp,Cp,44819.40062838296,4.5591510032319637e-10,4.5591510032319637e-10,44819.40062838296,4.378503693604241e-06,4.378503693604241e-06,1.0,5890.353244950116,-15142.847835787708,16248.141491509568,-1.1998208338900485,9.999999747378752e-05,0,9.999999747378752e-05,-0.109161376953125,0.107940673828125,-6.103515470812226e-08,1.0916137419547667e-05,off
1781066924.1901865,2026-06-10T12:48:44.190,87904160688496,,1,cf_0V,frequency,frequency,22360.679774997894,51,51,0.0,0.1,22360.679774997894,0.099945068359375,22360.6797749909,0,Rp || Cp,Rp,Cp,44914.16254754814,4.557150408988714e-10,4.557150408988714e-10,44914.16254754814,4.825790748154884e-06,4.825790748154884e-06,1.0,4845.332476457678,-13933.657224042749,14752.086308198383,-1.2361335655068941,9.999999747378752e-05,0,9.999999747378752e-05,-0.11297607421875,0.12371826171875,5.371093614314759e-07,1.2371825859336383e-05,off
1781066924.6834662,2026-06-10T12:48:44.683,87904189073776,,1,cf_0V,frequency,frequency,24970.870114304947,52,52,0.0,0.1,24970.870114304947,0.099945068359375,24970.87011427368,0,Rp || Cp,Rp,Cp,44871.200704644165,4.5547877813368466e-10,4.5547877813368466e-10,44871.200704644165,5.328168383680971e-06,5.328168383680971e-06,1.0,3977.061502814695,-12752.980306984766,13358.724673692168,-1.2685005519393742,9.999999747378752e-05,0,9.999999747378752e-05,-0.125396728515625,0.133453369140625,4.0283202107360694e-07,1.3345336576930933e-05,off
1781066925.1308658,2026-06-10T12:48:45.130,87904214878576,,1,cf_0V,frequency,frequency,27885.751262476904,53,53,0.0,0.1,27885.751262476904,0.099945068359375,27885.751262459737,0,Rp || Cp,Rp,Cp,44736.0923516729,4.552364813116594e-10,4.552364813116594e-10,44736.0923516729,5.898407889356739e-06,5.898407889356739e-06,1.0,3257.6734611186084,-11624.248123165622,12072.099270971723,-1.2975575746237362,9.999999747378752e-05,0,9.999999747378752e-05,-0.1337890625,0.133453369140625,-1.6784667544733622e-08,1.33789059120204e-05,off
1781066925.5851538,2026-06-10T12:48:45.585,87904242116976,,1,cf_0V,frequency,frequency,31140.89016174344,54,54,0.0,0.1,31140.89016174344,0.099945068359375,31140.890161793777,0,Rp || Cp,Rp,Cp,44171.09268895663,4.5500068618910277e-10,4.5500068618910277e-10,44171.09268895663,6.537801301245975e-06,6.537801301245975e-06,1.0,2682.8875829364288,-10550.269679835741,10886.049609474312,-1.32177881235562,9.999999747378752e-05,0,9.999999747378752e-05,-0.137664794921875,0.13824462890625,2.8991698486358075e-08,1.3824462541389693e-05,off
1781066925.9985094,2026-06-10T12:48:45.998,87904269068656,,1,cf_0V,frequency,frequency,34776.005528338435,55,55,0.0,0.1,34776.005528338435,0.099945068359375,34776.005528271984,0,Rp || Cp,Rp,Cp,43787.360601400644,4.5480185027694456e-10,4.5480185027694456e-10,43787.360601400644,7.258295011386296e-06,7.258295011386296e-06,1.0,2196.5268490352782,-9558.000994498441,9807.14602773743,-1.34490813787176,9.999999747378752e-05,0,9.999999747378752e-05,-0.146026611328125,0.146148681640625,6.103515470812226e-09,1.4614867794859876e-05,off
1781066926.3903596,2026-06-10T12:48:46.390,87904294586736,,1,cf_0V,frequency,frequency,38835.452494313686,56,56,0.0,0.1,38835.452494313686,0.099945068359375,38835.45249436793,0,Rp || Cp,Rp,Cp,43580.01955157236,4.546175972801108e-10,4.546175972801108e-10,43580.01955157236,8.063601559194692e-06,8.063601559194692e-06,1.0,1788.1659922945305,-8644.696136340117,8827.701224308197,-1.366821812951601,9.999999747378752e-05,0,9.999999747378752e-05,-0.15289306640625,0.1552734375,1.1901855168083841e-07,1.5527343357746304e-05,off
1781066926.8058088,2026-06-10T12:48:46.805,87904316090736,,1,cf_0V,frequency,frequency,43368.76382220184,57,57,0.0,0.1,43368.76382220184,0.099945068359375,43368.763822186906,0,Rp || Cp,Rp,Cp,42768.52196184679,4.5436378514807425e-10,4.5436378514807425e-10,42768.52196184679,8.972071890252775e-06,8.972071890252775e-06,1.0,1472.7723746283225,-7798.669064758698,7936.516720141945,-1.3841453227374387,9.999999747378752e-05,0,9.999999747378752e-05,-0.167205810546875,0.170166015625,1.480102501671965e-07,1.7016601132624487e-05,off
1781066927.1957,2026-06-10T12:48:47.195,87904341608816,,1,cf_0V,frequency,frequency,48431.254296349834,58,58,0.0,0.1,48431.254296349834,0.099945068359375,48431.25429637496,0,Rp || Cp,Rp,Cp,41841.69484573345,4.5413665064341723e-10,4.5413665064341723e-10,41841.69484573345,9.982471187842635e-06,9.982471187842635e-06,1.0,1215.088022779193,-7026.016179651962,7130.311512117307,-1.3995489302203337,9.999999747378752e-05,0,9.999999747378752e-05,-0.1805419921875,0.1810302734375,2.4414061883248905e-08,1.8103026886429063e-05,off
1781066927.6409063,2026-06-10T12:48:47.640,87904365406576,,1,cf_0V,frequency,frequency,54084.69566561462,59,59,0.0,0.1,54084.69566561462,0.099945068359375,54084.69566560825,0,Rp || Cp,Rp,Cp,41184.09671939958,4.5393422986981953e-10,4.5393422986981953e-10,41184.09671939958,1.1113021815496946e-05,1.1113021815496946e-05,1.0,995.741838184315,-6325.917037317584,6403.805756839878,-1.4146706338447974,9.999999747378752e-05,0,9.999999747378752e-05,-0.192657470703125,0.1922607421875,-1.9836425280139736e-08,1.9265746583618792e-05,off
1781066928.1028497,2026-06-10T12:48:48.102,87904394365296,,1,cf_0V,frequency,frequency,60398.07037297046,60,60,0.0,0.1,60398.07037297046,0.099945068359375,60398.070372897906,0,Rp || Cp,Rp,Cp,40626.69105090977,4.537577348839157e-10,4.537577348839157e-10,40626.69105090977,1.2381790273104429e-05,1.2381790273104429e-05,1.0,813.4863813649175,-5691.001651481827,5748.848570786594,-1.428815558134646,9.999999747378752e-05,0,9.999999747378752e-05,-0.2156982421875,0.209503173828125,-3.097534101437205e-07,2.1569823673850408e-05,off
1781066928.546959,2026-06-10T12:48:48.546,87904419883376,,1,cf_0V,frequency,frequency,67448.41326892251,61,61,0.0,0.1,67448.41326892251,0.099945068359375,67448.4132688491,0,Rp || Cp,Rp,Cp,39942.44213412501,4.53595306769715e-10,4.53595306769715e-10,39942.44213412501,1.3798282753062401e-05,1.3798282753062401e-05,1.0,666.2237651057995,-5115.344571084684,5158.546712603977,-1.4412850709609588,9.999999747378752e-05,0,9.999999747378752e-05,-0.228668212890625,0.23052978515625,9.307861092988645e-08,2.305297793325778e-05,off
1781066928.9510906,2026-06-10T12:48:48.951,87904445688176,,1,cf_0V,frequency,frequency,75321.75157919075,62,62,0.0,0.1,75321.75157919075,0.099945068359375,75321.7515791249,0,Rp || Cp,Rp,Cp,39140.261570281444,4.534533713732664e-10,4.534533713732664e-10,39140.261570281444,1.5381186113943068e-05,1.5381186113943068e-05,1.0,547.0135128697541,-4594.673894079816,4627.121348765417,-1.4523002460193803,9.999999747378752e-05,0,9.999999747378752e-05,-0.255706787109375,0.247833251953125,-3.936767478673886e-07,2.5570678064967822e-05,off
1781066929.3540902,2026-06-10T12:48:49.354,87904472353136,,1,cf_0V,frequency,frequency,84114.1545960043,63,63,0.0,0.1,84114.1545960043,0.099945068359375,84114.15459598004,0,Rp || Cp,Rp,Cp,38209.42110210782,4.5331537151084637e-10,4.5331537151084637e-10,38209.42110210782,1.7152764375202268e-05,1.7152764375202268e-05,1.0,450.5872106393091,-4124.760313054542,4149.298311105327,-1.46198816060666,9.999999747378752e-05,0,9.999999747378752e-05,-0.27105712890625,0.2679443359375,-1.5563964450571177e-07,2.7105712205877097e-05,off
1781066929.7657146,2026-06-10T12:48:49.765,87904495004016,,1,cf_0V,frequency,frequency,93932.9059011844,64,64,0.0,0.1,93932.9059011844,0.099945068359375,93932.90590111291,0,Rp || Cp,Rp,Cp,37259.52964223858,4.531671152897253e-10,4.531671152897253e-10,37259.52964223858,1.91311455324362e-05,1.91311455324362e-05,1.0,371.44908651662934,-3701.6271862215885,3720.2175003148395,-1.4707836127211966,9.999999747378752e-05,0,9.999999747378752e-05,-0.29937744140625,0.29644775390625,-1.4648437129949343e-07,2.993774338433397e-05,off
1781066930.1669502,2026-06-10T12:48:50.166,87904520522096,,1,cf_0V,frequency,frequency,104897.8124243061,65,65,0.0,0.1,104897.8124243061,0.099945068359375,104897.81242434049,0,Rp || Cp,Rp,Cp,36030.14063405884,4.5306145317119626e-10,4.5306145317119626e-10,36030.14063405884,2.134433757167558e-05,2.134433757167558e-05,1.0,308.59684271212836,-3320.174036223497,3334.484614171209,-1.4781166160853643,9.999999747378752e-05,0,9.999999747378752e-05,-0.325897216796875,0.318450927734375,-3.723144437195458e-07,3.258972085640188e-05,off
1781066930.6197667,2026-06-10T12:48:50.619,87904546326896,,1,cf_0V,frequency,frequency,117142.66630887002,66,66,0.0,0.1,117142.66630887002,0.099945068359375,117142.66630889369,0,Rp || Cp,Rp,Cp,34682.31316471707,4.530071892235074e-10,4.530071892235074e-10,34682.31316471707,2.3818600582030117e-05,2.3818600582030117e-05,1.0,257.4282775376956,-2976.900875229142,2988.0107327478017,-1.484535657821882,9.999999747378752e-05,0,9.999999747378752e-05,-0.36187744140625,0.359344482421875,-1.266479460193537e-07,3.618774322644569e-05,off
1781066931.0226114,2026-06-10T12:48:51.022,87904570411376,,1,cf_0V,frequency,frequency,130816.87742395303,67,67,0.0,0.1,130816.87742395303,0.099945068359375,130816.87742399595,0,Rp || Cp,Rp,Cp,33156.61949650326,4.529911785162414e-10,4.529911785162414e-10,33156.61949650326,2.6586324363348964e-05,2.6586324363348964e-05,1.0,216.1338175947306,-2668.249036954207,2676.988373212541,-1.489970677636451,9.999999747378752e-05,0,9.999999747378752e-05,-0.3909912109375,0.38616943359375,-2.4108886109708294e-07,3.909912010602312e-05,off
1781066931.4449582,2026-06-10T12:48:51.444,87904594495856,,1,cf_0V,frequency,frequency,146087.29644100412,68,68,0.0,0.1,146087.29644100412,0.099945068359375,146087.29644095319,0,Rp || Cp,Rp,Cp,31769.912231968086,4.5306264232227127e-10,4.5306264232227127e-10,31769.912231968086,2.9680994740868348e-05,2.9680994740868348e-05,1.0,180.96806080036635,-2390.9391396242727,2397.7780148331294,-1.4952512567829033,9.999999747378752e-05,0,9.999999747378752e-05,-0.433563232421875,0.439483642578125,2.96020500334393e-07,4.3948363147583436e-05,off
1781066931.8643296,2026-06-10T12:48:51.864,87904620587376,,1,cf_0V,frequency,frequency,163140.25072069294,69,69,0.0,0.1,163140.25072069294,0.099945068359375,163140.25072077243,0,Rp || Cp,Rp,Cp,29565.595646771173,4.531488567954068e-10,4.531488567954068e-10,29565.595646771173,3.314189926329649e-05,3.314189926329649e-05,1.0,155.93834939878286,-2141.516615703955,2147.186574135871,-1.4981078349231034,9.999999747378752e-05,0,9.999999747378752e-05,-0.47210693359375,0.4749755859375,1.4343261356408732e-07,4.7497557393860745e-05,off
1781066932.2775648,2026-06-10T12:48:52.277,87904645818736,,1,cf_0V,frequency,frequency,182183.81785139444,70,70,0.0,0.1,182183.81785139444,0.099945068359375,182183.81785146677,0,Rp || Cp,Rp,Cp,27846.598176072093,4.533506384422404e-10,4.533506384422404e-10,27846.598176072093,3.701683476396217e-05,3.701683476396217e-05,1.0,132.71052221238105,-1917.791569248072,1922.377846778532,-1.5017068080620353,9.999999747378752e-05,0,9.999999747378752e-05,-0.520355224609375,0.518280029296875,-1.0375976300380785e-07,5.2035521146409636e-05,off
1781066932.6770062,2026-06-10T12:48:52.677,87904669903216,,1,cf_0V,frequency,frequency,203450.36458068906,71,71,0.0,0.1,203450.36458068906,0.099945068359375,203450.36458074616,0,Rp || Cp,Rp,Cp,25543.641553991587,4.5365410828288165e-10,4.5365410828288165e-10,25543.641553991587,4.135584191936298e-05,4.135584191936298e-05,1.0,115.88203015285762,-1716.5722809893828,1720.4793055347805,-1.5033907915443956,9.999999747378752e-05,0,9.999999747378752e-05,-0.579498291015625,0.580047607421875,2.746581961865502e-08,5.800475927686399e-05,off
1781066933.1199353,2026-06-10T12:48:53.119,87904698288496,,1,cf_0V,frequency,frequency,227199.38211953812,72,72,0.0,0.1,227199.38211953812,0.099945068359375,227199.38211963608,0,Rp || Cp,Rp,Cp,23530.215951416223,4.5408085537966585e-10,4.5408085537966585e-10,23530.215951416223,4.6220233432391846e-05,4.6220233432391846e-05,1.0,100.70960667686137,-1536.091263112882,1539.3890974957362,-1.505327768339526,9.999999747378752e-05,0,9.999999747378752e-05,-0.636688232421875,0.64208984375,2.70080559583441e-07,6.420898275294462e-05,off
1781066933.4824517,2026-06-10T12:48:53.482,87904719792496,,1,cf_0V,frequency,frequency,253720.6524150888,73,73,0.0,0.1,253720.6524150888,0.099945068359375,253720.65241505482,0,Rp || Cp,Rp,Cp,21383.615529965624,4.5471098884699965e-10,4.5471098884699965e-10,21383.615529965624,5.16791356065406e-05,5.16791356065406e-05,1.0,88.62838433467552,-1373.8050462656463,1376.6609225421957,-1.5063725313891574,9.999999747378752e-05,0,9.999999747378752e-05,-0.703033447265625,0.70086669921875,-1.0833739960691702e-07,7.030334295055063e-05,off
1781066933.8828924,2026-06-10T12:48:53.882,87904743303536,,1,cf_0V,frequency,frequency,283337.78402649175,74,74,0.0,0.1,283337.78402649175,0.099945068359375,283337.7840264717,0,Rp || Cp,Rp,Cp,19156.9411636625,4.555319527517378e-10,4.555319527517378e-10,19156.9411636625,5.781255448128273e-05,5.781255448128273e-05,1.0,79.04451650286768,-1228.007783512146,1230.5491261853733,-1.5065169133803442,9.999999747378752e-05,0,9.999999747378752e-05,-0.779754638671875,0.776214599609375,-1.7700194865355456e-07,7.79754618973616e-05,off
1781066934.2756374,2026-06-10T12:48:54.275,87904766241136,,1,cf_0V,frequency,frequency,316412.1607479698,75,75,0.0,0.1,316412.1607479698,0.099945068359375,316412.1607480297,0,Rp || Cp,Rp,Cp,17004.72230386392,4.566463636155107e-10,4.566463636155107e-10,17004.72230386392,6.471710673140123e-05,6.471710673140123e-05,1.0,71.05356855615803,-1096.9036386079954,1099.202530017114,-1.5061102090723173,9.999999747378752e-05,0,9.999999747378752e-05,-0.870208740234375,0.8670654296875,-1.5716552337341483e-07,8.702087182510532e-05,off
1781066934.6852705,2026-06-10T12:48:54.685,87904790325616,,1,cf_0V,frequency,frequency,353347.35115962697,76,76,0.0,0.1,353347.35115962697,0.099945068359375,353347.35115966963,0,Rp || Cp,Rp,Cp,14876.304427468633,4.581052423405047e-10,4.581052423405047e-10,14876.304427468633,7.249491730285543e-05,7.249491730285543e-05,1.0,64.70204250245236,-978.9488888810828,981.0847472800175,-1.5047989330587868,9.999999747378752e-05,0,9.999999747378752e-05,-0.9613037109375,0.965728759765625,2.212524358169432e-07,9.657287353692645e-05,off
1781066935.7274342,2026-06-10T12:48:55.727,87904848816496,,1,cf_0V,frequency,frequency,394594.03291068296,77,77,0.0,0.1,394594.03291068296,0.099945068359375,394594.0329106179,0,Rp || Cp,Rp,Cp,12877.874099899158,4.568508961519471e-10,4.568508961519471e-10,12877.874099899158,7.930128631841084e-05,7.930128631841084e-05,1.0,60.243428195893074,-878.7366004737895,880.7992300479298,-1.5023465647397944,0.0010000000474974513,0,0.0010000000474974513,-0.121063232421875,0.109954833984375,-5.554199482560307e-06,0.00012106323817206999,off
1781066936.1782618,2026-06-10T12:48:56.178,87904878922096,,1,cf_0V,frequency,frequency,440655.49182050145,78,78,0.0,0.1,440655.49182050145,0.099945068359375,440655.49182050745,0,Rp || Cp,Rp,Cp,11021.966110217063,4.580031429759329e-10,4.580031429759329e-10,11021.966110217063,8.845421962406208e-05,8.845421962406208e-05,1.0,56.13431275249197,-784.5759566224914,786.5815232881409,-1.4993707099673037,0.0010000000474974513,0,0.0010000000474974513,-0.130645751953125,0.119903564453125,-5.371094005113264e-06,0.00013064575815846524,off
1781066936.6437445,2026-06-10T12:48:56.643,87904909027696,,1,cf_0V,frequency,frequency,492093.7628966142,79,79,0.0,0.1,492093.7628966142,0.099945068359375,492093.7628966726,0,Rp || Cp,Rp,Cp,9319.397842115734,4.5963686913352944e-10,4.5963686913352944e-10,9319.397842115734,9.865563006589428e-05,9.865563006589428e-05,1.0,52.827269077582955,-699.6625022739881,701.6540012331534,-1.4954353860242033,0.0010000000474974513,0,0.0010000000474974513,-0.144317626953125,0.133819580078125,-5.249023686815235e-06,0.00014431763380784446,off
1781066937.0332654,2026-06-10T12:48:57.033,87904931965296,,1,cf_0V,frequency,frequency,549536.4882015135,80,80,0.0,0.1,549536.4882015135,0.099945068359375,549536.4882015963,0,Rp || Cp,Rp,Cp,7796.33047793702,4.6171407220514966e-10,4.6171407220514966e-10,7796.33047793702,0.00011001979802120305,0.00011001979802120305,1.0,50.14279150538261,-623.2298726170816,625.2437713902123,-1.4905129243858182,0.0010000000474974513,0,0.0010000000474974513,-0.159027099609375,0.147735595703125,-5.6457522212838285e-06,0.00015902710716275692,off
1781066937.449074,2026-06-10T12:48:57.449,87904957196656,,1,cf_0V,frequency,frequency,613684.5752468883,81,81,0.0,0.1,613684.5752468883,0.099945068359375,613684.5752469356,0,Rp || Cp,Rp,Cp,6478.466683852567,4.643916291426034e-10,4.643916291426034e-10,6478.466683852567,0.00012266872487262553,0.00012266872487262553,1.0,47.785223404463245,-554.3388406294949,556.3946241708911,-1.4848067050352218,0.0010000000474974513,0,0.0010000000474974513,-0.173797607421875,0.1629638671875,-5.416870374475025e-06,0.0001737976156768184,off
1781066937.8450224,2026-06-10T12:48:57.845,87904981854576,,1,cf_0V,frequency,frequency,685320.749361875,82,82,0.0,0.1,685320.749361875,0.099945068359375,685320.7493619351,0,Rp || Cp,Rp,Cp,5306.771258101316,4.678145826447606e-10,4.678145826447606e-10,5306.771258101316,0.00013673764946578874,0.00013673764946578874,1.0,46.03527694300125,-492.1173008710773,494.26580353070483,-1.4775224330155734,0.0010000000474974513,0,0.0010000000474974513,-0.191558837890625,0.18035888671875,-5.599975851922068e-06,0.00019155884698918157,off
1781066938.299606,2026-06-10T12:48:58.299,87905007372656,,1,cf_0V,frequency,frequency,765319.1043900257,83,83,0.0,0.1,765319.1043900257,0.099945068359375,765319.1043900875,0,Rp || Cp,Rp,Cp,4315.764141081728,4.722224323231228e-10,4.722224323231228e-10,4315.764141081728,0.00015237156823686115,0.00015237156823686115,1.0,44.4739395442732,-435.84527323262694,438.1084722963149,-1.4691076292802294,0.0010000000474974513,0,0.0010000000474974513,-0.211517333984375,0.200469970703125,-5.5236819029858e-06,0.00021151734403090927,off
1781066938.7923155,2026-06-10T12:48:58.792,87905034324336,,1,cf_0V,frequency,frequency,854655.7682511833,84,84,0.0,0.1,854655.7682511833,0.099945068359375,854655.7682512201,0,Rp || Cp,Rp,Cp,3471.4772728039484,4.779106986365385e-10,4.779106986365385e-10,3471.4772728039484,0.0001697190473402567,0.0001697190473402567,1.0,43.19291216214801,-384.80850465662405,387.22501587205613,-1.4590189751845415,0.0010000000474974513,0,0.0010000000474974513,-0.236663818359375,0.222198486328125,-7.232666359158202e-06,0.0002366638296003032,off
1781066939.2479825,2026-06-10T12:48:59.247,87905060415856,,1,cf_0V,frequency,frequency,954420.8135078406,85,85,0.0,0.1,954420.8135078406,0.099945068359375,954420.8135078946,0,Rp || Cp,Rp,Cp,2755.4312146718607,4.851615937614519e-10,4.851615937614519e-10,2755.4312146718607,0.00018890576194555736,0.00018890576194555736,1.0,42.217497664351136,-338.445111887659,341.06804433967346,-1.4466977640243281,0.0010000000474974513,0,0.0010000000474974513,-0.2554931640625,0.247955322265625,-3.768921077451637e-06,0.0002554931761977741,off
1781066939.6424482,2026-06-10T12:48:59.642,87905088514416,,1,cf_0V,frequency,frequency,1065831.5582669198,86,86,0.0,0.1,1065831.5582669198,0.099945068359375,1065831.5582669075,0,Rp || Cp,Rp,Cp,2162.361195129772,4.945013689144185e-10,4.945013689144185e-10,2162.361195129772,0.0002100813483112874,0.0002100813483112874,1.0,41.36299135126307,-296.193906687722,299.0680982860921,-1.4320452887867459,0.0010000000474974513,0,0.0010000000474974513,-0.28448486328125,0.272796630859375,-5.844116488518125e-06,0.00028448487679355594,off
1781066940.0765088,2026-06-10T12:49:00.076,87905114605936,,1,cf_0V,frequency,frequency,1190247.4197125817,87,87,0.0,0.1,1190247.4197125817,0.099945068359375,1190247.4197125202,0,Rp || Cp,Rp,Cp,1672.080022701825,5.065696558441791e-10,5.065696558441791e-10,1672.080022701825,0.00023337066384790148,0.00023337066384790148,1.0,40.657416861289875,-257.54500376165413,260.7344520933571,-1.4142231799258256,0.0010000000474974513,0,0.0010000000474974513,-0.312591552734375,0.30084228515625,-5.874634068092632e-06,0.00031259156758167705,off
1781066940.4508502,2026-06-10T12:49:00.450,87905137830256,,1,cf_0V,frequency,frequency,1329186.5015106536,88,88,0.0,0.1,1329186.5015106536,0.099945068359375,1329186.5015105486,0,Rp || Cp,Rp,Cp,1271.2702510074848,5.223508201597355e-10,5.223508201597355e-10,1271.2702510074848,0.00025884040643597264,0.00025884040643597264,1.0,40.03225889466127,-222.0117971216923,225.59215370533755,-1.3923974111456088,0.0010000000474974513,0,0.0010000000474974513,-0.3460693359375,0.332122802734375,-6.973266932774891e-06,0.00034606935237491143,off
1781066940.928738,2026-06-10T12:49:00.928,87905165068656,,1,cf_0V,frequency,frequency,1484344.1174816934,89,89,0.0,0.1,1484344.1174816934,0.099945068359375,1484344.1174816263,0,Rp || Cp,Rp,Cp,946.3325660398915,5.431120889321777e-10,5.431120889321777e-10,946.3325660398915,0.00028646518718985174,0.00028646518718985174,1.0,39.468163259884896,-189.18845710956924,193.26150215345075,-1.3651278962693245,0.0010000000474974513,0,0.0010000000474974513,-0.37908935546875,0.3685302734375,-5.279541266389742e-06,0.0003790893734745282,off
1781066941.3400412,2026-06-10T12:49:01.340,87905189439856,,1,cf_0V,frequency,frequency,1657613.4775657344,90,90,0.0,0.1,1657613.4775657344,0.099945068359375,1657613.477565718,0,Rp || Cp,Rp,Cp,685.6968492070998,5.707101168344325e-10,5.707101168344325e-10,685.6968492070998,0.0003161345444629638,0.0003161345444629638,1.0,38.933519344715876,-158.68450653623995,163.39091634241893,-1.330197261282282,0.0010000000474974513,0,0.0010000000474974513,-0.420501708984375,0.406890869140625,-6.805420245115101e-06,0.00042050172895713445,off
1781066941.7550428,2026-06-10T12:49:01.755,87905213237616,,1,cf_0V,frequency,frequency,1851108.7884858004,91,91,0.0,0.1,1851108.7884858004,0.099945068359375,1851108.7884859024,0,Rp || Cp,Rp,Cp,479.2389906705698,6.079009199062611e-10,6.079009199062611e-10,479.2389906705698,0.00034748364513693914,0.00034748364513693914,1.0,38.39636141911876,-130.10285516349475,135.65040911077594,-1.2838197115539414,0.0010000000474974513,0,0.0010000000474974513,-0.45697021484375,0.442474365234375,-7.2479251489454555e-06,0.00045697023654867053,off
1781066942.171221,2026-06-10T12:49:02.171,87905239329136,,1,cf_0V,frequency,frequency,2067191.0509809963,92,92,0.0,0.1,2067191.0509809963,0.099945068359375,2067191.0509810941,0,Rp || Cp,Rp,Cp,318.8080039073816,6.5805016729346e-10,6.5805016729346e-10,318.8080039073816,0.0003799090205658683,0.0003799090205658683,1.0,37.840639587800645,-103.11151618103354,109.8357809348364,-1.2190687336885198,0.0010000000474974513,0,0.0010000000474974513,-0.496002197265625,0.48443603515625,-5.783081329369111e-06,0.0004960022208244652,off
1781066942.6108868,2026-06-10T12:49:02.610,87905264560496,,1,cf_0V,frequency,frequency,2308496.8683831017,93,93,0.0,0.1,2308496.8683831017,0.099945068359375,2308496.8683831166,0,Rp || Cp,Rp,Cp,197.97301063009047,7.236526202790818e-10,7.236526202790818e-10,197.97301063009047,0.00041234621568907355,0.00041234621568907355,1.0,37.226415009480846,-77.35644433357838,85.84768753083632,-1.1222753374727341,0.0010000000474974513,0,0.0010000000474974513,-0.53564453125,0.52545166015625,-5.096435788942699e-06,0.00053564455669175,off
1781066943.017602,2026-06-10T12:49:03.017,87905292372336,,1,cf_0V,frequency,frequency,2577970.6180546875,94,94,0.0,0.1,2577970.6180546875,0.099945068359375,2577970.6180546926,0,Rp || Cp,Rp,Cp,112.06194775519069,7.919445214810897e-10,7.919445214810897e-10,112.06194775519069,0.00044325241381327904,0.00044325241381327904,1.0,36.544713516459,-52.53337692181779,63.99431050343334,-0.9629974650498955,0.0010000000474974513,0,0.0010000000474974513,-0.575225830078125,0.562713623046875,-6.256103812773972e-06,0.0005752258573998859,off
1781066943.5101275,2026-06-10T12:49:03.510,87905317603696,,1,cf_0V,frequency,frequency,2878900.378239697,95,95,0.0,0.1,2878900.378239697,0.099945068359375,2878900.378239635,0,Rp || Cp,Rp,Cp,58.17453835279442,7.532454758517445e-10,7.532454758517445e-10,58.17453835279442,0.0004704171461989015,0.0004704171461989015,1.0,35.727641428243686,-28.319157552743242,45.58990070752786,-0.6702369948708096,0.0010000000474974513,0,0.0010000000474974513,-0.611175537109375,0.59637451171875,-7.400513046817991e-06,0.0006111755661386553,off
1781066943.97301,2026-06-10T12:49:03.973,87905345988976,,1,cf_0V,frequency,frequency,3214958.0487006293,96,96,0.0,0.1,3214958.0487006293,0.099945068359375,3214958.048700538,0,Rp || Cp,Rp,Cp,35.356884903105644,1.7932574734491286e-10,1.7932574734491286e-10,35.356884903105644,0.0004913280083783134,0.0004913280083783134,1.0,34.78625914263665,-4.455326652125383,35.07041147058031,-0.12738369618624412,0.0010000000474974513,0,0.0010000000474974513,-0.635040283203125,0.62359619140625,-5.7220461702200964e-06,0.0006350403133659199,off
1781066944.3730223,2026-06-10T12:49:04.373,87905372940656,,1,cf_0V,frequency,frequency,3590244.1546882903,97,97,0.0,0.1,3590244.1546882903,0.099945068359375,3590244.154688378,0,Rp || Cp,Rp,Cp,44.77072901302827,-5.733682498167181e-10,-5.733682498167181e-10,44.77072901302827,0.0005037343522179659,0.0005037343522179659,1.0,33.52801507933336,19.415094187295466,38.743692098992824,0.5248882050392135,0.0010000000474974513,0,0.0010000000474974513,-0.649658203125,0.638580322265625,-5.538940692773053e-06,0.0006496582339821089,off
1781066944.8300672,2026-06-10T12:49:04.830,87905400179056,,1,cf_0V,frequency,frequency,4009337.880935344,98,98,0.0,0.1,4009337.880935344,0.099945068359375,4009337.8809352485,0,Rp || Cp,Rp,Cp,91.4343210038196,-5.916943002288218e-10,-5.916943002288218e-10,91.4343210038196,0.0005051437234049014,0.0005051437234049014,1.0,31.998516030141918,43.610291884079544,54.09031878576668,0.9377845758638793,0.0010000000474974513,0,0.0010000000474974513,-0.6512451171875,0.640869140625,-5.187988527666221e-06,0.0006512451481199832,off
1781066945.2700768,2026-06-10T12:49:05.270,87905423116656,,1,cf_0V,frequency,frequency,4477352.946181116,99,99,0.0,0.1,4477352.946181116,0.099945068359375,4477352.946181128,0,Rp || Cp,Rp,Cp,185.81248320327614,-4.3519922999960056e-10,-4.3519922999960056e-10,185.81248320327614,0.0004947235753305401,0.0004947235753305401,1.0,30.090041995135035,68.45213506924318,74.77369472486231,1.1566431896789726,0.0010000000474974513,0,0.0010000000474974513,-0.652984619140625,0.643218994140625,-4.882812731921149e-06,0.0006529846501557302,off
1781066945.673531,2026-06-10T12:49:05.673,87905450068336,,1,cf_0V,frequency,frequency,4999999.999999999,100,100,0.0,0.1,4999999.999999999,0.099945068359375,4999999.999999929,0,Rp || Cp,Rp,Cp,348.4427181937613,-3.1099752775440944e-10,-3.1099752775440944e-10,348.4427181937613,0.0004729217981987706,0.0004729217981987706,1.0,27.67656167285321,94.22157031972561,98.20232369728451,1.285093305218644,0.0010000000474974513,0,0.0010000000474974513,-0.652984619140625,0.643218994140625,-4.882812731921149e-06,0.0006529846501557302,off
1781066946.134882,2026-06-10T12:49:06.134,87905474152816,,1,cf_0V,frequency,frequency,4482348.925241931,101,101,0.0,0.1,4482348.925241931,0.099945068359375,4482348.925241979,0,Rp || Cp,Rp,Cp,187.04130402277355,-4.337136030500783e-10,-4.337136030500783e-10,187.04130402277355,0.0004945471869348947,0.0004945471869348947,1.0,30.0720134212322,68.70504067163375,74.99805734082463,1.1582202625353322,0.0010000000474974513,0,0.0010000000474974513,-0.652984619140625,0.643218994140625,-4.882812731921149e-06,0.0006529846501557302,off
1781066946.6250033,2026-06-10T12:49:06.625,87905504545136,,1,cf_0V,frequency,frequency,4018290.377523501,102,102,0.0,0.1,4018290.377523501,0.099945068359375,4018290.3775235703,0,Rp || Cp,Rp,Cp,92.83153241500234,-5.885638952180448e-10,-5.885638952180448e-10,92.83153241500234,0.0005050218663647869,0.0005050218663647869,1.0,31.978668496846122,44.11341703294369,54.48512458601508,0.9435410165451867,0.0010000000474974513,0,0.0010000000474974513,-0.65234375,0.644561767578125,-3.8909913957496656e-06,0.0006523437809846655,off
1781066947.0811346,2026-06-10T12:49:07.081,87905533217136,,1,cf_0V,frequency,frequency,3602275.9110004925,103,103,0.0,0.1,3602275.9110004925,0.099945068359375,3602275.9110004897,0,Rp || Cp,Rp,Cp,45.60381978098545,-5.828982047229643e-10,-5.828982047229643e-10,45.60381978098545,0.000503927629622873,0.000503927629622873,1.0,33.48312437456451,20.145439975324564,39.076314689104976,0.5416388298626353,0.0010000000474974513,0,0.0010000000474974513,-0.652587890625,0.644561767578125,-4.013061714047694e-06,0.0006525879216212616,off
1781066947.4863954,2026-06-10T12:49:07.486,87905558448496,,1,cf_0V,frequency,frequency,3229331.511619592,104,104,0.0,0.1,3229331.511619592,0.099945068359375,3229331.5116196196,0,Rp || Cp,Rp,Cp,35.0863422267522,1.4120325715042026e-10,1.4120325715042026e-10,35.0863422267522,0.0004920368028659341,0.0004920368028659341,1.0,34.735330158404054,-3.491778928233758,34.91039503209598,-0.1001887085433031,0.0010000000474974513,0,0.0010000000474974513,-0.652587890625,0.644561767578125,-4.013061714047694e-06,0.0006525879216212616,off
1781066948.0283058,2026-06-10T12:49:08.028,87905585686896,,1,cf_0V,frequency,frequency,2894998.1260715965,105,105,0.0,0.1,2894998.1260715965,0.099945068359375,2894998.126071542,0,Rp || Cp,Rp,Cp,56.279467140034285,7.416822017218937e-10,7.416822017218937e-10,56.279467140034285,0.0004716481434639918,0.0004716481434639918,1.0,35.69921638197839,-27.10532835084667,44.82335189713646,-0.6494072800053464,0.0010000000474974513,0,0.0010000000474974513,-0.652587890625,0.643463134765625,-4.5623781463888236e-06,0.0006525879216212616,off
1781066948.3899002,2026-06-10T12:49:08.389,87905614072176,,1,cf_0V,frequency,frequency,2595278.3477948857,106,106,0.0,0.1,2595278.3477948857,0.099945068359375,2595278.3477949738,0,Rp || Cp,Rp,Cp,107.88814266309322,7.947659276202642e-10,7.947659276202642e-10,107.88814266309322,0.00044488339139357914,0.00044488339139357914,1.0,36.509992919774966,-51.04915025497669,62.76141589190929,-0.949946354207786,0.0010000000474974513,0,0.0010000000474974513,-0.651153564453125,0.63897705078125,-6.088257125114183e-06,0.0006511535953812597,off
1781066948.8444438,2026-06-10T12:49:08.844,87905639876976,,1,cf_0V,frequency,frequency,2326588.622588413,107,107,0.0,0.1,2326588.622588413,0.099945068359375,2326588.6225883747,0,Rp || Cp,Rp,Cp,190.94339336846713,7.289892972564944e-10,7.289892972564944e-10,190.94339336846713,0.0004146557803153572,0.0004146557803153572,1.0,37.14506352292765,-75.58338925870382,84.21760193662054,-1.1140162725228027,0.0010000000474974513,0,0.0010000000474974513,-0.635772705078125,0.6256103515625,-5.081176999155446e-06,0.0006357727352757081,off
1781066949.2509446,2026-06-10T12:49:09.250,87905665108336,,1,cf_0V,frequency,frequency,2085716.402387856,108,108,0.0,0.1,2085716.402387856,0.099945068359375,2085716.4023878027,0,Rp || Cp,Rp,Cp,307.95916217445745,6.628781763854988e-10,6.628781763854988e-10,307.95916217445745,0.00038257576764045523,0.00038257576764045523,1.0,37.75451251800227,-101.00220209419722,107.82786301948605,-1.213079087146497,0.0010000000474974513,0,0.0010000000474974513,-0.611785888671875,0.59979248046875,-5.996704386390661e-06,0.0006117859177301455,off
1781066949.6891303,2026-06-10T12:49:09.689,87905689479536,,1,cf_0V,frequency,frequency,1869781.7349205392,109,109,0.0,0.1,1869781.7349205392,0.099945068359375,1869781.734920437,0,Rp || Cp,Rp,Cp,463.5456541713905,6.119153316596568e-10,6.119153316596568e-10,463.5456541713905,0.0003504369023643177,0.0003504369023643177,1.0,38.29448687673289,-127.61181467748435,133.23379064799167,-1.2792608661716651,0.0010000000474974513,0,0.0010000000474974513,-0.608245849609375,0.597930908203125,-5.157470948091714e-06,0.0006082458784995026,off
1781066950.140942,2026-06-10T12:49:10.140,87905716431216,,1,cf_0V,frequency,frequency,1676202.829991615,110,110,0.0,0.1,1676202.829991615,0.099945068359375,1676202.8299915243,0,Rp || Cp,Rp,Cp,663.6810151150275,5.739609893099381e-10,5.739609893099381e-10,663.6810151150275,0.0003192276423666468,0.0003192276423666468,1.0,38.82264961981291,-155.75190973349157,160.5174616953946,-1.3265146870402023,0.0010000000474974513,0,0.0010000000474974513,-0.5401611328125,0.528167724609375,-5.996704386390661e-06,0.0005401611584687771,off
1781066950.5536056,2026-06-10T12:49:10.553,87905743669616,,1,cf_0V,frequency,frequency,1502665.19070008,111,111,0.0,0.1,1502665.19070008,0.099945068359375,1502665.1907001564,0,Rp || Cp,Rp,Cp,916.3945002811563,5.457824356720459e-10,5.457824356720459e-10,916.3945002811563,0.00028966285008029673,0.00028966285008029673,1.0,39.33167624473314,-185.7319332836762,189.85081458216726,-1.3621134925290805,0.0010000000474974513,0,0.0010000000474974513,-0.538330078125,0.52716064453125,-5.584717062134814e-06,0.0005383301036943067,off
1781066950.9160507,2026-06-10T12:49:10.916,87905766320496,,1,cf_0V,frequency,frequency,1347093.9405065936,112,112,0.0,0.1,1347093.9405065936,0.099945068359375,1347093.940506525,0,Rp || Cp,Rp,Cp,1230.5051571354795,5.245048895160506e-10,5.245048895160506e-10,1230.5051571354795,0.0002620649777630923,0.0002620649777630923,1.0,39.897635765303015,-217.95051095846856,221.57221524080657,-1.3897427184128428,0.0010000000474974513,0,0.0010000000474974513,-0.4981689453125,0.48675537109375,-5.706787380432843e-06,0.0004981689689742552,off
1781066951.3321655,2026-06-10T12:49:11.332,87905789258096,,1,cf_0V,frequency,frequency,1207629.01528593,113,113,0.0,0.1,1207629.01528593,0.099945068359375,1207629.0152859315,0,Rp || Cp,Rp,Cp,1618.3096501175012,5.083395731839104e-10,5.083395731839104e-10,1618.3096501175012,0.0002365843884336637,0.0002365843884336637,1.0,40.49469802594256,-252.77092401177137,255.99406359128128,-1.4119429925992595,0.0010000000474974513,0,0.0010000000474974513,-0.460662841796875,0.446136474609375,-7.263183938732709e-06,0.0004606628636771859,off
1781066951.708062,2026-06-10T12:49:11.708,87905812769136,,1,cf_0V,frequency,frequency,1082602.9237515721,114,114,0.0,0.1,1082602.9237515721,0.099945068359375,1082602.9237515656,0,Rp || Cp,Rp,Cp,2090.311782610279,4.959614506961727e-10,4.959614506961727e-10,2090.311782610279,0.00021323197272405086,0.00021323197272405086,1.0,41.20486643233774,-290.573874921149,293.4808644603568,-1.4299303951962854,0.0010000000474974513,0,0.0010000000474974513,-0.42193603515625,0.410247802734375,-5.844116488518125e-06,0.0004219360551971363,off
1781066952.1110346,2026-06-10T12:49:12.111,87905836853616,,1,cf_0V,frequency,frequency,970520.8103483266,115,115,0.0,0.1,970520.8103483266,0.099945068359375,970520.8103482476,0,Rp || Cp,Rp,Cp,2663.0243929393023,4.863412374363724e-10,4.863412374363724e-10,2663.0243929393023,0.0001919599838853347,0.0001919599838853347,1.0,42.02093131459838,-331.86895973600224,334.51870665898866,-1.4448475128944067,0.0010000000474974513,0,0.0010000000474974513,-0.383453369140625,0.372589111328125,-5.432129164262278e-06,0.00038345338735368273,off
1781066952.5012922,2026-06-10T12:49:12.501,87905859791216,,1,cf_0V,frequency,frequency,870042.5822379502,116,116,0.0,0.1,870042.5822379502,0.099945068359375,870042.5822379998,0,Rp || Cp,Rp,Cp,3349.7343758338393,4.788687285357811e-10,4.788687285357811e-10,3349.7343758338393,0.00017264969800858662,0.00017264969800858662,1.0,43.00355843942181,-377.0957331358416,379.53985032893536,-1.4572480218332193,0.0010000000474974513,0,0.0010000000474974513,-0.348358154296875,0.33734130859375,-5.508423113198546e-06,0.00034835817084299947,off
1781066952.9072416,2026-06-10T12:49:12.907,87905885596016,,1,cf_0V,frequency,frequency,779966.8866817983,117,117,0.0,0.1,779966.8866817983,0.099945068359375,779966.88668172,0,Rp || Cp,Rp,Cp,4168.144645080045,4.730078386564398e-10,4.730078386564398e-10,4168.144645080045,0.00015519249873717744,0.00015519249873717744,1.0,44.17546248966102,-426.82343648637607,429.1033877985758,-1.4676653111835467,0.0010000000474974513,0,0.0010000000474974513,-0.317718505859375,0.30560302734375,-6.057739545539675e-06,0.00031771852095019426,off
1781066953.3606138,2026-06-10T12:49:13.360,87905909967216,,1,cf_0V,frequency,frequency,699216.7472484909,118,118,0.0,0.1,699216.7472484909,0.099945068359375,699216.7472483857,0,Rp || Cp,Rp,Cp,5129.250274170759,4.684083940790723e-10,4.684083940790723e-10,5129.250274170759,0.00013942486069124153,0.00013942486069124153,1.0,45.628139714871295,-481.61833541567484,483.7748940802998,-1.4763390464287653,0.0010000000474974513,0,0.0010000000474974513,-0.28662109375,0.2747802734375,-5.920410437454393e-06,0.00028662110736377144,off
1781066953.8159282,2026-06-10T12:49:13.815,87905936918896,,1,cf_0V,frequency,frequency,626826.6871080867,119,119,0.0,0.1,626826.6871080867,0.099945068359375,626826.687107993,0,Rp || Cp,Rp,Cp,6246.1379380944845,4.6484040223131897e-10,4.6484040223131897e-10,6246.1379380944845,0.00012521696856236311,0.00012521696856236311,1.0,47.40426376615718,-542.0760150698615,544.1448064047217,-1.4835687536379762,0.0010000000474974513,0,0.0010000000474974513,-0.241058349609375,0.22723388671875,-6.9122317736258765e-06,0.00024105836105903222,off
1781066954.2595797,2026-06-10T12:49:14.259,87905966451056,,1,cf_0V,frequency,frequency,561931.1854543786,120,120,0.0,0.1,561931.1854543786,0.099945068359375,561931.1854543696,0,Rp || Cp,Rp,Cp,7538.445639983465,4.6200762425494163e-10,4.6200762425494163e-10,7538.445639983465,0.00011242274104660636,0.00011242274104660636,1.0,49.52577464916221,-609.0111309460451,611.021570790083,-1.4896532596621523,0.0010000000474974513,0,0.0010000000474974513,-0.21527099609375,0.20245361328125,-6.408691710646508e-06,0.00021527100631857365,off
1781066954.713231,2026-06-10T12:49:14.713,87905991395696,,1,cf_0V,frequency,frequency,503754.32903627184,121,121,0.0,0.1,503754.32903627184,0.099945068359375,503754.3290362123,0,Rp || Cp,Rp,Cp,8993.659271016042,4.5978587799577154e-10,4.5978587799577154e-10,8993.659271016042,0.00010091552274010987,0.00010091552274010987,1.0,52.19479782021817,-683.1529333868951,685.1439464190084,-1.4945416712458306,0.0010000000474974513,0,0.0010000000474974513,-0.1988525390625,0.184478759765625,-7.186889989796441e-06,0.0001988525485074888,off
1781066955.1714458,2026-06-10T12:49:15.171,87906019494256,,1,cf_0V,frequency,frequency,451600.5350683417,122,122,0.0,0.1,451600.5350683417,0.099945068359375,451600.5350683372,0,Rp || Cp,Rp,Cp,10608.723016243986,4.5804003239695195e-10,4.5804003239695195e-10,10608.723016243986,9.05700328535228e-05,9.05700328535228e-05,1.0,55.511494038447516,-765.3917549212223,767.4021530278429,-1.498396190833754,0.0010000000474974513,0,0.0010000000474974513,-0.179168701171875,0.167510986328125,-5.8288576987308716e-06,0.00017916870968193166,off
1781066955.6110299,2026-06-10T12:49:15.611,87906043578736,,1,cf_0V,frequency,frequency,404846.2346004526,123,123,0.0,0.1,404846.2346004526,0.099945068359375,404846.23460045556,0,Rp || Cp,Rp,Cp,12437.268699923114,4.567347923353337e-10,4.567347923353337e-10,12437.268699923114,8.127892821831466e-05,8.127892821831466e-05,1.0,59.283221790070364,-856.6252730420878,858.6741866390546,-1.5017009465225695,0.0010000000474974513,0,0.0010000000474974513,-0.17437744140625,0.163482666015625,-5.447387954049532e-06,0.00017437744968873403,off
1781066956.026109,2026-06-10T12:49:16.026,87906070530416,,1,cf_0V,frequency,frequency,362932.4169099164,124,124,0.0,0.1,362932.4169099164,0.099945068359375,362932.41690984246,0,Rp || Cp,Rp,Cp,14349.229009254545,4.5569094861156653e-10,4.5569094861156653e-10,14349.229009254545,7.293298322682628e-05,7.293298322682628e-05,1.0,64.24959908718736,-958.0209810186722,960.1730110010609,-1.5038316837859889,0.0010000000474974513,0,0.0010000000474974513,-0.1610107421875,0.136566162109375,-1.2222290619590126e-05,0.0001610107498350999,off
1781066956.4276347,2026-06-10T12:49:16.427,87906093754736,,1,cf_0V,frequency,frequency,325357.9457743241,125,125,0.0,0.1,325357.9457743241,0.099945068359375,325357.9457742717,0,Rp || Cp,Rp,Cp,16383.880885567032,4.5493185594099543e-10,4.5493185594099543e-10,16383.880885567032,6.544479123413819e-05,6.544479123413819e-05,1.0,70.26537842288472,-1070.6457710442442,1072.9490157783991,-1.505261339610609,0.0010000000474974513,0,0.0010000000474974513,-0.14642333984375,0.123291015625,-1.1566162658738222e-05,0.00014642334679848545,off
1781066956.8284965,2026-06-10T12:49:16.828,87906118986096,,1,cf_0V,frequency,frequency,291673.56771209295,126,126,0.0,0.1,291673.56771209295,0.099945068359375,291673.56771218067,0,Rp || Cp,Rp,Cp,18493.672434508047,4.543717780298455e-10,4.543717780298455e-10,18493.672434508047,5.87184641660611e-05,5.87184641660611e-05,1.0,77.65560354828685,-1195.8707714312568,1198.3894587011512,-1.5059509191658822,0.0010000000474974513,0,0.0010000000474974513,-0.133758544921875,0.115692138671875,-9.033203554054126e-06,0.00013375855127506497,off
1781066957.273834,2026-06-10T12:49:17.273,87906143070576,,1,cf_0V,frequency,frequency,261476.54055115595,127,127,0.0,0.1,261476.54055115595,0.099945068359375,261476.54055115767,0,Rp || Cp,Rp,Cp,20811.62046598687,4.539897900517005e-10,4.539897900517005e-10,20811.62046598687,5.2683224161259125e-05,5.2683224161259125e-05,1.0,86.0157631256143,-1335.1886401390748,1337.9564328716065,-1.5064630473784582,0.0010000000474974513,0,0.0010000000474974513,-0.12164306640625,0.108489990234375,-6.5765383983062975e-06,0.00012164307218398562,off
1781066957.672081,2026-06-10T12:49:17.672,87906170022256,,1,cf_0V,frequency,frequency,234405.81810309048,128,128,0.0,0.1,234405.81810309048,0.099945068359375,234405.81810305617,0,Rp || Cp,Rp,Cp,22950.925188601203,4.537026339264484e-10,4.537026339264484e-10,22950.925188601203,4.726272774222531e-05,4.726272774222531e-05,1.0,97.1668501331198,-1490.177073858159,1493.3415912701475,-1.5056835998325917,0.0010000000474974513,0,0.0010000000474974513,-0.109649658203125,0.099517822265625,-5.065918209368192e-06,0.0001096496634112043,off
1781066958.084241,2026-06-10T12:49:18.084,87906195540336,,1,cf_0V,frequency,frequency,210137.7333689687,129,129,0.0,0.1,210137.7333689687,0.099945068359375,210137.7333689669,0,Rp || Cp,Rp,Cp,25101.040422404236,4.5349742412224033e-10,4.5349742412224033e-10,25101.040422404236,4.239944006529687e-05,4.239944006529687e-05,1.0,110.62988771751046,-1662.7345884015533,1666.4108987651489,-1.5043593429129631,0.0010000000474974513,0,0.0010000000474974513,-0.101593017578125,0.089508056640625,-6.042480755752422e-06,0.0001015930224035344,off
1781066958.4733467,2026-06-10T12:49:18.473,87906218477936,,1,cf_0V,frequency,frequency,188382.12866383453,130,130,0.0,0.1,188382.12866383453,0.099945068359375,188382.12866391757,0,Rp || Cp,Rp,Cp,27168.865148000386,4.5340125425901007e-10,4.5340125425901007e-10,27168.865148000386,3.804089614751874e-05,3.804089614751874e-05,1.0,127.19963616750883,-1854.6401307177125,1858.9969773804798,-1.502319023370747,0.0010000000474974513,0,0.0010000000474974513,-0.093017578125,0.08514404296875,-3.936767765111426e-06,9.301758254309789e-05,off
1781066958.8650775,2026-06-10T12:49:18.865,87906241128816,,1,cf_0V,frequency,frequency,168878.88639022523,131,131,0.0,0.1,168878.88639022523,0.099945068359375,168878.88639026016,0,Rp || Cp,Rp,Cp,29216.96608171688,4.533814335347124e-10,4.533814335347124e-10,29216.96608171688,3.412968127439195e-05,3.412968127439195e-05,1.0,147.14119219449796,-2068.1800432093946,2073.4076351672943,-1.4997707480519338,0.0010000000474974513,0,0.0010000000474974513,-0.084381103515625,0.072174072265625,-6.103515914901436e-06,8.438110752351236e-05,off
1781066959.2786636,2026-06-10T12:49:19.278,87906267793776,,1,cf_0V,frequency,frequency,151394.81898145608,132,132,0.0,0.1,151394.81898145608,0.099945068359375,151394.81898145846,0,Rp || Cp,Rp,Cp,30854.139327891957,4.5340293315127527e-10,4.5340293315127527e-10,30854.139327891957,3.061883680823957e-05,3.061883680823957e-05,1.0,173.256908241456,-2305.5747288145503,2312.075428354723,-1.4957903529268313,0.0010000000474974513,0,0.0010000000474974513,-0.082275390625,0.067230224609375,-7.52258336511602e-06,8.227539453287136e-05,off
1781066959.680043,2026-06-10T12:49:19.680,87906291878256,,1,cf_0V,frequency,frequency,135720.88082974532,133,133,0.0,0.1,135720.88082974532,0.099945068359375,135720.88082980827,0,Rp || Cp,Rp,Cp,32501.274060758056,4.53500870938961e-10,4.53500870938961e-10,32501.274060758056,2.747319631402856e-05,2.747319631402856e-05,1.0,204.43250702004812,-2569.5377575859684,2577.6572575861264,-1.4914035261461605,0.0010000000474974513,0,0.0010000000474974513,-0.07269287109375,0.0615234375,-5.584717062134814e-06,7.26928745464761e-05,off
1781066960.127705,2026-06-10T12:49:20.127,87906314815856,,1,cf_0V,frequency,frequency,121669.66886401946,134,134,0.0,0.1,121669.66886401946,0.099945068359375,121669.66886411501,0,Rp || Cp,Rp,Cp,34174.98629994044,4.5363286725604305e-10,4.5363286725604305e-10,34174.98629994044,2.465014764720857e-05,2.465014764720857e-05,1.0,241.58903995926818,-2863.203951274745,2873.378174000728,-1.4866185493109545,0.0010000000474974513,0,0.0010000000474974513,-0.067626953125,0.058013916015625,-4.806518782984881e-06,6.762695633710791e-05,off
1781066960.5357785,2026-06-10T12:49:20.535,87906341767536,,1,cf_0V,frequency,frequency,109073.18189343589,135,135,0.0,0.1,109073.18189343589,0.099945068359375,109073.18189339321,0,Rp || Cp,Rp,Cp,35380.233932462594,4.5369316451200557e-10,4.5369316451200557e-10,35380.233932462594,2.21194836713524e-05,2.21194836713524e-05,1.0,289.9646970065702,-3189.8180648334755,3202.9703108596077,-1.480142273671111,0.0010000000474974513,0,0.0010000000474974513,-0.062286376953125,0.05322265625,-4.531860566814316e-06,6.228637991156916e-05,off
1781066961.009645,2026-06-10T12:49:21.009,87906369005936,,1,cf_0V,frequency,frequency,97780.81192655204,136,136,0.0,0.1,97780.81192655204,0.099945068359375,97780.81192649779,0,Rp || Cp,Rp,Cp,36710.305031029486,4.538395044727362e-10,4.538395044727362e-10,36710.305031029486,1.9849962513616155e-05,1.9849962513616155e-05,1.0,347.06829269861385,-3552.5380352317143,3569.451343212951,-1.4734095081140985,0.0010000000474974513,0,0.0010000000474974513,-0.058929443359375,0.044464111328125,-7.232666359158202e-06,5.8929446158373366e-05,off
1781066961.499942,2026-06-10T12:49:21.499,87906395957616,,1,cf_0V,frequency,frequency,87657.5434496528,137,137,0.0,0.1,87657.5434496528,0.099945068359375,87657.54344956634,0,Rp || Cp,Rp,Cp,37570.62198951877,4.540287772797579e-10,4.540287772797579e-10,37570.62198951877,1.7817650916265253e-05,1.7817650916265253e-05,1.0,420.87583614783415,-3954.1662174192647,3976.501847658683,-1.464756990346565,0.0010000000474974513,0,0.0010000000474974513,-0.051666259765625,0.039642333984375,-6.011963176177915e-06,5.166626221964066e-05,off
1781066961.9469135,2026-06-10T12:49:21.946,87906423196016,,1,cf_0V,frequency,frequency,78582.33913417984,138,138,0.0,0.1,78582.33913417984,0.099945068359375,78582.33913417223,0,Rp || Cp,Rp,Cp,38555.5187757422,4.541918113914595e-10,4.541918113914595e-10,38555.5187757422,1.599556139226926e-05,1.599556139226926e-05,1.0,508.92575491884475,-4400.328519009981,4429.6609914566025,-1.4556516057558737,0.0010000000474974513,0,0.0010000000474974513,-0.04833984375,0.037933349609375,-5.203247317453474e-06,4.8339846046019375e-05,off
1781066962.7413,2026-06-10T12:49:22.741,87906472511856,,1,cf_0V,frequency,frequency,70446.69267221761,139,139,0.0,0.1,70446.69267221761,0.099945068359375,70446.69267216364,0,Rp || Cp,Rp,Cp,39527.45669565819,4.535329546484078e-10,4.535329546484078e-10,39527.45669565819,1.4401206739454076e-05,1.4401206739454076e-05,1.0,617.9583932544762,-4903.5141534710765,4942.299427299486,-1.445433629924169,9.999999747378752e-05,0,9.999999747378752e-05,-0.238555908203125,0.235260009765625,-1.647949177119301e-07,2.3855590217669587e-05,off
1781066963.1545875,2026-06-10T12:49:23.154,87906499750256,,1,cf_0V,frequency,frequency,63153.33143723267,140,140,0.0,0.1,63153.33143723267,0.099945068359375,63153.33143732005,0,Rp || Cp,Rp,Cp,40093.98012102964,4.536877093508814e-10,4.536877093508814e-10,40093.98012102964,1.2936208586082437e-05,1.2936208586082437e-05,1.0,755.0878629625893,-5450.166977851174,5502.22480159188,-1.4331286936223175,9.999999747378752e-05,0,9.999999747378752e-05,-0.238555908203125,0.237396240234375,-5.798339697271615e-08,2.3855590217669587e-05,off
1781066963.5943964,2026-06-10T12:49:23.594,87906522687856,,1,cf_0V,frequency,frequency,56615.05345862548,141,141,0.0,0.1,56615.05345862548,0.099945068359375,56615.05345855744,0,Rp || Cp,Rp,Cp,40351.436185781604,4.538684171645855e-10,4.538684171645855e-10,40351.436185781604,1.1625064603373086e-05,1.1625064603373086e-05,1.0,928.8458757102162,-6051.240403365523,6122.11279544466,-1.4184883187996886,9.999999747378752e-05,0,9.999999747378752e-05,-0.238555908203125,0.237396240234375,-5.798339697271615e-08,2.3855590217669587e-05,off
1781066964.0063572,2026-06-10T12:49:24.006,87906549639536,,1,cf_0V,frequency,frequency,50753.68480455689,142,142,0.0,0.1,50753.68480455689,0.099945068359375,50753.68480454756,0,Rp || Cp,Rp,Cp,41209.43840353039,4.540479510074224e-10,4.540479510074224e-10,41209.43840353039,1.0448765430330583e-05,1.0448765430330583e-05,1.0,1125.8357183683358,-6717.704341800134,6811.391758561118,-1.4047471400468785,9.999999747378752e-05,0,9.999999747378752e-05,-0.238555908203125,0.237396240234375,-5.798339697271615e-08,2.3855590217669587e-05,off
1781066964.4986124,2026-06-10T12:49:24.498,87906578024816,,1,cf_0V,frequency,frequency,45499.144907154674,143,143,0.0,0.1,45499.144907154674,0.099945068359375,45499.14490716844,0,Rp || Cp,Rp,Cp,41693.55380664544,4.542675593817119e-10,4.542675593817119e-10,41693.55380664544,9.397207824072567e-06,9.397207824072567e-06,1.0,1375.2289234412685,-7446.269302414746,7572.197905228945,-1.3881672475202098,9.999999747378752e-05,0,9.999999747378752e-05,-0.216522216796875,0.222747802734375,3.1127928901142354e-07,2.227477971072922e-05,off
1781066964.908283,2026-06-10T12:49:24.908,87906603829616,,1,cf_0V,frequency,frequency,40788.608654802425,144,144,0.0,0.1,40788.608654802425,0.099945068359375,40788.608654906966,0,Rp || Cp,Rp,Cp,42287.31117811808,4.545059314839775e-10,4.545059314839775e-10,42287.31117811808,8.458083247276823e-06,8.458083247276823e-06,1.0,1673.9117921392376,-8245.195458632284,8413.395797115052,-1.3705018514386196,9.999999747378752e-05,0,9.999999747378752e-05,-0.21533203125,0.205596923828125,-4.86755358797275e-07,2.1533202581025535e-05,off
1781066965.4034495,2026-06-10T12:49:25.403,87906631068016,,1,cf_0V,frequency,frequency,36565.755233193486,145,145,0.0,0.1,36565.755233193486,0.099945068359375,36565.755233297634,0,Rp || Cp,Rp,Cp,42525.149478507126,4.5466762520641564e-10,4.5466762520641564e-10,42525.149478507126,7.619080917761634e-06,7.619080917761634e-06,1.0,2051.105534237714,-9111.341038896055,9339.355943514094,-1.3493718021198533,9.999999747378752e-05,0,9.999999747378752e-05,-0.187713623046875,0.18145751953125,-3.128051678791266e-07,1.8771361830483002e-05,off
1781066965.8595319,2026-06-10T12:49:25.859,87906658019696,,1,cf_0V,frequency,frequency,32780.09473403288,146,146,0.0,0.1,32780.09473403288,0.099945068359375,32780.09473397958,0,Rp || Cp,Rp,Cp,42819.65482434429,4.5491060859226067e-10,4.5491060859226067e-10,42819.65482434429,6.8732597158544915e-06,6.8732597158544915e-06,1.0,2504.6558151115755,-10048.641535286853,10356.085044883725,-1.3265206804566279,9.999999747378752e-05,0,9.999999747378752e-05,-0.175567626953125,0.17303466796875,-1.266479460193537e-07,1.755676225179137e-05,off
1781066966.316801,2026-06-10T12:49:26.316,87906686978416,,1,cf_0V,frequency,frequency,29386.364480084198,147,147,0.0,0.1,29386.364480084198,0.099945068359375,29386.3644801462,0,Rp || Cp,Rp,Cp,42856.839166417325,4.5505461012375553e-10,4.5505461012375553e-10,42856.839166417325,6.2037469104295504e-06,6.2037469104295504e-06,1.0,3068.571590537745,-11049.576802758475,11467.749523176442,-1.299912936529941,9.999999747378752e-05,0,9.999999747378752e-05,-0.157501220703125,0.164306640625,3.402709874977816e-07,1.6430663647426513e-05,off
1781066966.7592611,2026-06-10T12:49:26.759,87906716797296,,1,cf_0V,frequency,frequency,26343.98784881462,148,148,0.0,0.1,26343.98784881462,0.099945068359375,26343.987848775898,0,Rp || Cp,Rp,Cp,43475.580384559005,4.5534255467958814e-10,4.5534255467958814e-10,43475.580384559005,5.611747373990389e-06,5.611747373990389e-06,1.0,3704.092400103504,-12137.432446116001,12690.057797052541,-1.2745947359575998,9.999999747378752e-05,0,9.999999747378752e-05,-0.149322509765625,0.154266357421875,2.4719237656789517e-07,1.5426635352477902e-05,off
1781066967.171826,2026-06-10T12:49:27.171,87906739448176,,1,cf_0V,frequency,frequency,23616.58912414415,149,149,0.0,0.1,23616.58912414415,0.099945068359375,23616.589124202394,0,Rp || Cp,Rp,Cp,43080.31602275424,4.5558111867919183e-10,4.5558111867919183e-10,43080.31602275424,5.084965011829743e-06,5.084965011829743e-06,1.0,4543.518889416797,-13232.258526530599,13990.576457438377,-1.240042953008071,9.999999747378752e-05,0,9.999999747378752e-05,-0.1435546875,0.147064208984375,1.754760697858515e-07,1.470642052692206e-05,off
1781066967.563858,2026-06-10T12:49:27.563,87906763819376,,1,cf_0V,frequency,frequency,21171.558575697567,150,150,0.0,0.1,21171.558575697567,0.099945068359375,21171.5585756167,0,Rp || Cp,Rp,Cp,43307.072008438015,4.557904578495757e-10,4.557904578495757e-10,43307.072008438015,4.614350959819029e-06,4.614350959819029e-06,1.0,5485.608733845636,-14403.949085786368,15413.164906882994,-1.2069149811929627,9.999999747378752e-05,0,9.999999747378752e-05,-0.140167236328125,0.13330078125,-3.4332274523318773e-07,1.4016723278720278e-05,off
1781066968.0720992,2026-06-10T12:49:28.072,87906787617136,,1,cf_0V,frequency,frequency,18979.66256549492,151,151,0.0,0.1,18979.66256549492,0.099945068359375,18979.662565428156,0,Rp || Cp,Rp,Cp,43437.79418324431,4.5601201706058636e-10,4.5601201706058636e-10,43437.79418324431,4.200133038322446e-06,4.200133038322446e-06,1.0,6601.609477698564,-15594.168976716448,16933.970407746234,-1.1703339688809262,9.999999747378752e-05,0,9.999999747378752e-05,-0.129974365234375,0.128570556640625,-7.01904279143406e-08,1.2997436195094636e-05,off
1781066968.5164855,2026-06-10T12:49:28.516,87906819156336,,1,cf_0V,frequency,frequency,17014.69402038014,152,152,0.0,0.1,17014.69402038014,0.099945068359375,17014.694020431874,0,Rp || Cp,Rp,Cp,43550.77160333096,4.562414992570487e-10,4.562414992570487e-10,43550.77160333096,3.8323385728512565e-06,3.8323385728512565e-06,1.0,7900.782382991995,-16782.812838910784,18549.53285258972,-1.1308079886065001,9.999999747378752e-05,0,9.999999747378752e-05,-0.126617431640625,0.126678466796875,3.051757735406113e-09,1.2667846359670776e-05,off
1781066968.9286277,2026-06-10T12:49:28.928,87906846108016,,1,cf_0V,frequency,frequency,15253.159091114281,153,153,0.0,0.1,15253.159091114281,0.099945068359375,15253.159091201951,0,Rp || Cp,Rp,Cp,43767.965735766105,4.565021517012272e-10,4.565021517012272e-10,43767.965735766105,3.5124323660636007e-06,3.5124323660636007e-06,1.0,9378.743112646378,-17959.05578881716,20260.515965761064,-1.0895239231549878,9.999999747378752e-05,0,9.999999747378752e-05,-0.112579345703125,0.111907958984375,-3.3569335089467245e-08,1.1257934285913151e-05,off
1781066969.3169372,2026-06-10T12:49:29.316,87906870192496,,1,cf_0V,frequency,frequency,13673.996251720062,154,154,0.0,0.1,13673.996251720062,0.099945068359375,13673.996251668541,0,Rp || Cp,Rp,Cp,43845.66335507915,4.5672409709920117e-10,4.5672409709920117e-10,43845.66335507915,3.2289210149384976e-06,3.2289210149384976e-06,1.0,11071.754549055071,-19049.007163456397,22032.894106493022,-1.0442965609062498,9.999999747378752e-05,0,9.999999747378752e-05,-0.112579345703125,0.10552978515625,-3.5247801843940607e-07,1.1257934285913151e-05,off
1781066969.7230392,2026-06-10T12:49:29.723,87906893130096,,1,cf_0V,frequency,frequency,12258.324480531926,155,155,0.0,0.1,12258.324480531926,0.099945068359375,12258.324480498573,0,Rp || Cp,Rp,Cp,43918.28176672821,4.5694215427043503e-10,4.5694215427043503e-10,43918.28176672821,2.9894124112528147e-06,2.9894124112528147e-06,1.0,12958.66961423769,-20029.862337746177,23856.28855124011,-0.9965558834917856,9.999999747378752e-05,0,9.999999747378752e-05,-0.10870361328125,0.10540771484375,-1.647949177119301e-07,1.0870361053516575e-05,off
1781066970.1202886,2026-06-10T12:49:30.120,87906917214576,,1,cf_0V,frequency,frequency,10989.217512115829,156,156,0.0,0.1,10989.217512115829,0.099945068359375,10989.217512076266,0,Rp || Cp,Rp,Cp,44055.934905727874,4.571827464840421e-10,4.571827464840421e-10,44055.934905727874,2.7736652865031358e-06,2.7736652865031358e-06,1.0,15015.079146486109,-20881.828169647935,25719.707414392255,-0.9473991953193547,9.999999747378752e-05,0,9.999999747378752e-05,-0.10186767578125,0.1036376953125,8.850097432677728e-08,1.036376926943916e-05,off
1781066970.5252178,2026-06-10T12:49:30.525,87906940152176,,1,cf_0V,frequency,frequency,9851.501460936432,157,157,0.0,0.1,9851.501460936432,0.099945068359375,9851.501461000113,0,Rp || Cp,Rp,Cp,44104.65999066548,4.5741305274246285e-10,4.5741305274246285e-10,44104.65999066548,2.5798501789046015e-06,2.5798501789046015e-06,1.0,17232.58792165114,-21519.185499600942,27568.77637915169,-0.8955670855860642,9.999999747378752e-05,0,9.999999747378752e-05,-0.099456787109375,0.09515380859375,-2.1514892034613098e-07,9.945678459688523e-06,off
1781066970.9261801,2026-06-10T12:49:30.926,87906964236656,,1,cf_0V,frequency,frequency,8831.573397089549,158,158,0.0,0.1,8831.573397089549,0.099945068359375,8831.57339707452,0,Rp || Cp,Rp,Cp,44236.26874093148,4.5766473347150883e-10,4.5766473347150883e-10,44236.26874093148,2.417909349502959e-06,2.417909349502959e-06,1.0,19555.549856565427,-21969.183613395748,29411.97985229339,-0.8434580440113456,9.999999747378752e-05,0,9.999999747378752e-05,-0.098358154296875,0.09320068359375,-2.5787352864181656e-07,9.835815181213903e-06,off
1781066971.3278067,2026-06-10T12:49:31.327,87906989754736,,1,cf_0V,frequency,frequency,7917.238704927916,159,159,0.0,0.1,7917.238704927916,0.099945068359375,7917.238704848728,0,Rp || Cp,Rp,Cp,44114.36267264495,4.5794783354913837e-10,4.5794783354913837e-10,44114.36267264495,2.29697863244276e-06,2.29697863244276e-06,1.0,21948.005890143097,-22056.911144250553,31116.270531333288,-0.7878730011906994,9.999999747378752e-05,0,9.999999747378752e-05,-0.0933837890625,0.09149169921875,-9.460448979758951e-08,9.338378670342706e-06,off
1781066971.7320187,2026-06-10T12:49:31.732,87907013552496,,1,cf_0V,frequency,frequency,7097.565279983502,160,160,0.0,0.1,7097.565279983502,0.099945068359375,7097.565280034246,0,Rp || Cp,Rp,Cp,44845.687758586355,4.5812206276137765e-10,4.5812206276137765e-10,44845.687758586355,2.1604575113863584e-06,2.1604575113863584e-06,1.0,24380.2644334857,-22337.243169406112,33065.839264350565,-0.7416946252559352,9.999999747378752e-05,0,9.999999747378752e-05,-0.09088134765625,0.09149169921875,3.051757735406113e-08,9.149169690747527e-06,off
1781066972.1636105,2026-06-10T12:49:32.163,87907039644016,,1,cf_0V,frequency,frequency,6362.752820913701,161,161,0.0,0.1,6362.752820913701,0.099945068359375,6362.7528208343165,0,Rp || Cp,Rp,Cp,44357.20883942394,4.584554141395861e-10,4.584554141395861e-10,44357.20883942394,2.0503881879174675e-06,2.0503881879174675e-06,1.0,26705.832006649453,-21711.6260188439,34417.96286170235,-0.6826128015846,9.999999747378752e-05,0,9.999999747378752e-05,-0.09088134765625,0.09149169921875,3.051757735406113e-08,9.149169690747527e-06,off
1781066972.628918,2026-06-10T12:49:32.628,87907063155056,,1,cf_0V,frequency,frequency,5704.01565368052,162,162,0.0,0.1,5704.01565368052,0.099945068359375,5704.015653620331,0,Rp || Cp,Rp,Cp,44886.54765891877,4.5860117793469734e-10,4.5860117793469734e-10,44886.54765891877,1.976633725362406e-06,1.976633725362406e-06,1.0,29066.29132852111,-21443.791161807618,36120.43010521442,-0.6356179020853368,9.999999747378752e-05,0,9.999999747378752e-05,-0.0867919921875,0.085174560546875,-8.0871579988262e-08,8.679198999494986e-06,off
1781066973.067742,2026-06-10T12:49:33.067,87907093260656,,1,cf_0V,frequency,frequency,5113.477686967608,163,163,0.0,0.1,5113.477686967608,0.099945068359375,5113.477686933265,0,Rp || Cp,Rp,Cp,44870.08535285073,4.587047345066594e-10,4.587047345066594e-10,44870.08535285073,1.9048388426422757e-06,1.9048388426422757e-06,1.0,31218.463975387305,-20644.19168138993,37426.93072054565,-0.5842651169008511,9.999999747378752e-05,0,9.999999747378752e-05,-0.086334228515625,0.087615966796875,6.408691244352838e-08,8.761596458350951e-06,off
1781066973.4712265,2026-06-10T12:49:33.471,87907117345136,,1,cf_0V,frequency,frequency,4584.078242885572,164,164,0.0,0.1,4584.078242885572,0.099945068359375,4584.078242970691,0,Rp || Cp,Rp,Cp,44533.14954684546,4.5904415924237186e-10,4.5904415924237186e-10,44533.14954684546,1.8497926150886202e-06,1.8497926150886202e-06,1.0,33068.63239063608,-19470.89888461312,38375.12673023836,-0.5321454800436802,9.999999747378752e-05,0,9.999999747378752e-05,-0.084991455078125,0.087615966796875,1.3122558262246287e-07,8.761596458350951e-06,off
1781066973.869911,2026-06-10T12:49:33.869,87907142003056,,1,cf_0V,frequency,frequency,4109.487637044614,165,165,0.0,0.1,4109.487637044614,0.099945068359375,4109.487637009579,0,Rp || Cp,Rp,Cp,44413.25448847664,4.593311713114292e-10,4.593311713114292e-10,44413.25448847664,1.8002275738032427e-06,1.8002275738032427e-06,1.0,34766.64130713536,-18313.392375646195,39295.033885764584,-0.4848193324003744,9.999999747378752e-05,0,9.999999747378752e-05,-0.084991455078125,0.087615966796875,1.3122558262246287e-07,8.761596458350951e-06,off
1781066974.2792685,2026-06-10T12:49:34.279,87907165514096,,1,cf_0V,frequency,frequency,3684.0314986403864,166,166,0.0,0.1,3684.0314986403864,0.099945068359375,3684.0314986363865,0,Rp || Cp,Rp,Cp,44330.07055611691,4.594930211464494e-10,4.594930211464494e-10,44330.07055611691,1.7658017924970472e-06,1.7658017924970472e-06,1.0,36267.421292215826,-17100.043788987045,40096.60016475641,-0.4405877564668986,9.999999747378752e-05,0,9.999999747378752e-05,-0.086700439453125,0.087615966796875,4.57763660310917e-08,8.761596458350951e-06,off
1781066974.6910548,2026-06-10T12:49:34.691,87907190172016,,1,cf_0V,frequency,frequency,3302.622925697632,167,167,0.0,0.1,3302.622925697632,0.099945068359375,3302.6229256449824,0,Rp || Cp,Rp,Cp,44426.45819986529,4.5992045434858856e-10,4.5992045434858856e-10,44426.45819986529,1.7293168756698585e-06,1.7293168756698585e-06,1.0,37656.75743411441,-15966.370271211279,40901.78920400856,-0.40102119794710184,9.999999747378752e-05,0,9.999999747378752e-05,-0.086700439453125,0.0821533203125,-2.2735595128775543e-07,8.670043726288768e-06,off
1781066975.191745,2026-06-10T12:49:35.191,87907215690096,,1,cf_0V,frequency,frequency,2960.70166429603,168,168,0.0,0.1,2960.70166429603,0.099945068359375,2960.701664207477,0,Rp || Cp,Rp,Cp,44720.44479254546,4.59824305893671e-10,4.59824305893671e-10,44720.44479254546,1.7089417246779938e-06,1.7089417246779938e-06,1.0,39011.70737944679,-14923.390816630965,41768.65937668444,-0.365361336324461,9.999999747378752e-05,0,9.999999747378752e-05,-0.086761474609375,0.0821533203125,-2.3040770902316154e-07,8.67614724175958e-06,off
1781066975.607869,2026-06-10T12:49:35.607,87907246655856,,1,cf_0V,frequency,frequency,2654.1795845838647,169,169,0.0,0.1,2654.1795845838647,0.099945068359375,2654.179584595795,0,Rp || Cp,Rp,Cp,44685.60890185884,4.605107079768326e-10,4.605107079768326e-10,44685.60890185884,1.688019470250084e-06,1.688019470250084e-06,1.0,39977.45825763351,-13719.325633943103,42266.02731025236,-0.3305831239886222,9.999999747378752e-05,0,9.999999747378752e-05,-0.086761474609375,0.081451416015625,-2.6550292298033185e-07,8.67614724175958e-06,off
1781066975.998231,2026-06-10T12:49:35.998,87907271027056,,1,cf_0V,frequency,frequency,2379.391801671713,170,170,0.0,0.1,2379.391801671713,0.099945068359375,2379.391801667907,0,Rp || Cp,Rp,Cp,44774.183003332546,4.602796911425796e-10,4.602796911425796e-10,44774.183003332546,1.6634440592353221e-06,1.6634440592353221e-06,1.0,40892.38391308455,-12599.048324055393,42789.28698596156,-0.29887366286685696,9.999999747378752e-05,0,9.999999747378752e-05,-0.086761474609375,0.081451416015625,-2.6550292298033185e-07,8.67614724175958e-06,off
1781066976.4110029,2026-06-10T12:49:36.411,87907295111536,,1,cf_0V,frequency,frequency,2133.052856990533,171,171,0.0,0.1,2133.052856990533,0.099945068359375,2133.0528569052376,0,Rp || Cp,Rp,Cp,44444.84227755125,4.605389325939537e-10,4.605389325939537e-10,44444.84227755125,1.6520944141258372e-06,1.6520944141258372e-06,1.0,41334.21414531769,-11339.107960690375,42861.3185559564,-0.2677408029954745,9.999999747378752e-05,0,9.999999747378752e-05,-0.08697509765625,0.08148193359375,-2.746581961865502e-07,8.697509545907423e-06,off
1781066976.8343291,2026-06-10T12:49:36.834,87907318049136,,1,cf_0V,frequency,frequency,1912.21743620315,172,172,0.0,0.1,1912.21743620315,0.099945068359375,1912.2174361285715,0,Rp || Cp,Rp,Cp,44623.839328968446,4.611399864886691e-10,4.611399864886691e-10,44623.839328968446,1.6369576716984844e-06,1.6369576716984844e-06,1.0,42053.24676147084,-10397.199794376362,43319.479760788185,-0.24237832691225403,9.999999747378752e-05,0,9.999999747378752e-05,-0.08697509765625,0.08148193359375,-2.746581961865502e-07,8.697509545907423e-06,off
1781066977.331052,2026-06-10T12:49:37.331,87907345000816,,1,cf_0V,frequency,frequency,1714.2451539988147,173,173,0.0,0.1,1714.2451539988147,0.099945068359375,1714.2451539342574,0,Rp || Cp,Rp,Cp,44574.45661172275,4.613873883380726e-10,4.613873883380726e-10,44574.45661172275,1.6205171501313894e-06,1.6205171501313894e-06,1.0,42489.52860106161,-9412.099040072895,43519.50883317244,-0.21799560183035713,9.999999747378752e-05,0,9.999999747378752e-05,-0.08697509765625,0.08221435546875,-2.3803710336167683e-07,8.697509545907423e-06,off
1781066977.830512,2026-06-10T12:49:37.830,87907378260336,,1,cf_0V,frequency,frequency,1536.7689847255556,174,174,0.0,0.1,1536.7689847255556,0.099945068359375,1536.7689847067822,0,Rp || Cp,Rp,Cp,44761.503284459686,4.6137258871773454e-10,4.6137258871773454e-10,44761.503284459686,1.615979794904402e-06,1.615979794904402e-06,1.0,43049.67691865317,-8584.496024159063,43897.24655134103,-0.19682729309740354,9.999999747378752e-05,0,9.999999747378752e-05,-0.08697509765625,0.08221435546875,-2.3803710336167683e-07,8.697509545907423e-06,off
1781066978.1881328,2026-06-10T12:49:38.188,87907402344816,,1,cf_0V,frequency,frequency,1377.6669614059458,175,175,0.0,0.1,1377.6669614059458,0.099945068359375,1377.6669614173898,0,Rp || Cp,Rp,Cp,45057.78159841127,4.6135141534445006e-10,4.6135141534445006e-10,45057.78159841127,1.6058705485328213e-06,1.6058705485328213e-06,1.0,43644.65013557518,-7853.383238519204,44345.587308635535,-0.17803404146214394,9.999999747378752e-05,0,9.999999747378752e-05,-0.083343505859375,0.08221435546875,-5.6457518105013094e-08,8.334350375394095e-06,off
1781066978.595344,2026-06-10T12:49:38.595,87907424422256,,1,cf_0V,frequency,frequency,1235.0368047598533,176,176,0.0,0.1,1235.0368047598533,0.099945068359375,1235.036804771994,0,Rp || Cp,Rp,Cp,44822.744980025105,4.6219645418951974e-10,4.6219645418951974e-10,44822.744980025105,1.6019304294652502e-06,1.6019304294652502e-06,1.0,43693.50425675333,-7024.2782084122055,44254.52291669289,-0.15939866830863017,9.999999747378752e-05,0,9.999999747378752e-05,-0.08740234375,0.08221435546875,-2.593994075095196e-07,8.740234154203108e-06,off
1781066979.1111593,2026-06-10T12:49:39.111,87907450513776,,1,cf_0V,frequency,frequency,1107.1731788899117,177,177,0.0,0.1,1107.1731788899117,0.099945068359375,1107.1731789513706,0,Rp || Cp,Rp,Cp,44981.58984878546,4.6207708704035633e-10,4.6207708704035633e-10,44981.58984878546,1.5971096146739215e-06,1.5971096146739215e-06,1.0,44060.42366064764,-6370.790571916185,44518.62425622533,-0.14359692894035692,9.999999747378752e-05,0,9.999999747378752e-05,-0.08740234375,0.080474853515625,-3.4637450296859384e-07,8.740234154203108e-06,off
1781066979.5251784,2026-06-10T12:49:39.525,87907478899056,,1,cf_0V,frequency,frequency,992.547301690778,178,178,0.0,0.1,992.547301690778,0.099945068359375,992.5473017347031,0,Rp || Cp,Rp,Cp,44906.11459351395,4.6200578156269117e-10,4.6200578156269117e-10,44906.11459351395,1.5986704245722736e-06,1.5986704245722736e-06,1.0,44166.742066975195,-5714.51447378033,44534.89396508945,-0.1286701896185784,9.999999747378752e-05,0,9.999999747378752e-05,-0.08740234375,0.080291748046875,-3.555297761748122e-07,8.740234154203108e-06,off
1781066979.9450893,2026-06-10T12:49:39.945,87907505850736,,1,cf_0V,frequency,frequency,889.7886661970878,179,179,0.0,0.1,889.7886661970878,0.099945068359375,889.7886662140309,0,Rp || Cp,Rp,Cp,44478.4616743081,4.617591903589697e-10,4.617591903589697e-10,44478.4616743081,1.6048381426789784e-06,1.6048381426789784e-06,1.0,43899.66596342089,-5040.72796022648,44188.11616338655,-0.11432315674585967,9.999999747378752e-05,0,9.999999747378752e-05,-0.08538818359375,0.080291748046875,-2.5482177090641045e-07,8.538818143666305e-06,off
1781066980.4087636,2026-06-10T12:49:40.408,87907530221936,,1,cf_0V,frequency,frequency,797.6686543241938,180,180,0.0,0.1,797.6686543241938,0.099945068359375,797.6686543287315,0,Rp || Cp,Rp,Cp,44743.98445598431,4.6185342510941435e-10,4.6185342510941435e-10,44743.98445598431,1.583105084715581e-06,1.583105084715581e-06,1.0,44269.105219320474,-4585.027687412813,44505.911470428386,-0.10320375114573571,9.999999747378752e-05,0,9.999999747378752e-05,-0.08538818359375,0.080291748046875,-2.5482177090641045e-07,8.538818143666305e-06,off
1781066980.8166351,2026-06-10T12:49:40.816,87907558893936,,1,cf_0V,frequency,frequency,715.0858470818457,181,181,0.0,0.1,715.0858470818457,0.099945068359375,715.0858471760557,0,Rp || Cp,Rp,Cp,45143.76339076636,4.6276921821610724e-10,4.6276921821610724e-10,45143.76339076636,1.5955915470224897e-06,1.5955915470224897e-06,1.0,44749.497943165996,-4200.378653937503,44946.19835983764,-0.09359004765925057,9.999999747378752e-05,0,9.999999747378752e-05,-0.08538818359375,0.08038330078125,-2.502441343033013e-07,8.538818143666305e-06,off
1781066981.2314072,2026-06-10T12:49:41.231,87907582978416,,1,cf_0V,frequency,frequency,641.0528556246055,182,182,0.0,0.1,641.0528556246055,0.099945068359375,641.0528555989004,0,Rp || Cp,Rp,Cp,45281.97259732973,4.633685573452703e-10,4.633685573452703e-10,45281.97259732973,1.576721575370519e-06,1.576721575370519e-06,1.0,44960.83909252179,-3799.7936571460714,45121.12015165984,-0.08431305134000718,9.999999747378752e-05,0,9.999999747378752e-05,-0.08172607421875,0.0830078125,6.408691244352838e-08,8.300781040304628e-06,off
1781066981.6208127,2026-06-10T12:49:41.620,87907607062896,,1,cf_0V,frequency,frequency,574.6845156864445,183,183,0.0,0.1,574.6845156864445,0.099945068359375,574.6845156551217,0,Rp || Cp,Rp,Cp,44869.05506440958,4.629889067284227e-10,4.629889067284227e-10,44869.05506440958,1.5926500547117276e-06,1.5926500547117276e-06,1.0,44618.00295569744,-3346.855797394346,44743.35293072232,-0.07487111552426573,9.999999747378752e-05,0,9.999999747378752e-05,-0.081695556640625,0.0830078125,6.561279131123143e-08,8.300781040304628e-06,off
1781066982.0834112,2026-06-10T12:49:42.083,87907632580976,,1,cf_0V,frequency,frequency,515.1873042480629,184,184,0.0,0.1,515.1873042480629,0.099945068359375,515.1873042308353,0,Rp || Cp,Rp,Cp,45300.14375760408,4.640614897986072e-10,4.640614897986072e-10,45300.14375760408,1.574701180055089e-06,1.574701180055089e-06,1.0,45091.34234830886,-3068.4093321035234,45195.62247167011,-0.06794400129769802,9.999999747378752e-05,0,9.999999747378752e-05,-0.081695556640625,0.0830078125,6.561279131123143e-08,8.300781040304628e-06,off
1781066982.531037,2026-06-10T12:49:42.531,87907660392816,,1,cf_0V,frequency,frequency,461.8498518989187,185,185,0.0,0.1,461.8498518989187,0.099945068359375,461.8498518027536,0,Rp || Cp,Rp,Cp,45369.43404808763,4.627941989799899e-10,4.627941989799899e-10,45369.43404808763,1.5740382148906177e-06,1.5740382148906177e-06,1.0,45201.62401267081,-2754.1398160703725,45285.45130071381,-0.060854874576374736,9.999999747378752e-05,0,9.999999747378752e-05,-0.078643798828125,0.0830078125,2.182006780815371e-07,8.300781040304628e-06,off
1781066982.9762259,2026-06-10T12:49:42.976,87907687344496,,1,cf_0V,frequency,frequency,414.03443745645274,186,186,0.0,0.1,414.03443745645274,0.099945068359375,414.0344374548022,0,Rp || Cp,Rp,Cp,44880.408840102304,4.6419964250519725e-10,4.6419964250519725e-10,44880.408840102304,1.5786565525886468e-06,1.5786565525886468e-06,1.0,44748.96541162829,-2425.274713175688,44814.638934677074,-0.054144363770473186,9.999999747378752e-05,0,9.999999747378752e-05,-0.078643798828125,0.0819091796875,1.6326903884422705e-07,8.190917761830008e-06,off
1781066983.3895764,2026-06-10T12:49:43.389,87907713722736,,1,cf_0V,frequency,frequency,371.1693631492158,187,187,0.0,0.1,371.1693631492158,0.099945068359375,371.1693631913704,0,Rp || Cp,Rp,Cp,44911.937373978406,4.630566683549289e-10,4.630566683549289e-10,44911.937373978406,1.5785367418951774e-06,1.5785367418951774e-06,1.0,44806.53819296604,-2173.148045931923,44859.20682833416,-0.04846271452248198,9.999999747378752e-05,0,9.999999747378752e-05,-0.078643798828125,0.08209228515625,1.724243120504454e-07,8.209228308242444e-06,off
1781066983.7913573,2026-06-10T12:49:43.791,87907736660336,,1,cf_0V,frequency,frequency,332.7421191989247,188,188,0.0,0.1,332.7421191989247,0.099945068359375,332.74211929779085,0,Rp || Cp,Rp,Cp,44992.49010774727,4.603498639764226e-10,4.603498639764226e-10,44992.49010774727,1.5843000749308613e-06,1.5843000749308613e-06,1.0,44908.28124052182,-1944.6530519107964,44950.3659547963,-0.04327573604397959,9.999999747378752e-05,0,9.999999747378752e-05,-0.081939697265625,0.08209228515625,7.629394338515283e-09,8.209228308242444e-06,off
1781066984.2685013,2026-06-10T12:49:44.268,87907760744816,,1,cf_0V,frequency,frequency,298.2932560748046,189,189,0.0,0.1,298.2932560748046,0.099945068359375,298.2932561224061,0,Rp || Cp,Rp,Cp,44924.46963491907,4.671331154008952e-10,4.671331154008952e-10,44924.46963491907,1.566512858040605e-06,1.566512858040605e-06,1.0,44855.0782661502,-1764.2435424630721,44889.76054223928,-0.039311816748119684,9.999999747378752e-05,0,9.999999747378752e-05,-0.081939697265625,0.08209228515625,7.629394338515283e-09,8.209228308242444e-06,off
1781066984.7119074,2026-06-10T12:49:44.711,87907789130096,,1,cf_0V,frequency,frequency,267.41089115476336,190,190,0.0,0.1,267.41089115476336,0.099945068359375,267.4108910838413,0,Rp || Cp,Rp,Cp,45452.90422055037,4.6459785844425557e-10,4.6459785844425557e-10,45452.90422055037,1.566007800246721e-06,1.566007800246721e-06,1.0,45395.754929848066,-1610.694010399416,45424.32058760991,-0.03546628126967045,9.999999747378752e-05,0,9.999999747378752e-05,-0.08355712890625,0.079620361328125,-1.968383739336943e-07,8.355712679541938e-06,off
1781066985.1605344,2026-06-10T12:49:45.160,87907818088816,,1,cf_0V,frequency,frequency,239.7257841131082,191,191,0.0,0.1,239.7257841131082,0.099945068359375,239.72578418351986,0,Rp || Cp,Rp,Cp,45582.86159213318,4.6447136847246935e-10,4.6447136847246935e-10,45582.86159213318,1.5623065579213565e-06,1.5623065579213565e-06,1.0,45536.552054668566,-1452.16275375217,45559.70093943687,-0.03187924243956193,9.999999747378752e-05,0,9.999999747378752e-05,-0.08355712890625,0.08026123046875,-1.647949177119301e-07,8.355712679541938e-06,off
1781066985.5909579,2026-06-10T12:49:45.590,87907845327216,,1,cf_0V,frequency,frequency,214.90692215443403,192,192,0.0,0.1,214.90692215443403,0.099945068359375,214.9069221246691,0,Rp || Cp,Rp,Cp,45566.01616737322,4.683976512218108e-10,4.683976512218108e-10,45566.01616737322,1.5639302156619556e-06,1.5639302156619556e-06,1.0,45528.20217053872,-1312.0988121164119,45547.105244726634,-0.028811498602470634,9.999999747378752e-05,0,9.999999747378752e-05,-0.08355712890625,0.08026123046875,-1.647949177119301e-07,8.355712679541938e-06,off
1781066986.091654,2026-06-10T12:49:46.091,87907873425776,,1,cf_0V,frequency,frequency,192.65756230919578,193,193,0.0,0.1,192.65756230919578,0.099945068359375,192.65756222353048,0,Rp || Cp,Rp,Cp,45493.35892645146,4.635391291094263e-10,4.635391291094263e-10,45493.35892645146,1.5598795015442163e-06,1.5598795015442163e-06,1.0,45463.733421430516,-1160.5542050018835,45478.54376162066,-0.025521490041644536,9.999999747378752e-05,0,9.999999747378752e-05,-0.081329345703125,0.08026123046875,-5.340576036960698e-08,8.132934364857292e-06,off
1781066986.49161,2026-06-10T12:49:46.491,87907899517296,,1,cf_0V,frequency,frequency,172.71168347127087,194,194,0.0,0.1,172.71168347127087,0.099945068359375,172.7116834615572,0,Rp || Cp,Rp,Cp,45673.49566591768,4.637534113638752e-10,4.637534113638752e-10,45673.49566591768,1.5619978376687788e-06,1.5619978376687788e-06,1.0,45649.37769475204,-1049.2713543081031,45661.43508797217,-0.022981400369323005,9.999999747378752e-05,0,9.999999747378752e-05,-0.081329345703125,0.08026123046875,-5.340576036960698e-08,8.132934364857292e-06,off
1781066986.906735,2026-06-10T12:49:46.906,87907924748656,,1,cf_0V,frequency,frequency,154.83080575683516,195,195,0.0,0.1,154.83080575683516,0.099945068359375,154.83080566980334,0,Rp || Cp,Rp,Cp,45404.555288752315,4.677112331610717e-10,4.677112331610717e-10,45404.555288752315,1.5648107445992714e-06,1.5648107445992714e-06,1.0,45385.18469000025,-937.623699528915,45394.868956164544,-0.02065630769364441,9.999999747378752e-05,0,9.999999747378752e-05,-0.081329345703125,0.078643798828125,-1.3427734035786898e-07,8.132934364857292e-06,off
1781066987.2972033,2026-06-10T12:49:47.297,87907947686256,,1,cf_0V,frequency,frequency,138.8011391556985,196,196,0.0,0.1,138.8011391556985,0.099945068359375,138.80113911568515,0,Rp || Cp,Rp,Cp,45041.68039669284,4.712043850086057e-10,4.712043850086057e-10,45041.68039669284,1.564142647233766e-06,1.564142647233766e-06,1.0,45026.25417984761,-833.4175188384221,45033.96662774611,-0.018507476935983654,9.999999747378752e-05,0,9.999999747378752e-05,-0.081329345703125,0.080291748046875,-5.1879881501903924e-08,8.132934364857292e-06,off
1781066987.7084537,2026-06-10T12:49:47.708,87907971770736,,1,cf_0V,frequency,frequency,124.43102738338021,197,197,0.0,0.1,124.43102738338021,0.099945068359375,124.43102740178347,0,Rp || Cp,Rp,Cp,45427.24330775245,4.771122571530983e-10,4.771122571530983e-10,45427.24330775245,1.5637762792971084e-06,1.5637762792971084e-06,1.0,45414.20315367456,-769.550652295257,45420.72276273984,-0.016943532105440508,9.999999747378752e-05,0,9.999999747378752e-05,-0.078094482421875,0.080291748046875,1.0986327847462007e-07,8.029174601853484e-06,off
1781066988.0981278,2026-06-10T12:49:48.098,87907995855216,,1,cf_0V,frequency,frequency,111.54865637172875,198,198,0.0,0.1,111.54865637172875,0.099945068359375,111.54865639184663,0,Rp || Cp,Rp,Cp,45668.515921455815,4.776318815586746e-10,4.776318815586746e-10,45668.515921455815,1.556925313889211e-06,1.556925313889211e-06,1.0,45657.84445161835,-698.023144250377,45663.17987479722,-0.015286940896561714,9.999999747378752e-05,0,9.999999747378752e-05,-0.079559326171875,0.080291748046875,3.662109282487336e-08,8.029174601853484e-06,off
1781066988.533461,2026-06-10T12:49:48.533,87908021660016,,1,cf_0V,frequency,frequency,100.0,199,199,0.0,0.1,100.0,0.099945068359375,99.99999996068709,0,Rp || Cp,Rp,Cp,45742.96192807292,4.639744160487334e-10,4.639744160487334e-10,45742.96192807292,1.5518038411344544e-06,1.5518038411344544e-06,1.0,45734.82906558633,-609.8811979705213,45738.89531606594,-0.01333436821090991,9.999999747378752e-05,0,9.999999747378752e-05,-0.079559326171875,0.0784912109375,-5.340576036960698e-08,7.955932416203737e-06,off
1781066988.9282045,2026-06-10T12:49:48.928,87908045744496,,1,cf_0V,frequency,frequency,0.0,200,200,0.0,0.1,0.0,0.099945068359375,0.0,0,Rp || Cp,Rp,Cp,108.61696845122093,nan,nan,108.61696845122093,9.152445107906195e-08,9.152445107906195e-08,1.0,-108.61696845029894,-0.0004475333132156692,108.61696845122091,-3.1415885333006743,9.999999747378752e-05,0,9.999999747378752e-05,-0.242034912109375,0.999969482421875,3.789672755827311e-05,9.999694571605211e-05,off
