timestamp_unix,timestamp_iso,sample_timestamp,sample_clockbase,block_index,block_name,mode,sweep_variable,sweep_value,point_index_block,point_index_total,set_bias_V,set_amplitude_V,set_frequency_Hz,measured_drive_V,measured_frequency_Hz,model,model_name,param0_name,param1_name,param0,param1,C_F,R_Ohm,demod_R_raw,demod_R,demod_R_gain,Z_real_Ohm,Z_imag_Ohm,Z_abs_Ohm,Z_phase_rad,imps_current_range_A,currin_index,currin_range_A,currin_norm_min,currin_norm_max,currin_est_A,currin_peak_A,iv_autorange_mode
1781065908.0515742,2026-06-10T12:31:48.051,87843167603056,,1,cf_0V,frequency,frequency,0.0,1,1,0.0,0.1,0.0,0.099945068359375,0.0,0,Rp || Cp,Rp,Cp,108.61696845122093,nan,nan,108.61696845122093,8.575658601186176e-06,8.575658601186176e-06,1.0,-108.61696845029894,-0.0004475333132156692,108.61696845122091,-3.1415885333006743,0.0010000000474974513,0,0.0010000000474974513,-0.022247314453125,0.012786865234375,-4.730224834048613e-06,2.2247315509815735e-05,off
1781065908.47909,2026-06-10T12:31:48.479,87843215198576,,1,cf_0V,frequency,frequency,100.0,2,2,0.0,0.1,100.0,0.099945068359375,99.99999996068709,0,Rp || Cp,Rp,Cp,105449.42761636066,5.8834283770539056e-12,5.8834283770539056e-12,105449.42761636066,6.33637637691066e-07,6.33637637691066e-07,1.0,105449.41159301165,-41.105385591541776,105449.41960468586,-0.00038981140708648507,0.0010000000474974513,0,0.0010000000474974513,-0.02496337890625,0.015869140625,-4.54711935660157e-06,2.4963380091946874e-05,off
1781065909.2719436,2026-06-10T12:31:49.271,87843264514416,,1,cf_0V,frequency,frequency,111.67312606580774,3,3,0.0,0.1,111.67312606580774,0.099945068359375,111.6731259998005,0,Rp || Cp,Rp,Cp,109307.6170602694,4.2216815617034657e-10,4.2216815617034657e-10,109307.6170602694,6.516030877298093e-07,6.516030877298093e-07,1.0,109193.13848157869,-3535.5728384734284,109250.362776301,-0.03236776682214725,9.999999747378752e-05,0,9.999999747378752e-05,-0.066162109375,0.064849853515625,-6.561279131123143e-08,6.616210770360453e-06,off
1781065909.6859264,2026-06-10T12:31:49.685,87843288598896,,1,cf_0V,frequency,frequency,124.70887085309788,4,4,0.0,0.1,124.70887085309788,0.099945068359375,124.70887085669347,0,Rp || Cp,Rp,Cp,107673.66909185775,4.021865097127247e-10,4.021865097127247e-10,107673.66909185775,6.584934666555724e-07,6.584934666555724e-07,1.0,107549.83557565333,-3649.4210919736006,107611.73452117853,-0.03391935826105929,9.999999747378752e-05,0,9.999999747378752e-05,-0.06817626953125,0.0682373046875,3.051757735406113e-09,6.823730296368069e-06,off
1781065910.0550387,2026-06-10T12:31:50.055,87843313543536,,1,cf_0V,frequency,frequency,139.2662945630255,5,5,0.0,0.1,139.2662945630255,0.099945068359375,139.26629449656502,0,Rp || Cp,Rp,Cp,108713.17708077657,4.0105375608322553e-10,4.0105375608322553e-10,108713.17708077657,6.457265115703863e-07,6.457265115703863e-07,1.0,108555.17171045933,-4141.533545193579,108634.1456688148,-0.03813292224361483,9.999999747378752e-05,0,9.999999747378752e-05,-0.06817626953125,0.0682373046875,3.051757735406113e-09,6.823730296368069e-06,off
1781065910.4451478,2026-06-10T12:31:50.445,87843336767856,,1,cf_0V,frequency,frequency,155.52302469454662,6,6,0.0,0.1,155.52302469454662,0.099945068359375,155.52302464527656,0,Rp || Cp,Rp,Cp,110104.14716500504,4.0777356222513623e-10,4.0777356222513623e-10,110104.14716500504,6.445521810398326e-07,6.445521810398326e-07,1.0,109892.6214640128,-4821.318677400361,109998.33346929333,-0.04384488019984385,9.999999747378752e-05,0,9.999999747378752e-05,-0.06817626953125,0.0731201171875,2.4719237656789517e-07,7.312011534033047e-06,off
1781065910.8972142,2026-06-10T12:31:50.897,87843359705456,,1,cf_0V,frequency,frequency,173.67742342849834,7,7,0.0,0.1,173.67742342849834,0.099945068359375,173.6774233762617,0,Rp || Cp,Rp,Cp,109510.33122054387,4.104598112946975e-10,4.104598112946975e-10,109510.33122054387,6.529563447765227e-07,6.529563447765227e-07,1.0,109247.48038108098,-5358.711778718263,109378.82684295918,-0.04901184213897538,9.999999747378752e-05,0,9.999999747378752e-05,-0.06817626953125,0.0731201171875,2.4719237656789517e-07,7.312011534033047e-06,off
1781065911.3092122,2026-06-10T12:31:51.309,87843386943856,,1,cf_0V,frequency,frequency,193.95100801315368,8,8,0.0,0.1,193.95100801315368,0.099945068359375,193.9510080006812,0,Rp || Cp,Rp,Cp,109663.68372209684,4.0349616775515233e-10,4.0349616775515233e-10,109663.68372209684,6.458418412908815e-07,6.458418412908815e-07,1.0,109345.74005707628,-5896.25180501409,109504.59649703217,-0.053870840552318056,9.999999747378752e-05,0,9.999999747378752e-05,-0.069549560546875,0.0731201171875,1.7852782752125762e-07,7.312011534033047e-06,off
1781065911.709885,2026-06-10T12:31:51.709,87843411028336,,1,cf_0V,frequency,frequency,216.59115368443398,9,9,0.0,0.1,216.59115368443398,0.099945068359375,216.5911537588272,0,Rp || Cp,Rp,Cp,110726.93009982047,4.091319903512091e-10,4.091319903512091e-10,110726.93009982047,6.469229722772759e-07,6.469229722772759e-07,1.0,110307.6731353367,-6800.533817134335,110517.10280644473,-0.061572666752232164,9.999999747378752e-05,0,9.999999747378752e-05,-0.071563720703125,0.07098388671875,-2.8991698486358075e-08,7.156371889527335e-06,off
1781065912.1514902,2026-06-10T12:31:52.151,87843435112816,,1,cf_0V,frequency,frequency,241.8741121014056,10,10,0.0,0.1,241.8741121014056,0.099945068359375,241.87411220566446,0,Rp || Cp,Rp,Cp,110210.45430610869,4.1327252204216647e-10,4.1327252204216647e-10,110210.45430610869,6.561890159188571e-07,6.561890159188571e-07,1.0,109684.91637364628,-7592.337200975665,109947.37133768637,-0.06910928470761554,9.999999747378752e-05,0,9.999999747378752e-05,-0.0751953125,0.07098388671875,-2.105712837430218e-07,7.519531060040663e-06,off
1781065912.553404,2026-06-10T12:31:52.553,87843462351216,,1,cf_0V,frequency,frequency,270.1083821275558,11,11,0.0,0.1,270.1083821275558,0.099945068359375,270.1083821676775,0,Rp || Cp,Rp,Cp,108252.17913466212,4.161047054794542e-10,4.161047054794542e-10,108252.17913466212,6.635777434790994e-07,6.635777434790994e-07,1.0,107623.222934575,-8227.411095724987,107937.24291533153,-0.0762980301515205,9.999999747378752e-05,0,9.999999747378752e-05,-0.0751953125,0.068603515625,-3.295898354238602e-07,7.519531060040663e-06,off
1781065913.0114143,2026-06-10T12:31:53.011,87843487295856,,1,cf_0V,frequency,frequency,301.6384740876191,12,12,0.0,0.1,301.6384740876191,0.099945068359375,301.6384739851219,0,Rp || Cp,Rp,Cp,107029.32125717364,4.153438945285208e-10,4.153438945285208e-10,107029.32125717364,6.765287238731354e-07,6.765287238731354e-07,1.0,106274.9496765821,-8953.814927996216,106651.46848742808,-0.08405291279756269,9.999999747378752e-05,0,9.999999747378752e-05,-0.0751953125,0.068603515625,-3.295898354238602e-07,7.519531060040663e-06,off
1781065913.466784,2026-06-10T12:31:53.466,87843514534256,,1,cf_0V,frequency,frequency,336.849113430846,13,13,0.0,0.1,336.849113430846,0.099945068359375,336.84911350917446,0,Rp || Cp,Rp,Cp,106872.57208592308,4.167604288175025e-10,4.167604288175025e-10,106872.57208592308,6.690227233920797e-07,6.690227233920797e-07,1.0,105931.20299563627,-9986.008221356069,106400.84646420673,-0.0939910440690907,9.999999747378752e-05,0,9.999999747378752e-05,-0.0751953125,0.068511962890625,-3.341674720269694e-07,7.519531060040663e-06,off
1781065913.870511,2026-06-10T12:31:53.870,87843539478896,,1,cf_0V,frequency,frequency,376.169935093184,14,14,0.0,0.1,376.169935093184,0.099945068359375,376.1699350945946,0,Rp || Cp,Rp,Cp,105903.20571150187,4.159985715625589e-10,4.159985715625589e-10,105903.20571150187,6.747348852373963e-07,6.747348852373963e-07,1.0,104767.26568660775,-10909.139764075522,105333.70443424265,-0.10375346475367123,9.999999747378752e-05,0,9.999999747378752e-05,-0.07061767578125,0.072174072265625,7.781982225285589e-08,7.217407044235458e-06,off
1781065914.3561006,2026-06-10T12:31:54.356,87843564423536,,1,cf_0V,frequency,frequency,420.08072583827897,15,15,0.0,0.1,420.08072583827897,0.099945068359375,420.08072583143985,0,Rp || Cp,Rp,Cp,106831.17312725844,4.18837391436683e-10,4.18837391436683e-10,106831.17312725844,6.76428194068989e-07,6.76428194068989e-07,1.0,105361.58901878358,-12443.380443660193,106093.83656663907,-0.11755713350194352,9.999999747378752e-05,0,9.999999747378752e-05,-0.07061767578125,0.072174072265625,7.781982225285589e-08,7.217407044235458e-06,off
1781065914.823582,2026-06-10T12:31:54.823,87843597683056,,1,cf_0V,frequency,frequency,469.11727854354143,16,16,0.0,0.1,469.11727854354143,0.099945068359375,469.11727856979724,0,Rp || Cp,Rp,Cp,108016.6748686231,4.179027382978845e-10,4.179027382978845e-10,108016.6748686231,6.647721464586703e-07,6.647721464586703e-07,1.0,106137.68581027199,-14122.02359140534,107073.05870047898,-0.13227688243269828,9.999999747378752e-05,0,9.999999747378752e-05,-0.073333740234375,0.072174072265625,-5.798339697271615e-08,7.33337383818089e-06,off
1781065915.2148333,2026-06-10T12:31:55.214,87843623774576,,1,cf_0V,frequency,frequency,523.8779298644155,17,17,0.0,0.1,523.8779298644155,0.099945068359375,523.877929836658,0,Rp || Cp,Rp,Cp,107901.5987324896,4.174050329083565e-10,4.174050329083565e-10,107901.5987324896,6.708873037840555e-07,6.708873037840555e-07,1.0,105581.12138049852,-15652.431151781831,106735.05418991846,-0.14717829551642161,9.999999747378752e-05,0,9.999999747378752e-05,-0.073333740234375,0.0692138671875,-2.0599364713991264e-07,7.33337383818089e-06,off
1781065915.625344,2026-06-10T12:31:55.625,87843647285616,,1,cf_0V,frequency,frequency,585.0308610484332,18,18,0.0,0.1,585.0308610484332,0.099945068359375,585.0308610888533,0,Rp || Cp,Rp,Cp,105494.96484146037,4.1643199901548746e-10,4.1643199901548746e-10,105494.96484146037,6.774334798527006e-07,6.774334798527006e-07,1.0,102813.81904114355,-16602.97681552001,104145.76431598987,-0.16010368576031878,9.999999747378752e-05,0,9.999999747378752e-05,-0.073333740234375,0.0692138671875,-2.0599364713991264e-07,7.33337383818089e-06,off
1781065916.0797064,2026-06-10T12:31:56.079,87843670223216,,1,cf_0V,frequency,frequency,653.3222509824973,19,19,0.0,0.1,653.3222509824973,0.099945068359375,653.3222509119696,0,Rp || Cp,Rp,Cp,108270.21707897395,4.1706370482899366e-10,4.1706370482899366e-10,108270.21707897395,6.731920610487981e-07,6.731920610487981e-07,1.0,104673.75689477028,-19402.448273428152,106456.80054119852,-0.18328094529965586,9.999999747378752e-05,0,9.999999747378752e-05,-0.073333740234375,0.0692138671875,-2.0599364713991264e-07,7.33337383818089e-06,off
1781065916.52722,2026-06-10T12:31:56.527,87843698321776,,1,cf_0V,frequency,frequency,729.585380955657,20,20,0.0,0.1,729.585380955657,0.099945068359375,729.5853809097252,0,Rp || Cp,Rp,Cp,107220.32555670604,4.1648369495193203e-10,4.1648369495193203e-10,107220.32555670604,6.825475553064225e-07,6.825475553064225e-07,1.0,102908.0016072395,-21065.91179898556,105042.03651261833,-0.20191668405455346,9.999999747378752e-05,0,9.999999747378752e-05,-0.070831298828125,0.070404052734375,-2.1362304147842792e-08,7.083129703877589e-06,off
1781065916.9831643,2026-06-10T12:31:56.983,87843723266416,,1,cf_0V,frequency,frequency,814.7508022323145,21,21,0.0,0.1,814.7508022323145,0.099945068359375,814.7508022915417,0,Rp || Cp,Rp,Cp,105958.70469997029,4.1658428081729483e-10,4.1658428081729483e-10,105958.70469997029,6.93104419058783e-07,6.93104419058783e-07,1.0,100811.19547837239,-22779.9595777787,103352.90848420205,-0.22223424238111492,9.999999747378752e-05,0,9.999999747378752e-05,-0.070831298828125,0.070404052734375,-2.1362304147842792e-08,7.083129703877589e-06,off
1781065917.4326198,2026-06-10T12:31:57.432,87843751364976,,1,cf_0V,frequency,frequency,909.8576904990725,22,22,0.0,0.1,909.8576904990725,0.099945068359375,909.8576904165157,0,Rp || Cp,Rp,Cp,107140.59447047886,4.1667143097471027e-10,4.1667143097471027e-10,107140.59447047886,6.895104903703671e-07,6.895104903703671e-07,1.0,100588.9191016878,-25671.50061160906,103813.08486745656,-0.24987804026440796,9.999999747378752e-05,0,9.999999747378752e-05,-0.07147216796875,0.070404052734375,-5.340576036960698e-08,7.147216616321117e-06,off
1781065917.8263717,2026-06-10T12:31:57.826,87843778603376,,1,cf_0V,frequency,frequency,1016.0665257304771,23,23,0.0,0.1,1016.0665257304771,0.099945068359375,1016.0665256364609,0,Rp || Cp,Rp,Cp,106997.83244513816,4.1595364530343203e-10,4.1595364530343203e-10,106997.83244513816,7.017799874402646e-07,7.017799874402646e-07,1.0,99004.99535890183,-28130.602528692598,102923.85488623839,-0.2768372569858268,9.999999747378752e-05,0,9.999999747378752e-05,-0.07562255859375,0.07171630859375,-1.9531249506599124e-07,7.5622556683363484e-06,off
1781065918.2760139,2026-06-10T12:31:58.276,87843803834736,,1,cf_0V,frequency,frequency,1134.6732521914685,24,24,0.0,0.1,1134.6732521914685,0.099945068359375,1134.67325220995,0,Rp || Cp,Rp,Cp,106955.535291367,4.157285312421167e-10,4.157285312421167e-10,106955.535291367,6.950537325296494e-07,6.950537325296494e-07,1.0,97188.91510705923,-30809.206740446614,101955.34532167869,-0.3069822421225265,9.999999747378752e-05,0,9.999999747378752e-05,-0.07562255859375,0.07171630859375,-1.9531249506599124e-07,7.5622556683363484e-06,off
1781065918.7392073,2026-06-10T12:31:58.739,87843830786416,,1,cf_0V,frequency,frequency,1267.1250913547792,25,25,0.0,0.1,1267.1250913547792,0.099945068359375,1267.1250913598442,0,Rp || Cp,Rp,Cp,107459.80313295816,4.1592522561331483e-10,4.1592522561331483e-10,107459.80313295816,7.109044810536223e-07,7.109044810536223e-07,1.0,95382.00494869202,-33941.193352340706,101240.95749356228,-0.341872276093136,9.999999747378752e-05,0,9.999999747378752e-05,-0.07562255859375,0.076995849609375,6.866454904663755e-08,7.699584766429624e-06,off
1781065919.1814497,2026-06-10T12:31:59.181,87843861178736,,1,cf_0V,frequency,frequency,1415.0382006801042,26,26,0.0,0.1,1415.0382006801042,0.099945068359375,1415.0382007471762,0,Rp || Cp,Rp,Cp,104661.26189581184,4.1538875924825413e-10,4.1538875924825413e-10,104661.26189581184,7.221418952232529e-07,7.221418952232529e-07,1.0,91056.5685034649,-35196.543805448804,97622.20732740615,-0.3688449337487062,9.999999747378752e-05,0,9.999999747378752e-05,-0.07562255859375,0.076995849609375,6.866454904663755e-08,7.699584766429624e-06,off
1781065919.6398654,2026-06-10T12:31:59.639,87843883829616,,1,cf_0V,frequency,frequency,1580.2173937248301,27,27,0.0,0.1,1580.2173937248301,0.099945068359375,1580.217393737371,0,Rp || Cp,Rp,Cp,105705.70530669182,4.1546147381609737e-10,4.1546147381609737e-10,105705.70530669182,7.388997415807001e-07,7.388997415807001e-07,1.0,88818.58380799436,-38728.416132187005,96894.94850489144,-0.4111839718568928,9.999999747378752e-05,0,9.999999747378752e-05,-0.072723388671875,0.076995849609375,2.1362304147842792e-07,7.699584766429624e-06,off
1781065920.0845227,2026-06-10T12:32:00.084,87843914221936,,1,cf_0V,frequency,frequency,1764.6781622081528,28,28,0.0,0.1,1764.6781622081528,0.099945068359375,1764.6781621039054,0,Rp || Cp,Rp,Cp,104385.4105984283,4.152655452506972e-10,4.152655452506972e-10,104385.4105984283,7.417892819975764e-07,7.417892819975764e-07,1.0,84796.87344235893,-40755.94074664649,94082.71069513037,-0.4480320643720696,9.999999747378752e-05,0,9.999999747378752e-05,-0.072723388671875,0.077972412109375,2.6245116524492573e-07,7.797241013962619e-06,off
1781065920.4866378,2026-06-10T12:32:00.486,87843937159536,,1,cf_0V,frequency,frequency,1970.6712687384897,29,29,0.0,0.1,1970.6712687384897,0.099945068359375,1970.6712688360994,0,Rp || Cp,Rp,Cp,106790.9702700448,4.153918100229529e-10,4.153918100229529e-10,106790.9702700448,7.594736838866307e-07,7.594736838866307e-07,1.0,82039.71744041823,-45062.02157514592,93600.75334174708,-0.5022831953281721,9.999999747378752e-05,0,9.999999747378752e-05,-0.0704345703125,0.077972412109375,3.76892080322655e-07,7.797241013962619e-06,off
1781065920.8448331,2026-06-10T12:32:00.844,87843963537776,,1,cf_0V,frequency,frequency,2200.7102102809863,30,30,0.0,0.1,2200.7102102809863,0.099945068359375,2200.7102103316356,0,Rp || Cp,Rp,Cp,105704.77466082206,4.151139335618114e-10,4.151139335618114e-10,105704.77466082206,7.821468165276567e-07,7.821468165276567e-07,1.0,77261.84344541436,-46878.0684189688,90371.15552695582,-0.5453627075125252,9.999999747378752e-05,0,9.999999747378752e-05,-0.0704345703125,0.077972412109375,3.76892080322655e-07,7.797241013962619e-06,off
1781065921.3022423,2026-06-10T12:32:01.302,87843985328496,,1,cf_0V,frequency,frequency,2457.6018874701913,31,31,0.0,0.1,2457.6018874701913,0.099945068359375,2457.6018875421823,0,Rp || Cp,Rp,Cp,107742.24808831855,4.1455921700013346e-10,4.1455921700013346e-10,107742.24808831855,8.084497035509218e-07,8.084497035509218e-07,1.0,73011.22089008868,-50356.27764747548,88692.68895670578,-0.6037837823218694,9.999999747378752e-05,0,9.999999747378752e-05,-0.075439453125,0.077972412109375,1.266479460193537e-07,7.797241013962619e-06,off
1781065921.7851892,2026-06-10T12:32:01.785,87844010559856,,1,cf_0V,frequency,frequency,2744.480853990254,32,32,0.0,0.1,2744.480853990254,0.099945068359375,2744.480853991149,0,Rp || Cp,Rp,Cp,107617.08132611262,4.1442877493401524e-10,4.1442877493401524e-10,107617.08132611262,8.407629117475511e-07,8.407629117475511e-07,1.0,67620.62289993043,-52005.62885466928,85306.11979186609,-0.6556005282720415,9.999999747378752e-05,0,9.999999747378752e-05,-0.075439453125,0.07244873046875,-1.4953612903489955e-07,7.543945121923912e-06,off
1781065922.189726,2026-06-10T12:32:02.189,87844039518576,,1,cf_0V,frequency,frequency,3064.8475639284966,33,33,0.0,0.1,3064.8475639284966,0.099945068359375,3064.8475640049355,0,Rp || Cp,Rp,Cp,106498.25448633997,4.144452398008421e-10,4.144452398008421e-10,106498.25448633997,8.826432853545491e-07,8.826432853545491e-07,1.0,61830.176130685104,-52553.16500601447,81146.8165272115,-0.7044707337584669,9.999999747378752e-05,0,9.999999747378752e-05,-0.075439453125,0.07244873046875,-1.4953612903489955e-07,7.543945121923912e-06,off
1781065922.6055498,2026-06-10T12:32:02.605,87844065896816,,1,cf_0V,frequency,frequency,3422.6110837907077,34,34,0.0,0.1,3422.6110837907077,0.099945068359375,3422.6110837209944,0,Rp || Cp,Rp,Cp,105526.17615545672,4.142361925531698e-10,4.142361925531698e-10,105526.17615545672,9.269967552869705e-07,9.269967552869705e-07,1.0,56021.50991990583,-52662.37889230357,76887.81258627825,-0.7545006489854827,9.999999747378752e-05,0,9.999999747378752e-05,-0.07110595703125,0.07244873046875,6.713867017893449e-08,7.244872863854113e-06,off
1781065923.019216,2026-06-10T12:32:03.019,87844090554736,,1,cf_0V,frequency,frequency,3822.1367903439054,35,35,0.0,0.1,3822.1367903439054,0.099945068359375,3822.136790319064,0,Rp || Cp,Rp,Cp,106291.15429626337,4.142224448281945e-10,4.142224448281945e-10,106291.15429626337,9.751157578701672e-07,9.751157578701672e-07,1.0,50185.17582378704,-53063.0605450424,73035.88341953054,-0.8132643998132298,9.999999747378752e-05,0,9.999999747378752e-05,-0.07110595703125,0.074462890625,1.6784667544733622e-07,7.446288874390916e-06,off
1781065923.4397912,2026-06-10T12:32:03.439,87844112918896,,1,cf_0V,frequency,frequency,4268.299636288371,36,36,0.0,0.1,4268.299636288371,0.099945068359375,4268.299636294159,0,Rp || Cp,Rp,Cp,106001.67465763944,4.1401411952965544e-10,4.1401411952965544e-10,106001.67465763944,1.0352908006179945e-06,1.0352908006179945e-06,1.0,44440.658543512865,-52304.991126273904,68635.15300850356,-0.8665085681278405,9.999999747378752e-05,0,9.999999747378752e-05,-0.08160400390625,0.09423828125,6.317138512290654e-07,9.423827886934077e-06,off
1781065923.8098347,2026-06-10T12:32:03.809,87844138723696,,1,cf_0V,frequency,frequency,4766.543633698721,37,37,0.0,0.1,4766.543633698721,0.099945068359375,4766.543633607512,0,Rp || Cp,Rp,Cp,106557.15530686972,4.137820865136592e-10,4.137820865136592e-10,106557.15530686972,1.1102942079486293e-06,1.1102942079486293e-06,1.0,38836.81708573004,-51283.93889394783,64329.93665338578,-0.922645883254588,9.999999747378752e-05,0,9.999999747378752e-05,-0.08160400390625,0.09423828125,6.317138512290654e-07,9.423827886934077e-06,off
1781065924.268244,2026-06-10T12:32:04.268,87844164241776,,1,cf_0V,frequency,frequency,5322.948281042111,38,38,0.0,0.1,5322.948281042111,0.099945068359375,5322.948280976902,0,Rp || Cp,Rp,Cp,106997.68794791555,4.1356917402813893e-10,4.1356917402813893e-10,106997.68794791555,1.1861970180269197e-06,1.1861970180269197e-06,1.0,33538.136856355835,-49635.6371764803,59904.115899584445,-0.9765750960845806,9.999999747378752e-05,0,9.999999747378752e-05,-0.08160400390625,0.09423828125,6.317138512290654e-07,9.423827886934077e-06,off
1781065924.7367156,2026-06-10T12:32:04.736,87844188326256,,1,cf_0V,frequency,frequency,5944.302744305904,39,39,0.0,0.1,5944.302744305904,0.099945068359375,5944.302744325114,0,Rp || Cp,Rp,Cp,107700.71998489373,4.134315375317895e-10,4.134315375317895e-10,107700.71998489373,1.2835017608334943e-06,1.2835017608334943e-06,1.0,28600.406683881323,-47563.65344705327,55500.309834403495,-1.0294155958362352,9.999999747378752e-05,0,9.999999747378752e-05,-0.080780029296875,0.076507568359375,-2.1362304147842792e-07,8.078002725619982e-06,off
1781065925.1067405,2026-06-10T12:32:05.106,87844216711536,,1,cf_0V,frequency,frequency,6638.188697382001,40,40,0.0,0.1,6638.188697382001,0.099945068359375,6638.188697394298,0,Rp || Cp,Rp,Cp,107398.0146448182,4.1334420503881324e-10,4.1334420503881324e-10,107398.0146448182,1.3945575431082108e-06,1.3945575431082108e-06,1.0,24252.810239194554,-44905.5104051678,51036.297566016816,-1.0755969514932529,9.999999747378752e-05,0,9.999999747378752e-05,-0.080780029296875,0.076507568359375,-2.1362304147842792e-07,8.078002725619982e-06,off
1781065925.5189486,2026-06-10T12:32:05.518,87844239362416,,1,cf_0V,frequency,frequency,7413.07283251361,41,41,0.0,0.1,7413.07283251361,0.099945068359375,7413.072832491707,0,Rp || Cp,Rp,Cp,106115.94068030543,4.1321113107959197e-10,4.1321113107959197e-10,106115.94068030543,1.5262181680796342e-06,1.5262181680796342e-06,1.0,20520.543534808374,-41910.190568683705,46664.298778266784,-1.1154779846009337,9.999999747378752e-05,0,9.999999747378752e-05,-0.0831298828125,0.086181640625,1.5258788677030566e-07,8.618163844786864e-06,off
1781065925.911072,2026-06-10T12:32:05.911,87844264880496,,1,cf_0V,frequency,frequency,8278.410169603068,42,42,0.0,0.1,8278.410169603068,0.099945068359375,8278.410169637595,0,Rp || Cp,Rp,Cp,105995.16642343093,4.130388682726935e-10,4.130388682726935e-10,105995.16642343093,1.6706547924013948e-06,1.6706547924013948e-06,1.0,17135.51035815651,-39021.21931627374,42617.851566722886,-1.157015945379876,9.999999747378752e-05,0,9.999999747378752e-05,-0.08538818359375,0.086181640625,3.967285056027947e-08,8.618163844786864e-06,off
1781065926.2592912,2026-06-10T12:32:06.259,87844286384496,,1,cf_0V,frequency,frequency,9244.759424945483,43,43,0.0,0.1,9244.759424945483,0.099945068359375,9244.759424973381,0,Rp || Cp,Rp,Cp,104757.92327623387,4.1286194539269447e-10,4.1286194539269447e-10,104757.92327623387,1.835382145045732e-06,1.835382145045732e-06,1.0,14327.77657459595,-35995.31827264489,38742.07169370971,-1.1919759474938232,9.999999747378752e-05,0,9.999999747378752e-05,-0.08538818359375,0.086181640625,3.967285056027947e-08,8.618163844786864e-06,off
1781065926.6728,2026-06-10T12:32:06.672,87844308748656,,1,cf_0V,frequency,frequency,10323.911847100022,44,44,0.0,0.1,10323.911847100022,0.099945068359375,10323.911847009982,0,Rp || Cp,Rp,Cp,106448.22362220459,4.1267845929707844e-10,4.1267845929707844e-10,106448.22362220459,2.0208671805264314e-06,2.0208671805264314e-06,1.0,11672.128536349464,-33260.16782903207,35248.79215780937,-1.2332895501026673,9.999999747378752e-05,0,9.999999747378752e-05,-0.08538818359375,0.086181640625,3.967285056027947e-08,8.618163844786864e-06,off
1781065927.0768096,2026-06-10T12:32:07.076,87844333980016,,1,cf_0V,frequency,frequency,11529.035091934857,45,45,0.0,0.1,11529.035091934857,0.099945068359375,11529.035091939477,0,Rp || Cp,Rp,Cp,103352.86911488559,4.1248826200379803e-10,4.1248826200379803e-10,103352.86911488559,2.2381619496474093e-06,2.2381619496474093e-06,1.0,9808.523126580241,-30290.788715170765,31839.268316212547,-1.2576392407657688,9.999999747378752e-05,0,9.999999747378752e-05,-0.08599853515625,0.08917236328125,1.5869140224111788e-07,8.917236102856663e-06,off
1781065927.5142875,2026-06-10T12:32:07.514,87844358064496,,1,cf_0V,frequency,frequency,12874.833892387638,46,46,0.0,0.1,12874.833892387638,0.099945068359375,12874.83389234012,0,Rp || Cp,Rp,Cp,104979.77646596766,4.123374371057729e-10,4.123374371057729e-10,104979.77646596766,2.472598060473727e-06,2.472598060473727e-06,1.0,7915.857951078825,-27719.022189445102,28827.157304191613,-1.2926255065088648,9.999999747378752e-05,0,9.999999747378752e-05,-0.0877685546875,0.08917236328125,7.01904279143406e-08,8.917236102856663e-06,off
1781065927.9659185,2026-06-10T12:32:07.965,87844385302896,,1,cf_0V,frequency,frequency,14377.729483409405,47,47,0.0,0.1,14377.729483409405,0.099945068359375,14377.729483356916,0,Rp || Cp,Rp,Cp,104391.02621657007,4.1220977164658115e-10,4.1220977164658115e-10,104391.02621657007,2.7381707502371496e-06,2.7381707502371496e-06,1.0,6479.347104986908,-25187.37291970013,26007.41612507759,-1.3190097542443218,9.999999747378752e-05,0,9.999999747378752e-05,-0.091094970703125,0.091217041015625,6.103515470812226e-09,9.121703871128872e-06,off
1781065928.3301423,2026-06-10T12:32:08.330,87844409960816,,1,cf_0V,frequency,frequency,16056.059971408577,48,48,0.0,0.1,16056.059971408577,0.099945068359375,16056.059971489845,0,Rp || Cp,Rp,Cp,105217.54086124669,4.120453665794425e-10,4.120453665794425e-10,105217.54086124669,3.0400264942531276e-06,3.0400264942531276e-06,1.0,5227.026914536752,-22861.607721195272,23451.54404219703,-1.346022115656098,9.999999747378752e-05,0,9.999999747378752e-05,-0.094024658203125,0.0972900390625,1.6326903884422705e-07,9.729003660474689e-06,off
1781065928.7530444,2026-06-10T12:32:08.753,87844433471856,,1,cf_0V,frequency,frequency,17930.304093072773,49,49,0.0,0.1,17930.304093072773,0.099945068359375,17930.304093098926,0,Rp || Cp,Rp,Cp,104514.29837066945,4.118753736909362e-10,4.118753736909362e-10,104514.29837066945,3.3764989872216897e-06,3.3764989872216897e-06,1.0,4262.590966190981,-20672.010601960115,21106.91128688905,-1.3674453599054837,9.999999747378752e-05,0,9.999999747378752e-05,-0.104888916015625,0.10186767578125,-1.510620079026026e-07,1.0488891336590811e-05,off
1781065929.1889935,2026-06-10T12:32:09.188,87844457556336,,1,cf_0V,frequency,frequency,20023.331093839864,50,50,0.0,0.1,20023.331093839864,0.099945068359375,20023.331093881323,0,Rp || Cp,Rp,Cp,103724.19119668209,4.1172290411563543e-10,4.1172290411563543e-10,103724.19119668209,3.755462440089489e-06,3.755462440089489e-06,1.0,3472.862388419113,-18659.021121357197,18979.458432108913,-1.3867794909007443,9.999999747378752e-05,0,9.999999747378752e-05,-0.104888916015625,0.10296630859375,-9.613036866529256e-08,1.0488891336590811e-05,off
1781065929.6585755,2026-06-10T12:32:09.658,87844484794736,,1,cf_0V,frequency,frequency,22360.679774997894,51,51,0.0,0.1,22360.679774997894,0.099945068359375,22360.6797749909,0,Rp || Cp,Rp,Cp,104322.14369610633,4.1157727567801094e-10,4.1157727567801094e-10,104322.14369610633,4.179113413555312e-06,4.179113413555312e-06,1.0,2790.0864700868633,-16831.0195516018,17060.709295248067,-1.4065197251051664,9.999999747378752e-05,0,9.999999747378752e-05,-0.11651611328125,0.11297607421875,-1.7700194865355456e-07,1.165161103378054e-05,off
1781065930.1063166,2026-06-10T12:32:10.106,87844511746416,,1,cf_0V,frequency,frequency,24970.870114304947,52,52,0.0,0.1,24970.870114304947,0.099945068359375,24970.87011427368,0,Rp || Cp,Rp,Cp,103217.4729358111,4.113968295384324e-10,4.113968295384324e-10,103217.4729358111,4.651446260796252e-06,4.651446260796252e-06,1.0,2274.165758463845,-15151.297394243862,15321.019634012297,-1.4218114199015415,9.999999747378752e-05,0,9.999999747378752e-05,-0.11651611328125,0.11297607421875,-1.7700194865355456e-07,1.165161103378054e-05,off
1781065930.5170443,2026-06-10T12:32:10.517,87844538984816,,1,cf_0V,frequency,frequency,27885.751262476904,53,53,0.0,0.1,27885.751262476904,0.099945068359375,27885.751262459737,0,Rp || Cp,Rp,Cp,101309.25636142539,4.1126116966139514e-10,4.1126116966139514e-10,101309.25636142539,5.18299138919447e-06,5.18299138919447e-06,1.0,1866.023596856404,-13622.166453481972,13749.380456965851,-1.4346592828361708,9.999999747378752e-05,0,9.999999747378752e-05,-0.12200927734375,0.1226806640625,3.3569335089467245e-08,1.2268066096332575e-05,off
1781065930.9306867,2026-06-10T12:32:10.930,87844564789616,,1,cf_0V,frequency,frequency,31140.89016174344,54,54,0.0,0.1,31140.89016174344,0.099945068359375,31140.890161793777,0,Rp || Cp,Rp,Cp,99786.39525759593,4.1109281724017483e-10,4.1109281724017483e-10,99786.39525759593,5.77586274985407e-06,5.77586274985407e-06,1.0,1525.2381035010333,-12242.208174407453,12336.855849765778,-1.4468465420577787,9.999999747378752e-05,0,9.999999747378752e-05,-0.129119873046875,0.1363525390625,3.616332916456244e-07,1.3635253561794514e-05,off
1781065931.3424945,2026-06-10T12:32:11.342,87844588874096,,1,cf_0V,frequency,frequency,34776.005528338435,55,55,0.0,0.1,34776.005528338435,0.099945068359375,34776.005528271984,0,Rp || Cp,Rp,Cp,99377.07583175047,4.1094047758699054e-10,4.1094047758699054e-10,99377.07583175047,6.439703720441192e-06,6.439703720441192e-06,1.0,1232.5840167752933,-10998.696829428112,11067.54694158023,-1.4591955964777603,9.999999747378752e-05,0,9.999999747378752e-05,-0.13909912109375,0.139129638671875,1.5258788677030566e-09,1.391296351571647e-05,off
1781065931.7430382,2026-06-10T12:32:11.743,87844614392176,,1,cf_0V,frequency,frequency,38835.452494313686,56,56,0.0,0.1,38835.452494313686,0.099945068359375,38835.45249436793,0,Rp || Cp,Rp,Cp,98438.1265644478,4.107958809790261e-10,4.107958809790261e-10,98438.1265644478,7.180822186329643e-06,7.180822186329643e-06,1.0,1000.7606454114555,-9874.790185331887,9925.371684412192,-1.469796165820664,9.999999747378752e-05,0,9.999999747378752e-05,-0.146697998046875,0.14111328125,-2.7923583278965936e-07,1.4669799434097186e-05,off
1781065932.1835747,2026-06-10T12:32:12.183,87844640196976,,1,cf_0V,frequency,frequency,43368.76382220184,57,57,0.0,0.1,43368.76382220184,0.099945068359375,43368.763822186906,0,Rp || Cp,Rp,Cp,97569.2813285014,4.1065601977278275e-10,4.1065601977278275e-10,97569.2813285014,8.00926026361788e-06,8.00926026361788e-06,1.0,811.6870913124387,-8862.104164856848,8899.198062914229,-1.47946037323856,9.999999747378752e-05,0,9.999999747378752e-05,-0.163177490234375,0.15338134765625,-4.898071165326812e-07,1.6317748611216487e-05,off
1781065932.5981193,2026-06-10T12:32:12.598,87844663134576,,1,cf_0V,frequency,frequency,48431.254296349834,58,58,0.0,0.1,48431.254296349834,0.099945068359375,48431.25429637496,0,Rp || Cp,Rp,Cp,93894.42457870232,4.1047849189172505e-10,4.1047849189172505e-10,93894.42457870232,8.93521726230881e-06,8.93521726230881e-06,1.0,677.6763925737384,-7948.00538740571,7976.843669728143,-1.4857383439708651,9.999999747378752e-05,0,9.999999747378752e-05,-0.17193603515625,0.1669921875,-2.4719237656789517e-07,1.719360308127804e-05,off
1781065933.0938737,2026-06-10T12:32:13.093,87844689512816,,1,cf_0V,frequency,frequency,54084.69566561462,59,59,0.0,0.1,54084.69566561462,0.099945068359375,54084.69566560825,0,Rp || Cp,Rp,Cp,92412.49353529244,4.103256010600938e-10,4.103256010600938e-10,92412.49353529244,9.969314605917104e-06,9.969314605917104e-06,1.0,553.2174809694557,-7128.685524165756,7150.1193615002385,-1.493347139157034,9.999999747378752e-05,0,9.999999747378752e-05,-0.18634033203125,0.1793212890625,-3.50952139571703e-07,1.8634032732389727e-05,off
1781065933.5399299,2026-06-10T12:32:13.539,87844722772336,,1,cf_0V,frequency,frequency,60398.07037297046,60,60,0.0,0.1,60398.07037297046,0.099945068359375,60398.070372897906,0,Rp || Cp,Rp,Cp,90731.95946950371,4.101878454730773e-10,4.101878454730773e-10,90731.95946950371,1.1124142122948749e-05,1.1124142122948749e-05,1.0,452.5812317925698,-6392.085122109265,6408.087232525903,-1.500110907450423,9.999999747378752e-05,0,9.999999747378752e-05,-0.19525146484375,0.195098876953125,-7.629394338515283e-09,1.9525145991128312e-05,off
1781065934.0006924,2026-06-10T12:32:14.000,87844745423216,,1,cf_0V,frequency,frequency,67448.41326892251,61,61,0.0,0.1,67448.41326892251,0.099945068359375,67448.4132688491,0,Rp || Cp,Rp,Cp,87296.78932305351,4.100898190611835e-10,4.100898190611835e-10,87296.78932305351,1.241516136688091e-05,1.241516136688091e-05,1.0,377.62246780846743,-5729.103794463283,5741.53542320583,-1.5049785236856803,9.999999747378752e-05,0,9.999999747378752e-05,-0.2099609375,0.212127685546875,1.0833739960691702e-07,2.1212768018807893e-05,off
1781065934.44604,2026-06-10T12:32:14.446,87844772661616,,1,cf_0V,frequency,frequency,75321.75157919075,62,62,0.0,0.1,75321.75157919075,0.099945068359375,75321.7515791249,0,Rp || Cp,Rp,Cp,83143.62418090997,4.09996999949734e-10,4.09996999949734e-10,83143.62418090997,1.3857251518080556e-05,1.3857251518080556e-05,1.0,318.2318789376533,-5133.973141340427,5143.826566358656,-1.5088900337891156,9.999999747378752e-05,0,9.999999747378752e-05,-0.22308349609375,0.2291259765625,3.021240158052052e-07,2.2912597077429098e-05,off
1781065934.8549626,2026-06-10T12:32:14.854,87844799900016,,1,cf_0V,frequency,frequency,84114.1545960043,63,63,0.0,0.1,84114.1545960043,0.099945068359375,84114.15459598004,0,Rp || Cp,Rp,Cp,80269.16344027128,4.0991932875791265e-10,4.0991932875791265e-10,80269.16344027128,1.5466994321343446e-05,1.5466994321343446e-05,1.0,264.5591634222476,-4600.646821634014,4608.247251218389,-1.5133548112401063,9.999999747378752e-05,0,9.999999747378752e-05,-0.25177001953125,0.2508544921875,-4.57763660310917e-08,2.5177001317100434e-05,off
1781065935.3000767,2026-06-10T12:32:15.300,87844826851696,,1,cf_0V,frequency,frequency,93932.9059011844,64,64,0.0,0.1,93932.9059011844,0.099945068359375,93932.90590111291,0,Rp || Cp,Rp,Cp,75329.59356168928,4.098046862795545e-10,4.098046862795545e-10,75329.59356168928,1.7266257480178743e-05,1.7266257480178743e-05,1.0,226.2449839614543,-4122.1057597324625,4128.309906873182,-1.5159655623555646,9.999999747378752e-05,0,9.999999747378752e-05,-0.271636962890625,0.270477294921875,-5.798339697271615e-08,2.7163695602849813e-05,off
1781065935.7485583,2026-06-10T12:32:15.748,87844852369776,,1,cf_0V,frequency,frequency,104897.8124243061,65,65,0.0,0.1,104897.8124243061,0.099945068359375,104897.81242434049,0,Rp || Cp,Rp,Cp,71583.00425343378,4.0973820698951743e-10,4.0973820698951743e-10,71583.00425343378,1.927660480960617e-05,1.927660480960617e-05,1.0,191.03984841309588,-3693.0624226850387,3698.000308481597,-1.5191130091047023,9.999999747378752e-05,0,9.999999747378752e-05,-0.302215576171875,0.30499267578125,1.3885497696097815e-07,3.0499266807648695e-05,off
1781065936.158415,2026-06-10T12:32:16.158,87844879321456,,1,cf_0V,frequency,frequency,117142.66630887002,66,66,0.0,0.1,117142.66630887002,0.099945068359375,117142.66630889369,0,Rp || Cp,Rp,Cp,68295.05346332953,4.097410164140542e-10,4.097410164140542e-10,68295.05346332953,2.1522512181727977e-05,2.1522512181727977e-05,1.0,160.6125106271436,-3308.057378823771,3311.954105986427,-1.5222825112456033,9.999999747378752e-05,0,9.999999747378752e-05,-0.330047607421875,0.326812744140625,-1.61743159976524e-07,3.3004759908417114e-05,off
1781065936.6136768,2026-06-10T12:32:16.613,87844906559856,,1,cf_0V,frequency,frequency,130816.87742395303,67,67,0.0,0.1,130816.87742395303,0.099945068359375,130816.87742399595,0,Rp || Cp,Rp,Cp,62906.5411371373,4.0974101469480194e-10,4.0974101469480194e-10,62906.5411371373,2.403368172866935e-05,2.403368172866935e-05,1.0,139.84003365852803,-2962.650434145959,2965.948892000477,-1.5236303435179557,9.999999747378752e-05,0,9.999999747378752e-05,-0.361053466796875,0.354583740234375,-3.23486319953048e-07,3.6105345767589725e-05,off
1781065937.0332532,2026-06-10T12:32:17.033,87844929497456,,1,cf_0V,frequency,frequency,146087.29644100412,68,68,0.0,0.1,146087.29644100412,0.099945068359375,146087.29644095319,0,Rp || Cp,Rp,Cp,57824.39557442963,4.0979334648752257e-10,4.0979334648752257e-10,57824.39557442963,2.684122520791978e-05,2.684122520791978e-05,1.0,121.97123194712098,-2652.929660467487,2655.732058173571,-1.524852628485253,9.999999747378752e-05,0,9.999999747378752e-05,-0.397064208984375,0.390472412109375,-3.295898354238602e-07,3.970641989536894e-05,off
1781065937.489224,2026-06-10T12:32:17.489,87844959316336,,1,cf_0V,frequency,frequency,163140.25072069294,69,69,0.0,0.1,163140.25072069294,0.099945068359375,163140.25072077243,0,Rp || Cp,Rp,Cp,53684.88659259831,4.0990391837684576e-10,4.0990391837684576e-10,53684.88659259831,2.9979867868469817e-05,2.9979867868469817e-05,1.0,105.3050285718043,-2375.3314226577163,2377.664508821133,-1.5264925634725932,9.999999747378752e-05,0,9.999999747378752e-05,-0.43719482421875,0.435302734375,-9.460448979758951e-08,4.371948131742798e-05,off
1781065937.8884063,2026-06-10T12:32:17.888,87844981680496,,1,cf_0V,frequency,frequency,182183.81785139444,70,70,0.0,0.1,182183.81785139444,0.099945068359375,182183.81785146677,0,Rp || Cp,Rp,Cp,48535.32284257479,4.1008747595888147e-10,4.1008747595888147e-10,48535.32284257479,3.3494120218642504e-05,3.3494120218642504e-05,1.0,93.31982162040957,-2126.170049843334,2128.2170166498695,-1.52693343525833,9.999999747378752e-05,0,9.999999747378752e-05,-0.480743408203125,0.47442626953125,-3.158569256145327e-07,4.80743396058525e-05,off
1781065938.2931259,2026-06-10T12:32:18.293,87845007485296,,1,cf_0V,frequency,frequency,203450.36458068906,71,71,0.0,0.1,203450.36458068906,0.099945068359375,203450.36458074616,0,Rp || Cp,Rp,Cp,43053.06503906229,4.103575592256226e-10,4.103575592256226e-10,43053.06503906229,3.742928941569952e-05,3.742928941569952e-05,1.0,84.24491966421827,-1902.6047406187488,1904.468956300986,-1.526546501533665,9.999999747378752e-05,0,9.999999747378752e-05,-0.528594970703125,0.532470703125,1.9378661619828819e-07,5.324706896736586e-05,off
1781065938.702207,2026-06-10T12:32:18.702,87845030709616,,1,cf_0V,frequency,frequency,227199.38211953812,72,72,0.0,0.1,227199.38211953812,0.099945068359375,227199.38211963608,0,Rp || Cp,Rp,Cp,38405.56326624611,4.1075801592201644e-10,4.1075801592201644e-10,38405.56326624611,4.184184040721997e-05,4.184184040721997e-05,1.0,75.57953810772923,-1702.0465521981107,1703.723784077118,-1.5264203839190764,9.999999747378752e-05,0,9.999999747378752e-05,-0.585479736328125,0.582275390625,-1.6021728110882094e-07,5.854797215376628e-05,off
1781065939.0707054,2026-06-10T12:32:19.070,87845055940976,,1,cf_0V,frequency,frequency,253720.6524150888,73,73,0.0,0.1,253720.6524150888,0.099945068359375,253720.65241505482,0,Rp || Cp,Rp,Cp,33678.330886168376,4.112937841519332e-10,4.112937841519332e-10,33678.330886168376,4.6787435681723376e-05,4.6787435681723376e-05,1.0,68.92615204461254,-1522.0272470731709,1523.5871341242064,-1.5255414917301868,9.999999747378752e-05,0,9.999999747378752e-05,-0.643157958984375,0.639373779296875,-1.8920897959517902e-07,6.431579427368384e-05,off
1781065939.5200832,2026-06-10T12:32:19.520,87845080025456,,1,cf_0V,frequency,frequency,283337.78402649175,74,74,0.0,0.1,283337.78402649175,0.099945068359375,283337.7840264717,0,Rp || Cp,Rp,Cp,29324.60926793724,4.1199469936022097e-10,4.1199469936022097e-10,29324.60926793724,5.234436155289724e-05,5.234436155289724e-05,1.0,63.25254592594223,-1360.4614327184722,1361.9310534973906,-1.5243363338864402,9.999999747378752e-05,0,9.999999747378752e-05,-0.709503173828125,0.710693359375,5.950927584041921e-08,7.106933414213756e-05,off
1781065939.9503715,2026-06-10T12:32:19.950,87845105256816,,1,cf_0V,frequency,frequency,316412.1607479698,75,75,0.0,0.1,316412.1607479698,0.099945068359375,316412.1607480297,0,Rp || Cp,Rp,Cp,25134.655212115696,4.1291895967643685e-10,4.1291895967643685e-10,25134.655212115696,5.8593591270498586e-05,5.8593591270498586e-05,1.0,58.89961356185416,-1215.2992695325388,1216.7257205319768,-1.5223691087958742,9.999999747378752e-05,0,9.999999747378752e-05,-0.788818359375,0.79559326171875,3.3874510863007856e-07,7.955932416203737e-05,off
1781065940.375176,2026-06-10T12:32:20.375,87845129914736,,1,cf_0V,frequency,frequency,353347.35115962697,76,76,0.0,0.1,353347.35115962697,0.099945068359375,353347.35115966963,0,Rp || Cp,Rp,Cp,21325.17610729517,4.1417077977518667e-10,4.1417077977518667e-10,21325.17610729517,6.56416030767752e-05,6.56416030767752e-05,1.0,55.3167984291065,-1084.7029639509603,1086.1125485843743,-1.519843281965775,9.999999747378752e-05,0,9.999999747378752e-05,-0.89276123046875,0.879119873046875,-6.820678538632663e-07,8.927612079157043e-05,off
1781065941.4240584,2026-06-10T12:32:21.424,87845195573616,,1,cf_0V,frequency,frequency,394594.03291068296,77,77,0.0,0.1,394594.03291068296,0.099945068359375,394594.0329106179,0,Rp || Cp,Rp,Cp,17872.915675477725,4.132427734388249e-10,4.132427734388249e-10,17872.915675477725,7.193146779770435e-05,7.193146779770435e-05,1.0,53.1422656071046,-973.1305830184172,974.5805415662785,-1.516240922036162,0.0010000000474974513,0,0.0010000000474974513,-0.11114501953125,0.102020263671875,-4.5623781463888236e-06,0.00011114502481035515,off
1781065941.8550203,2026-06-10T12:32:21.855,87845220231536,,1,cf_0V,frequency,frequency,440655.49182050145,78,78,0.0,0.1,440655.49182050145,0.099945068359375,440655.49182050745,0,Rp || Cp,Rp,Cp,14958.955067966232,4.1420397842309165e-10,4.1420397842309165e-10,14958.955067966232,8.025258415934598e-05,8.025258415934598e-05,1.0,50.65693520178175,-869.0274405795783,870.5026235252425,-1.5125706899921956,0.0010000000474974513,0,0.0010000000474974513,-0.1220703125,0.1126708984375,-4.699707254474106e-06,0.00012207031829802872,off
1781065942.2805212,2026-06-10T12:32:22.280,87845244029296,,1,cf_0V,frequency,frequency,492093.7628966142,79,79,0.0,0.1,492093.7628966142,0.099945068359375,492093.7628966726,0,Rp || Cp,Rp,Cp,12370.15671480165,4.154863172335484e-10,4.154863172335484e-10,12370.15671480165,8.95327437168903e-05,8.95327437168903e-05,1.0,48.79097934097718,-775.3525011576901,776.8861311135227,-1.5079517110773974,0.0010000000474974513,0,0.0010000000474974513,-0.13568115234375,0.1236572265625,-6.011963176177915e-06,0.00013568115878825893,off
1781065942.740189,2026-06-10T12:32:22.740,87845273848176,,1,cf_0V,frequency,frequency,549536.4882015135,80,80,0.0,0.1,549536.4882015135,0.099945068359375,549536.4882015963,0,Rp || Cp,Rp,Cp,10167.490517011129,4.1716868370425394e-10,4.1716868370425394e-10,10167.490517011129,9.988213219985885e-05,9.988213219985885e-05,1.0,47.18347617732755,-691.0218999195481,692.6308876974795,-1.5026214202481138,0.0010000000474974513,0,0.0010000000474974513,-0.148101806640625,0.1380615234375,-5.020141840006431e-06,0.00014810181367508335,off
1781065943.1197565,2026-06-10T12:32:23.119,87845297072496,,1,cf_0V,frequency,frequency,613684.5752468883,81,81,0.0,0.1,613684.5752468883,0.099945068359375,613684.5752469356,0,Rp || Cp,Rp,Cp,8305.386759688936,4.193390332605796e-10,4.193390332605796e-10,8305.386759688936,0.0001114179716655383,0.0001114179716655383,1.0,45.79920167130031,-615.0467594349332,616.7496114025051,-1.4964689204731556,0.0010000000474974513,0,0.0010000000474974513,-0.161102294921875,0.151031494140625,-5.035400629793685e-06,0.0001611023025738234,off
1781065943.482948,2026-06-10T12:32:23.482,87845319149936,,1,cf_0V,frequency,frequency,685320.749361875,82,82,0.0,0.1,685320.749361875,0.099945068359375,685320.7493619351,0,Rp || Cp,Rp,Cp,6728.23205200316,4.221101862911517e-10,4.221101862911517e-10,6728.23205200316,0.0001242696146989059,0.0001242696146989059,1.0,44.689513750935994,-546.5201425091196,548.3442520966948,-1.4892068253314537,0.0010000000474974513,0,0.0010000000474974513,-0.17724609375,0.166473388671875,-5.3863527949005174e-06,0.0001772461021687377,off
1781065943.8947537,2026-06-10T12:32:23.894,87845342087536,,1,cf_0V,frequency,frequency,765319.1043900257,83,83,0.0,0.1,765319.1043900257,0.099945068359375,765319.1043900875,0,Rp || Cp,Rp,Cp,5405.33591876484,4.256691725955573e-10,4.256691725955573e-10,5405.33591876484,0.0001385611171453241,0.0001385611171453241,1.0,43.79804808975508,-484.58734351494405,486.56259875923763,-1.4806590817597853,0.0010000000474974513,0,0.0010000000474974513,-0.19451904296875,0.185699462890625,-4.409790248516288e-06,0.00019451905220790877,off
1781065944.2868707,2026-06-10T12:32:24.286,87845366172016,,1,cf_0V,frequency,frequency,854655.7682511833,84,84,0.0,0.1,854655.7682511833,0.099945068359375,854655.7682512201,0,Rp || Cp,Rp,Cp,4312.666759543319,4.302464145206441e-10,4.302464145206441e-10,4312.666759543319,0.00015445772999636947,0.00015445772999636947,1.0,43.00558864350546,-428.50821691405787,430.6608556827979,-1.4707700869483842,0.0010000000474974513,0,0.0010000000474974513,-0.2166748046875,0.203338623046875,-6.668091137029819e-06,0.00021667481497900098,off
1781065944.669125,2026-06-10T12:32:24.669,87845389109616,,1,cf_0V,frequency,frequency,954420.8135078406,85,85,0.0,0.1,954420.8135078406,0.099945068359375,954420.8135078946,0,Rp || Cp,Rp,Cp,3409.4436049121264,4.3610468423182053e-10,4.3610468423182053e-10,3409.4436049121264,0.000172089430600713,0.000172089430600713,1.0,42.35132031843738,-377.62521616884436,379.99268179700687,-1.4591112974866578,0.0010000000474974513,0,0.0010000000474974513,-0.237823486328125,0.225250244140625,-6.286621392348479e-06,0.00023782349762413446,off
1781065945.0910463,2026-06-10T12:32:25.091,87845412620656,,1,cf_0V,frequency,frequency,1065831.5582669198,86,86,0.0,0.1,1065831.5582669198,0.099945068359375,1065831.5582669075,0,Rp || Cp,Rp,Cp,2668.9300565438193,4.436250636151837e-10,4.436250636151837e-10,2668.9300565438193,0.0001916517783393244,0.0001916517783393244,1.0,41.786915484933054,-331.330965051939,333.9556178715881,-1.4453403370409683,0.0010000000474974513,0,0.0010000000474974513,-0.261688232421875,0.250518798828125,-5.584717062134814e-06,0.0002616882448513991,off
1781065945.5006535,2026-06-10T12:32:25.500,87845438425456,,1,cf_0V,frequency,frequency,1190247.4197125817,87,87,0.0,0.1,1190247.4197125817,0.099945068359375,1190247.4197125202,0,Rp || Cp,Rp,Cp,2063.2801968499025,4.533140531013563e-10,4.533140531013563e-10,2063.2801968499025,0.00021323542060786873,0.00021323542060786873,1.0,41.32589953892544,-289.06587512705823,292.00498306651104,-1.4287949410214715,0.0010000000474974513,0,0.0010000000474974513,-0.28875732421875,0.2791748046875,-4.791259993197627e-06,0.00028875733793398695,off
1781065945.8941512,2026-06-10T12:32:25.894,87845463656816,,1,cf_0V,frequency,frequency,1329186.5015106536,88,88,0.0,0.1,1329186.5015106536,0.099945068359375,1329186.5015105486,0,Rp || Cp,Rp,Cp,1572.8631320983643,4.659110288785946e-10,4.659110288785946e-10,1572.8631320983643,0.0002369877490094623,0.0002369877490094623,1.0,40.90051158776091,-250.31591022587938,253.63538152306566,-1.4088320134697374,0.0010000000474974513,0,0.0010000000474974513,-0.31842041015625,0.30621337890625,-6.103515914901436e-06,0.0003184204252804079,off
1781065946.344844,2026-06-10T12:32:26.344,87845488028016,,1,cf_0V,frequency,frequency,1484344.1174816934,89,89,0.0,0.1,1484344.1174816934,0.099945068359375,1484344.1174816263,0,Rp || Cp,Rp,Cp,1178.0488336882615,4.824390484970526e-10,4.824390484970526e-10,1178.0488336882615,0.00026300473031576636,0.00026300473031576636,1.0,40.4887099889169,-214.61207315390996,218.39797979831638,-1.3843280256917787,0.0010000000474974513,0,0.0010000000474974513,-0.350067138671875,0.34033203125,-4.867553942133895e-06,0.00035006715529917187,off
1781065946.7295542,2026-06-10T12:32:26.729,87845515553136,,1,cf_0V,frequency,frequency,1657613.4775657344,90,90,0.0,0.1,1657613.4775657344,0.099945068359375,1657613.477565718,0,Rp || Cp,Rp,Cp,862.3576737865815,5.043359054853599e-10,5.043359054853599e-10,862.3576737865815,0.0002912373620897595,0.0002912373620897595,1.0,40.0755888267547,-181.53082034865758,185.9018331170182,-1.353516785227908,0.0010000000474974513,0,0.0010000000474974513,-0.387725830078125,0.380950927734375,-3.387451332770297e-06,0.00038772584849411373,off
1781065947.1463482,2026-06-10T12:32:27.146,87845536770416,,1,cf_0V,frequency,frequency,1851108.7884858004,91,91,0.0,0.1,1851108.7884858004,0.099945068359375,1851108.7884859024,0,Rp || Cp,Rp,Cp,611.8424257977285,5.337233355703893e-10,5.337233355703893e-10,611.8424257977285,0.0003215330513202767,0.0003215330513202767,1.0,39.66398186245434,-150.64818426498232,155.78224186190536,-1.3133501751367784,0.0010000000474974513,0,0.0010000000474974513,-0.422698974609375,0.412933349609375,-4.882812731921149e-06,0.00042269899468649896,off
1781065947.6051598,2026-06-10T12:32:27.605,87845562001776,,1,cf_0V,frequency,frequency,2067191.0509809963,92,92,0.0,0.1,2067191.0509809963,0.099945068359375,2067191.0509810941,0,Rp || Cp,Rp,Cp,416.47833877290003,5.73523090619735e-10,5.73523090619735e-10,416.47833877290003,0.0003534854999219152,0.0003534854999219152,1.0,39.197398500590474,-121.60769450380675,127.76880453281734,-1.2589842952471104,0.0010000000474974513,0,0.0010000000474974513,-0.463592529296875,0.454071044921875,-4.76074241362312e-06,0.0004635925513163386,off
1781065948.0058932,2026-06-10T12:32:28.005,87845592107376,,1,cf_0V,frequency,frequency,2308496.8683831017,93,93,0.0,0.1,2308496.8683831017,0.099945068359375,2308496.8683831166,0,Rp || Cp,Rp,Cp,267.3731663842359,6.271558318971547e-10,6.271558318971547e-10,267.3731663842359,0.00038638613828724506,0.00038638613828724506,1.0,38.66186044125811,-94.03406080620626,101.67174653995383,-1.1807172050345818,0.0010000000474974513,0,0.0010000000474974513,-0.503692626953125,0.492919921875,-5.3863527949005174e-06,0.000503692650877241,off
1781065948.465903,2026-06-10T12:32:28.465,87845617338736,,1,cf_0V,frequency,frequency,2577970.6180546875,94,94,0.0,0.1,2577970.6180546875,0.099945068359375,2577970.6180546926,0,Rp || Cp,Rp,Cp,158.1982472376948,6.938047997540065e-10,6.938047997540065e-10,158.1982472376948,0.0004188939942919275,0.0004188939942919275,1.0,38.021340427576504,-67.59650202015371,77.55584706049125,-1.0584258807805786,0.0010000000474974513,0,0.0010000000474974513,-0.5479736328125,0.533660888671875,-7.156372410221934e-06,0.0005479736588398509,off
1781065948.856366,2026-06-10T12:32:28.856,87845641996656,,1,cf_0V,frequency,frequency,2878900.378239697,95,95,0.0,0.1,2878900.378239697,0.099945068359375,2878900.378239635,0,Rp || Cp,Rp,Cp,84.49970463104393,7.364695561516207e-10,7.364695561516207e-10,84.49970463104393,0.0004491768509887965,0.0004491768509887965,1.0,37.27109588887195,-41.955476461691006,56.119484975229376,-0.8444557889076342,0.0010000000474974513,0,0.0010000000474974513,-0.582366943359375,0.571746826171875,-5.3100588459642495e-06,0.0005823669710203205,off
1781065949.2678268,2026-06-10T12:32:29.267,87845665507696,,1,cf_0V,frequency,frequency,3214958.0487006293,96,96,0.0,0.1,3214958.0487006293,0.099945068359375,3214958.048700538,0,Rp || Cp,Rp,Cp,44.13211423027875,5.194792794334036e-10,5.194792794334036e-10,44.13211423027875,0.0004746597763442129,0.0004746597763442129,1.0,36.33873088450302,-16.828596497685478,40.046285999805846,-0.433697278338004,0.0010000000474974513,0,0.0010000000474974513,-0.615020751953125,0.605987548828125,-4.516601777027063e-06,0.0006150207811650432,off
1781065949.693385,2026-06-10T12:32:29.693,87845689592176,,1,cf_0V,frequency,frequency,3590244.1546882903,97,97,0.0,0.1,3590244.1546882903,0.099945068359375,3590244.154688378,0,Rp || Cp,Rp,Cp,37.01135470632098,-2.7848861334016457e-10,-2.7848861334016457e-10,37.01135470632098,0.000492781405193969,0.000492781405193969,1.0,35.11306997314418,8.164227132128808,36.049719660545314,0.22845332615050354,0.0010000000474974513,0,0.0010000000474974513,-0.639312744140625,0.6268310546875,-6.2408450229867185e-06,0.0006393127745063509,off
1781065950.2015536,2026-06-10T12:32:30.201,87845717404016,,1,cf_0V,frequency,frequency,4009337.880935344,98,98,0.0,0.1,4009337.880935344,0.099945068359375,4009337.8809352485,0,Rp || Cp,Rp,Cp,66.6913781256597,-5.901343407629042e-10,-5.901343407629042e-10,66.6913781256597,0.0005003891244312487,0.0005003891244312487,1.0,33.63183782165189,33.34446127864049,47.35983122039868,0.7811074697740233,0.0010000000474974513,0,0.0010000000474974513,-0.646514892578125,0.637664794921875,-4.425049038303541e-06,0.0006465149232859346,off
1781065950.6624002,2026-06-10T12:32:30.662,87845745789296,,1,cf_0V,frequency,frequency,4477352.946181116,99,99,0.0,0.1,4477352.946181116,0.099945068359375,4477352.946181128,0,Rp || Cp,Rp,Cp,141.52380918391532,-4.670091542380102e-10,-4.670091542380102e-10,141.52380918391532,0.0004957084704333047,0.0004957084704333047,1.0,31.752427123987655,59.03818941293219,67.03524772402504,1.0773457551851007,0.0010000000474974513,0,0.0010000000474974513,-0.65008544921875,0.637664794921875,-6.210327443412211e-06,0.000650085480096152,off
1781065951.1249285,2026-06-10T12:32:31.124,87845772740976,,1,cf_0V,frequency,frequency,4999999.999999999,100,100,0.0,0.1,4999999.999999999,0.099945068359375,4999999.999999929,0,Rp || Cp,Rp,Cp,277.64279680204066,-3.322342897503071e-10,-3.322342897503071e-10,277.64279680204066,0.00047772477354928795,0.00047772477354928795,1.0,29.5436285460929,85.61395721229293,90.56807195263595,1.2385116607565816,0.0010000000474974513,0,0.0010000000474974513,-0.65008544921875,0.637664794921875,-6.210327443412211e-06,0.000650085480096152,off
1781065951.615568,2026-06-10T12:32:31.615,87845804280176,,1,cf_0V,frequency,frequency,4482348.925241931,101,101,0.0,0.1,4482348.925241931,0.099945068359375,4482348.925241979,0,Rp || Cp,Rp,Cp,142.56210934978859,-4.6548958220224105e-10,-4.6548958220224105e-10,142.56210934978859,0.000495590319804191,0.000495590319804191,1.0,31.729790497076646,59.3016547619183,67.25671611437866,1.0794976782786558,0.0010000000474974513,0,0.0010000000474974513,-0.65008544921875,0.63446044921875,-7.812500371073838e-06,0.000650085480096152,off
1781065952.017917,2026-06-10T12:32:32.017,87845830084976,,1,cf_0V,frequency,frequency,4018290.377523501,102,102,0.0,0.1,4018290.377523501,0.099945068359375,4018290.3775235703,0,Rp || Cp,Rp,Cp,67.71550680793658,-5.894475363341012e-10,-5.894475363341012e-10,67.71550680793658,0.0005004139182202493,0.0005004139182202493,1.0,33.59624246734782,33.85674345819388,47.69681944866743,0.7892601080123474,0.0010000000474974513,0,0.0010000000474974513,-0.64678955078125,0.635894775390625,-5.447387954049532e-06,0.0006467895815021052,off
1781065952.4326859,2026-06-10T12:32:32.432,87845853022576,,1,cf_0V,frequency,frequency,3602275.9110004925,103,103,0.0,0.1,3602275.9110004925,0.099945068359375,3602275.9110004897,0,Rp || Cp,Rp,Cp,37.344340232923656,-3.0094258909981414e-10,-3.0094258909981414e-10,37.344340232923656,0.0004931734852974918,0.0004931734852974918,1.0,35.0748594375466,8.921979595026082,36.191815158371284,0.24908702440811872,0.0010000000474974513,0,0.0010000000474974513,-0.6500244140625,0.637115478515625,-6.454468080008269e-06,0.000650024444937003,off
1781065952.823552,2026-06-10T12:32:32.823,87845878253936,,1,cf_0V,frequency,frequency,3229331.511619592,104,104,0.0,0.1,3229331.511619592,0.099945068359375,3229331.5116196196,0,Rp || Cp,Rp,Cp,43.19850565865988,4.973116693629459e-10,4.973116693629459e-10,43.19850565865988,0.00047553231477052635,0.00047553231477052635,1.0,36.30091633734895,-15.823678866884896,39.59981489620258,-0.4110692354020514,0.0010000000474974513,0,0.0010000000474974513,-0.6500244140625,0.637115478515625,-6.454468080008269e-06,0.000650024444937003,off
1781065953.2348225,2026-06-10T12:32:33.234,87845902338416,,1,cf_0V,frequency,frequency,2894998.1260715965,105,105,0.0,0.1,2894998.1260715965,0.099945068359375,2894998.126071542,0,Rp || Cp,Rp,Cp,81.66875160076124,7.354499559282602e-10,7.354499559282602e-10,81.66875160076124,0.0004505805032145717,0.0004505805032145717,1.0,37.229739561132135,-40.67496582161326,55.140786649984726,-0.8295929639807059,0.0010000000474974513,0,0.0010000000474974513,-0.6500244140625,0.637115478515625,-6.454468080008269e-06,0.000650024444937003,off
1781065953.6255074,2026-06-10T12:32:33.625,87845926709616,,1,cf_0V,frequency,frequency,2595278.3477948857,106,106,0.0,0.1,2595278.3477948857,0.099945068359375,2595278.3477949738,0,Rp || Cp,Rp,Cp,152.7637733857226,6.977741163850762e-10,6.977741163850762e-10,152.7637733857226,0.0004207748383942681,0.0004207748383942681,1.0,37.98837522045656,-66.03128721734438,76.17904924235813,-1.0487300678940483,0.0010000000474974513,0,0.0010000000474974513,-0.645843505859375,0.626983642578125,-9.429932088522719e-06,0.0006458435365352955,off
1781065954.036063,2026-06-10T12:32:34.036,87845950507376,,1,cf_0V,frequency,frequency,2326588.622588413,107,107,0.0,0.1,2326588.622588413,0.099945068359375,2326588.6225883747,0,Rp || Cp,Rp,Cp,258.46348391930536,6.314465395331123e-10,6.314465395331123e-10,258.46348391930536,0.0003886634999172974,0.0003886634999172974,1.0,38.62233187544947,-92.14541732565407,99.91227378864075,-1.1738949728578445,0.0010000000474974513,0,0.0010000000474974513,-0.635833740234375,0.62353515625,-6.149292284263197e-06,0.0006358337704348571,off
1781065954.459323,2026-06-10T12:32:34.459,87845976025456,,1,cf_0V,frequency,frequency,2085716.402387856,108,108,0.0,0.1,2085716.402387856,0.099945068359375,2085716.4023878027,0,Rp || Cp,Rp,Cp,402.93835143506817,5.772147613831464e-10,5.772147613831464e-10,402.93835143506817,0.0003560859086531193,0.0003560859086531193,1.0,39.15770841220256,-119.3516499487666,125.61107623767896,-1.2537750041291265,0.0010000000474974513,0,0.0010000000474974513,-0.617034912109375,0.600799560546875,-8.11767616681891e-06,0.0006170349414169607,off
1781065954.8619337,2026-06-10T12:32:34.861,87846001830256,,1,cf_0V,frequency,frequency,1869781.7349205392,109,109,0.0,0.1,1869781.7349205392,0.099945068359375,1869781.734920437,0,Rp || Cp,Rp,Cp,591.9485074207643,5.367413080817964e-10,5.367413080817964e-10,591.9485074207643,0.0003243301615080054,0.0003243301615080054,1.0,39.64073445357052,-147.96582634120435,153.18379024183315,-1.3090384884289938,0.0010000000474974513,0,0.0010000000474974513,-0.587493896484375,0.572601318359375,-7.446289416179752e-06,0.0005874939243888377,off
1781065955.271726,2026-06-10T12:32:35.271,87846024194416,,1,cf_0V,frequency,frequency,1676202.829991615,110,110,0.0,0.1,1676202.829991615,0.099945068359375,1676202.8299915243,0,Rp || Cp,Rp,Cp,833.9998005982125,5.067863945679453e-10,5.067863945679453e-10,833.9998005982125,0.0002941486713442426,0.0002941486713442426,1.0,40.067198060153956,-178.35541716557387,182.8005338960953,-1.3498168933596466,0.0010000000474974513,0,0.0010000000474974513,-0.544525146484375,0.53436279296875,-5.081176999155446e-06,0.0005445251723479316,off
1781065955.7332375,2026-06-10T12:32:35.733,87846049999216,,1,cf_0V,frequency,frequency,1502665.19070008,111,111,0.0,0.1,1502665.19070008,0.099945068359375,1502665.1907001564,0,Rp || Cp,Rp,Cp,1139.335638922254,4.84468915077847e-10,4.84468915077847e-10,1139.335638922254,0.00026598305676015074,0.00026598305676015074,1.0,40.460294709459525,-210.8573457952282,214.70411203278053,-1.3812159953684249,0.0010000000474974513,0,0.0010000000474974513,-0.50628662109375,0.49591064453125,-5.187988527666221e-06,0.0005062866451410741,off
1781065956.1367588,2026-06-10T12:32:36.136,87846077237616,,1,cf_0V,frequency,frequency,1347093.9405065936,112,112,0.0,0.1,1347093.9405065936,0.099945068359375,1347093.940506525,0,Rp || Cp,Rp,Cp,1519.9685930281353,4.675614085287701e-10,4.675614085287701e-10,1519.9685930281353,0.0002399689642520471,0.0002399689642520471,1.0,40.87828290524397,-245.89158615049965,249.2663357794023,-1.4060578045589585,0.0010000000474974513,0,0.0010000000474974513,-0.466552734375,0.454315185546875,-6.11877470468869e-06,0.0004665527565350658,off
1781065956.5497704,2026-06-10T12:32:36.549,87846101322096,,1,cf_0V,frequency,frequency,1207629.01528593,113,113,0.0,0.1,1207629.01528593,0.099945068359375,1207629.0152859315,0,Rp || Cp,Rp,Cp,1990.964288111598,4.546088890252833e-10,4.546088890252833e-10,1990.964288111598,0.00021616929899931304,0.00021616929899931304,1.0,41.3354190862162,-283.8815357922207,286.8751352675638,-1.4262044888762644,0.0010000000474974513,0,0.0010000000474974513,-0.42657470703125,0.414794921875,-5.889892857879886e-06,0.0004265747272924614,off
1781065957.0006487,2026-06-10T12:32:37.000,87846125406576,,1,cf_0V,frequency,frequency,1082602.9237515721,114,114,0.0,0.1,1082602.9237515721,0.099945068359375,1082602.9237515656,0,Rp || Cp,Rp,Cp,2572.6826711103645,4.4469036199077945e-10,4.4469036199077945e-10,2572.6826711103645,0.0001945095742700676,0.0001945095742700676,1.0,41.79145335784652,-325.2224197076329,327.8965505372828,-1.442995549345456,0.0010000000474974513,0,0.0010000000474974513,-0.388519287109375,0.34356689453125,-2.247619735662454e-05,0.0003885193055630509,off
1781065957.3905272,2026-06-10T12:32:37.390,87846153791856,,1,cf_0V,frequency,frequency,970520.8103483266,115,115,0.0,0.1,970520.8103483266,0.099945068359375,970520.8103482476,0,Rp || Cp,Rp,Cp,3284.216204509285,4.369614748222978e-10,4.369614748222978e-10,3284.216204509285,0.00017487619773356224,0.00017487619773356224,1.0,42.33291344046379,-370.45696746707614,372.86785904025044,-1.4570177109791658,0.0010000000474974513,0,0.0010000000474974513,-0.35260009765625,0.341888427734375,-5.35583521532601e-06,0.00035260011440385597,off
1781065957.8081253,2026-06-10T12:32:37.808,87846176442736,,1,cf_0V,frequency,frequency,870042.5822379502,116,116,0.0,0.1,870042.5822379502,0.099945068359375,870042.5822379998,0,Rp || Cp,Rp,Cp,4148.94064178021,4.3093147018453067e-10,4.3093147018453067e-10,4148.94064178021,0.00015712031031756753,0.00015712031031756753,1.0,42.9816406993906,-420.0962443427512,422.2893272959856,-1.468837317630318,0.0010000000474974513,0,0.0010000000474974513,-0.320159912109375,0.2823486328125,-1.89056405464072e-05,0.00032015992731615484,off
1781065958.1960905,2026-06-10T12:32:38.196,87846201960816,,1,cf_0V,frequency,frequency,779966.8866817983,117,117,0.0,0.1,779966.8866817983,0.099945068359375,779966.88668172,0,Rp || Cp,Rp,Cp,5199.680739975466,4.262184623110327e-10,4.262184623110327e-10,5199.680739975466,0.00014111821221271488,0.00014111821221271488,1.0,43.709969761108944,-474.72868720484036,476.73670711593854,-1.4789816172566363,0.0010000000474974513,0,0.0010000000474974513,-0.292327880859375,0.2823486328125,-4.989624260431924e-06,0.0002923278947442043,off
1781065958.6581326,2026-06-10T12:32:38.658,87846228912496,,1,cf_0V,frequency,frequency,699216.7472484909,118,118,0.0,0.1,699216.7472484909,0.099945068359375,699216.7472483857,0,Rp || Cp,Rp,Cp,6455.934605918124,4.225090879643823e-10,4.225090879643823e-10,6455.934605918124,0.00012669637571735464,0.00012669637571735464,1.0,44.64488081225113,-535.0058556970774,536.865375129466,-1.487541754406543,0.0010000000474974513,0,0.0010000000474974513,-0.242340087890625,0.22894287109375,-6.698608716604326e-06,0.00024234009940116152,off
1781065959.0474002,2026-06-10T12:32:39.047,87846252996976,,1,cf_0V,frequency,frequency,626826.6871080867,119,119,0.0,0.1,626826.6871080867,0.099945068359375,626826.687107993,0,Rp || Cp,Rp,Cp,7963.467184542663,4.1959789381125074e-10,4.1959789381125074e-10,7963.467184542663,0.00011372069517907166,0.00011372069517907166,1.0,45.71683142760908,-601.6431319139721,603.3775657538434,-1.494955444682681,0.0010000000474974513,0,0.0010000000474974513,-0.2177734375,0.20977783203125,-3.997802924260441e-06,0.00021777344784368324,off
1781065959.4483967,2026-06-10T12:32:39.448,87846275934576,,1,cf_0V,frequency,frequency,561931.1854543786,120,120,0.0,0.1,561931.1854543786,0.099945068359375,561931.1854543696,0,Rp || Cp,Rp,Cp,9741.969128972087,4.17310936535506e-10,4.17310936535506e-10,9741.969128972087,0.00010205740328058205,0.00010205740328058205,1.0,47.05490853475433,-675.4208331810381,677.0579490059781,-1.5012411707827344,0.0010000000474974513,0,0.0010000000474974513,-0.2177734375,0.186767578125,-1.5502930423849648e-05,0.00021777344784368324,off
1781065959.8628812,2026-06-10T12:32:39.862,87846300019056,,1,cf_0V,frequency,frequency,503754.32903627184,121,121,0.0,0.1,503754.32903627184,0.099945068359375,503754.3290362123,0,Rp || Cp,Rp,Cp,11854.208292464833,4.1553108172759335e-10,4.1553108172759335e-10,11854.208292464833,9.15770145077286e-05,9.15770145077286e-05,1.0,48.56687181200104,-757.2074177761968,758.7633455649392,-1.5067446081802054,0.0010000000474974513,0,0.0010000000474974513,-0.18017578125,0.169342041015625,-5.416870374475025e-06,0.0001801757898078904,off
1781065960.3066685,2026-06-10T12:32:40.306,87846324390256,,1,cf_0V,frequency,frequency,451600.5350683417,122,122,0.0,0.1,451600.5350683417,0.099945068359375,451600.5350683372,0,Rp || Cp,Rp,Cp,14261.712616463921,4.1409731313903633e-10,4.1409731313903633e-10,14261.712616463921,8.216366852412196e-05,8.216366852412196e-05,1.0,50.607052819786304,-848.0460894826989,849.554732599379,-1.5111921267960557,0.0010000000474974513,0,0.0010000000474974513,-0.18017578125,0.167449951171875,-6.362915341284747e-06,0.0001801757898078904,off
1781065960.704158,2026-06-10T12:32:40.704,87846351341936,,1,cf_0V,frequency,frequency,404846.2346004526,123,123,0.0,0.1,404846.2346004526,0.099945068359375,404846.23460045556,0,Rp || Cp,Rp,Cp,17097.030600488553,4.130225473765508e-10,4.130225473765508e-10,17097.030600488553,7.371565444617088e-05,7.371565444617088e-05,1.0,52.82602019919645,-948.8822347570863,950.3515580287582,-1.5151818953906935,0.0010000000474974513,0,0.0010000000474974513,-0.16436767578125,0.14935302734375,-7.5073245753287665e-06,0.00016436768358829568,off
1781065961.0580697,2026-06-10T12:32:41.058,87846374279536,,1,cf_0V,frequency,frequency,362932.4169099164,124,124,0.0,0.1,362932.4169099164,0.099945068359375,362932.41690984246,0,Rp || Cp,Rp,Cp,20334.123362026974,4.121765822124783e-10,4.121765822124783e-10,20334.123362026974,6.612961715451624e-05,6.612961715451624e-05,1.0,55.51487377207166,-1061.0204477288512,1062.471783958831,-1.5185218417694597,0.0010000000474974513,0,0.0010000000474974513,-0.14910888671875,0.136077880859375,-6.515503239157283e-06,0.00014910889380104209,off
1781065961.4699283,2026-06-10T12:32:41.469,87846396356976,,1,cf_0V,frequency,frequency,325357.9457743241,125,125,0.0,0.1,325357.9457743241,0.099945068359375,325357.9457742717,0,Rp || Cp,Rp,Cp,23865.598153500367,4.115353653899482e-10,4.115353653899482e-10,23865.598153500367,5.932060990611341e-05,5.932060990611341e-05,1.0,59.05474504889013,-1185.7020500452202,1187.1717712253046,-1.521031727836277,0.0010000000474974513,0,0.0010000000474974513,-0.133544921875,0.124755859375,-4.394531458729034e-06,0.00013354492821804342,off
1781065961.8626485,2026-06-10T12:32:41.862,87846421875056,,1,cf_0V,frequency,frequency,291673.56771209295,126,126,0.0,0.1,291673.56771209295,0.099945068359375,291673.56771218067,0,Rp || Cp,Rp,Cp,27769.14955928183,4.110666163905234e-10,4.110666163905234e-10,27769.14955928183,5.321055631337325e-05,5.321055631337325e-05,1.0,63.309351529381786,-1324.4012900663756,1325.913591121439,-1.523030444777544,0.0010000000474974513,0,0.0010000000474974513,-0.123779296875,0.1138916015625,-4.943847891070163e-06,0.00012377930275420113,off
1781065962.3096085,2026-06-10T12:32:42.309,87846444525936,,1,cf_0V,frequency,frequency,261476.54055115595,127,127,0.0,0.1,261476.54055115595,0.099945068359375,261476.54055115767,0,Rp || Cp,Rp,Cp,32144.45037614351,4.1075237985383295e-10,4.1075237985383295e-10,32144.45037614351,4.7726895784727194e-05,4.7726895784727194e-05,1.0,68.16895430913402,-1478.7178779780652,1480.2883398120628,-1.5247289020290786,0.0010000000474974513,0,0.0010000000474974513,-0.114410400390625,0.103851318359375,-5.279541266389742e-06,0.00011441040582482742,off
1781065962.7233658,2026-06-10T12:32:42.723,87846471764336,,1,cf_0V,frequency,frequency,234405.81810309048,128,128,0.0,0.1,234405.81810309048,0.099945068359375,234405.81810305617,0,Rp || Cp,Rp,Cp,36312.83750958316,4.1050689014128965e-10,4.1050689014128965e-10,36312.83750958316,4.280875974255818e-05,4.280875974255818e-05,1.0,75.18000166267417,-1650.5596480275651,1652.2709173579494,-1.5252795979946916,0.0010000000474974513,0,0.0010000000474974513,-0.104278564453125,0.091644287109375,-6.3171389719229865e-06,0.00010427856940609104,off
1781065963.1001902,2026-06-10T12:32:43.100,87846495848816,,1,cf_0V,frequency,frequency,210137.7333689687,129,129,0.0,0.1,210137.7333689687,0.099945068359375,210137.7333689669,0,Rp || Cp,Rp,Cp,41321.66101467383,4.103285680794384e-10,4.103285680794384e-10,41321.66101467383,3.839330597398028e-05,3.839330597398028e-05,1.0,82.28585804970035,-1842.123060546258,1843.9599596063058,-1.526156966757453,0.0010000000474974513,0,0.0010000000474974513,-0.0958251953125,0.084197998046875,-5.813598908943618e-06,9.582519986395255e-05,off
1781065963.5454016,2026-06-10T12:32:43.545,87846523087216,,1,cf_0V,frequency,frequency,188382.12866383453,130,130,0.0,0.1,188382.12866383453,0.099945068359375,188382.12866391757,0,Rp || Cp,Rp,Cp,46833.413375364304,4.1024964349606914e-10,4.1024964349606914e-10,46833.413375364304,3.443854587067919e-05,3.443854587067919e-05,1.0,90.37945383920729,-2055.3855785752166,2057.3717025105725,-1.5268526154305535,0.0010000000474974513,0,0.0010000000474974513,-0.086639404296875,0.075469970703125,-5.584717062134814e-06,8.663940841202589e-05,off
1781065963.9506998,2026-06-10T12:32:43.950,87846545164656,,1,cf_0V,frequency,frequency,168878.88639022523,131,131,0.0,0.1,168878.88639022523,0.099945068359375,168878.88639026016,0,Rp || Cp,Rp,Cp,51592.58047857217,4.1021844306264055e-10,4.1021844306264055e-10,51592.58047857217,3.088404351718343e-05,3.088404351718343e-05,1.0,102.09668898905817,-2292.816588687636,2295.08859159374,-1.5262967843294217,0.0010000000474974513,0,0.0010000000474974513,-0.08221435546875,0.07080078125,-5.706787380432843e-06,8.221435937372235e-05,off
1781065964.3604314,2026-06-10T12:32:44.360,87846569535856,,1,cf_0V,frequency,frequency,151394.81898145608,132,132,0.0,0.1,151394.81898145608,0.099945068359375,151394.81898145846,0,Rp || Cp,Rp,Cp,56167.160272086854,4.102257401949437e-10,4.102257401949437e-10,56167.160272086854,2.7699608435737103e-05,2.7699608435737103e-05,1.0,116.67742782408656,-2557.308383157313,2559.9687085451483,-1.5252028547366905,0.0010000000474974513,0,0.0010000000474974513,-0.07476806640625,0.063079833984375,-5.844116488518125e-06,7.47680699575426e-05,off
1781065964.7834308,2026-06-10T12:32:44.783,87846594193776,,1,cf_0V,frequency,frequency,135720.88082974532,133,133,0.0,0.1,135720.88082974532,0.099945068359375,135720.88082980827,0,Rp || Cp,Rp,Cp,61131.9834689738,4.1025237440253425e-10,4.1025237440253425e-10,61131.9834689738,2.4843769373605382e-05,2.4843769373605382e-05,1.0,133.36067144053462,-2852.1601100265984,2855.2762321558325,-1.5240725787484457,0.0010000000474974513,0,0.0010000000474974513,-0.07061767578125,0.057220458984375,-6.698608716604326e-06,7.061767913540962e-05,off
1781065965.1746607,2026-06-10T12:32:45.174,87846620572016,,1,cf_0V,frequency,frequency,121669.66886401946,134,134,0.0,0.1,121669.66886401946,0.099945068359375,121669.66886411501,0,Rp || Cp,Rp,Cp,66180.06372128266,4.1033851621917246e-10,4.1033851621917246e-10,66180.06372128266,2.2280628980022786e-05,2.2280628980022786e-05,1.0,153.19950207364477,-3180.4532258574363,3184.1408274921805,-1.5226644511418699,0.0010000000474974513,0,0.0010000000474974513,-0.066070556640625,0.053985595703125,-6.042480755752422e-06,6.607055977880805e-05,off
1781065965.6256082,2026-06-10T12:32:45.625,87846646663536,,1,cf_0V,frequency,frequency,109073.18189343589,135,135,0.0,0.1,109073.18189343589,0.099945068359375,109073.18189339321,0,Rp || Cp,Rp,Cp,71135.90952031419,4.103906019886358e-10,4.103906019886358e-10,71135.90952031419,1.99825054739883e-05,1.99825054739883e-05,1.0,177.2707095861228,-3546.6728427137396,3551.10027424182,-1.5208556309479835,0.0010000000474974513,0,0.0010000000474974513,-0.0589599609375,0.046356201171875,-6.301880182135733e-06,5.8959963737947874e-05,off
1781065966.075935,2026-06-10T12:32:46.075,87846671894896,,1,cf_0V,frequency,frequency,97780.81192655204,136,136,0.0,0.1,97780.81192655204,0.099945068359375,97780.81192649779,0,Rp || Cp,Rp,Cp,74611.88373743353,4.1047487337335665e-10,4.1047487337335665e-10,74611.88373743353,1.792080669739425e-05,1.792080669739425e-05,1.0,210.14878485243705,-3954.166687330974,3959.7470503774566,-1.5177001171544193,0.0010000000474974513,0,0.0010000000474974513,-0.053558349609375,0.04315185546875,-5.203247317453474e-06,5.35583521532601e-05,off
1781065966.5300324,2026-06-10T12:32:46.530,87846699133296,,1,cf_0V,frequency,frequency,87657.5434496528,137,137,0.0,0.1,87657.5434496528,0.099945068359375,87657.54344956634,0,Rp || Cp,Rp,Cp,77562.94312079379,4.106207991466639e-10,4.106207991466639e-10,77562.94312079379,1.6071762296127062e-05,1.6071762296127062e-05,1.0,251.25596160499322,-4407.38270410982,4414.538691497498,-1.5138499888835697,0.0010000000474974513,0,0.0010000000474974513,-0.051116943359375,0.0389404296875,-6.088257125114183e-06,5.111694578729953e-05,off
1781065967.5816424,2026-06-10T12:32:47.581,87846761064816,,1,cf_0V,frequency,frequency,78582.33913417984,138,138,0.0,0.1,78582.33913417984,0.099945068359375,78582.33913417223,0,Rp || Cp,Rp,Cp,80799.86100063883,4.099497151266312e-10,4.099497151266312e-10,80799.86100063883,1.4454462439362019e-05,1.4454462439362019e-05,1.0,300.95249316422223,-4922.026738277953,4931.218877261977,-1.509728335477228,9.999999747378752e-05,0,9.999999747378752e-05,-0.236846923828125,0.24029541015625,1.724243120504454e-07,2.4029540408587735e-05,off
1781065967.9954844,2026-06-10T12:32:47.995,87846788016496,,1,cf_0V,frequency,frequency,70446.69267221761,139,139,0.0,0.1,70446.69267221761,0.099945068359375,70446.69267216364,0,Rp || Cp,Rp,Cp,84216.08421060433,4.100490209198301e-10,4.100490209198301e-10,84216.08421060433,1.2965344803153349e-05,1.2965344803153349e-05,1.0,358.9199273688956,-5486.165082632896,5497.893308182953,-1.5054666916405512,9.999999747378752e-05,0,9.999999747378752e-05,-0.236846923828125,0.24029541015625,1.724243120504454e-07,2.4029540408587735e-05,off
1781065968.4852433,2026-06-10T12:32:48.485,87846816401776,,1,cf_0V,frequency,frequency,63153.33143723267,140,140,0.0,0.1,63153.33143723267,0.099945068359375,63153.33143732005,0,Rp || Cp,Rp,Cp,86276.32878397156,4.1014036813615656e-10,4.1014036813615656e-10,86276.32878397156,1.1630581016188546e-05,1.1630581016188546e-05,1.0,435.40535527331843,-6113.558518773014,6129.043611026337,-1.4996967492283648,9.999999747378752e-05,0,9.999999747378752e-05,-0.236846923828125,0.24029541015625,1.724243120504454e-07,2.4029540408587735e-05,off
1781065968.8943503,2026-06-10T12:32:48.894,87846843640176,,1,cf_0V,frequency,frequency,56615.05345862548,141,141,0.0,0.1,56615.05345862548,0.099945068359375,56615.05345855744,0,Rp || Cp,Rp,Cp,88511.51453542084,4.102857886612473e-10,4.102857886612473e-10,88511.51453542084,1.0433790440727645e-05,1.0433790440727645e-05,1.0,527.240764084706,-6810.939416162591,6831.316019183262,-1.4935395272651688,9.999999747378752e-05,0,9.999999747378752e-05,-0.236846923828125,0.23919677734375,1.1749267281313536e-07,2.3919677130113115e-05,off
1781065969.3503718,2026-06-10T12:32:49.350,87846870878576,,1,cf_0V,frequency,frequency,50753.68480455689,142,142,0.0,0.1,50753.68480455689,0.099945068359375,50753.68480454756,0,Rp || Cp,Rp,Cp,90935.66508425602,4.103886206068478e-10,4.103886206068478e-10,90935.66508425602,9.361734639943466e-06,9.361734639943466e-06,1.0,637.5651991002239,-7587.550726792623,7614.29021083088,-1.4869654568682884,9.999999747378752e-05,0,9.999999747378752e-05,-0.222198486328125,0.2271728515625,2.487182554355982e-07,2.2717284582363106e-05,off
1781065969.6982138,2026-06-10T12:32:49.698,87846894676336,,1,cf_0V,frequency,frequency,45499.144907154674,143,143,0.0,0.1,45499.144907154674,0.099945068359375,45499.14490716844,0,Rp || Cp,Rp,Cp,92943.03210441647,4.1055008898155536e-10,4.1055008898155536e-10,92943.03210441647,8.402099327548248e-06,8.402099327548248e-06,1.0,774.5514088695941,-8449.214553797638,8484.64238852102,-1.4793804214416866,9.999999747378752e-05,0,9.999999747378752e-05,-0.19970703125,0.201263427734375,7.781982225285589e-08,2.0126342265003316e-05,off
1781065970.1545389,2026-06-10T12:32:50.154,87846917613936,,1,cf_0V,frequency,frequency,40788.608654802425,144,144,0.0,0.1,40788.608654802425,0.099945068359375,40788.608654906966,0,Rp || Cp,Rp,Cp,93133.39461796917,4.1074996494706287e-10,4.1074996494706287e-10,93133.39461796917,7.540776507146016e-06,7.540776507146016e-06,1.0,958.9742813742289,-9401.74975753834,9450.530682226763,-1.469148312394225,9.999999747378752e-05,0,9.999999747378752e-05,-0.197113037109375,0.192535400390625,-2.288818301554585e-07,1.9711303212988085e-05,off
1781065970.553799,2026-06-10T12:32:50.553,87846942845296,,1,cf_0V,frequency,frequency,36565.755233193486,145,145,0.0,0.1,36565.755233193486,0.099945068359375,36565.755233297634,0,Rp || Cp,Rp,Cp,93531.70867800701,4.108693500930539e-10,4.108693500930539e-10,93531.70867800701,6.76940944589062e-06,6.76940944589062e-06,1.0,1184.6471707047604,-10459.382636538548,10526.25641225706,-1.4580152750901831,9.999999747378752e-05,0,9.999999747378752e-05,-0.182098388671875,0.178192138671875,-1.9531249506599124e-07,1.8209838407168277e-05,off
1781065971.0544257,2026-06-10T12:32:51.054,87846968936816,,1,cf_0V,frequency,frequency,32780.09473403288,146,146,0.0,0.1,32780.09473403288,0.099945068359375,32780.09473397958,0,Rp || Cp,Rp,Cp,95321.55942041428,4.110195322697981e-10,4.110195322697981e-10,95321.55942041428,6.078494511178052e-06,6.078494511178052e-06,1.0,1441.7333097612532,-11633.987812367808,11722.980310262312,-1.4475006640151293,9.999999747378752e-05,0,9.999999747378752e-05,-0.172821044921875,0.16583251953125,-3.4942626070399996e-07,1.728210405560482e-05,off
1781065971.5103495,2026-06-10T12:32:51.510,87846997322096,,1,cf_0V,frequency,frequency,29386.364480084198,147,147,0.0,0.1,29386.364480084198,0.099945068359375,29386.3644801462,0,Rp || Cp,Rp,Cp,97715.25260658411,4.1116885897499e-10,4.1116885897499e-10,97715.25260658411,5.460065746402128e-06,5.460065746402128e-06,1.0,1743.9135353106396,-12936.990268539303,13054.001364597763,-1.43680347410186,9.999999747378752e-05,0,9.999999747378752e-05,-0.145416259765625,0.148162841796875,1.373290980932751e-07,1.481628380539668e-05,off
1781065971.9068098,2026-06-10T12:32:51.906,87847024847216,,1,cf_0V,frequency,frequency,26343.98784881462,148,148,0.0,0.1,26343.98784881462,0.099945068359375,26343.987848775898,0,Rp || Cp,Rp,Cp,97737.62150325206,4.113238205576841e-10,4.113238205576841e-10,97737.62150325206,4.906792535644415e-06,4.906792535644415e-06,1.0,2158.4852040366677,-14363.361428177612,14524.641472081354,-1.4216353263267585,9.999999747378752e-05,0,9.999999747378752e-05,-0.143157958984375,0.142303466796875,-4.2724608295685584e-08,1.4315795536790077e-05,off
1781065972.3546834,2026-06-10T12:32:52.354,87847049218416,,1,cf_0V,frequency,frequency,23616.58912414415,149,149,0.0,0.1,23616.58912414415,0.099945068359375,23616.589124202394,0,Rp || Cp,Rp,Cp,96877.97502193629,4.114919493268539e-10,4.114919493268539e-10,96877.97502193629,4.4103662806117185e-06,4.4103662806117185e-06,1.0,2691.6643987016596,-15922.246674060058,16148.15767773075,-1.403329105474243,9.999999747378752e-05,0,9.999999747378752e-05,-0.137847900390625,0.13134765625,-3.2501219882075105e-07,1.3784789690829413e-05,off
1781065972.8528447,2026-06-10T12:32:52.852,87847076170096,,1,cf_0V,frequency,frequency,21171.558575697567,150,150,0.0,0.1,21171.558575697567,0.099945068359375,21171.5585756167,0,Rp || Cp,Rp,Cp,100543.31890897683,4.116341682511696e-10,4.116341682511696e-10,100543.31890897683,3.9659423494519605e-06,3.9659423494519605e-06,1.0,3211.1581807297916,-17679.05439130208,17968.319371390447,-1.3911188858262384,9.999999747378752e-05,0,9.999999747378752e-05,-0.124481201171875,0.128631591796875,2.075195260076157e-07,1.2863158854736767e-05,off
1781065973.3562534,2026-06-10T12:32:53.356,87847107422576,,1,cf_0V,frequency,frequency,18979.66256549492,151,151,0.0,0.1,18979.66256549492,0.099945068359375,18979.662565428156,0,Rp || Cp,Rp,Cp,99278.78110229876,4.117808948712765e-10,4.117808948712765e-10,99278.78110229876,3.5714518448330974e-06,3.5714518448330974e-06,1.0,4008.4432167854266,-19541.89703324735,19948.768299828305,-1.3684821156918363,9.999999747378752e-05,0,9.999999747378752e-05,-0.121246337890625,0.1158447265625,-2.70080559583441e-07,1.2124633482768488e-05,off
1781065973.817222,2026-06-10T12:32:53.817,87847134660976,,1,cf_0V,frequency,frequency,17014.69402038014,152,152,0.0,0.1,17014.69402038014,0.099945068359375,17014.694020431874,0,Rp || Cp,Rp,Cp,100537.59727193377,4.1195208991452594e-10,4.1195208991452594e-10,100537.59727193377,3.217680141650151e-06,3.217680141650151e-06,1.0,4879.371370980535,-21604.444192339222,22148.595301640336,-1.348672652718692,9.999999747378752e-05,0,9.999999747378752e-05,-0.11322021484375,0.111572265625,-8.239745885596506e-08,1.132202119835668e-05,off
1781065974.2223303,2026-06-10T12:32:54.222,87847161612656,,1,cf_0V,frequency,frequency,15253.159091114281,153,153,0.0,0.1,15253.159091114281,0.099945068359375,15253.159091201951,0,Rp || Cp,Rp,Cp,99876.19959809937,4.1210181906864834e-10,4.1210181906864834e-10,99876.19959809937,2.9020203868185383e-06,2.9020203868185383e-06,1.0,6031.1346190802315,-23790.591002007415,24543.16208271184,-1.3225175874125623,9.999999747378752e-05,0,9.999999747378752e-05,-0.108367919921875,0.106903076171875,-7.324218564974672e-08,1.0836791718427108e-05,off
1781065974.6134748,2026-06-10T12:32:54.613,87847187130736,,1,cf_0V,frequency,frequency,13673.996251720062,154,154,0.0,0.1,13673.996251720062,0.099945068359375,13673.996251668541,0,Rp || Cp,Rp,Cp,101120.90379781638,4.1226324436844327e-10,4.1226324436844327e-10,101120.90379781638,2.620724986681733e-06,2.620724986681733e-06,1.0,7312.40782471602,-26190.952254138076,27192.5962014205,-1.298533373567149,9.999999747378752e-05,0,9.999999747378752e-05,-0.1016845703125,0.097625732421875,-2.0294188940450653e-07,1.0168456774373169e-05,off
1781065975.0203161,2026-06-10T12:32:55.020,87847211788656,,1,cf_0V,frequency,frequency,12258.324480531926,155,155,0.0,0.1,12258.324480531926,0.099945068359375,12258.324480498573,0,Rp || Cp,Rp,Cp,100972.9971813798,4.124217804260934e-10,4.124217804260934e-10,100972.9971813798,2.3707064474667577e-06,2.3707064474667577e-06,1.0,8945.450201819014,-28691.94727970238,30054.099853671287,-1.2685715103696262,9.999999747378752e-05,0,9.999999747378752e-05,-0.098388671875,0.095947265625,-1.2207030941624453e-07,9.838866938949309e-06,off
1781065975.4758577,2026-06-10T12:32:55.475,87847235873136,,1,cf_0V,frequency,frequency,10989.217512115829,156,156,0.0,0.1,10989.217512115829,0.099945068359375,10989.217512076266,0,Rp || Cp,Rp,Cp,101712.90928309326,4.12572807197608e-10,4.12572807197608e-10,101712.90928309326,2.142580117333814e-06,2.142580117333814e-06,1.0,10825.703374774113,-31367.46613492203,33183.0346002905,-1.2384708872424988,9.999999747378752e-05,0,9.999999747378752e-05,-0.091461181640625,0.09149169921875,1.5258788677030566e-09,9.149169690747527e-06,off
1781065975.90481,2026-06-10T12:32:55.904,87847261104496,,1,cf_0V,frequency,frequency,9851.501460936432,157,157,0.0,0.1,9851.501460936432,0.099945068359375,9851.501461000113,0,Rp || Cp,Rp,Cp,102608.77956144455,4.1275876426628527e-10,4.1275876426628527e-10,102608.77956144455,1.9468191378723575e-06,1.9468191378723575e-06,1.0,13033.522943356262,-34168.42346800447,36569.84936534293,-1.2063834546837104,9.999999747378752e-05,0,9.999999747378752e-05,-0.092529296875,0.09149169921875,-5.1879881501903924e-08,9.252929453751335e-06,off
1781065976.3087626,2026-06-10T12:32:56.308,87847289489776,,1,cf_0V,frequency,frequency,8831.573397089549,158,158,0.0,0.1,8831.573397089549,0.099945068359375,8831.57339707452,0,Rp || Cp,Rp,Cp,103240.58405909789,4.1287019974693604e-10,4.1287019974693604e-10,103240.58405909789,1.7703149524769628e-06,1.7703149524769628e-06,1.0,15655.479397340203,-37029.539580529934,40202.99536983005,-1.170804547689724,9.999999747378752e-05,0,9.999999747378752e-05,-0.092529296875,0.08355712890625,-4.4860838710469864e-07,9.252929453751335e-06,off
1781065976.7692556,2026-06-10T12:32:56.769,87847312427376,,1,cf_0V,frequency,frequency,7917.238704927916,159,159,0.0,0.1,7917.238704927916,0.099945068359375,7917.238704848728,0,Rp || Cp,Rp,Cp,104473.90723419303,4.1305942458056126e-10,4.1305942458056126e-10,104473.90723419303,1.6173790711662738e-06,1.6173790711662738e-06,1.0,18628.19048294652,-39989.3781370415,44115.30170424126,-1.1348576954226264,9.999999747378752e-05,0,9.999999747378752e-05,-0.092529296875,0.08355712890625,-4.4860838710469864e-07,9.252929453751335e-06,off
1781065977.180737,2026-06-10T12:32:57.180,87847341099376,,1,cf_0V,frequency,frequency,7097.565279983502,160,160,0.0,0.1,7097.565279983502,0.099945068359375,7097.565280034246,0,Rp || Cp,Rp,Cp,104227.94523226222,4.132304314188865e-10,4.132304314188865e-10,104227.94523226222,1.47746066038939e-06,1.47746066038939e-06,1.0,22227.263156745605,-42692.513858112645,48132.13029738411,-1.0907764707005587,9.999999747378752e-05,0,9.999999747378752e-05,-0.092529296875,0.08355712890625,-4.4860838710469864e-07,9.252929453751335e-06,off
1781065977.6249373,2026-06-10T12:32:57.624,87847365470576,,1,cf_0V,frequency,frequency,6362.752820913701,161,161,0.0,0.1,6362.752820913701,0.099945068359375,6362.7528208343165,0,Rp || Cp,Rp,Cp,103849.75814108229,4.133624548834791e-10,4.133624548834791e-10,103849.75814108229,1.3649463797304141e-06,1.3649463797304141e-06,1.0,26322.69977012608,-45174.34539160164,52283.89814032534,-1.0432010137348002,9.999999747378752e-05,0,9.999999747378752e-05,-0.084197998046875,0.079833984375,-2.182006780815371e-07,8.419799591985466e-06,off
1781065978.0395784,2026-06-10T12:32:58.039,87847390701936,,1,cf_0V,frequency,frequency,5704.01565368052,162,162,0.0,0.1,5704.01565368052,0.099945068359375,5704.015653620331,0,Rp || Cp,Rp,Cp,105080.9136466847,4.13481112445813e-10,4.13481112445813e-10,105080.9136466847,1.2580333690090464e-06,1.2580333690090464e-06,1.0,30682.137153543907,-47777.75072581802,56781.22052868609,-0.9999348502864318,9.999999747378752e-05,0,9.999999747378752e-05,-0.084197998046875,0.079833984375,-2.182006780815371e-07,8.419799591985466e-06,off
1781065978.4396794,2026-06-10T12:32:58.439,87847415933296,,1,cf_0V,frequency,frequency,5113.477686967608,163,163,0.0,0.1,5113.477686967608,0.099945068359375,5113.477686933265,0,Rp || Cp,Rp,Cp,103919.51306464356,4.135210454449191e-10,4.135210454449191e-10,103919.51306464356,1.1747392704041257e-06,1.1747392704041257e-06,1.0,35757.14105084954,-49368.933049618485,60957.892734149376,-0.9439574407373265,9.999999747378752e-05,0,9.999999747378752e-05,-0.082550048828125,0.073455810546875,-4.5471190257551086e-07,8.255004674273536e-06,off
1781065978.8922286,2026-06-10T12:32:58.892,87847438870896,,1,cf_0V,frequency,frequency,4584.078242885572,164,164,0.0,0.1,4584.078242885572,0.099945068359375,4584.078242970691,0,Rp || Cp,Rp,Cp,103937.46408299002,4.137302143313311e-10,4.137302143313311e-10,103937.46408299002,1.086930833334178e-06,1.086930833334178e-06,1.0,41016.17297646864,-50801.481867439834,65292.54938783914,-0.891570692009655,9.999999747378752e-05,0,9.999999747378752e-05,-0.078369140625,0.07672119140625,-8.239745885596506e-08,7.836913864522899e-06,off
1781065979.3292418,2026-06-10T12:32:59.329,87847467256176,,1,cf_0V,frequency,frequency,4109.487637044614,165,165,0.0,0.1,4109.487637044614,0.099945068359375,4109.487637009579,0,Rp || Cp,Rp,Cp,103469.66504436004,4.139401450431582e-10,4.139401450431582e-10,103469.66504436004,1.0240698205708518e-06,1.0240698205708518e-06,1.0,46544.47963240621,-51473.810165730225,69396.98636993619,-0.835645737495117,9.999999747378752e-05,0,9.999999747378752e-05,-0.075592041015625,0.07672119140625,5.6457518105013094e-08,7.672118946810969e-06,off
1781065979.7385423,2026-06-10T12:32:59.738,87847491340656,,1,cf_0V,frequency,frequency,3684.0314986403864,166,166,0.0,0.1,3684.0314986403864,0.099945068359375,3684.0314986363865,0,Rp || Cp,Rp,Cp,103176.74440082858,4.1415895042302184e-10,4.1415895042302184e-10,103176.74440082858,9.680281816689506e-07,9.680281816689506e-07,1.0,52152.339715489514,-51585.28944311952,73354.67691108891,-0.7799320212715768,9.999999747378752e-05,0,9.999999747378752e-05,-0.075592041015625,0.07672119140625,5.6457518105013094e-08,7.672118946810969e-06,off
1781065980.1839058,2026-06-10T12:33:00.183,87847521446256,,1,cf_0V,frequency,frequency,3302.622925697632,167,167,0.0,0.1,3302.622925697632,0.099945068359375,3302.6229256449824,0,Rp || Cp,Rp,Cp,104790.48410153248,4.143227109899848e-10,4.143227109899848e-10,104790.48410153248,9.141425445744594e-07,9.141425445744594e-07,1.0,57840.76964962605,-52111.49219441369,77853.46654060781,-0.7333382918059462,9.999999747378752e-05,0,9.999999747378752e-05,-0.075592041015625,0.07672119140625,5.6457518105013094e-08,7.672118946810969e-06,off
1781065980.5374787,2026-06-10T12:33:00.537,87847543236976,,1,cf_0V,frequency,frequency,2960.70166429603,168,168,0.0,0.1,2960.70166429603,0.099945068359375,2960.701664207477,0,Rp || Cp,Rp,Cp,105113.67659512864,4.143585325987262e-10,4.143585325987262e-10,105113.67659512864,8.677882414208785e-07,8.677882414208785e-07,1.0,63456.132765572635,-51414.26486818582,81670.72558449536,-0.6809496195001951,9.999999747378752e-05,0,9.999999747378752e-05,-0.0809326171875,0.074127197265625,-3.402709874977816e-07,8.093261514297012e-06,off
1781065981.0406756,2026-06-10T12:33:01.040,87847565314416,,1,cf_0V,frequency,frequency,2654.1795845838647,169,169,0.0,0.1,2654.1795845838647,0.099945068359375,2654.179584595795,0,Rp || Cp,Rp,Cp,106889.06347570154,4.1459193369267925e-10,4.1459193369267925e-10,106889.06347570154,8.335955209727402e-07,8.335955209727402e-07,1.0,69131.46599559444,-51090.48900011984,85961.60571424545,-0.6364457097701173,9.999999747378752e-05,0,9.999999747378752e-05,-0.0809326171875,0.074127197265625,-3.402709874977816e-07,8.093261514297012e-06,off
1781065981.4512203,2026-06-10T12:33:01.451,87847596853616,,1,cf_0V,frequency,frequency,2379.391801671713,170,170,0.0,0.1,2379.391801671713,0.099945068359375,2379.391801667907,0,Rp || Cp,Rp,Cp,105379.90938771416,4.148240593812895e-10,4.148240593812895e-10,105379.90938771416,8.069182796305949e-07,8.069182796305949e-07,1.0,73841.70872215017,-48258.00065447488,88212.42868311792,-0.5788549365448624,9.999999747378752e-05,0,9.999999747378752e-05,-0.0809326171875,0.0732421875,-3.8452147466117026e-07,8.093261514297012e-06,off
1781065981.8369384,2026-06-10T12:33:01.836,87847619504496,,1,cf_0V,frequency,frequency,2133.052856990533,171,171,0.0,0.1,2133.052856990533,0.099945068359375,2133.0528569052376,0,Rp || Cp,Rp,Cp,104490.75792830288,4.1492909495659725e-10,4.1492909495659725e-10,104490.75792830288,7.761475538877818e-07,7.761475538877818e-07,1.0,78115.18176632607,-45390.89034249488,90345.52865787303,-0.5263888813692017,9.999999747378752e-05,0,9.999999747378752e-05,-0.076202392578125,0.0732421875,-1.480102501671965e-07,7.620239065309065e-06,off
1781065982.2902653,2026-06-10T12:33:02.290,87847643875696,,1,cf_0V,frequency,frequency,1912.21743620315,172,172,0.0,0.1,1912.21743620315,0.099945068359375,1912.2174361285715,0,Rp || Cp,Rp,Cp,105673.82282823815,4.149583636885176e-10,4.149583636885176e-10,105673.82282823815,7.548791519831328e-07,7.548791519831328e-07,1.0,82714.4693460863,-43578.32878628331,93492.00061507968,-0.484898159679755,9.999999747378752e-05,0,9.999999747378752e-05,-0.076202392578125,0.072998046875,-1.6021728110882094e-07,7.620239065309065e-06,off
1781065982.6974916,2026-06-10T12:33:02.697,87847669680496,,1,cf_0V,frequency,frequency,1714.2451539988147,173,173,0.0,0.1,1714.2451539988147,0.099945068359375,1714.2451539342574,0,Rp || Cp,Rp,Cp,104061.0517902451,4.1501834782064236e-10,4.1501834782064236e-10,104061.0517902451,7.45480740318366e-07,7.45480740318366e-07,1.0,85549.80614423993,-39794.89259319778,94352.54531713059,-0.43539445450091246,9.999999747378752e-05,0,9.999999747378752e-05,-0.07391357421875,0.06787109375,-3.021240158052052e-07,7.391357235153606e-06,off
1781065983.1081283,2026-06-10T12:33:03.108,87847693764976,,1,cf_0V,frequency,frequency,1536.7689847255556,174,174,0.0,0.1,1536.7689847255556,0.099945068359375,1536.7689847067822,0,Rp || Cp,Rp,Cp,106602.10583675111,4.1517809757978753e-10,4.1517809757978753e-10,106602.10583675111,7.271737644906992e-07,7.271737644906992e-07,1.0,90139.69512790775,-38521.639144324385,98025.92167441068,-0.4038635651032858,9.999999747378752e-05,0,9.999999747378752e-05,-0.07391357421875,0.07122802734375,-1.3427734035786898e-07,7.391357235153606e-06,off
1781065983.5999782,2026-06-10T12:33:03.599,87847722150256,,1,cf_0V,frequency,frequency,1377.6669614059458,175,175,0.0,0.1,1377.6669614059458,0.099945068359375,1377.6669614173898,0,Rp || Cp,Rp,Cp,106206.5086867129,4.1547648748609195e-10,4.1547648748609195e-10,106206.5086867129,7.236207805376319e-07,7.236207805376319e-07,1.0,92684.2475115922,-35401.98584361164,99215.27270769034,-0.3648615073151323,9.999999747378752e-05,0,9.999999747378752e-05,-0.07391357421875,0.07122802734375,-1.3427734035786898e-07,7.391357235153606e-06,off
1781065984.003373,2026-06-10T12:33:04.003,87847749101936,,1,cf_0V,frequency,frequency,1235.0368047598533,176,176,0.0,0.1,1235.0368047598533,0.099945068359375,1235.036804771994,0,Rp || Cp,Rp,Cp,106117.59341625094,4.159759398075199e-10,4.159759398075199e-10,106117.59341625094,6.974993679714719e-07,6.974993679714719e-07,1.0,94973.76539387957,-32532.619141201027,100391.17202861074,-0.3300164227304907,9.999999747378752e-05,0,9.999999747378752e-05,-0.07391357421875,0.07122802734375,-1.3427734035786898e-07,7.391357235153606e-06,off
1781065984.4118106,2026-06-10T12:33:04.411,87847774620016,,1,cf_0V,frequency,frequency,1107.1731788899117,177,177,0.0,0.1,1107.1731788899117,0.099945068359375,1107.1731789513706,0,Rp || Cp,Rp,Cp,107588.60658819955,4.1583686591301883e-10,4.1583686591301883e-10,107588.60658819955,6.960115359936455e-07,6.960115359936455e-07,1.0,98087.32310785238,-30527.9456019581,102728.17732803567,-0.3017295592027927,9.999999747378752e-05,0,9.999999747378752e-05,-0.0718994140625,0.072418212890625,2.5939940750951962e-08,7.2418211061187066e-06,off
1781065984.8075836,2026-06-10T12:33:04.807,87847797270896,,1,cf_0V,frequency,frequency,992.547301690778,178,178,0.0,0.1,992.547301690778,0.099945068359375,992.5473017347031,0,Rp || Cp,Rp,Cp,106267.12786190902,4.162568958264605e-10,4.162568958264605e-10,106267.12786190902,6.874706014890842e-07,6.874706014890842e-07,1.0,98752.12129527153,-27241.931649634298,102440.7355514366,-0.26916718370037107,9.999999747378752e-05,0,9.999999747378752e-05,-0.072052001953125,0.072418212890625,1.831054641243668e-08,7.2418211061187066e-06,off
1781065985.207043,2026-06-10T12:33:05.207,87847822788976,,1,cf_0V,frequency,frequency,889.7886661970878,179,179,0.0,0.1,889.7886661970878,0.099945068359375,889.7886662140309,0,Rp || Cp,Rp,Cp,106409.28648997757,4.1621417002324193e-10,4.1621417002324193e-10,106409.28648997757,6.908370937302193e-07,6.908370937302193e-07,1.0,100262.27778316803,-24825.65395911437,103290.064579159,-0.24272527691790308,9.999999747378752e-05,0,9.999999747378752e-05,-0.072052001953125,0.072418212890625,1.831054641243668e-08,7.2418211061187066e-06,off
1781065985.607111,2026-06-10T12:33:05.607,87847845439856,,1,cf_0V,frequency,frequency,797.6686543241938,180,180,0.0,0.1,797.6686543241938,0.099945068359375,797.6686543287315,0,Rp || Cp,Rp,Cp,106063.90467031821,4.160115457936381e-10,4.160115457936381e-10,106063.90467031821,6.868173701021897e-07,6.868173701021897e-07,1.0,101118.72185882197,-22361.810419926103,103561.80027219745,-0.21764134041417874,9.999999747378752e-05,0,9.999999747378752e-05,-0.072052001953125,0.072418212890625,1.831054641243668e-08,7.2418211061187066e-06,off
1781065986.0093305,2026-06-10T12:33:06.009,87847869811056,,1,cf_0V,frequency,frequency,715.0858470818457,181,181,0.0,0.1,715.0858470818457,0.099945068359375,715.0858471760557,0,Rp || Cp,Rp,Cp,106583.33147518933,4.1746115305600153e-10,4.1746115305600153e-10,106583.33147518933,6.843718280565758e-07,6.843718280565758e-07,1.0,102487.35815830168,-20488.66721714014,104515.28149798342,-0.1973129552907641,9.999999747378752e-05,0,9.999999747378752e-05,-0.072052001953125,0.072418212890625,1.831054641243668e-08,7.2418211061187066e-06,off
1781065986.522447,2026-06-10T12:33:06.522,87847893608816,,1,cf_0V,frequency,frequency,641.0528556246055,182,182,0.0,0.1,641.0528556246055,0.099945068359375,641.0528555989004,0,Rp || Cp,Rp,Cp,106356.3938045953,4.1661380963928e-10,4.1661380963928e-10,106356.3938045953,6.792546760332633e-07,6.792546760332633e-07,1.0,103073.26458499243,-18395.72903472014,104701.96139006517,-0.17661284966755636,9.999999747378752e-05,0,9.999999747378752e-05,-0.072357177734375,0.072418212890625,3.051757735406113e-09,7.2418211061187066e-06,off
1781065986.914356,2026-06-10T12:33:06.914,87847925148016,,1,cf_0V,frequency,frequency,574.6845156864445,183,183,0.0,0.1,574.6845156864445,0.099945068359375,574.6845156551217,0,Rp || Cp,Rp,Cp,104332.72032919424,4.1766255993527023e-10,4.1766255993527023e-10,104332.72032919424,6.865522228018374e-07,6.865522228018374e-07,1.0,101812.08389723978,-16019.71435090487,103064.69655213263,-0.15606634863163163,9.999999747378752e-05,0,9.999999747378752e-05,-0.072357177734375,0.072418212890625,3.051757735406113e-09,7.2418211061187066e-06,off
1781065987.327238,2026-06-10T12:33:07.327,87847948085616,,1,cf_0V,frequency,frequency,515.1873042480629,184,184,0.0,0.1,515.1873042480629,0.099945068359375,515.1873042308353,0,Rp || Cp,Rp,Cp,104257.18698334342,4.1689788489448026e-10,4.1689788489448026e-10,104257.18698334342,6.705809059867604e-07,6.705809059867604e-07,1.0,102233.44826959979,-14383.802942987493,103240.35902783189,-0.13977816783816668,9.999999747378752e-05,0,9.999999747378752e-05,-0.072357177734375,0.071136474609375,-6.103515470812226e-08,7.235717590647894e-06,off
1781065987.800513,2026-06-10T12:33:07.800,87847973890416,,1,cf_0V,frequency,frequency,461.8498518989187,185,185,0.0,0.1,461.8498518989187,0.099945068359375,461.8498518027536,0,Rp || Cp,Rp,Cp,106764.17944949171,4.167702852705834e-10,4.167702852705834e-10,106764.17944949171,6.771140734402829e-07,6.771140734402829e-07,1.0,105013.32362415119,-13559.616123095611,105885.13270519345,-0.12841230211519042,9.999999747378752e-05,0,9.999999747378752e-05,-0.07073974609375,0.07354736328125,1.403808558286812e-07,7.354736142328733e-06,off
1781065988.2480702,2026-06-10T12:33:08.248,87848000555376,,1,cf_0V,frequency,frequency,414.03443745645274,186,186,0.0,0.1,414.03443745645274,0.099945068359375,414.0344374548022,0,Rp || Cp,Rp,Cp,106319.73048741251,4.1901749092918527e-10,4.1901749092918527e-10,106319.73048741251,6.751084238820772e-07,6.751084238820772e-07,1.0,104910.62284427993,-12158.550920881733,105612.82661717951,-0.11537963686014553,9.999999747378752e-05,0,9.999999747378752e-05,-0.07073974609375,0.07354736328125,1.403808558286812e-07,7.354736142328733e-06,off
1781065988.6327295,2026-06-10T12:33:08.632,87848027507056,,1,cf_0V,frequency,frequency,371.1693631492158,187,187,0.0,0.1,371.1693631492158,0.099945068359375,371.1693631913704,0,Rp || Cp,Rp,Cp,106186.16954673365,4.1765963866189586e-10,4.1765963866189586e-10,106186.16954673365,6.804972483877402e-07,6.804972483877402e-07,1.0,105062.25926985186,-10866.487606665094,105622.71950575491,-0.10306256678684209,9.999999747378752e-05,0,9.999999747378752e-05,-0.07073974609375,0.07354736328125,1.403808558286812e-07,7.354736142328733e-06,off
1781065989.0829453,2026-06-10T12:33:09.082,87848054745456,,1,cf_0V,frequency,frequency,332.7421191989247,188,188,0.0,0.1,332.7421191989247,0.099945068359375,332.74211929779085,0,Rp || Cp,Rp,Cp,107021.91271675461,4.177442860824593e-10,4.177442860824593e-10,107021.91271675461,6.899810100681416e-07,6.899810100681416e-07,1.0,106095.0046044619,-9916.668817783917,106557.4508068882,-0.09319892132570146,9.999999747378752e-05,0,9.999999747378752e-05,-0.07501220703125,0.0694580078125,-2.777099539219563e-07,7.501220513628226e-06,off
1781065989.484919,2026-06-10T12:33:09.484,87848078829936,,1,cf_0V,frequency,frequency,298.2932560748046,189,189,0.0,0.1,298.2932560748046,0.099945068359375,298.2932561224061,0,Rp || Cp,Rp,Cp,104213.43963547403,4.1989021594815005e-10,4.1989021594815005e-10,104213.43963547403,6.914638093426577e-07,6.914638093426577e-07,1.0,103517.16918487578,-8489.755357665366,103864.7209695535,-0.08182987866276314,9.999999747378752e-05,0,9.999999747378752e-05,-0.07501220703125,0.069732666015625,-2.639770441126288e-07,7.501220513628226e-06,off
1781065989.9372654,2026-06-10T12:33:09.937,87848102914416,,1,cf_0V,frequency,frequency,267.41089115476336,190,190,0.0,0.1,267.41089115476336,0.099945068359375,267.4108910838413,0,Rp || Cp,Rp,Cp,105075.96786817095,4.152362320968683e-10,4.152362320968683e-10,105075.96786817095,6.77618301013255e-07,6.77618301013255e-07,1.0,104514.2854163094,-7661.843125984157,104794.75032733737,-0.0731781470376914,9.999999747378752e-05,0,9.999999747378752e-05,-0.07501220703125,0.069732666015625,-2.639770441126288e-07,7.501220513628226e-06,off
1781065990.3046458,2026-06-10T12:33:10.304,87848128719216,,1,cf_0V,frequency,frequency,239.7257841131082,191,191,0.0,0.1,239.7257841131082,0.099945068359375,239.72578418351986,0,Rp || Cp,Rp,Cp,105109.74067195067,4.174791389660772e-10,4.174791389660772e-10,105109.74067195067,6.812423620914021e-07,6.812423620914021e-07,1.0,104652.55296201118,-6917.070263342927,104880.89770065175,-0.06599957376824782,9.999999747378752e-05,0,9.999999747378752e-05,-0.072021484375,0.07611083984375,2.0446776827220958e-07,7.611083792102846e-06,off
1781065990.763151,2026-06-10T12:33:10.763,87848154524016,,1,cf_0V,frequency,frequency,214.90692215443403,192,192,0.0,0.1,214.90692215443403,0.099945068359375,214.9069221246691,0,Rp || Cp,Rp,Cp,105379.21590423849,4.1954974197176433e-10,4.1954974197176433e-10,105379.21590423849,6.753732274929388e-07,6.753732274929388e-07,1.0,105004.97842638886,-6268.715840421104,105191.93073907492,-0.05962845371550996,9.999999747378752e-05,0,9.999999747378752e-05,-0.072113037109375,0.07611083984375,1.998901316691004e-07,7.611083792102846e-06,off
1781065991.1873782,2026-06-10T12:33:11.187,87848178321776,,1,cf_0V,frequency,frequency,192.65756230919578,193,193,0.0,0.1,192.65756230919578,0.099945068359375,192.65756222353048,0,Rp || Cp,Rp,Cp,104854.51509566008,4.22201775398222e-10,4.22201775398222e-10,104854.51509566008,6.870910418460935e-07,6.870910418460935e-07,1.0,104554.26166357976,-5602.925655683401,104704.28075260067,-0.05353747798812589,9.999999747378752e-05,0,9.999999747378752e-05,-0.072113037109375,0.07611083984375,1.998901316691004e-07,7.611083792102846e-06,off
1781065991.595698,2026-06-10T12:33:11.595,87848205273456,,1,cf_0V,frequency,frequency,172.71168347127087,194,194,0.0,0.1,172.71168347127087,0.099945068359375,172.7116834615572,0,Rp || Cp,Rp,Cp,103153.47478505659,4.278272635086773e-10,4.278272635086773e-10,103153.47478505659,6.824172975452375e-07,6.824172975452375e-07,1.0,102917.42873558796,-4928.818567821846,103035.38416495244,-0.04785443675459738,9.999999747378752e-05,0,9.999999747378752e-05,-0.072113037109375,0.07611083984375,1.998901316691004e-07,7.611083792102846e-06,off
1781065991.9967237,2026-06-10T12:33:11.996,87848228211056,,1,cf_0V,frequency,frequency,154.83080575683516,195,195,0.0,0.1,154.83080575683516,0.099945068359375,154.83080566980334,0,Rp || Cp,Rp,Cp,102086.5329812273,4.226389984206002e-10,4.226389984206002e-10,102086.5329812273,6.900486825812913e-07,6.900486825812913e-07,1.0,101906.99574760236,-4277.394078589605,101996.72486117091,-0.04194888450344031,9.999999747378752e-05,0,9.999999747378752e-05,-0.076202392578125,0.0672607421875,-4.470825082369956e-07,7.620239065309065e-06,off
1781065992.4377387,2026-06-10T12:33:12.437,87848253442416,,1,cf_0V,frequency,frequency,138.8011391556985,196,196,0.0,0.1,138.8011391556985,0.099945068359375,138.80113911568515,0,Rp || Cp,Rp,Cp,103746.26425748064,4.371751111848151e-10,4.371751111848151e-10,103746.26425748064,6.875929890190858e-07,6.875929890190858e-07,1.0,103584.1970703742,-4097.267314671328,103665.19899253554,-0.03953433613713195,9.999999747378752e-05,0,9.999999747378752e-05,-0.076202392578125,0.0672607421875,-4.470825082369956e-07,7.620239065309065e-06,off
1781065992.8884773,2026-06-10T12:33:12.888,87848280680816,,1,cf_0V,frequency,frequency,124.43102738338021,197,197,0.0,0.1,124.43102738338021,0.099945068359375,124.43102740178347,0,Rp || Cp,Rp,Cp,103913.32310748704,4.305373685450419e-10,4.305373685450419e-10,103913.32310748704,6.779291582800884e-07,6.779291582800884e-07,1.0,103786.34714632723,-3630.2026367920553,103849.8157204052,-0.034963397229632834,9.999999747378752e-05,0,9.999999747378752e-05,-0.076202392578125,0.066162109375,-5.020141474743056e-07,7.620239065309065e-06,off
1781065993.3392296,2026-06-10T12:33:13.339,87848306485616,,1,cf_0V,frequency,frequency,111.54865637172875,198,198,0.0,0.1,111.54865637172875,0.099945068359375,111.54865639184663,0,Rp || Cp,Rp,Cp,105539.74909491798,4.1832124814688267e-10,4.1832124814688267e-10,105539.74909491798,6.804314541764874e-07,6.804314541764874e-07,1.0,105438.79107931032,-3262.6509337406574,105489.25800943853,-0.03093368356106002,9.999999747378752e-05,0,9.999999747378752e-05,-0.066131591796875,0.067291259765625,5.798339697271615e-08,6.7291258065704795e-06,off
1781065993.7604496,2026-06-10T12:33:13.760,87848334870896,,1,cf_0V,frequency,frequency,100.0,199,199,0.0,0.1,100.0,0.099945068359375,99.99999996068709,0,Rp || Cp,Rp,Cp,104083.51806103635,4.2308503987120867e-10,4.2308503987120867e-10,104083.51806103635,6.844115574358575e-07,6.844115574358575e-07,1.0,104003.89688044587,-2877.6575639975645,104043.69985431146,-0.027661690070911096,9.999999747378752e-05,0,9.999999747378752e-05,-0.067626953125,0.067291259765625,-1.6784667544733622e-08,6.762695141659947e-06,off
1781065994.1553917,2026-06-10T12:33:14.155,87848357808496,,1,cf_0V,frequency,frequency,0.0,200,200,0.0,0.1,0.0,0.099945068359375,0.0,0,Rp || Cp,Rp,Cp,108.61696845122093,nan,nan,108.61696845122093,8.771873750352818e-08,8.771873750352818e-08,1.0,-108.61696845029894,-0.0004475333132156692,108.61696845122091,-3.1415885333006743,9.999999747378752e-05,0,9.999999747378752e-05,-0.199859619140625,0.968841552734375,3.844909570838162e-05,9.688415282593787e-05,off
