timestamp_unix,timestamp_iso,sample_timestamp,sample_clockbase,block_index,block_name,mode,sweep_variable,sweep_value,point_index_block,point_index_total,set_bias_V,set_amplitude_V,set_frequency_Hz,measured_drive_V,measured_frequency_Hz,model,model_name,param0_name,param1_name,param0,param1,C_F,R_Ohm,demod_R_raw,demod_R,demod_R_gain,Z_real_Ohm,Z_imag_Ohm,Z_abs_Ohm,Z_phase_rad,imps_current_range_A,currin_index,currin_range_A,currin_norm_min,currin_norm_max,currin_est_A,currin_peak_A,iv_autorange_mode
1781064558.860766,2026-06-10T12:09:18.860,87762240022896,,1,cf_0V,frequency,frequency,0.0,1,1,0.0,0.1,0.0,0.099945068359375,0.0,0,Rp || Cp,Rp,Cp,108.61696845122093,nan,nan,108.61696845122093,8.543269983863778e-08,8.543269983863778e-08,1.0,-108.61696845029894,-0.0004475333132156692,108.61696845122091,-3.1415885333006743,9.999999747378752e-05,0,9.999999747378752e-05,-0.07977294921875,0.0118408203125,-3.396606359507004e-06,7.97729472035158e-06,off
1781064559.8354213,2026-06-10T12:09:19.835,87762297080176,,1,cf_0V,frequency,frequency,100.0,2,2,0.0,0.1,100.0,0.099945068359375,99.99999996068709,0,Rp || Cp,Rp,Cp,304334.9416090418,5.590964656313476e-10,5.590964656313476e-10,304334.9416090418,2.642193090030142e-07,2.642193090030142e-07,1.0,300895.7770361636,-32168.775178912685,302610.4736037867,-0.10650547775526321,0.0010000000474974513,0,0.0010000000474974513,-0.026458740234375,0.074066162109375,2.38037120681156e-05,7.406616562732893e-05,off
1781064560.7006307,2026-06-10T12:09:20.700,87762345822576,,1,cf_0V,frequency,frequency,111.67312606580774,3,3,0.0,0.1,111.67312606580774,0.099945068359375,111.6731259998005,0,Rp || Cp,Rp,Cp,303806.64986884914,1.0962784216955369e-09,1.0962784216955369e-09,303806.64986884914,2.4035317477264453e-07,2.4035317477264453e-07,1.0,288074.1527941236,-67321.06480246421,295835.83838708536,-0.22957350171339516,9.999999747378752e-05,0,9.999999747378752e-05,-0.070281982421875,0.0726318359375,1.1749267281313536e-07,7.263183410266549e-06,off
1781064561.1164196,2026-06-10T12:09:21.116,87762374207856,,1,cf_0V,frequency,frequency,124.70887085309788,4,4,0.0,0.1,124.70887085309788,0.099945068359375,124.70887085669347,0,Rp || Cp,Rp,Cp,301931.08379892784,1.0692038848882965e-09,1.0692038848882965e-09,301931.08379892784,2.4378805666726617e-07,2.4378805666726617e-07,1.0,283773.30673156545,-71782.25714826757,292711.4313699879,-0.2477591597546482,9.999999747378752e-05,0,9.999999747378752e-05,-0.07086181640625,0.0726318359375,8.850097432677728e-08,7.263183410266549e-06,off
1781064561.5149624,2026-06-10T12:09:21.514,87762398292336,,1,cf_0V,frequency,frequency,139.2662945630255,5,5,0.0,0.1,139.2662945630255,0.099945068359375,139.26629449656502,0,Rp || Cp,Rp,Cp,302390.1770073193,1.0592949158438275e-09,1.0592949158438275e-09,302390.1770073193,2.4264889190873884e-07,2.4264889190873884e-07,1.0,280363.81030569435,-78583.68848341258,291168.7864878126,-0.27327930645957355,9.999999747378752e-05,0,9.999999747378752e-05,-0.07568359375,0.0726318359375,-1.5258788677030566e-07,7.568359183807161e-06,off
1781064561.9591255,2026-06-10T12:09:21.959,87762423523696,,1,cf_0V,frequency,frequency,155.52302469454662,6,6,0.0,0.1,155.52302469454662,0.099945068359375,155.52302464527656,0,Rp || Cp,Rp,Cp,306190.36214625905,1.0721791276661266e-09,1.0721791276661266e-09,306190.36214625905,2.453778673752207e-07,2.453778673752207e-07,1.0,277619.88912254304,-89060.26921710187,291555.3710522853,-0.3104278408473756,9.999999747378752e-05,0,9.999999747378752e-05,-0.07568359375,0.07586669921875,9.15527320621834e-09,7.586669730219597e-06,off
1781064562.3689086,2026-06-10T12:09:22.368,87762450762096,,1,cf_0V,frequency,frequency,173.67742342849834,7,7,0.0,0.1,173.67742342849834,0.099945068359375,173.6774233762617,0,Rp || Cp,Rp,Cp,305318.2987117572,1.0764844550029351e-09,1.0764844550029351e-09,305318.2987117572,2.486571082238474e-07,2.486571082238474e-07,1.0,270519.35881033784,-97024.67165320084,287392.6067256563,-0.3443694635888615,9.999999747378752e-05,0,9.999999747378752e-05,-0.07568359375,0.07586669921875,9.15527320621834e-09,7.586669730219597e-06,off
1781064562.7997591,2026-06-10T12:09:22.799,87762474846576,,1,cf_0V,frequency,frequency,193.95100801315368,8,8,0.0,0.1,193.95100801315368,0.099945068359375,193.9510080006812,0,Rp || Cp,Rp,Cp,305383.19122392865,1.0709787679950528e-09,1.0709787679950528e-09,305383.19122392865,2.519282353644896e-07,2.519282353644896e-07,1.0,263521.90896611306,-105030.30520925301,283681.4437313326,-0.3792676994359936,9.999999747378752e-05,0,9.999999747378752e-05,-0.07568359375,0.077484130859375,9.002685319448034e-08,7.748412890196121e-06,off
1781064563.246457,2026-06-10T12:09:23.246,87762501798256,,1,cf_0V,frequency,frequency,216.59115368443398,9,9,0.0,0.1,216.59115368443398,0.099945068359375,216.5911537588272,0,Rp || Cp,Rp,Cp,306374.693647182,1.09088401020099e-09,1.09088401020099e-09,306374.693647182,2.5512652032191795e-07,2.5512652032191795e-07,1.0,253858.24281604294,-115463.12799733116,278883.0245328265,-0.42686584682402756,9.999999747378752e-05,0,9.999999747378752e-05,-0.0743408203125,0.077484130859375,1.5716552337341483e-07,7.748412890196121e-06,off
1781064563.6561267,2026-06-10T12:09:23.656,87762526742896,,1,cf_0V,frequency,frequency,241.8741121014056,10,10,0.0,0.1,241.8741121014056,0.099945068359375,241.87411220566446,0,Rp || Cp,Rp,Cp,304797.30467916443,1.0878442063850154e-09,1.0878442063850154e-09,304797.30467916443,2.6413739594324986e-07,2.6413739594324986e-07,1.0,243075.8699553579,-122486.69903455685,272192.70746097545,-0.46676525955408094,9.999999747378752e-05,0,9.999999747378752e-05,-0.0743408203125,0.077484130859375,1.5716552337341483e-07,7.748412890196121e-06,off
1781064564.1458197,2026-06-10T12:09:24.145,87762551974256,,1,cf_0V,frequency,frequency,270.1083821275558,11,11,0.0,0.1,270.1083821275558,0.099945068359375,270.1083821676775,0,Rp || Cp,Rp,Cp,299969.8376685508,1.0910400050132052e-09,1.0910400050132052e-09,299969.8376685508,2.7124080150901056e-07,2.7124080150901056e-07,1.0,229244.96275196766,-127331.540931105,262233.81601738685,-0.5070092608138559,9.999999747378752e-05,0,9.999999747378752e-05,-0.073638916015625,0.084259033203125,5.310058459606637e-07,8.425903107456278e-06,off
1781064564.5920317,2026-06-10T12:09:24.592,87762580072816,,1,cf_0V,frequency,frequency,301.6384740876191,12,12,0.0,0.1,301.6384740876191,0.099945068359375,301.6384739851219,0,Rp || Cp,Rp,Cp,300680.39148987376,1.091448620012781e-09,1.091448620012781e-09,300680.39148987376,2.7872247688456406e-07,2.7872247688456406e-07,1.0,216807.12413326494,-134849.25616126627,255322.64091181522,-0.5564232220242095,9.999999747378752e-05,0,9.999999747378752e-05,-0.07318115234375,0.084259033203125,5.538940289762095e-07,8.425903107456278e-06,off
1781064565.0031838,2026-06-10T12:09:25.003,87762609318256,,1,cf_0V,frequency,frequency,336.849113430846,13,13,0.0,0.1,336.849113430846,0.099945068359375,336.84911350917446,0,Rp || Cp,Rp,Cp,300372.01823404065,1.0920744086456813e-09,1.0920744086456813e-09,300372.01823404065,2.884906330413342e-07,2.884906330413342e-07,1.0,202679.12368247745,-140713.57524317087,246736.98027335203,-0.6068684344381795,9.999999747378752e-05,0,9.999999747378752e-05,-0.074798583984375,0.084259033203125,4.7302244898794754e-07,8.425903107456278e-06,off
1781064565.413919,2026-06-10T12:09:25.413,87762631395696,,1,cf_0V,frequency,frequency,376.169935093184,14,14,0.0,0.1,376.169935093184,0.099945068359375,376.1699350945946,0,Rp || Cp,Rp,Cp,305161.38181143143,1.0914441112102498e-09,1.0914441112102498e-09,305161.38181143143,2.9718929599705345e-07,2.9718929599705345e-07,1.0,188404.69348267443,-148315.56923206546,239778.72424994697,-0.6668983103570593,9.999999747378752e-05,0,9.999999747378752e-05,-0.074798583984375,0.0748291015625,1.5258788677030566e-09,7.4829099672157895e-06,off
1781064565.8243163,2026-06-10T12:09:25.824,87762656053616,,1,cf_0V,frequency,frequency,420.08072583827897,15,15,0.0,0.1,420.08072583827897,0.099945068359375,420.08072583143985,0,Rp || Cp,Rp,Cp,304810.1349955528,1.0909053566222035e-09,1.0909053566222035e-09,304810.1349955528,3.105289481459764e-07,3.105289481459764e-07,1.0,172180.2251329045,-151116.66929729367,229090.10818087563,-0.7203377556510244,9.999999747378752e-05,0,9.999999747378752e-05,-0.07623291015625,0.0748291015625,-7.01904279143406e-08,7.623290823044471e-06,off
1781064566.226416,2026-06-10T12:09:26.226,87762682718576,,1,cf_0V,frequency,frequency,469.11727854354143,16,16,0.0,0.1,469.11727854354143,0.099945068359375,469.11727856979724,0,Rp || Cp,Rp,Cp,305337.88258664426,1.0908873396809116e-09,1.0908873396809116e-09,305337.88258664426,3.2709243623248433e-07,3.2709243623248433e-07,1.0,155473.19706506352,-152643.18453566963,217880.37266083097,-0.7762135399222828,9.999999747378752e-05,0,9.999999747378752e-05,-0.077789306640625,0.078826904296875,5.1879881501903924e-08,7.88269023055399e-06,off
1781064566.6272147,2026-06-10T12:09:26.627,87762705656176,,1,cf_0V,frequency,frequency,523.8779298644155,17,17,0.0,0.1,523.8779298644155,0.099945068359375,523.877929836658,0,Rp || Cp,Rp,Cp,302931.04477199214,1.090229689854437e-09,1.090229689854437e-09,302931.04477199214,3.466732862353612e-07,3.466732862353612e-07,1.0,138844.63368949117,-150938.7877259292,205086.20125338054,-0.827109105141328,9.999999747378752e-05,0,9.999999747378752e-05,-0.077789306640625,0.078826904296875,5.1879881501903924e-08,7.88269023055399e-06,off
1781064567.0396874,2026-06-10T12:09:27.039,87762729740656,,1,cf_0V,frequency,frequency,585.0308610484332,18,18,0.0,0.1,585.0308610484332,0.099945068359375,585.0308610888533,0,Rp || Cp,Rp,Cp,302595.5490138721,1.0901333945851749e-09,1.0901333945851749e-09,302595.5490138721,3.696166582315737e-07,3.696166582315737e-07,1.0,122494.16512116445,-148530.69937593225,192525.8142323638,-0.8811712175392724,9.999999747378752e-05,0,9.999999747378752e-05,-0.077789306640625,0.0804443359375,1.3275146149016592e-07,8.044433390530514e-06,off
1781064567.4303071,2026-06-10T12:09:27.430,87762754972016,,1,cf_0V,frequency,frequency,653.3222509824973,19,19,0.0,0.1,653.3222509824973,0.099945068359375,653.3222509119696,0,Rp || Cp,Rp,Cp,303570.621177498,1.089533710294718e-09,1.089533710294718e-09,303570.621177498,3.959543107289313e-07,3.959543107289313e-07,1.0,106763.90600343702,-144954.66063458825,180028.84564646683,-0.9359698898771892,9.999999747378752e-05,0,9.999999747378752e-05,-0.081085205078125,0.0804443359375,-3.204345622176419e-08,8.108520302974043e-06,off
1781064567.886341,2026-06-10T12:09:27.886,87762776762736,,1,cf_0V,frequency,frequency,729.585380955657,20,20,0.0,0.1,729.585380955657,0.099945068359375,729.5853809097252,0,Rp || Cp,Rp,Cp,301345.9071684441,1.0893183886167606e-09,1.0893183886167606e-09,301345.9071684441,4.26980955707311e-07,4.26980955707311e-07,1.0,92312.93335138449,-138911.6517078964,166787.6633452039,-0.9842645585457125,9.999999747378752e-05,0,9.999999747378752e-05,-0.08154296875,0.0804443359375,-5.493163923731004e-08,8.154296669005134e-06,off
1781064568.3866107,2026-06-10T12:09:28.386,87762804861296,,1,cf_0V,frequency,frequency,814.7508022323145,21,21,0.0,0.1,814.7508022323145,0.099945068359375,814.7508022915417,0,Rp || Cp,Rp,Cp,301900.79162902274,1.0888253325756083e-09,1.0888253325756083e-09,301900.79162902274,4.6294303210928147e-07,4.6294303210928147e-07,1.0,78789.35773091596,-132585.09184390056,154228.95146795816,-1.034611777596089,9.999999747378752e-05,0,9.999999747378752e-05,-0.08154296875,0.0799560546875,-7.934570112055894e-08,8.154296669005134e-06,off
1781064568.836929,2026-06-10T12:09:28.836,87762838120816,,1,cf_0V,frequency,frequency,909.8576904990725,22,22,0.0,0.1,909.8576904990725,0.099945068359375,909.8576904165157,0,Rp || Cp,Rp,Cp,296365.7194460545,1.088391149117666e-09,1.088391149117666e-09,296365.7194460545,5.042167724252203e-07,5.042167724252203e-07,1.0,67349.41016179495,-124193.85390479708,141280.06369218472,-1.0738897433297077,9.999999747378752e-05,0,9.999999747378752e-05,-0.08514404296875,0.0799560546875,-2.593994075095196e-07,8.514404081783056e-06,off
1781064569.249365,2026-06-10T12:09:29.249,87762862205296,,1,cf_0V,frequency,frequency,1016.0665257304771,23,23,0.0,0.1,1016.0665257304771,0.099945068359375,1016.0665256364609,0,Rp || Cp,Rp,Cp,297194.2861416683,1.087759809919144e-09,1.087759809919144e-09,297194.2861416683,5.523917813220797e-07,5.523917813220797e-07,1.0,56506.99439918378,-116621.24783437744,129589.95278368099,-1.11959765320742,9.999999747378752e-05,0,9.999999747378752e-05,-0.08514404296875,0.075042724609375,-5.050659052097117e-07,8.514404081783056e-06,off
1781064569.7124188,2026-06-10T12:09:29.712,87762886289776,,1,cf_0V,frequency,frequency,1134.6732521914685,24,24,0.0,0.1,1134.6732521914685,0.099945068359375,1134.67325220995,0,Rp || Cp,Rp,Cp,288162.0855212756,1.0874990692081654e-09,1.0874990692081654e-09,288162.0855212756,6.047484033358343e-07,6.047484033358343e-07,1.0,48094.98658443138,-107452.42623008045,117724.89811967355,-1.1499456117255682,9.999999747378752e-05,0,9.999999747378752e-05,-0.08514404296875,0.075042724609375,-5.050659052097117e-07,8.514404081783056e-06,off
1781064570.1030104,2026-06-10T12:09:30.103,87762913528176,,1,cf_0V,frequency,frequency,1267.1250913547792,25,25,0.0,0.1,1267.1250913547792,0.099945068359375,1267.1250913598442,0,Rp || Cp,Rp,Cp,292204.6692548027,1.0870299649364461e-09,1.0870299649364461e-09,292204.6692548027,6.635567165268906e-07,6.635567165268906e-07,1.0,39512.59612204254,-99922.56916701245,107451.22186946054,-1.1942339453076911,9.999999747378752e-05,0,9.999999747378752e-05,-0.07427978515625,0.0789794921875,2.3498534562627071e-07,7.897949019231021e-06,off
1781064570.5045986,2026-06-10T12:09:30.504,87762937612656,,1,cf_0V,frequency,frequency,1415.0382006801042,26,26,0.0,0.1,1415.0382006801042,0.099945068359375,1415.0382007471762,0,Rp || Cp,Rp,Cp,288936.4548908085,1.0864720696232926e-09,1.0864720696232926e-09,288936.4548908085,7.301849160131642e-07,7.301849160131642e-07,1.0,32871.01334097549,-91744.92108747677,97455.80569370883,-1.2267580316664763,9.999999747378752e-05,0,9.999999747378752e-05,-0.0740966796875,0.088958740234375,7.431030085713886e-07,8.89587379870882e-06,off
1781064570.9465666,2026-06-10T12:09:30.946,87762964564336,,1,cf_0V,frequency,frequency,1580.2173937248301,27,27,0.0,0.1,1580.2173937248301,0.099945068359375,1580.217393737371,0,Rp || Cp,Rp,Cp,287798.2178382651,1.0860943321664594e-09,1.0860943321664594e-09,287798.2178382651,8.065496077401527e-07,8.065496077401527e-07,1.0,27069.721767596297,-84010.9983604339,88264.47576512254,-1.2590841517302458,9.999999747378752e-05,0,9.999999747378752e-05,-0.076812744140625,0.088958740234375,6.072997893458165e-07,8.89587379870882e-06,off
1781064571.3492424,2026-06-10T12:09:31.349,87762987501936,,1,cf_0V,frequency,frequency,1764.6781622081528,28,28,0.0,0.1,1764.6781622081528,0.099945068359375,1764.6781621039054,0,Rp || Cp,Rp,Cp,288289.0050028856,1.0856150555881517e-09,1.0856150555881517e-09,288289.0050028856,8.92114112313506e-07,8.92114112313506e-07,1.0,22104.66176731932,-76706.68077148317,79828.13380523068,-1.2902265916652966,9.999999747378752e-05,0,9.999999747378752e-05,-0.076812744140625,0.088958740234375,6.072997893458165e-07,8.89587379870882e-06,off
1781064571.748769,2026-06-10T12:09:31.748,87763013020016,,1,cf_0V,frequency,frequency,1970.6712687384897,29,29,0.0,0.1,1970.6712687384897,0.099945068359375,1970.6712688360994,0,Rp || Cp,Rp,Cp,289361.32386225846,1.085262350796699e-09,1.085262350796699e-09,289361.32386225846,9.878060861464312e-07,9.878060861464312e-07,1.0,17950.96783702159,-69800.2763006251,72071.60202138835,-1.3190751070223765,9.999999747378752e-05,0,9.999999747378752e-05,-0.076812744140625,0.088958740234375,6.072997893458165e-07,8.89587379870882e-06,off
1781064572.2123168,2026-06-10T12:09:32.212,87763037964656,,1,cf_0V,frequency,frequency,2200.7102102809863,30,30,0.0,0.1,2200.7102102809863,0.099945068359375,2200.7102103316356,0,Rp || Cp,Rp,Cp,287494.31923122425,1.0846892671887818e-09,1.0846892671887818e-09,287494.31923122425,1.0974312058140216e-06,1.0974312058140216e-06,1.0,14673.151090744524,-63270.42137427785,64949.57724119914,-1.3429130450330125,9.999999747378752e-05,0,9.999999747378752e-05,-0.081756591796875,0.081573486328125,-9.15527320621834e-09,8.175658973152977e-06,off
1781064572.6010103,2026-06-10T12:09:32.601,87763065203056,,1,cf_0V,frequency,frequency,2457.6018874701913,31,31,0.0,0.1,2457.6018874701913,0.099945068359375,2457.6018875421823,0,Rp || Cp,Rp,Cp,281374.45074840577,1.0843392587488352e-09,1.0843392587488352e-09,281374.45074840577,1.2190076513013637e-06,1.2190076513013637e-06,1.0,12130.09288946112,-57148.57015527431,58421.727330670954,-1.3616449729196216,9.999999747378752e-05,0,9.999999747378752e-05,-0.086456298828125,0.082550048828125,-1.9531249506599124e-07,8.645629664405519e-06,off
1781064573.0555363,2026-06-10T12:09:33.055,87763089574256,,1,cf_0V,frequency,frequency,2744.480853990254,32,32,0.0,0.1,2744.480853990254,0.099945068359375,2744.480853991149,0,Rp || Cp,Rp,Cp,282764.1126762267,1.0839021101800134e-09,1.0839021101800134e-09,282764.1126762267,1.3555360468130225e-06,1.3555360468130225e-06,1.0,9773.255482452303,-51652.777192793896,52569.24875298955,-1.3837963389455863,9.999999747378752e-05,0,9.999999747378752e-05,-0.086456298828125,0.088623046875,1.0833739960691702e-07,8.862304463619353e-06,off
1781064573.4870448,2026-06-10T12:09:33.487,87763115379056,,1,cf_0V,frequency,frequency,3064.8475639284966,33,33,0.0,0.1,3064.8475639284966,0.099945068359375,3064.8475640049355,0,Rp || Cp,Rp,Cp,281379.5770344755,1.0836318820836316e-09,1.0836318820836316e-09,281379.5770344755,1.5078818225081733e-06,1.5078818225081733e-06,1.0,7931.382104057196,-46570.61433627286,47241.178454166686,-1.402106128292721,9.999999747378752e-05,0,9.999999747378752e-05,-0.086456298828125,0.088623046875,1.0833739960691702e-07,8.862304463619353e-06,off
1781064573.8891277,2026-06-10T12:09:33.889,87763140610416,,1,cf_0V,frequency,frequency,3422.6110837907077,34,34,0.0,0.1,3422.6110837907077,0.099945068359375,3422.6110837209944,0,Rp || Cp,Rp,Cp,279609.2512905261,1.0832689121637837e-09,1.0832689121637837e-09,279609.2512905261,1.6789518596547468e-06,1.6789518596547468e-06,1.0,6438.485842926325,-41938.12234752194,42429.47331732132,-1.4184622418699055,9.999999747378752e-05,0,9.999999747378752e-05,-0.08941650390625,0.088623046875,-3.967285056027947e-08,8.941650164739912e-06,off
1781064574.3385553,2026-06-10T12:09:34.338,87763164694896,,1,cf_0V,frequency,frequency,3822.1367903439054,35,35,0.0,0.1,3822.1367903439054,0.099945068359375,3822.136790319064,0,Rp || Cp,Rp,Cp,279800.3208170525,1.0828970598008236e-09,1.0828970598008236e-09,279800.3208170525,1.8701091407387226e-06,1.8701091407387226e-06,1.0,5186.559244428138,-37739.90651461235,38094.631387213114,-1.4342228050927976,9.999999747378752e-05,0,9.999999747378752e-05,-0.09326171875,0.088623046875,-2.319335878908646e-07,9.326171639401082e-06,off
1781064574.7494988,2026-06-10T12:09:34.749,87763191933296,,1,cf_0V,frequency,frequency,4268.299636288371,36,36,0.0,0.1,4268.299636288371,0.099945068359375,4268.299636294159,0,Rp || Cp,Rp,Cp,278179.8624203727,1.0825719812482476e-09,1.0825719812482476e-09,278179.8624203727,2.0838403613908803e-06,2.0838403613908803e-06,1.0,4200.332200787212,-33923.51755254573,34182.566225121955,-1.4476056037367722,9.999999747378752e-05,0,9.999999747378752e-05,-0.09326171875,0.088897705078125,-2.182006780815371e-07,9.326171639401082e-06,off
1781064575.1636987,2026-06-10T12:09:35.163,87763217738096,,1,cf_0V,frequency,frequency,4766.543633698721,37,37,0.0,0.1,4766.543633698721,0.099945068359375,4766.543633607512,0,Rp || Cp,Rp,Cp,276198.5385585814,1.082024347831167e-09,1.082024347831167e-09,276198.5385585814,2.323281350464e-06,2.323281350464e-06,1.0,3405.2575711628397,-30478.37570220498,30668.015334721626,-1.459530765882579,9.999999747378752e-05,0,9.999999747378752e-05,-0.09326171875,0.103607177734375,5.172729361513362e-07,1.0360717511703754e-05,off
1781064575.5740252,2026-06-10T12:09:35.574,87763241822576,,1,cf_0V,frequency,frequency,5322.948281042111,38,38,0.0,0.1,5322.948281042111,0.099945068359375,5322.948280976902,0,Rp || Cp,Rp,Cp,274809.7829719493,1.0816697940607119e-09,1.0816697940607119e-09,274809.7829719493,2.5905223518532407e-06,2.5905223518532407e-06,1.0,2752.594222077047,-27365.362154143382,27503.45107034452,-1.4705467175835043,9.999999747378752e-05,0,9.999999747378752e-05,-0.098175048828125,0.103607177734375,2.7160643845114407e-07,1.0360717511703754e-05,off
1781064575.9841223,2026-06-10T12:09:35.984,87763267914096,,1,cf_0V,frequency,frequency,5944.302744305904,39,39,0.0,0.1,5944.302744305904,0.099945068359375,5944.302744325114,0,Rp || Cp,Rp,Cp,270206.14422987244,1.0813735042915177e-09,1.0813735042915177e-09,270206.14422987244,2.8895699247163874e-06,2.8895699247163874e-06,1.0,2249.8856170569125,-24553.430152493074,24656.295697918526,-1.4794192724117825,9.999999747378752e-05,0,9.999999747378752e-05,-0.1048583984375,0.103607177734375,-6.256103357582532e-08,1.0485839578855405e-05,off
1781064576.4157088,2026-06-10T12:09:36.415,87763289991536,,1,cf_0V,frequency,frequency,6638.188697382001,40,40,0.0,0.1,6638.188697382001,0.099945068359375,6638.188697394298,0,Rp || Cp,Rp,Cp,269050.37482896296,1.081142655937188e-09,1.081142655937188e-09,269050.37482896296,3.2237682748422708e-06,3.2237682748422708e-06,1.0,1815.519718906719,-22026.578241558243,22101.272833961986,-1.4885581780719666,9.999999747378752e-05,0,9.999999747378752e-05,-0.105987548828125,0.10919189453125,1.6021728110882094e-07,1.0919189177283073e-05,off
1781064576.830521,2026-06-10T12:09:36.830,87763317229936,,1,cf_0V,frequency,frequency,7413.07283251361,41,41,0.0,0.1,7413.07283251361,0.099945068359375,7413.072832491707,0,Rp || Cp,Rp,Cp,265736.2188853661,1.0807537270702393e-09,1.0807537270702393e-09,265736.2188853661,3.596522368975647e-06,3.596522368975647e-06,1.0,1476.7916642321095,-19754.901146675536,19810.02354704476,-1.4961794069076675,9.999999747378752e-05,0,9.999999747378752e-05,-0.109527587890625,0.10919189453125,-1.6784667544733622e-08,1.095275851237254e-05,off
1781064577.2237172,2026-06-10T12:09:37.223,87763341314416,,1,cf_0V,frequency,frequency,8278.410169603068,42,42,0.0,0.1,8278.410169603068,0.099945068359375,8278.410169637595,0,Rp || Cp,Rp,Cp,263713.3107933627,1.0803884925931994e-09,1.0803884925931994e-09,263713.3107933627,4.013431871698401e-06,4.013431871698401e-06,1.0,1195.3125089044163,-17714.148220051706,17754.430972461618,-1.50342061981499,9.999999747378752e-05,0,9.999999747378752e-05,-0.11260986328125,0.11444091796875,9.15527320621834e-08,1.1444091507772924e-05,off
1781064577.6330867,2026-06-10T12:09:37.633,87763365398896,,1,cf_0V,frequency,frequency,9244.759424945483,43,43,0.0,0.1,9244.759424945483,0.099945068359375,9244.759424973381,0,Rp || Cp,Rp,Cp,258071.31815656385,1.0799780058812207e-09,1.0799780058812207e-09,258071.31815656385,4.478697834737395e-06,4.478697834737395e-06,1.0,980.9020004402457,-15880.192174578899,15910.457951800901,-1.5091058051955504,9.999999747378752e-05,0,9.999999747378752e-05,-0.120147705078125,0.123260498046875,1.5563964450571177e-07,1.2326049493305291e-05,off
1781064578.0863762,2026-06-10T12:09:38.086,87763390630256,,1,cf_0V,frequency,frequency,10323.911847100022,44,44,0.0,0.1,10323.911847100022,0.099945068359375,10323.911847009982,0,Rp || Cp,Rp,Cp,253721.21990350314,1.079596882708419e-09,1.079596882708419e-09,253721.21990350314,4.998428318302619e-06,4.998428318302619e-06,1.0,801.1211646081006,-14234.45271355732,14256.978613117242,-1.5145752034675923,9.999999747378752e-05,0,9.999999747378752e-05,-0.125823974609375,0.128997802734375,1.5869140224111788e-07,1.289977994756164e-05,off
1781064578.541328,2026-06-10T12:09:38.541,87763416435056,,1,cf_0V,frequency,frequency,11529.035091934857,45,45,0.0,0.1,11529.035091934857,0.099945068359375,11529.035091939477,0,Rp || Cp,Rp,Cp,248618.71450056785,1.079261931305438e-09,1.079261931305438e-09,248618.71450056785,5.578582737831909e-06,5.578582737831909e-06,1.0,656.3247837252185,-12757.110244992597,12773.982308764444,-1.5193938837861605,9.999999747378752e-05,0,9.999999747378752e-05,-0.134796142578125,0.132781982421875,-1.0070800526840173e-07,1.3479613917288802e-05,off
1781064578.9770787,2026-06-10T12:09:38.977,87763444820336,,1,cf_0V,frequency,frequency,12874.833892387638,46,46,0.0,0.1,12874.833892387638,0.099945068359375,12874.83389234012,0,Rp || Cp,Rp,Cp,244397.70144928023,1.078828805568892e-09,1.078828805568892e-09,244397.70144928023,6.226584240903103e-06,6.226584240903103e-06,1.0,536.0449533003045,-11433.320176926843,11445.879365958788,-1.5239461824084863,9.999999747378752e-05,0,9.999999747378752e-05,-0.14093017578125,0.135650634765625,-2.639770441126288e-07,1.409301722210543e-05,off
1781064579.3803678,2026-06-10T12:09:39.380,87763472058736,,1,cf_0V,frequency,frequency,14377.729483409405,47,47,0.0,0.1,14377.729483409405,0.099945068359375,14377.729483356916,0,Rp || Cp,Rp,Cp,236420.19981556592,1.0784274846346472e-09,1.0784274846346472e-09,236420.19981556592,6.94978940420596e-06,6.94978940420596e-06,1.0,444.8107784515122,-10245.21334541147,10254.864851455815,-1.52740712722658,9.999999747378752e-05,0,9.999999747378752e-05,-0.151214599609375,0.14959716796875,-8.0871579988262e-08,1.512145957893729e-05,off
1781064579.794102,2026-06-10T12:09:39.794,87763494996336,,1,cf_0V,frequency,frequency,16056.059971408577,48,48,0.0,0.1,16056.059971408577,0.099945068359375,16056.059971489845,0,Rp || Cp,Rp,Cp,229742.54691978413,1.07804776642189e-09,1.07804776642189e-09,229742.54691978413,7.757563444795168e-06,7.757563444795168e-06,1.0,367.4089842454398,-9180.113639822435,9187.462968728538,-1.530795405535988,9.999999747378752e-05,0,9.999999747378752e-05,-0.158538818359375,0.165618896484375,3.5400389730710913e-07,1.6561889230048976e-05,off
1781064580.1908574,2026-06-10T12:09:40.190,87763519080816,,1,cf_0V,frequency,frequency,17930.304093072773,49,49,0.0,0.1,17930.304093072773,0.099945068359375,17930.304093098926,0,Rp || Cp,Rp,Cp,221918.1196129161,1.07768581364782e-09,1.07768581364782e-09,221918.1196129161,8.65959413331363e-06,8.65959413331363e-06,1.0,305.2741449340168,-8225.124431072922,8230.787581404215,-1.5336985186833825,9.999999747378752e-05,0,9.999999747378752e-05,-0.171112060546875,0.1754150390625,2.1514892034613098e-07,1.754150346311434e-05,off
1781064580.6921635,2026-06-10T12:09:40.692,87763546032496,,1,cf_0V,frequency,frequency,20023.331093839864,50,50,0.0,0.1,20023.331093839864,0.099945068359375,20023.331093881323,0,Rp || Cp,Rp,Cp,214294.74026241907,1.0773132442872137e-09,1.0773132442872137e-09,214294.74026241907,9.665721720156975e-06,9.665721720156975e-06,1.0,253.72168890102142,-7369.318063875917,7373.684521457823,-1.5363804547901463,9.999999747378752e-05,0,9.999999747378752e-05,-0.184539794921875,0.180145263671875,-2.1972655694924015e-07,1.8453979026000766e-05,off
1781064581.140179,2026-06-10T12:09:41.140,87763576138096,,1,cf_0V,frequency,frequency,22360.679774997894,51,51,0.0,0.1,22360.679774997894,0.099945068359375,22360.6797749909,0,Rp || Cp,Rp,Cp,204534.98536313363,1.0769267109950467e-09,1.0769267109950467e-09,204534.98536313363,1.078956139722818e-05,1.078956139722818e-05,1.0,213.3423748889011,-6602.307517551293,6605.75351683951,-1.5384942616431536,9.999999747378752e-05,0,9.999999747378752e-05,-0.192169189453125,0.201934814453125,4.882812376649781e-07,2.019348093518225e-05,off
1781064581.4986908,2026-06-10T12:09:41.498,87763600222576,,1,cf_0V,frequency,frequency,24970.870114304947,52,52,0.0,0.1,24970.870114304947,0.099945068359375,24970.87011427368,0,Rp || Cp,Rp,Cp,193550.506157658,1.0765289003690661e-09,1.0765289003690661e-09,193550.506157658,1.204413738231083e-05,1.204413738231083e-05,1.0,180.93435559717915,-5914.9977908794135,5917.7644518131765,-1.5402167795639548,9.999999747378752e-05,0,9.999999747378752e-05,-0.212921142578125,0.215850830078125,1.4648437129949343e-07,2.158508246252744e-05,off
1781064581.8988147,2026-06-10T12:09:41.898,87763621439856,,1,cf_0V,frequency,frequency,27885.751262476904,53,53,0.0,0.1,27885.751262476904,0.099945068359375,27885.751262459737,0,Rp || Cp,Rp,Cp,182581.48086163195,1.076133039654441e-09,1.076133039654441e-09,182581.48086163195,1.344398477153862e-05,1.344398477153862e-05,1.0,153.9290587070457,-5299.14156550427,5301.376753860216,-1.5417565692176154,9.999999747378752e-05,0,9.999999747378752e-05,-0.233642578125,0.231597900390625,-1.0223388413610479e-07,2.3364257222269202e-05,off
1781064582.339066,2026-06-10T12:09:42.339,87763645524336,,1,cf_0V,frequency,frequency,31140.89016174344,54,54,0.0,0.1,31140.89016174344,0.099945068359375,31140.890161793777,0,Rp || Cp,Rp,Cp,170868.58555925224,1.0757084742850917e-09,1.0757084742850917e-09,170868.58555925224,1.5007716909750784e-05,1.5007716909750784e-05,1.0,132.00523904517587,-4747.433316953994,4749.268204898538,-1.5429978879349722,9.999999747378752e-05,0,9.999999747378752e-05,-0.25946044921875,0.24908447265625,-5.187988150190392e-07,2.5946044266422774e-05,off
1781064582.7565472,2026-06-10T12:09:42.756,87763672762736,,1,cf_0V,frequency,frequency,34776.005528338435,55,55,0.0,0.1,34776.005528338435,0.099945068359375,34776.005528271984,0,Rp || Cp,Rp,Cp,157122.9185913383,1.0753526914638289e-09,1.0753526914638289e-09,157122.9185913383,1.6752448649416543e-05,1.6752448649416543e-05,1.0,115.19164199540782,-4252.761205765197,4254.320978446155,-1.5437166301021434,9.999999747378752e-05,0,9.999999747378752e-05,-0.268157958984375,0.273712158203125,2.777099539219563e-07,2.737121512885743e-05,off
1781064583.125025,2026-06-10T12:09:43.125,87763696847216,,1,cf_0V,frequency,frequency,38835.452494313686,56,56,0.0,0.1,38835.452494313686,0.099945068359375,38835.45249436793,0,Rp || Cp,Rp,Cp,145076.58981341668,1.0750142378217343e-09,1.0750142378217343e-09,145076.58981341668,1.8700829240670343e-05,1.8700829240670343e-05,1.0,100.10550902629677,-3809.5859037609225,3810.9009264308274,-1.544525104589201,9.999999747378752e-05,0,9.999999747378752e-05,-0.292388916015625,0.299224853515625,3.417968663654847e-07,2.992248459565694e-05,off
1781064583.558585,2026-06-10T12:09:43.558,87763719784816,,1,cf_0V,frequency,frequency,43368.76382220184,57,57,0.0,0.1,43368.76382220184,0.099945068359375,43368.763822186906,0,Rp || Cp,Rp,Cp,131907.86670435537,1.0746539858670103e-09,1.0746539858670103e-09,131907.86670435537,2.0875619576102533e-05,2.0875619576102533e-05,1.0,88.34606362678228,-3412.5849085081745,3413.7282822064344,-1.5449137957287813,9.999999747378752e-05,0,9.999999747378752e-05,-0.32281494140625,0.332275390625,4.7302244898794754e-07,3.322753822310176e-05,off
1781064583.9566047,2026-06-10T12:09:43.956,87763746736496,,1,cf_0V,frequency,frequency,48431.254296349834,58,58,0.0,0.1,48431.254296349834,0.099945068359375,48431.25429637496,0,Rp || Cp,Rp,Cp,118727.85775728869,1.0742853389016778e-09,1.0742853389016778e-09,118727.85775728869,2.3302911359601685e-05,2.3302911359601685e-05,1.0,78.76054390837676,-3056.937590263122,3057.9520359286944,-1.5450375007945722,9.999999747378752e-05,0,9.999999747378752e-05,-0.352264404296875,0.347991943359375,-2.1362304147842792e-07,3.5226439539792764e-05,off
1781064584.4113812,2026-06-10T12:09:44.411,87763773401456,,1,cf_0V,frequency,frequency,54084.69566561462,59,59,0.0,0.1,54084.69566561462,0.099945068359375,54084.69566560825,0,Rp || Cp,Rp,Cp,106559.43829153181,1.0740025296030217e-09,1.0740025296030217e-09,106559.43829153181,2.601355047397223e-05,2.601355047397223e-05,1.0,70.40474254795689,-2738.125817269351,2739.0308174553634,-1.5450892419230282,9.999999747378752e-05,0,9.999999747378752e-05,-0.39263916015625,0.39129638671875,-6.713867017893449e-08,3.926391502373505e-05,off
1781064584.8661733,2026-06-10T12:09:44.866,87763799206256,,1,cf_0V,frequency,frequency,60398.07037297046,60,60,0.0,0.1,60398.07037297046,0.099945068359375,60398.070372897906,0,Rp || Cp,Rp,Cp,94221.69612179857,1.0737937893655556e-09,1.0737937893655556e-09,94221.69612179857,2.9040064160886185e-05,2.9040064160886185e-05,1.0,63.8714742988141,-2452.3456275584454,2453.1772545485023,-1.5447571595741256,9.999999747378752e-05,0,9.999999747378752e-05,-0.43035888671875,0.437713623046875,3.6773680711643664e-07,4.377136119892988e-05,off
1781064585.2858737,2026-06-10T12:09:45.285,87763823290736,,1,cf_0V,frequency,frequency,67448.41326892251,61,61,0.0,0.1,67448.41326892251,0.099945068359375,67448.4132688491,0,Rp || Cp,Rp,Cp,82683.78031453263,1.0736325993962824e-09,1.0736325993962824e-09,82683.78031453263,3.241883805550483e-05,3.241883805550483e-05,1.0,58.37922710287491,-2196.2711705409215,2197.0469245572153,-1.544221519288544,9.999999747378752e-05,0,9.999999747378752e-05,-0.4747314453125,0.47259521484375,-1.0681152073921396e-07,4.7473143331977496e-05,off
1781064585.7019129,2026-06-10T12:09:45.701,87763848522096,,1,cf_0V,frequency,frequency,75321.75157919075,62,62,0.0,0.1,75321.75157919075,0.099945068359375,75321.7515791249,0,Rp || Cp,Rp,Cp,72117.98551516973,1.0734853182552416e-09,1.0734853182552416e-09,72117.98551516973,3.619097738907628e-05,3.619097738907628e-05,1.0,53.68342728594879,-1966.8906225429914,1967.6230918071483,-1.543509551234917,9.999999747378752e-05,0,9.999999747378752e-05,-0.5189208984375,0.5128173828125,-3.051757735406113e-07,5.189208853284555e-05,off
1781064586.200998,2026-06-10T12:09:46.200,87763875760496,,1,cf_0V,frequency,frequency,84114.1545960043,63,63,0.0,0.1,84114.1545960043,0.099945068359375,84114.15459598004,0,Rp || Cp,Rp,Cp,62233.49407212677,1.0734573879379246e-09,1.0734573879379246e-09,62233.49407212677,4.040034660151728e-05,4.040034660151728e-05,1.0,49.88385848470371,-1761.2377499830332,1761.944043181457,-1.5424807141448702,9.999999747378752e-05,0,9.999999747378752e-05,-0.5758056640625,0.571624755859375,-2.0904540487531875e-07,5.758056495164254e-05,off
1781064586.5712552,2026-06-10T12:09:46.571,87763903572336,,1,cf_0V,frequency,frequency,93932.9059011844,64,64,0.0,0.1,93932.9059011844,0.099945068359375,93932.90590111291,0,Rp || Cp,Rp,Cp,53284.11468712651,1.0734675874269788e-09,1.0734675874269788e-09,53284.11468712651,4.510079852237011e-05,4.510079852237011e-05,1.0,46.71412399708521,-1577.0030219338585,1577.6947551948497,-1.5411828973017037,9.999999747378752e-05,0,9.999999747378752e-05,-0.628173828125,0.627593994140625,-2.8991698486358075e-08,6.281738122559943e-05,off
1781064586.9723332,2026-06-10T12:09:46.972,87763926796656,,1,cf_0V,frequency,frequency,104897.8124243061,65,65,0.0,0.1,104897.8124243061,0.099945068359375,104897.81242434049,0,Rp || Cp,Rp,Cp,45302.57600260354,1.073633847136451e-09,1.073633847136451e-09,45302.57600260354,5.035100603675119e-05,5.035100603675119e-05,1.0,44.040243898068056,-1411.8062732835633,1412.4930075456743,-1.5396121847846966,9.999999747378752e-05,0,9.999999747378752e-05,-0.700439453125,0.69464111328125,-2.8991698486358075e-07,7.004394354304111e-05,off
1781064587.3713925,2026-06-10T12:09:47.371,87763951167856,,1,cf_0V,frequency,frequency,117142.66630887002,66,66,0.0,0.1,117142.66630887002,0.099945068359375,117142.66630889369,0,Rp || Cp,Rp,Cp,38187.60886107273,1.0739627334227737e-09,1.0739627334227737e-09,38187.60886107273,5.6212916971937004e-05,5.6212916971937004e-05,1.0,41.86323710848059,-1263.6868258139757,1264.3800553460983,-1.5376805800837867,9.999999747378752e-05,0,9.999999747378752e-05,-0.770904541015625,0.776947021484375,3.021240158052052e-07,7.769470018570424e-05,off
1781064587.7787073,2026-06-10T12:09:47.778,87763973818736,,1,cf_0V,frequency,frequency,130816.87742395303,67,67,0.0,0.1,130816.87742395303,0.099945068359375,130816.87742399595,0,Rp || Cp,Rp,Cp,31983.532881893545,1.0744457187552848e-09,1.0744457187552848e-09,31983.532881893545,6.275850917008775e-05,6.275850917008775e-05,1.0,40.03808597027871,-1130.9095414003395,1131.618062403782,-1.5354076691561147,9.999999747378752e-05,0,9.999999747378752e-05,-0.848724365234375,0.854827880859375,3.051757735406113e-07,8.548278592646064e-05,off
1781064588.7803462,2026-06-10T12:09:48.780,87764033169776,,1,cf_0V,frequency,frequency,146087.29644100412,68,68,0.0,0.1,146087.29644100412,0.099945068359375,146087.29644095319,0,Rp || Cp,Rp,Cp,26517.869471622616,1.0759983488605853e-09,1.0759983488605853e-09,26517.869471622616,6.960064128156764e-05,6.960064128156764e-05,1.0,38.60298099379459,-1011.0284966643454,1011.7651956896786,-1.5326329730360782,0.0010000000474974513,0,0.0010000000474974513,-0.108184814453125,0.098907470703125,-4.6386720953250915e-06,0.00010818481959162796,off
1781064589.2344816,2026-06-10T12:09:49.234,87764062415216,,1,cf_0V,frequency,frequency,163140.25072069294,69,69,0.0,0.1,163140.25072069294,0.099945068359375,163140.25072077243,0,Rp || Cp,Rp,Cp,21975.557098292917,1.0762919519935123e-09,1.0762919519935123e-09,21975.557098292917,7.759509333917613e-05,7.759509333917613e-05,1.0,37.32327121169335,-904.8793571707214,905.6487606172933,-1.529573011655873,0.0010000000474974513,0,0.0010000000474974513,-0.120025634765625,0.11199951171875,-4.013061714047694e-06,0.00012002564046653674,off
1781064589.5607312,2026-06-10T12:09:49.560,87764087359856,,1,cf_0V,frequency,frequency,182183.81785139444,70,70,0.0,0.1,182183.81785139444,0.099945068359375,182183.81785146677,0,Rp || Cp,Rp,Cp,18130.280019936887,1.0769686658998904e-09,1.0769686658998904e-09,18130.280019936887,8.648812133680383e-05,8.648812133680383e-05,1.0,36.21942460467359,-809.5408967587929,810.3507328581397,-1.526085446141702,0.0010000000474974513,0,0.0010000000474974513,-0.131317138671875,0.119110107421875,-6.103515914901436e-06,0.0001313171449091044,off
1781064589.9362853,2026-06-10T12:09:49.936,87764104563056,,1,cf_0V,frequency,frequency,203450.36458068906,71,71,0.0,0.1,203450.36458068906,0.099945068359375,203450.36458074616,0,Rp || Cp,Rp,Cp,14904.858224931739,1.078027168406351e-09,1.078027168406351e-09,14904.858224931739,9.635999664318141e-05,9.635999664318141e-05,1.0,35.24583917257904,-723.9419636317932,724.7994452854085,-1.5221487384119763,0.0010000000474974513,0,0.0010000000474974513,-0.142852783203125,0.130126953125,-6.362915341284747e-06,0.00014285278998826811,off
1781064590.2935019,2026-06-10T12:09:50.293,87764127500656,,1,cf_0V,frequency,frequency,227199.38211953812,72,72,0.0,0.1,227199.38211953812,0.099945068359375,227199.38211963608,0,Rp || Cp,Rp,Cp,12194.700971270662,1.0794547956244742e-09,1.0794547956244742e-09,12194.700971270662,0.00010731920395322617,0.00010731920395322617,1.0,34.43640163840293,-647.1134017690388,648.0290275187515,-1.5176310699976692,0.0010000000474974513,0,0.0010000000474974513,-0.15594482421875,0.145263671875,-5.340576425538757e-06,0.0001559448316257317,off
1781064590.709228,2026-06-10T12:09:50.709,87764149864816,,1,cf_0V,frequency,frequency,253720.6524150888,73,73,0.0,0.1,253720.6524150888,0.099945068359375,253720.65241505482,0,Rp || Cp,Rp,Cp,9943.469123015144,1.0813486110288925e-09,1.0813486110288925e-09,9943.469123015144,0.00011945289892874532,0.00011945289892874532,1.0,33.727460698777996,-578.1266491443014,579.1096304293392,-1.512523152078948,0.0010000000474974513,0,0.0010000000474974513,-0.173065185546875,0.159820556640625,-6.622314767668058e-06,0.00017306519376703022,off
1781064591.2094884,2026-06-10T12:09:51.209,87764174522736,,1,cf_0V,frequency,frequency,283337.78402649175,74,74,0.0,0.1,283337.78402649175,0.099945068359375,283337.7840264717,0,Rp || Cp,Rp,Cp,8081.918632671815,1.0838266944314362e-09,1.0838266944314362e-09,8081.918632671815,0.00013286845085239355,0.00013286845085239355,1.0,33.09899738164789,-516.1471302194999,517.2073120727274,-1.5067569545171446,0.0010000000474974513,0,0.0010000000474974513,-0.191253662109375,0.176666259765625,-7.293701518307216e-06,0.0001912536711934365,off
1781064591.6326709,2026-06-10T12:09:51.632,87764205775216,,1,cf_0V,frequency,frequency,316412.1607479698,75,75,0.0,0.1,316412.1607479698,0.099945068359375,316412.1607480297,0,Rp || Cp,Rp,Cp,6538.88019266355,1.087102287602372e-09,1.087102287602372e-09,6538.88019266355,0.00014766298316276806,0.00014766298316276806,1.0,32.57771356738903,-460.3916360521636,461.5428105474797,-1.50015320365893,0.0010000000474974513,0,0.0010000000474974513,-0.2061767578125,0.197418212890625,-4.3792726689417805e-06,0.00020617676760537051,off
1781064592.0439844,2026-06-10T12:09:52.043,87764229859696,,1,cf_0V,frequency,frequency,353347.35115962697,76,76,0.0,0.1,353347.35115962697,0.099945068359375,353347.35115966963,0,Rp || Cp,Rp,Cp,5271.970351837357,1.09129222047623e-09,1.09129222047623e-09,5271.970351837357,0.00016393763749196336,0.00016393763749196336,1.0,32.116463964977,-410.2262529039285,411.4815255017066,-1.492666057946425,0.0010000000474974513,0,0.0010000000474974513,-0.22711181640625,0.2154541015625,-5.8288576987308716e-06,0.00022711182719348244,off
1781064592.437143,2026-06-10T12:09:52.437,87764255091056,,1,cf_0V,frequency,frequency,394594.03291068296,77,77,0.0,0.1,394594.03291068296,0.099945068359375,394594.0329106179,0,Rp || Cp,Rp,Cp,4233.25092036118,1.0968411459739065e-09,1.0968411459739065e-09,4233.25092036118,0.00018179688627188085,0.00018179688627188085,1.0,31.70392059971833,-364.9733037859374,366.34771878341945,-1.4841474244177495,0.0010000000474974513,0,0.0010000000474974513,-0.2490234375,0.237335205078125,-5.844116488518125e-06,0.0002490234493279786,off
1781064592.8352864,2026-06-10T12:09:52.835,87764278028656,,1,cf_0V,frequency,frequency,440655.49182050145,78,78,0.0,0.1,440655.49182050145,0.099945068359375,440655.49182050745,0,Rp || Cp,Rp,Cp,3383.111312182125,1.1039649766202128e-09,1.1039649766202128e-09,3383.111312182125,0.0002012874252765343,0.0002012874252765343,1.0,31.345298959763593,-324.1328550573512,325.64495312303984,-1.4743910082134088,0.0010000000474974513,0,0.0010000000474974513,-0.27294921875,0.263153076171875,-4.8980715217084025e-06,0.0002729492317143922,off
1781064593.2075317,2026-06-10T12:09:53.207,87764301252976,,1,cf_0V,frequency,frequency,492093.7628966142,79,79,0.0,0.1,492093.7628966142,0.099945068359375,492093.7628966726,0,Rp || Cp,Rp,Cp,2689.6330070839294,1.1131394133375923e-09,1.1131394133375923e-09,2689.6330070839294,0.00022247123333354922,0.00022247123333354922,1.0,31.025133345317318,-287.19969323739014,288.8705985294206,-1.463187274532852,0.0010000000474974513,0,0.0010000000474974513,-0.29864501953125,0.288238525390625,-5.203247317453474e-06,0.00029864503371612727,off
1781064593.6294866,2026-06-10T12:09:53.629,87764326484336,,1,cf_0V,frequency,frequency,549536.4882015135,80,80,0.0,0.1,549536.4882015135,0.099945068359375,549536.4882015963,0,Rp || Cp,Rp,Cp,2125.0502846736845,1.124791322233881e-09,1.124791322233881e-09,2125.0502846736845,0.0002453414290383536,0.0002453414290383536,1.0,30.747117546061734,-253.7593065421688,255.61527907023424,-1.450217655872451,0.0010000000474974513,0,0.0010000000474974513,-0.329315185546875,0.3170166015625,-6.149292284263197e-06,0.000329315201188507,off
1781064594.038141,2026-06-10T12:09:54.038,87764348848496,,1,cf_0V,frequency,frequency,613684.5752468883,81,81,0.0,0.1,613684.5752468883,0.099945068359375,613684.5752469356,0,Rp || Cp,Rp,Cp,1666.595431948761,1.1397657149830878e-09,1.1397657149830878e-09,1666.595431948761,0.0002698326575616571,0.0002698326575616571,1.0,30.497731064561627,-223.37696317416868,225.44928315920689,-1.4351049634188995,0.0010000000474974513,0,0.0010000000474974513,-0.361572265625,0.347015380859375,-7.278442728519963e-06,0.0003615722827987611,off
1781064594.4935954,2026-06-10T12:09:54.493,87764375800176,,1,cf_0V,frequency,frequency,685320.749361875,82,82,0.0,0.1,685320.749361875,0.099945068359375,685320.7493619351,0,Rp || Cp,Rp,Cp,1295.2333922029754,1.15892163458811e-09,1.15892163458811e-09,1295.2333922029754,0.00029584815585535453,0.00029584815585535453,1.0,30.277749562023523,-195.70388385249606,198.03220009254022,-1.4173012307447934,0.0010000000474974513,0,0.0010000000474974513,-0.394775390625,0.380767822265625,-7.003784512349398e-06,0.0003947754093758249,off
1781064594.8954957,2026-06-10T12:09:54.895,87764401604976,,1,cf_0V,frequency,frequency,765319.1043900257,83,83,0.0,0.1,765319.1043900257,0.099945068359375,765319.1043900875,0,Rp || Cp,Rp,Cp,995.1425887158105,1.183667464412867e-09,1.183667464412867e-09,995.1425887158105,0.00032311474395165093,0.00032311474395165093,1.0,30.080185109949667,-170.3797398258292,173.01466203581154,-1.3960491528373107,0.0010000000474974513,0,0.0010000000474974513,-0.426361083984375,0.41485595703125,-5.752563749794604e-06,0.0004263611042354398,off
1781064595.3027382,2026-06-10T12:09:55.302,87764427409776,,1,cf_0V,frequency,frequency,854655.7682511833,84,84,0.0,0.1,854655.7682511833,0.099945068359375,854655.7682512201,0,Rp || Cp,Rp,Cp,753.7729491820471,1.215575487687957e-09,1.215575487687957e-09,753.7729491820471,0.00035136214489802763,0.00035136214489802763,1.0,29.900264663984036,-147.1189479642874,150.12664879059614,-1.3702885746381057,0.0010000000474974513,0,0.0010000000474974513,-0.46075439453125,0.449981689453125,-5.3863527949005174e-06,0.0004607544164159094,off
1781064595.698774,2026-06-10T12:09:55.698,87764451780976,,1,cf_0V,frequency,frequency,954420.8135078406,85,85,0.0,0.1,954420.8135078406,0.099945068359375,954420.8135078946,0,Rp || Cp,Rp,Cp,560.4033762618201,1.2567891258340002e-09,1.2567891258340002e-09,560.4033762618201,0.00038004778593370836,0.00038004778593370836,1.0,29.74728269386156,-125.6406655051871,129.11420392913718,-1.338312618229163,0.0010000000474974513,0,0.0010000000474974513,-0.49652099609375,0.48553466796875,-5.4931643234112926e-06,0.0004965210196772318,off
1781064596.1127787,2026-06-10T12:09:56.112,87764475005296,,1,cf_0V,frequency,frequency,1065831.5582669198,86,86,0.0,0.1,1065831.5582669198,0.099945068359375,1065831.5582669075,0,Rp || Cp,Rp,Cp,407.0551054719148,1.3101081381986001e-09,1.3101081381986001e-09,407.0551054719148,0.0004086248798335469,0.0004086248798335469,1.0,29.594691903155375,-105.69212196377289,109.7573251953952,-1.2977797472031423,0.0010000000474974513,0,0.0010000000474974513,-0.532745361328125,0.52508544921875,-3.829956236600651e-06,0.0005327453866321719,off
1781064596.5532959,2026-06-10T12:09:56.553,87764498229616,,1,cf_0V,frequency,frequency,1190247.4197125817,87,87,0.0,0.1,1190247.4197125817,0.099945068359375,1190247.4197125202,0,Rp || Cp,Rp,Cp,286.70294427668154,1.3786320011075242e-09,1.3786320011075242e-09,286.70294427668154,0.00043634981188178526,0.00043634981188178526,1.0,29.442687439760274,-87.03122044830765,91.87657577640418,-1.244582188878293,0.0010000000474974513,0,0.0010000000474974513,-0.569610595703125,0.5570068359375,-6.301880182135733e-06,0.0005696106227581765,off
1781064596.9230714,2026-06-10T12:09:56.923,87764526328176,,1,cf_0V,frequency,frequency,1329186.5015106536,88,88,0.0,0.1,1329186.5015106536,0.099945068359375,1329186.5015105486,0,Rp || Cp,Rp,Cp,193.9040371260902,1.4641201818475713e-09,1.4641201818475713e-09,193.9040371260902,0.00046245266181313427,0.00046245266181313427,1.0,29.283631298310414,-69.43114048061528,75.35392710704811,-1.1716688637653154,0.0010000000474974513,0,0.0010000000474974513,-0.601043701171875,0.588470458984375,-6.286621392348479e-06,0.0006010437297199189,off
1781064597.3673067,2026-06-10T12:09:57.367,87764547545456,,1,cf_0V,frequency,frequency,1484344.1174816934,89,89,0.0,0.1,1484344.1174816934,0.099945068359375,1484344.1174816263,0,Rp || Cp,Rp,Cp,124.48454994654541,1.5592151371008475e-09,1.5592151371008475e-09,124.48454994654541,0.00048601472168480285,0.00048601472168480285,1.0,29.105808504144502,-52.688474866794465,60.19321782783142,-1.0661022665745703,0.0010000000474974513,0,0.0010000000474974513,-0.630462646484375,0.618682861328125,-5.889892857879886e-06,0.0006304626764297439,off
1781064597.7578037,2026-06-10T12:09:57.757,87764573350256,,1,cf_0V,frequency,frequency,1657613.4775657344,90,90,0.0,0.1,1657613.4775657344,0.099945068359375,1657613.477565718,0,Rp || Cp,Rp,Cp,75.24254891439418,1.615882236195016e-09,1.615882236195016e-09,75.24254891439418,0.000506294719309183,0.000506294719309183,1.0,28.90038474190028,-36.59653500479766,46.63194841079711,-0.9023658029077208,0.0010000000474974513,0,0.0010000000474974513,-0.654052734375,0.643341064453125,-5.35583521532601e-06,0.0006540527654408379,off
1781064598.1698477,2026-06-10T12:09:58.169,87764597434736,,1,cf_0V,frequency,frequency,1851108.7884858004,91,91,0.0,0.1,1851108.7884858004,0.099945068359375,1851108.7884859024,0,Rp || Cp,Rp,Cp,43.97392009205421,1.4311515987009543e-09,1.4311515987009543e-09,43.97392009205421,0.0005224582299790321,0.0005224582299790321,1.0,28.632983589104203,-20.958453739015606,35.48386298508616,-0.6318609869277328,0.0010000000474974513,0,0.0010000000474974513,-0.673431396484375,0.664093017578125,-4.669189674899599e-06,0.00067343142847065,off
1781064598.563773,2026-06-10T12:09:58.563,87764621805936,,1,cf_0V,frequency,frequency,2067191.0509809963,92,92,0.0,0.1,2067191.0509809963,0.099945068359375,2067191.0509810941,0,Rp || Cp,Rp,Cp,29.40745781920964,5.158623504154531e-10,5.158623504154531e-10,29.40745781920964,0.00053384249895523,0.00053384249895523,1.0,28.308403939021492,-5.577854532982639,28.852698223319123,-0.19454665760344475,0.0010000000474974513,0,0.0010000000474974513,-0.688568115234375,0.6778564453125,-5.35583521532601e-06,0.0006885681479396055,off
1781064599.0565188,2026-06-10T12:09:59.056,87764647610736,,1,cf_0V,frequency,frequency,2308496.8683831017,93,93,0.0,0.1,2308496.8683831017,0.099945068359375,2308496.8683831166,0,Rp || Cp,Rp,Cp,31.28160156728973,-7.695378477094545e-10,-7.695378477094545e-10,31.28160156728973,0.000540051470678768,0.000540051470678768,1.0,27.882333862229327,9.735477237382266,29.53310106718237,0.33592890069445613,0.0010000000474974513,0,0.0010000000474974513,-0.697021484375,0.68731689453125,-4.852295152346642e-06,0.000697021517481744,off
1781064599.465253,2026-06-10T12:09:59.465,87764675996016,,1,cf_0V,frequency,frequency,2577970.6180546875,94,94,0.0,0.1,2577970.6180546875,0.099945068359375,2577970.6180546926,0,Rp || Cp,Rp,Cp,50.5283602622441,-1.124944872047639e-09,-1.124944872047639e-09,50.5283602622441,0.0005407644321950883,0.0005407644321950883,1.0,27.3464416424014,25.178224415085882,37.17217851024731,0.7441416057910611,0.0010000000474974513,0,0.0010000000474974513,-0.699615478515625,0.68731689453125,-6.149292284263197e-06,0.0006996155117455771,off
1781064599.8247876,2026-06-10T12:09:59.824,87764698646896,,1,cf_0V,frequency,frequency,2878900.378239697,95,95,0.0,0.1,2878900.378239697,0.099945068359375,2878900.378239635,0,Rp || Cp,Rp,Cp,89.54160580989365,-9.483144329291711e-10,-9.483144329291711e-10,89.54160580989365,0.0005358243259604212,0.0005358243259604212,1.0,26.655516401091784,40.94216881940724,48.85465937089026,0.9936813095340237,0.0010000000474974513,0,0.0010000000474974513,-0.699615478515625,0.68731689453125,-6.149292284263197e-06,0.0006996155117455771,off
1781064600.2703962,2026-06-10T12:10:00.270,87764724164976,,1,cf_0V,frequency,frequency,3214958.0487006293,96,96,0.0,0.1,3214958.0487006293,0.099945068359375,3214958.048700538,0,Rp || Cp,Rp,Cp,152.68124174464035,-7.189838201477897e-10,-7.189838201477897e-10,152.68124174464035,0.0005252321501080585,0.0005252321501080585,1.0,25.802851426630305,57.21734225412451,62.76632374426895,1.1471426258557522,0.0010000000474974513,0,0.0010000000474974513,-0.699615478515625,0.68731689453125,-6.149292284263197e-06,0.0006996155117455771,off
1781064600.7239501,2026-06-10T12:10:00.723,87764747962736,,1,cf_0V,frequency,frequency,3590244.1546882903,97,97,0.0,0.1,3590244.1546882903,0.099945068359375,3590244.154688378,0,Rp || Cp,Rp,Cp,247.92805340878212,-5.379952715313175e-10,-5.379952715313175e-10,247.92805340878212,0.0005095491297423025,0.0005095491297423025,1.0,24.66089746318136,74.2022131723211,78.19289164214435,1.2499335586713138,0.0010000000474974513,0,0.0010000000474974513,-0.699615478515625,0.687286376953125,-6.1645510740504506e-06,0.0006996155117455771,off
1781064601.1701481,2026-06-10T12:10:01.170,87764779501936,,1,cf_0V,frequency,frequency,4009337.880935344,98,98,0.0,0.1,4009337.880935344,0.099945068359375,4009337.8809352485,0,Rp || Cp,Rp,Cp,389.4592369548383,-4.048394983314329e-10,-4.048394983314329e-10,389.4592369548383,0.0004888428777075253,0.0004888428777075253,1.0,23.21536630383293,92.2089237205201,95.08648088092141,1.3241532353401142,0.0010000000474974513,0,0.0010000000474974513,-0.696075439453125,0.684814453125,-5.630493431496575e-06,0.0006960754725149343,off
1781064601.5878806,2026-06-10T12:10:01.587,87764802439536,,1,cf_0V,frequency,frequency,4477352.946181116,99,99,0.0,0.1,4477352.946181116,0.099945068359375,4477352.946181128,0,Rp || Cp,Rp,Cp,602.3620864140568,-3.0771360189719444e-10,-3.0771360189719444e-10,602.3620864140568,0.00046356110851539223,0.00046356110851539223,1.0,21.36784781533545,111.42080807445335,113.45122913491728,1.3813207251950697,0.0010000000474974513,0,0.0010000000474974513,-0.679595947265625,0.671905517578125,-3.845215026387905e-06,0.0006795959795447004,off
1781064602.0580657,2026-06-10T12:10:02.058,87764827670896,,1,cf_0V,frequency,frequency,4999999.999999999,100,100,0.0,0.1,4999999.999999999,0.099945068359375,4999999.999999929,0,Rp || Cp,Rp,Cp,943.0035225883436,-2.3610858771070543e-10,-2.3610858771070543e-10,943.0035225883436,0.00043464129730083666,0.00043464129730083666,1.0,18.887588667621504,132.11480477633646,133.4580932231791,1.4287950899175954,0.0010000000474974513,0,0.0010000000474974513,-0.677825927734375,0.648193359375,-1.4816284883423236e-05,0.000677825959929379,off
1781064602.459126,2026-06-10T12:10:02.459,87764854909296,,1,cf_0V,frequency,frequency,4482348.925241931,101,101,0.0,0.1,4482348.925241931,0.099945068359375,4482348.925241979,0,Rp || Cp,Rp,Cp,605.0313410999985,-3.0687652184239575e-10,-3.0687652184239575e-10,605.0313410999985,0.00046328524520275054,0.00046328524520275054,1.0,21.346386566122067,111.6224201149102,113.64520619779712,1.3818403209117114,0.0010000000474974513,0,0.0010000000474974513,-0.63397216796875,0.621612548828125,-6.179809863837704e-06,0.0006339721980808122,off
1781064602.8762572,2026-06-10T12:10:02.876,87764879567216,,1,cf_0V,frequency,frequency,4018290.377523501,102,102,0.0,0.1,4018290.377523501,0.099945068359375,4018290.3775235703,0,Rp || Cp,Rp,Cp,392.9425964255109,-4.025526285127944e-10,-4.025526285127944e-10,392.9425964255109,0.0004883573347378216,0.0004883573347378216,1.0,23.183195548628614,92.58620035660023,95.44456533673603,1.3254451823394817,0.0010000000474974513,0,0.0010000000474974513,-0.633514404296875,0.6221923828125,-5.661011011071082e-06,0.0006335144343871946,off
1781064603.290627,2026-06-10T12:10:03.290,87764904798576,,1,cf_0V,frequency,frequency,3602275.9110004925,103,103,0.0,0.1,3602275.9110004925,0.099945068359375,3602275.9110004897,0,Rp || Cp,Rp,Cp,251.39172440156494,-5.332277895873033e-10,-5.332277895873033e-10,251.39172440156494,0.0005089952426272389,0.0005089952426272389,1.0,24.633281906217135,74.73824080484253,78.69309509781525,1.25241486477386,0.0010000000474974513,0,0.0010000000474974513,-0.659515380859375,0.648773193359375,-5.371094005113264e-06,0.0006595154121846747,off
1781064603.6646876,2026-06-10T12:10:03.664,87764930890096,,1,cf_0V,frequency,frequency,3229331.511619592,104,104,0.0,0.1,3229331.511619592,0.099945068359375,3229331.5116196196,0,Rp || Cp,Rp,Cp,155.82844041384888,-7.105840431784357e-10,-7.105840431784357e-10,155.82844041384888,0.0005247148032830316,0.0005247148032830316,1.0,25.76577958280604,57.88925505589021,63.364353136725505,1.1520352018008029,0.0010000000474974513,0,0.0010000000474974513,-0.677490234375,0.666046142578125,-5.7220461702200964e-06,0.0006774902665540594,off
1781064604.0762758,2026-06-10T12:10:04.076,87764951820656,,1,cf_0V,frequency,frequency,2894998.1260715965,105,105,0.0,0.1,2894998.1260715965,0.099945068359375,2894998.126071542,0,Rp || Cp,Rp,Cp,92.10609295454917,-9.360455387197582e-10,-9.360455387197582e-10,92.10609295454917,0.0005354259459559788,0.0005354259459559788,1.0,26.624970206651934,41.75443619857514,49.52092467599919,1.0031477303074297,0.0010000000474974513,0,0.0010000000474974513,-0.69097900390625,0.682342529296875,-4.318237509792766e-06,0.0006909790367259916,off
1781064604.4946897,2026-06-10T12:10:04.494,87764977052016,,1,cf_0V,frequency,frequency,2595278.3477948857,106,106,0.0,0.1,2595278.3477948857,0.099945068359375,2595278.3477949738,0,Rp || Cp,Rp,Cp,52.29893182162444,-1.1214707120241278e-09,-1.1214707120241278e-09,52.29893182162444,0.0005406080903652391,0.0005406080903652391,1.0,27.314112077030547,26.123517502975044,37.795487631261345,0.7631217705708851,0.0010000000474974513,0,0.0010000000474974513,-0.69769287109375,0.68572998046875,-5.9814455966034075e-06,0.0006976929042323832,off
1781064604.8860652,2026-06-10T12:10:04.886,87765002283376,,1,cf_0V,frequency,frequency,2326588.622588413,107,107,0.0,0.1,2326588.622588413,0.099945068359375,2326588.6225883747,0,Rp || Cp,Rp,Cp,32.06346635653617,-8.291825919728042e-10,-8.291825919728042e-10,32.06346635653617,0.0005402825451457238,0.0005402825451457238,1.0,27.85584568669996,10.8262104213398,29.885698436013964,0.37068488799078275,0.0010000000474974513,0,0.0010000000474974513,-0.698028564453125,0.68701171875,-5.508423113198546e-06,0.0006980285976077027,off
1781064605.2988887,2026-06-10T12:10:05.298,87765025220976,,1,cf_0V,frequency,frequency,2085716.402387856,108,108,0.0,0.1,2085716.402387856,0.099945068359375,2085716.4023878027,0,Rp || Cp,Rp,Cp,28.94753555514707,4.0412166721675824e-10,4.0412166721675824e-10,28.94753555514707,0.0005345554516691469,0.0005345554516691469,1.0,28.28281314873497,-4.335922003026675,28.613244122653878,-0.1521215189724219,0.0010000000474974513,0,0.0010000000474974513,-0.698028564453125,0.68701171875,-5.508423113198546e-06,0.0006980285976077027,off
1781064605.6858442,2026-06-10T12:10:05.685,87765049305456,,1,cf_0V,frequency,frequency,1869781.7349205392,109,109,0.0,0.1,1869781.7349205392,0.099945068359375,1869781.734920437,0,Rp || Cp,Rp,Cp,41.97130138348798,1.385613476843091e-09,1.385613476843091e-09,41.97130138348798,0.0005236398759213809,0.0005236398759213809,1.0,28.614199643313977,-19.550007054970475,34.65508905019327,-0.599380311273738,0.0010000000474974513,0,0.0010000000474974513,-0.698028564453125,0.68701171875,-5.508423113198546e-06,0.0006980285976077027,off
1781064606.1240919,2026-06-10T12:10:06.124,87765074823536,,1,cf_0V,frequency,frequency,1676202.829991615,110,110,0.0,0.1,1676202.829991615,0.099945068359375,1676202.8299915243,0,Rp || Cp,Rp,Cp,71.30101000967242,1.6135876729152268e-09,1.6135876729152268e-09,71.30101000967242,0.0005080732034267153,0.0005080732034267153,1.0,28.887693164986917,-35.003183899734694,45.384156921915796,-0.8808251873592032,0.0010000000474974513,0,0.0010000000474974513,-0.698028564453125,0.68701171875,-5.508423113198546e-06,0.0006980285976077027,off
1781064606.524907,2026-06-10T12:10:06.524,87765098621296,,1,cf_0V,frequency,frequency,1502665.19070008,111,111,0.0,0.1,1502665.19070008,0.099945068359375,1502665.1907001564,0,Rp || Cp,Rp,Cp,118.04823420385398,1.56849157171922e-09,1.56849157171922e-09,118.04823420385398,0.0004884267526415239,0.0004884267526415239,1.0,29.10387682893535,-50.87853792777893,58.61451414233746,-1.051199510625772,0.0010000000474974513,0,0.0010000000474974513,-0.69573974609375,0.6845703125,-5.584717062134814e-06,0.0006957397791396147,off
1781064606.9871228,2026-06-10T12:10:06.987,87765123565936,,1,cf_0V,frequency,frequency,1347093.9405065936,112,112,0.0,0.1,1347093.9405065936,0.099945068359375,1347093.940506525,0,Rp || Cp,Rp,Cp,184.29211473578428,1.475108179281284e-09,1.475108179281284e-09,184.29211473578428,0.00046541898636618745,0.00046541898636618745,1.0,29.278742090571168,-67.36910685372632,73.45639044136989,-1.1608209723393366,0.0010000000474974513,0,0.0010000000474974513,-0.688873291015625,0.677459716796875,-5.706787380432843e-06,0.0006888733237353506,off
1781064607.4600146,2026-06-10T12:10:07.460,87765154818416,,1,cf_0V,frequency,frequency,1207629.01528593,113,113,0.0,0.1,1207629.01528593,0.099945068359375,1207629.0152859315,0,Rp || Cp,Rp,Cp,272.965297759836,1.3885919334845055e-09,1.3885919334845055e-09,272.965297759836,0.0004398411042755895,0.0004398411042755895,1.0,29.44092588120275,-84.6733900510975,89.64569760723474,-1.2361720975442136,0.0010000000474974513,0,0.0010000000474974513,-0.675689697265625,0.647308349609375,-1.4190674502145839e-05,0.0006756897293591635,off
1781064607.8962216,2026-06-10T12:10:07.896,87765178902896,,1,cf_0V,frequency,frequency,1082602.9237515721,114,114,0.0,0.1,1082602.9237515721,0.099945068359375,1082602.9237515656,0,Rp || Cp,Rp,Cp,388.03117377250845,1.318508478685258e-09,1.318508478685258e-09,388.03117377250845,0.00041256140805507084,0.00041256140805507084,1.0,29.59476531022367,-102.9943755118734,107.16198729422672,-1.2909910534584925,0.0010000000474974513,0,0.0010000000474974513,-0.6346435546875,0.624603271484375,-5.020141840006431e-06,0.0006346435848314513,off
1781064608.3138716,2026-06-10T12:10:08.313,87765206141296,,1,cf_0V,frequency,frequency,970520.8103483266,115,115,0.0,0.1,970520.8103483266,0.099945068359375,970520.8103482476,0,Rp || Cp,Rp,Cp,534.6202653362204,1.263719341507088e-09,1.263719341507088e-09,534.6202653362204,0.00038434265288686407,0.00038434265288686407,1.0,29.745555012345697,-122.54704594677472,126.10541825501949,-1.332673864320854,0.0010000000474974513,0,0.0010000000474974513,-0.60626220703125,0.592559814453125,-6.851196614476862e-06,0.0006062622358271597,off
1781064608.7002258,2026-06-10T12:10:08.700,87765231372656,,1,cf_0V,frequency,frequency,870042.5822379502,116,116,0.0,0.1,870042.5822379502,0.099945068359375,870042.5822379998,0,Rp || Cp,Rp,Cp,719.1484872743041,1.2212819589445113e-09,1.2212819589445113e-09,719.1484872743041,0.0003559144756816275,0.0003559144756816275,1.0,29.899660403965783,-143.55593285286025,146.6366105361393,-1.3654531831940502,0.0010000000474974513,0,0.0010000000474974513,-0.572296142578125,0.56292724609375,-4.684448464686852e-06,0.0005722961697607332,off
1781064609.1383586,2026-06-10T12:10:09.138,87765254310256,,1,cf_0V,frequency,frequency,779966.8866817983,117,117,0.0,0.1,779966.8866817983,0.099945068359375,779966.88668172,0,Rp || Cp,Rp,Cp,949.4910100000712,1.188367834145542e-09,1.188367834145542e-09,949.4910100000712,0.000327862500623531,0.000327862500623531,1.0,30.06902369581987,-166.27122869769232,168.96824458654967,-1.391886755782132,0.0010000000474974513,0,0.0010000000474974513,-0.57025146484375,0.558868408203125,-5.691528590645589e-06,0.0005702514919292412,off
1781064609.5124118,2026-06-10T12:10:09.512,87765279541616,,1,cf_0V,frequency,frequency,699216.7472484909,118,118,0.0,0.1,699216.7472484909,0.099945068359375,699216.7472483857,0,Rp || Cp,Rp,Cp,1235.3734185107382,1.1627222520106614e-09,1.1627222520106614e-09,1235.3734185107382,0.00030065989417671834,0.00030065989417671834,1.0,30.261845122211394,-190.96832142758151,193.35118065082716,-1.4136378511007746,0.0010000000474974513,0,0.0010000000474974513,-0.537353515625,0.52679443359375,-5.279541266389742e-06,0.0005373535411479224,off
1781064609.9585207,2026-06-10T12:10:09.958,87765305633136,,1,cf_0V,frequency,frequency,626826.6871080867,119,119,0.0,0.1,626826.6871080867,0.099945068359375,626826.687107993,0,Rp || Cp,Rp,Cp,1588.389048903925,1.1427588697520603e-09,1.1427588697520603e-09,1588.389048903925,0.00027465500723099543,0.00027465500723099543,1.0,30.483405777523295,-217.92262361332635,220.04433169321274,-1.4318163288449146,0.0010000000474974513,0,0.0010000000474974513,-0.5013427734375,0.490692138671875,-5.325317635751503e-06,0.000501342797250004,off
1781064610.3721187,2026-06-10T12:10:10.372,87765329430896,,1,cf_0V,frequency,frequency,561931.1854543786,120,120,0.0,0.1,561931.1854543786,0.099945068359375,561931.1854543696,0,Rp || Cp,Rp,Cp,2023.6418342692027,1.1271951332564353e-09,1.1271951332564353e-09,2023.6418342692027,0.0002500913852172464,0.0002500913852172464,1.0,30.725402018179196,-247.45334624843545,249.3535820852125,-1.447262148498837,0.0010000000474974513,0,0.0010000000474974513,-0.466583251953125,0.45556640625,-5.508423113198546e-06,0.0004665832741146403,off
1781064610.7621148,2026-06-10T12:10:10.762,87765354948976,,1,cf_0V,frequency,frequency,503754.32903627184,121,121,0.0,0.1,503754.32903627184,0.099945068359375,503754.3290362123,0,Rp || Cp,Rp,Cp,2558.4866111590354,1.1149865312217426e-09,1.1149865312217426e-09,2558.4866111590354,0.00022711181429864292,0.00022711181429864292,1.0,31.001714333176206,-279.92206907068373,281.6335758470721,-1.4604946088615864,0.0010000000474974513,0,0.0010000000474974513,-0.431060791015625,0.420135498046875,-5.462646743836785e-06,0.00043106081148991393,off
1781064611.1747546,2026-06-10T12:10:11.174,87765377599856,,1,cf_0V,frequency,frequency,451600.5350683417,122,122,0.0,0.1,451600.5350683417,0.099945068359375,451600.5350683372,0,Rp || Cp,Rp,Cp,3214.670157574274,1.1054013900675202e-09,1.1054013900675202e-09,3214.670157574274,0.00020577960408137296,0.00020577960408137296,1.0,31.311515432625175,-315.7147181412342,317.2636037267535,-1.4719429783381133,0.0010000000474974513,0,0.0010000000474974513,-0.395904541015625,0.386627197265625,-4.6386720953250915e-06,0.00039590455982008166,off
1781064611.5645843,2026-06-10T12:10:11.564,87765401971056,,1,cf_0V,frequency,frequency,404846.2346004526,123,123,0.0,0.1,404846.2346004526,0.099945068359375,404846.23460045556,0,Rp || Cp,Rp,Cp,4017.315310264544,1.0980236228148587e-09,1.0980236228148587e-09,4017.315310264544,0.00018611771456157147,0.00018611771456157147,1.0,31.656649645844233,-355.20782624701695,356.6156801010448,-1.48190967502454,0.0010000000474974513,0,0.0010000000474974513,-0.365875244140625,0.353729248046875,-6.072998335326929e-06,0.0003658752615187666,off
1781064611.9491906,2026-06-10T12:10:11.949,87765427775856,,1,cf_0V,frequency,frequency,362932.4169099164,124,124,0.0,0.1,362932.4169099164,0.099945068359375,362932.41690984246,0,Rp || Cp,Rp,Cp,4996.08712697528,1.0921396427363964e-09,1.0921396427363964e-09,4996.08712697528,0.00016806968945796554,0.00016806968945796554,1.0,32.06315553121937,-398.95146654337816,400.2378275472364,-1.4906001339797796,0.0010000000474974513,0,0.0010000000474974513,-0.334747314453125,0.322967529296875,-5.889892857879886e-06,0.00033474733035276927,off
1781064612.3676608,2026-06-10T12:10:12.367,87765450140016,,1,cf_0V,frequency,frequency,325357.9457743241,125,125,0.0,0.1,325357.9457743241,0.099945068359375,325357.9457742717,0,Rp || Cp,Rp,Cp,6190.538732347114,1.0875973116594094e-09,1.0875973116594094e-09,6190.538732347114,0.00015157576183416963,0.00015157576183416963,1.0,32.50620469848796,-447.4083882580807,448.58769402157424,-1.4982693256410227,0.0010000000474974513,0,0.0010000000474974513,-0.305908203125,0.294830322265625,-5.538940692773053e-06,0.00030590821765486,off
1781064612.7727106,2026-06-10T12:10:12.772,87765474224496,,1,cf_0V,frequency,frequency,291673.56771209295,126,126,0.0,0.1,291673.56771209295,0.099945068359375,291673.56771218067,0,Rp || Cp,Rp,Cp,7636.13134334251,1.0840659589141854e-09,1.0840659589141854e-09,7636.13134334251,0.00013655579919725624,0.00013655579919725624,1.0,33.03531083261933,-501.1692735236459,502.25687898328164,-1.5049750744031123,0.0010000000474974513,0,0.0010000000474974513,-0.278961181640625,0.266693115234375,-6.134033494475943e-06,0.00027896119489057014,off
1781064613.1843524,2026-06-10T12:10:13.184,87765497162096,,1,cf_0V,frequency,frequency,261476.54055115595,127,127,0.0,0.1,261476.54055115595,0.099945068359375,261476.54055115767,0,Rp || Cp,Rp,Cp,9393.559112265048,1.0814166475827162e-09,1.0814166475827162e-09,9393.559112265048,0.000122926039373656,0.000122926039373656,1.0,33.60485929810964,-560.8386093233033,561.8444911860778,-1.5109489336269355,0.0010000000474974513,0,0.0010000000474974513,-0.255218505859375,0.243072509765625,-6.072998335326929e-06,0.00025521851798160355,off
1781064613.624496,2026-06-10T12:10:13.624,87765522393456,,1,cf_0V,frequency,frequency,234405.81810309048,128,128,0.0,0.1,234405.81810309048,0.099945068359375,234405.81810305617,0,Rp || Cp,Rp,Cp,11504.748045262606,1.0794358328793253e-09,1.0794358328793253e-09,11504.748045262606,0.00011057232855710032,0.00011057232855710032,1.0,34.287550264604484,-627.1315577934218,628.0681705703224,-1.5161770897018947,0.0010000000474974513,0,0.0010000000474974513,-0.22998046875,0.21942138671875,-5.279541266389742e-06,0.00022998047967348612,off
1781064614.0863066,2026-06-10T12:10:14.086,87765549345136,,1,cf_0V,frequency,frequency,210137.7333689687,129,129,0.0,0.1,210137.7333689687,0.099945068359375,210137.7333689669,0,Rp || Cp,Rp,Cp,14050.600445702432,1.0778358598349316e-09,1.0778358598349316e-09,14050.600445702432,9.941196679686335e-05,9.941196679686335e-05,1.0,35.054773243304936,-700.9363561902311,701.8123770327636,-1.5208266096594705,0.0010000000474974513,0,0.0010000000474974513,-0.195526123046875,0.182037353515625,-6.744385085966087e-06,0.0001955261323338675,off
1781064614.4906282,2026-06-10T12:10:14.490,87765576583536,,1,cf_0V,frequency,frequency,188382.12866383453,130,130,0.0,0.1,188382.12866383453,0.099945068359375,188382.12866391757,0,Rp || Cp,Rp,Cp,17079.26841830973,1.0766426864916269e-09,1.0766426864916269e-09,17079.26841830973,8.932988882169283e-05,8.932988882169283e-05,1.0,35.97763403869683,-783.0563700344934,783.8824330233584,-1.5248834759474206,0.0010000000474974513,0,0.0010000000474974513,-0.178009033203125,0.168853759765625,-4.577636936176077e-06,0.0001780090416581004,off
1781064614.9124498,2026-06-10T12:10:14.912,87765601814896,,1,cf_0V,frequency,frequency,168878.88639022523,131,131,0.0,0.1,168878.88639022523,0.099945068359375,168878.88639026016,0,Rp || Cp,Rp,Cp,20675.383663991026,1.0758497962635816e-09,1.0758497962635816e-09,20675.383663991026,8.023600936631703e-05,8.023600936631703e-05,1.0,37.04706463009731,-874.4082512500823,875.1927072661963,-1.5284534953089757,0.0010000000474974513,0,0.0010000000474974513,-0.160430908203125,0.151580810546875,-4.425049038303541e-06,0.00016043091582318425,off
1781064615.3271403,2026-06-10T12:10:15.327,87765625899376,,1,cf_0V,frequency,frequency,151394.81898145608,132,132,0.0,0.1,151394.81898145608,0.099945068359375,151394.81898145846,0,Rp || Cp,Rp,Cp,24921.993317105374,1.0752954981482342e-09,1.0752954981482342e-09,24921.993317105374,7.204500843806941e-05,7.204500843806941e-05,1.0,38.292348722199655,-976.1431016916863,976.8938831576992,-1.5315882181908762,0.0010000000474974513,0,0.0010000000474974513,-0.146942138671875,0.13470458984375,-6.11877470468869e-06,0.00014694214565125208,off
1781064615.733147,2026-06-10T12:10:15.733,87765651990896,,1,cf_0V,frequency,frequency,135720.88082974532,133,133,0.0,0.1,135720.88082974532,0.099945068359375,135720.88082980827,0,Rp || Cp,Rp,Cp,29902.188317755667,1.0749331087480753e-09,1.0749331087480753e-09,29902.188317755667,6.467470252015308e-05,6.467470252015308e-05,1.0,39.74691360954467,-1089.467704276123,1090.1925040111817,-1.5343296255420167,0.0010000000474974513,0,0.0010000000474974513,-0.144744873046875,0.13238525390625,-6.179809863837704e-06,0.00014474487992188756,off
1781064616.1334722,2026-06-10T12:10:16.133,87765676075376,,1,cf_0V,frequency,frequency,121669.66886401946,134,134,0.0,0.1,121669.66886401946,0.099945068359375,121669.66886411501,0,Rp || Cp,Rp,Cp,35681.09075185875,1.0747535107757603e-09,1.0747535107757603e-09,35681.09075185875,5.8043855115768443e-05,5.8043855115768443e-05,1.0,41.468155514126785,-1215.6929761621582,1216.4000247499791,-1.5366988332265317,0.0010000000474974513,0,0.0010000000474974513,-0.132049560546875,0.120574951171875,-5.73730496000735e-06,0.00013204956681889257,off
1781064616.5370429,2026-06-10T12:10:16.537,87765700159856,,1,cf_0V,frequency,frequency,109073.18189343589,135,135,0.0,0.1,109073.18189343589,0.099945068359375,109073.18189339321,0,Rp || Cp,Rp,Cp,42305.5022054689,1.0745776261675994e-09,1.0745776261675994e-09,42305.5022054689,5.2082772452465924e-05,5.2082772452465924e-05,1.0,43.53962274791254,-1356.4917646038502,1357.1903352835586,-1.538710116506293,0.0010000000474974513,0,0.0010000000474974513,-0.12371826171875,0.1094970703125,-7.110596040860173e-06,0.0001237182675950521,off
1781064616.9841604,2026-06-10T12:10:16.984,87765724244336,,1,cf_0V,frequency,frequency,97780.81192655204,136,136,0.0,0.1,97780.81192655204,0.099945068359375,97780.81192649779,0,Rp || Cp,Rp,Cp,49915.07462729526,1.0745997144362626e-09,1.0745997144362626e-09,49915.07462729526,4.6727185298354055e-05,4.6727185298354055e-05,1.0,45.920657142296285,-1513.2826310507162,1513.9792033552371,-1.5404605725529181,0.0010000000474974513,0,0.0010000000474974513,-0.114410400390625,0.099365234375,-7.52258336511602e-06,0.00011441040582482742,off
1781064617.3932712,2026-06-10T12:10:17.393,87765750335856,,1,cf_0V,frequency,frequency,87657.5434496528,137,137,0.0,0.1,87657.5434496528,0.099945068359375,87657.54344956634,0,Rp || Cp,Rp,Cp,58289.90704082353,1.0747792491579833e-09,1.0747792491579833e-09,58289.90704082353,4.192009831811334e-05,4.192009831811334e-05,1.0,48.917600425093866,-1687.9009004700251,1688.6096000671293,-1.5418231141296441,0.0010000000474974513,0,0.0010000000474974513,-0.102081298828125,0.092620849609375,-4.730224834048613e-06,0.00010208130367672652,off
1781064617.9016712,2026-06-10T12:10:17.901,87765778434416,,1,cf_0V,frequency,frequency,78582.33913417984,138,138,0.0,0.1,78582.33913417984,0.099945068359375,78582.33913417223,0,Rp || Cp,Rp,Cp,67819.72596063366,1.074883440783061e-09,1.074883440783061e-09,67819.72596063366,3.7601724399574344e-05,3.7601724399574344e-05,1.0,52.30900814530395,-1882.7762387904522,1883.5027469284637,-1.5430205590961092,0.0010000000474974513,0,0.0010000000474974513,-0.088836669921875,0.075103759765625,-6.866455404264116e-06,8.88366741413904e-05,off
1781064618.2784257,2026-06-10T12:10:18.278,87765805672816,,1,cf_0V,frequency,frequency,70446.69267221761,139,139,0.0,0.1,70446.69267221761,0.099945068359375,70446.69267216364,0,Rp || Cp,Rp,Cp,78163.75728365878,1.0751443958140104e-09,1.0751443958140104e-09,78163.75728365878,3.3725492092100155e-05,3.3725492092100155e-05,1.0,56.45030129031244,-2099.8049938338618,2100.563650224718,-1.5439192082269686,0.0010000000474974513,0,0.0010000000474974513,-0.0809326171875,0.07171630859375,-4.608154515750584e-06,8.093262103159304e-05,off
1781064618.6468892,2026-06-10T12:10:18.646,87765827750256,,1,cf_0V,frequency,frequency,63153.33143723267,140,140,0.0,0.1,63153.33143723267,0.099945068359375,63153.33143732005,0,Rp || Cp,Rp,Cp,89295.40854185188,1.0754523635130288e-09,1.0754523635130288e-09,89295.40854185188,3.0248193141765977e-05,3.0248193141765977e-05,1.0,61.452176284856016,-2341.7132226581407,2342.519410195382,-1.5445599478519012,0.0010000000474974513,0,0.0010000000474974513,-0.0809326171875,0.067352294921875,-6.790161455327848e-06,8.093262103159304e-05,off
1781064619.0591042,2026-06-10T12:10:19.059,87765849540976,,1,cf_0V,frequency,frequency,56615.05345862548,141,141,0.0,0.1,56615.05345862548,0.099945068359375,56615.05345855744,0,Rp || Cp,Rp,Cp,100667.55160606082,1.0757541324627395e-09,1.0757541324627395e-09,100667.55160606082,2.7125854122548047e-05,2.7125854122548047e-05,1.0,67.7904179355869,-2611.4555051088355,2612.3352380441384,-1.5448432914803314,0.0010000000474974513,0,0.0010000000474974513,-0.075836181640625,0.0599365234375,-7.94982947915912e-06,7.583618524265034e-05,off
1781064619.447845,2026-06-10T12:10:19.447,87765874772336,,1,cf_0V,frequency,frequency,50753.68480455689,142,142,0.0,0.1,50753.68480455689,0.099945068359375,50753.68480454756,0,Rp || Cp,Rp,Cp,112892.93724808609,1.0760589515873062e-09,1.0760589515873062e-09,112892.93724808609,2.432610587346997e-05,2.432610587346997e-05,1.0,75.17560137590597,-2912.240216341203,2913.210333758496,-1.5449883903523491,0.0010000000474974513,0,0.0010000000474974513,-0.069854736328125,0.054931640625,-7.461548205967006e-06,6.985473964604694e-05,off
1781064619.8672528,2026-06-10T12:10:19.867,87765898856816,,1,cf_0V,frequency,frequency,45499.144907154674,143,143,0.0,0.1,45499.144907154674,0.099945068359375,45499.14490716844,0,Rp || Cp,Rp,Cp,125324.1266761901,1.0762961186698909e-09,1.0762961186698909e-09,125324.1266761901,2.1814015185661076e-05,2.1814015185661076e-05,1.0,84.22549807938545,-3247.828975814365,3248.9208963386764,-1.5448692766333583,0.0010000000474974513,0,0.0010000000474974513,-0.063140869140625,0.0526123046875,-5.264282476602489e-06,6.314087213965536e-05,off
1781064620.2533898,2026-06-10T12:10:20.253,87765923228016,,1,cf_0V,frequency,frequency,40788.608654802425,144,144,0.0,0.1,40788.608654802425,0.099945068359375,40788.608654906966,0,Rp || Cp,Rp,Cp,138038.63532990846,1.0767045482409767e-09,1.0767045482409767e-09,138038.63532990846,1.9561438914131448e-05,1.9561438914131448e-05,1.0,95.07569306878297,-3621.474773741704,3622.722584501888,-1.5445490477626362,0.0010000000474974513,0,0.0010000000474974513,-0.05706787109375,0.046142578125,-5.462646743836785e-06,5.706787380432843e-05,off
1781064620.654631,2026-06-10T12:10:20.654,87765948459376,,1,cf_0V,frequency,frequency,36565.755233193486,145,145,0.0,0.1,36565.755233193486,0.099945068359375,36565.755233297634,0,Rp || Cp,Rp,Cp,150706.16968435448,1.0770836808948541e-09,1.0770836808948541e-09,150706.16968435448,1.7539733976338342e-05,1.7539733976338342e-05,1.0,108.28021200086354,-4038.1643600711777,4039.6158237213617,-1.5439885343671098,0.0010000000474974513,0,0.0010000000474974513,-0.056304931640625,0.045166015625,-5.5694582723475605e-06,5.630493431496575e-05,off
1781064621.0748918,2026-06-10T12:10:21.074,87765972543856,,1,cf_0V,frequency,frequency,32780.09473403288,146,146,0.0,0.1,32780.09473403288,0.099945068359375,32780.09473397958,0,Rp || Cp,Rp,Cp,163280.82983296848,1.077337250060374e-09,1.077337250060374e-09,163280.82983296848,1.5729545364435054e-05,1.5729545364435054e-05,1.0,124.29411877818464,-4503.265240855428,4504.980228309502,-1.5432024446320778,0.0010000000474974513,0,0.0010000000474974513,-0.051666259765625,0.0404052734375,-5.630493431496575e-06,5.166626221964066e-05,off
1781064621.9152353,2026-06-10T12:10:21.915,87766019565936,,1,cf_0V,frequency,frequency,29386.364480084198,147,147,0.0,0.1,29386.364480084198,0.099945068359375,29386.3644801462,0,Rp || Cp,Rp,Cp,175149.70354733343,1.0759272372261738e-09,1.0759272372261738e-09,175149.70354733343,1.4165582470998367e-05,1.4165582470998367e-05,1.0,144.5488914398743,-5029.592538344748,5031.669254212728,-1.5420645533164539,9.999999747378752e-05,0,9.999999747378752e-05,-0.243011474609375,0.2421875,-4.119872942798253e-08,2.430114684703888e-05,off
1781064622.3372688,2026-06-10T12:10:22.337,87766046517616,,1,cf_0V,frequency,frequency,26343.98784881462,148,148,0.0,0.1,26343.98784881462,0.099945068359375,26343.987848775898,0,Rp || Cp,Rp,Cp,187473.39729973517,1.0763424963449577e-09,1.0763424963449577e-09,187473.39729973517,1.2704194211307286e-05,1.2704194211307286e-05,1.0,167.89875708331434,-5607.8837719929425,5610.396634179433,-1.540865496683402,9.999999747378752e-05,0,9.999999747378752e-05,-0.243011474609375,0.2421875,-4.119872942798253e-08,2.430114684703888e-05,off
1781064622.7752845,2026-06-10T12:10:22.775,87766073756016,,1,cf_0V,frequency,frequency,23616.58912414415,149,149,0.0,0.1,23616.58912414415,0.099945068359375,23616.589124202394,0,Rp || Cp,Rp,Cp,197738.9517366711,1.076803640079158e-09,1.076803640079158e-09,197738.9517366711,1.1393613093492123e-05,1.1393613093492123e-05,1.0,197.88179086585646,-6252.182074318802,6255.31277344224,-1.5391568521550723,9.999999747378752e-05,0,9.999999747378752e-05,-0.243011474609375,0.2421875,-4.119872942798253e-08,2.430114684703888e-05,off
1781064623.1747148,2026-06-10T12:10:23.174,87766097840496,,1,cf_0V,frequency,frequency,21171.558575697567,150,150,0.0,0.1,21171.558575697567,0.099945068359375,21171.5585756167,0,Rp || Cp,Rp,Cp,208502.12202698688,1.0771647211909769e-09,1.0771647211909769e-09,208502.12202698688,1.021851008278705e-05,1.021851008278705e-05,1.0,233.33161989361255,-6971.061198911565,6974.965081189477,-1.5373373547764615,9.999999747378752e-05,0,9.999999747378752e-05,-0.243011474609375,0.2421875,-4.119872942798253e-08,2.430114684703888e-05,off
1781064623.5961876,2026-06-10T12:10:23.596,87766123645296,,1,cf_0V,frequency,frequency,18979.66256549492,151,151,0.0,0.1,18979.66256549492,0.099945068359375,18979.662565428156,0,Rp || Cp,Rp,Cp,216718.0165958453,1.0775760979495887e-09,1.0775760979495887e-09,216718.0165958453,9.164445772189536e-06,9.164445772189536e-06,1.0,279.06975267384684,-7771.844270474785,7776.853045504278,-1.5349039575788486,9.999999747378752e-05,0,9.999999747378752e-05,-0.239501953125,0.23785400390625,-8.239745885596506e-08,2.3950194707467176e-05,off
1781064623.998982,2026-06-10T12:10:23.998,87766149163376,,1,cf_0V,frequency,frequency,17014.69402038014,152,152,0.0,0.1,17014.69402038014,0.099945068359375,17014.694020431874,0,Rp || Cp,Rp,Cp,224264.6404809021,1.0779405082235143e-09,1.0779405082235143e-09,224264.6404809021,8.219142184126356e-06,8.219142184126356e-06,1.0,335.26780084159213,-8664.658580825975,8671.142532594098,-1.5321219085811326,9.999999747378752e-05,0,9.999999747378752e-05,-0.218902587890625,0.22064208984375,8.697509545907423e-08,2.2064208426986198e-05,off
1781064624.4234157,2026-06-10T12:10:24.423,87766171814256,,1,cf_0V,frequency,frequency,15253.159091114281,153,153,0.0,0.1,15253.159091114281,0.099945068359375,15253.159091201951,0,Rp || Cp,Rp,Cp,231167.10076010672,1.0783442702413864e-09,1.0783442702413864e-09,231167.10076010672,7.372123621203878e-06,7.372123621203878e-06,1.0,404.3146839915634,-9659.23304043221,9667.691207991102,-1.5289629017425777,9.999999747378752e-05,0,9.999999747378752e-05,-0.205322265625,0.19891357421875,-3.204345622176419e-07,2.053222604381233e-05,off
1781064624.8796055,2026-06-10T12:10:24.879,87766196185456,,1,cf_0V,frequency,frequency,13673.996251720062,154,154,0.0,0.1,13673.996251720062,0.099945068359375,13673.996251668541,0,Rp || Cp,Rp,Cp,239186.0552195963,1.0787084258070415e-09,1.0787084258070415e-09,239186.0552195963,6.611529087954141e-06,6.611529087954141e-06,1.0,485.76078351856466,-10768.065845423736,10779.01691204656,-1.5257156520800497,9.999999747378752e-05,0,9.999999747378752e-05,-0.17138671875,0.174774169921875,1.6937255431503928e-07,1.747741655067081e-05,off
1781064625.3348134,2026-06-10T12:10:25.334,87766228584816,,1,cf_0V,frequency,frequency,12258.324480531926,155,155,0.0,0.1,12258.324480531926,0.099945068359375,12258.324480498573,0,Rp || Cp,Rp,Cp,247232.5008794693,1.0790361848820396e-09,1.0790361848820396e-09,247232.5008794693,5.930171291525401e-06,5.930171291525401e-06,1.0,584.2153943465747,-12003.987894428981,12018.195912722884,-1.522166255437907,9.999999747378752e-05,0,9.999999747378752e-05,-0.1708984375,0.16375732421875,-3.5705565504251524e-07,1.7089843318274234e-05,off
1781064625.7249672,2026-06-10T12:10:25.724,87766250375536,,1,cf_0V,frequency,frequency,10989.217512115829,156,156,0.0,0.1,10989.217512115829,0.099945068359375,10989.217512076266,0,Rp || Cp,Rp,Cp,250049.67861223556,1.0794098664887636e-09,1.0794098664887636e-09,250049.67861223556,5.319004055795792e-06,5.319004055795792e-06,1.0,717.8918206216812,-13378.835911942731,13398.082662261939,-1.517188971613163,9.999999747378752e-05,0,9.999999747378752e-05,-0.15289306640625,0.154693603515625,9.002685319448034e-08,1.5469359960773588e-05,off
1781064626.1763566,2026-06-10T12:10:26.176,87766275320176,,1,cf_0V,frequency,frequency,9851.501460936432,157,157,0.0,0.1,9851.501460936432,0.099945068359375,9851.501461000113,0,Rp || Cp,Rp,Cp,255917.5618187525,1.0798735756921825e-09,1.0798735756921825e-09,255917.5618187525,4.7711545518694075e-06,4.7711545518694075e-06,1.0,871.5812669997778,-14909.503642727255,14934.95740795675,-1.5124046803657303,9.999999747378752e-05,0,9.999999747378752e-05,-0.146942138671875,0.144561767578125,-1.1901855168083841e-07,1.4694213495980435e-05,off
1781064626.5891616,2026-06-10T12:10:26.589,87766302558576,,1,cf_0V,frequency,frequency,8831.573397089549,158,158,0.0,0.1,8831.573397089549,0.099945068359375,8831.57339707452,0,Rp || Cp,Rp,Cp,259484.38412487257,1.0802021424185461e-09,1.0802021424185461e-09,259484.38412487257,4.2799062600984106e-06,4.2799062600984106e-06,1.0,1068.1968429968547,-16614.432142982907,16648.73568560604,-1.5065913855675706,9.999999747378752e-05,0,9.999999747378752e-05,-0.14208984375,0.1416015625,-2.4414061883248905e-08,1.4208984016050863e-05,off
1781064627.0109916,2026-06-10T12:10:27.010,87766328650096,,1,cf_0V,frequency,frequency,7917.238704927916,159,159,0.0,0.1,7917.238704927916,0.099945068359375,7917.238704848728,0,Rp || Cp,Rp,Cp,263297.8813913789,1.0805607184773788e-09,1.0805607184773788e-09,263297.8813913789,3.839635659189989e-06,3.839635659189989e-06,1.0,1307.9295133132305,-18511.196348503116,18557.345442294027,-1.5002574235049242,9.999999747378752e-05,0,9.999999747378752e-05,-0.1356201171875,0.135467529296875,-7.629394338515283e-09,1.3562011376144767e-05,off
1781064627.4208963,2026-06-10T12:10:27.420,87766352161136,,1,cf_0V,frequency,frequency,7097.565279983502,160,160,0.0,0.1,7097.565279983502,0.099945068359375,7097.565280034246,0,Rp || Cp,Rp,Cp,268764.7549383957,1.0809442602208537e-09,1.0809442602208537e-09,268764.7549383957,3.4449552755187612e-06,3.4449552755187612e-06,1.0,1591.7061229619476,-20621.85679539884,20683.19380733575,-1.4937636676330128,9.999999747378752e-05,0,9.999999747378752e-05,-0.124298095703125,0.1292724609375,2.487182554355982e-07,1.2927245767180295e-05,off
1781064627.8436882,2026-06-10T12:10:27.843,87766377965936,,1,cf_0V,frequency,frequency,6362.752820913701,161,161,0.0,0.1,6362.752820913701,0.099945068359375,6362.7528208343165,0,Rp || Cp,Rp,Cp,269798.8183109623,1.0812780345030736e-09,1.0812780345030736e-09,269798.8183109623,3.0912727821597433e-06,3.0912727821597433e-06,1.0,1969.038354674707,-22964.474939741543,23048.735785291945,-1.4852627280397697,9.999999747378752e-05,0,9.999999747378752e-05,-0.124298095703125,0.116241455078125,-4.0283202107360694e-07,1.2429809256309099e-05,off
1781064628.2143786,2026-06-10T12:10:28.214,87766402050416,,1,cf_0V,frequency,frequency,5704.01565368052,162,162,0.0,0.1,5704.01565368052,0.099945068359375,5704.015653620331,0,Rp || Cp,Rp,Cp,270692.9709701417,1.0815494709580989e-09,1.0815494709580989e-09,270692.9709701417,2.7744269655267426e-06,2.7744269655267426e-06,1.0,2436.5884092035544,-25566.196284212016,25682.043445152907,-1.4757782371720651,9.999999747378752e-05,0,9.999999747378752e-05,-0.11370849609375,0.114410400390625,3.50952139571703e-08,1.1441039750037518e-05,off
1781064628.618151,2026-06-10T12:10:28.618,87766424414576,,1,cf_0V,frequency,frequency,5113.477686967608,163,163,0.0,0.1,5113.477686967608,0.099945068359375,5113.477686933265,0,Rp || Cp,Rp,Cp,272500.4744445508,1.0818716930789457e-09,1.0818716930789457e-09,272500.4744445508,2.4903385087202398e-06,2.4903385087202398e-06,1.0,3003.826604357091,-28452.086049487265,28610.211023976586,-1.465611056168176,9.999999747378752e-05,0,9.999999747378752e-05,-0.109954833984375,0.10894775390625,-5.035400263420087e-08,1.0995483120668226e-05,off
1781064629.0355272,2026-06-10T12:10:29.035,87766448499056,,1,cf_0V,frequency,frequency,4584.078242885572,164,164,0.0,0.1,4584.078242885572,0.099945068359375,4584.078242970691,0,Rp || Cp,Rp,Cp,273699.7270427433,1.0822808614797087e-09,1.0822808614797087e-09,273699.7270427433,2.235730515505172e-06,2.235730515505172e-06,1.0,3708.9961998437407,-31644.819397325507,31861.438252216485,-1.4541215978065851,9.999999747378752e-05,0,9.999999747378752e-05,-0.10589599609375,0.101806640625,-2.0446776827220958e-07,1.0589599341859213e-05,off
1781064629.500694,2026-06-10T12:10:29.500,87766477457776,,1,cf_0V,frequency,frequency,4109.487637044614,165,165,0.0,0.1,4109.487637044614,0.099945068359375,4109.487637009579,0,Rp || Cp,Rp,Cp,277683.26360345166,1.0826916570137478e-09,1.0826916570137478e-09,277683.26360345166,2.008072628216005e-06,2.008072628216005e-06,1.0,4532.710692586824,-35186.821849452106,35477.568942752696,-1.4426834438013747,9.999999747378752e-05,0,9.999999747378752e-05,-0.097503662109375,0.095367431640625,-1.0681152073921396e-07,9.750365964622532e-06,off
1781064629.9082255,2026-06-10T12:10:29.908,87766501255536,,1,cf_0V,frequency,frequency,3684.0314986403864,166,166,0.0,0.1,3684.0314986403864,0.099945068359375,3684.0314986363865,0,Rp || Cp,Rp,Cp,278976.245952978,1.0830871292740903e-09,1.0830871292740903e-09,278976.245952978,1.804207121693716e-06,1.804207121693716e-06,1.0,5588.703545559951,-39088.13026436873,39485.63707076806,-1.4287818155473426,9.999999747378752e-05,0,9.999999747378752e-05,-0.093048095703125,0.09515380859375,1.052856418715109e-07,9.515380618996261e-06,off
1781064630.3251972,2026-06-10T12:10:30.325,87766525626736,,1,cf_0V,frequency,frequency,3302.622925697632,167,167,0.0,0.1,3302.622925697632,0.099945068359375,3302.6229256449824,0,Rp || Cp,Rp,Cp,280235.8310541565,1.0834594592846552e-09,1.0834594592846552e-09,280235.8310541565,1.6215579827564914e-06,1.6215579827564914e-06,1.0,6886.021866546418,-43385.39804222353,43928.46526375272,-1.413391802782561,9.999999747378752e-05,0,9.999999747378752e-05,-0.0909423828125,0.092987060546875,1.0223388413610479e-07,9.298705819782427e-06,off
1781064630.7477942,2026-06-10T12:10:30.747,87766550858096,,1,cf_0V,frequency,frequency,2960.70166429603,168,168,0.0,0.1,2960.70166429603,0.099945068359375,2960.701664207477,0,Rp || Cp,Rp,Cp,280593.51697805844,1.0838196221063338e-09,1.0838196221063338e-09,280593.51697805844,1.4583824021456289e-06,1.4583824021456289e-06,1.0,8501.536530379186,-48095.73693581547,48841.33530910612,-1.3958407674544155,9.999999747378752e-05,0,9.999999747378752e-05,-0.09075927734375,0.092987060546875,1.1138915734232313e-07,9.298705819782427e-06,off
1781064631.144769,2026-06-10T12:10:31.144,87766576662896,,1,cf_0V,frequency,frequency,2654.1795845838647,169,169,0.0,0.1,2654.1795845838647,0.099945068359375,2654.179584595795,0,Rp || Cp,Rp,Cp,282761.5172634059,1.084044617722719e-09,1.084044617722719e-09,282761.5172634059,1.3124769795744314e-06,1.3124769795744314e-06,1.0,10422.100018171457,-53276.154566751175,54285.99095723621,-1.377611877810722,9.999999747378752e-05,0,9.999999747378752e-05,-0.08892822265625,0.092987060546875,2.0294188940450653e-07,9.298705819782427e-06,off
1781064631.5500026,2026-06-10T12:10:31.550,87766601034096,,1,cf_0V,frequency,frequency,2379.391801671713,170,170,0.0,0.1,2379.391801671713,0.099945068359375,2379.391801667907,0,Rp || Cp,Rp,Cp,281917.2133864863,1.084537958597988e-09,1.084537958597988e-09,281917.2133864863,1.1825084469925145e-06,1.1825084469925145e-06,1.0,12876.381547973404,-58858.06998820844,60250.0921535049,-1.3554195149400945,9.999999747378752e-05,0,9.999999747378752e-05,-0.088836669921875,0.0843505859375,-2.2430419355234932e-07,8.883666767767195e-06,off
1781064631.9487917,2026-06-10T12:10:31.948,87766625118576,,1,cf_0V,frequency,frequency,2133.052856990533,171,171,0.0,0.1,2133.052856990533,0.099945068359375,2133.0528569052376,0,Rp || Cp,Rp,Cp,282183.5258481973,1.0849443769213165e-09,1.0849443769213165e-09,282183.5258481973,1.0658529970902703e-06,1.0658529970902703e-06,1.0,15820.930014177899,-64916.13040750946,66816.20921302172,-1.331743171659372,9.999999747378752e-05,0,9.999999747378752e-05,-0.08612060546875,0.081939697265625,-2.0904540487531875e-07,8.612060329316051e-06,off
1781064632.3648884,2026-06-10T12:10:32.364,87766650349936,,1,cf_0V,frequency,frequency,1912.21743620315,172,172,0.0,0.1,1912.21743620315,0.099945068359375,1912.2174361285715,0,Rp || Cp,Rp,Cp,284780.37369994575,1.0854267430422059e-09,1.0854267430422059e-09,284780.37369994575,9.618299427686363e-07,9.618299427686363e-07,1.0,19251.158963792343,-71496.46930035525,74042.90812674664,-1.3077740840125958,9.999999747378752e-05,0,9.999999747378752e-05,-0.08807373046875,0.081939697265625,-3.067016524083144e-07,8.807372824382043e-06,off
1781064632.8106403,2026-06-10T12:10:32.810,87766673287536,,1,cf_0V,frequency,frequency,1714.2451539988147,173,173,0.0,0.1,1714.2451539988147,0.099945068359375,1714.2451539342574,0,Rp || Cp,Rp,Cp,285745.1485489305,1.0859458414388726e-09,1.0859458414388726e-09,285745.1485489305,8.691721783919416e-07,8.691721783919416e-07,1.0,23478.155524682163,-78470.02772532984,81907.0756287587,-1.2800745367365334,9.999999747378752e-05,0,9.999999747378752e-05,-0.08807373046875,0.081939697265625,-3.067016524083144e-07,8.807372824382043e-06,off
1781064633.267944,2026-06-10T12:10:33.267,87766703393136,,1,cf_0V,frequency,frequency,1536.7689847255556,174,174,0.0,0.1,1536.7689847255556,0.099945068359375,1536.7689847067822,0,Rp || Cp,Rp,Cp,287609.6262817052,1.0861767536221123e-09,1.0861767536221123e-09,287609.6262817052,7.874571467368948e-07,7.874571467368948e-07,1.0,28479.546830995074,-85906.38645081036,90504.09836429959,-1.2506801108185888,9.999999747378752e-05,0,9.999999747378752e-05,-0.08807373046875,0.081939697265625,-3.067016524083144e-07,8.807372824382043e-06,off
1781064633.6888566,2026-06-10T12:10:33.688,87766727477616,,1,cf_0V,frequency,frequency,1377.6669614059458,175,175,0.0,0.1,1377.6669614059458,0.099945068359375,1377.6669614173898,0,Rp || Cp,Rp,Cp,287556.2987961529,1.0867382672770385e-09,1.0867382672770385e-09,287556.2987961529,7.144725640581004e-07,7.144725640581004e-07,1.0,34573.76137279767,-93523.03395613265,99709.0911392893,-1.2166963408796594,9.999999747378752e-05,0,9.999999747378752e-05,-0.083740234375,0.0770263671875,-3.3569335089467245e-07,8.374023225954375e-06,off
1781064634.0900502,2026-06-10T12:10:34.090,87766754429296,,1,cf_0V,frequency,frequency,1235.0368047598533,176,176,0.0,0.1,1235.0368047598533,0.099945068359375,1235.036804771994,0,Rp || Cp,Rp,Cp,287553.93183137494,1.0871269466059545e-09,1.0871269466059545e-09,287553.93183137494,6.493498069972501e-07,6.493498069972501e-07,1.0,41767.56123137132,-101320.76432731928,109592.09120684087,-1.179790642901703,9.999999747378752e-05,0,9.999999747378752e-05,-0.0784912109375,0.076873779296875,-8.0871579988262e-08,7.849120895464523e-06,off
1781064634.4921587,2026-06-10T12:10:34.492,87766776793456,,1,cf_0V,frequency,frequency,1107.1731788899117,177,177,0.0,0.1,1107.1731788899117,0.099945068359375,1107.1731789513706,0,Rp || Cp,Rp,Cp,289004.5156571844,1.0875211738515978e-09,1.0875211738515978e-09,289004.5156571844,5.925666747673391e-07,5.925666747673391e-07,1.0,49996.24426312356,-109313.84138124684,120204.57710895335,-1.1418351819793306,9.999999747378752e-05,0,9.999999747378752e-05,-0.0784912109375,0.076873779296875,-8.0871579988262e-08,7.849120895464523e-06,off
1781064634.9592714,2026-06-10T12:10:34.959,87766802598256,,1,cf_0V,frequency,frequency,992.547301690778,178,178,0.0,0.1,992.547301690778,0.099945068359375,992.5473017347031,0,Rp || Cp,Rp,Cp,289365.1522628458,1.0880798215907164e-09,1.0880798215907164e-09,289365.1522628458,5.423476530817099e-07,5.423476530817099e-07,1.0,59595.83411293059,-117018.34970936617,131320.0579207893,-1.0997473620745226,9.999999747378752e-05,0,9.999999747378752e-05,-0.07745361328125,0.07745361328125,0.0,7.745361132460715e-06,off
1781064635.4112945,2026-06-10T12:10:35.411,87766828689776,,1,cf_0V,frequency,frequency,889.7886661970878,179,179,0.0,0.1,889.7886661970878,0.099945068359375,889.7886662140309,0,Rp || Cp,Rp,Cp,289003.22682707803,1.0884014980854056e-09,1.0884014980854056e-09,289003.22682707803,4.977885679145702e-07,4.977885679145702e-07,1.0,70616.85991785242,-124184.37695619167,142858.32276999162,-1.0537509009535757,9.999999747378752e-05,0,9.999999747378752e-05,-0.07745361328125,0.07745361328125,0.0,7.745361132460715e-06,off
1781064635.8262823,2026-06-10T12:10:35.826,87766858221936,,1,cf_0V,frequency,frequency,797.6686543241938,180,180,0.0,0.1,797.6686543241938,0.099945068359375,797.6686543287315,0,Rp || Cp,Rp,Cp,286612.4350213018,1.0889654995037554e-09,1.0889654995037554e-09,286612.4350213018,4.608835157540798e-07,4.608835157540798e-07,1.0,83149.84998299387,-130068.76420988797,154375.4545751423,-1.0019968671698467,9.999999747378752e-05,0,9.999999747378752e-05,-0.079376220703125,0.07745361328125,-9.613036866529256e-08,7.9376218697913e-06,off
1781064636.2460647,2026-06-10T12:10:36.246,87766882879856,,1,cf_0V,frequency,frequency,715.0858470818457,181,181,0.0,0.1,715.0858470818457,0.099945068359375,715.0858471760557,0,Rp || Cp,Rp,Cp,290439.11413526646,1.0892691392232425e-09,1.0892691392232425e-09,290439.11413526646,4.2729346670446797e-07,4.2729346670446797e-07,1.0,96156.29018344797,-136680.34093303542,167115.37254069195,-0.957717054662952,9.999999747378752e-05,0,9.999999747378752e-05,-0.079376220703125,0.07745361328125,-9.613036866529256e-08,7.9376218697913e-06,off
1781064636.6631074,2026-06-10T12:10:36.663,87766908111216,,1,cf_0V,frequency,frequency,641.0528556246055,182,182,0.0,0.1,641.0528556246055,0.099945068359375,641.0528555989004,0,Rp || Cp,Rp,Cp,290741.4049423483,1.0899117620784003e-09,1.0899117620784003e-09,290741.4049423483,3.9878898986116487e-07,3.9878898986116487e-07,1.0,110586.51806332008,-141147.80073399315,179310.00984164843,-0.9062098688868239,9.999999747378752e-05,0,9.999999747378752e-05,-0.0797119140625,0.076171875,-1.7700194865355456e-07,7.971191204880768e-06,off
1781064637.1030557,2026-06-10T12:10:37.103,87766930475376,,1,cf_0V,frequency,frequency,574.6845156864445,183,183,0.0,0.1,574.6845156864445,0.099945068359375,574.6845156551217,0,Rp || Cp,Rp,Cp,289292.8591724036,1.089965985117877e-09,1.089965985117877e-09,289292.8591724036,3.723921874143162e-07,3.723921874143162e-07,1.0,125979.79246871901,-143436.90686416882,190905.87827833314,-0.8501036715215375,9.999999747378752e-05,0,9.999999747378752e-05,-0.0797119140625,0.078643798828125,-5.340576036960698e-08,7.971191204880768e-06,off
1781064637.5233192,2026-06-10T12:10:37.523,87766957713776,,1,cf_0V,frequency,frequency,515.1873042480629,184,184,0.0,0.1,515.1873042480629,0.099945068359375,515.1873042308353,0,Rp || Cp,Rp,Cp,290328.5049301728,1.0909183170425515e-09,1.0909183170425515e-09,290328.5049301728,3.5290081205671634e-07,3.5290081205671634e-07,1.0,141546.06702261523,-145119.15424178584,202718.66716566068,-0.7978618385626098,9.999999747378752e-05,0,9.999999747378752e-05,-0.0797119140625,0.078643798828125,-5.340576036960698e-08,7.971191204880768e-06,off
1781064637.9740632,2026-06-10T12:10:37.974,87766983518576,,1,cf_0V,frequency,frequency,461.8498518989187,185,185,0.0,0.1,461.8498518989187,0.099945068359375,461.8498518027536,0,Rp || Cp,Rp,Cp,287974.9484437718,1.0909890997046216e-09,1.0909890997046216e-09,287974.9484437718,3.3421043219795123e-07,3.3421043219795123e-07,1.0,157259.2421750251,-143374.51973135356,212806.771879232,-0.7392461186284505,9.999999747378752e-05,0,9.999999747378752e-05,-0.0797119140625,0.078643798828125,-5.340576036960698e-08,7.971191204880768e-06,off
1781064638.4063175,2026-06-10T12:10:38.406,87767012477296,,1,cf_0V,frequency,frequency,414.03443745645274,186,186,0.0,0.1,414.03443745645274,0.099945068359375,414.0344374548022,0,Rp || Cp,Rp,Cp,288131.5217674693,1.090992406122478e-09,1.090992406122478e-09,288131.5217674693,3.175984028063147e-07,3.175984028063147e-07,1.0,172664.0603311505,-141198.72778366433,223046.98710757008,-0.685480137373595,9.999999747378752e-05,0,9.999999747378752e-05,-0.074371337890625,0.078643798828125,2.1362304147842792e-07,7.864379684141554e-06,off
1781064638.830607,2026-06-10T12:10:38.830,87767037708656,,1,cf_0V,frequency,frequency,371.1693631492158,187,187,0.0,0.1,371.1693631492158,0.099945068359375,371.1693631913704,0,Rp || Cp,Rp,Cp,289022.32528418716,1.092652264284355e-09,1.092652264284355e-09,289022.32528418716,3.0626973445623443e-07,3.0626973445623443e-07,1.0,187383.13409065333,-138005.32668083324,232718.51910391505,-0.6347968393779311,9.999999747378752e-05,0,9.999999747378752e-05,-0.08270263671875,0.0762939453125,-3.204345622176419e-07,8.270263462950567e-06,off
1781064639.2782285,2026-06-10T12:10:39.278,87767061793136,,1,cf_0V,frequency,frequency,332.7421191989247,188,188,0.0,0.1,332.7421191989247,0.099945068359375,332.74211929779085,0,Rp || Cp,Rp,Cp,289306.54707776365,1.0928734807354036e-09,1.0928734807354036e-09,289306.54707776365,2.961362288579483e-07,2.961362288579483e-07,1.0,201333.78173166816,-133086.02306975008,241344.52801523605,-0.5840844455798042,9.999999747378752e-05,0,9.999999747378752e-05,-0.08270263671875,0.07586669921875,-3.417968663654847e-07,8.270263462950567e-06,off
1781064639.7334535,2026-06-10T12:10:39.733,87767088744816,,1,cf_0V,frequency,frequency,298.2932560748046,189,189,0.0,0.1,298.2932560748046,0.099945068359375,298.2932561224061,0,Rp || Cp,Rp,Cp,289181.6347099727,1.0927325231484275e-09,1.0927325231484275e-09,289181.6347099727,2.850175077062063e-07,2.850175077062063e-07,1.0,214087.36494379365,-126794.06270255585,248817.47158348176,-0.5347043207987248,9.999999747378752e-05,0,9.999999747378752e-05,-0.08270263671875,0.07586669921875,-3.417968663654847e-07,8.270263462950567e-06,off
1781064640.2049558,2026-06-10T12:10:40.204,87767115983216,,1,cf_0V,frequency,frequency,267.41089115476336,190,190,0.0,0.1,267.41089115476336,0.099945068359375,267.4108910838413,0,Rp || Cp,Rp,Cp,290102.50402070297,1.0934929696190028e-09,1.0934929696190028e-09,290102.50402070297,2.783256801265037e-07,2.783256801265037e-07,1.0,225921.04880389618,-120415.7036118682,256008.3240228601,-0.48969703226656014,9.999999747378752e-05,0,9.999999747378752e-05,-0.075714111328125,0.0758056640625,4.57763660310917e-09,7.580566214748785e-06,off
1781064640.5972333,2026-06-10T12:10:40.597,87767143221616,,1,cf_0V,frequency,frequency,239.7257841131082,191,191,0.0,0.1,239.7257841131082,0.099945068359375,239.72578418351986,0,Rp || Cp,Rp,Cp,291925.7636322205,1.0957674574430769e-09,1.0957674574430769e-09,291925.7636322205,2.7198913023063755e-07,2.7198913023063755e-07,1.0,236923.65873160094,-114154.71926729135,262990.72226556245,-0.4489986733318965,9.999999747378752e-05,0,9.999999747378752e-05,-0.075714111328125,0.0758056640625,4.57763660310917e-09,7.580566214748785e-06,off
1781064640.987721,2026-06-10T12:10:40.987,87767167306096,,1,cf_0V,frequency,frequency,214.90692215443403,192,192,0.0,0.1,214.90692215443403,0.099945068359375,214.9069221246691,0,Rp || Cp,Rp,Cp,292129.73088348866,1.0944282057932491e-09,1.0944282057932491e-09,292129.73088348866,2.649246609244698e-07,2.649246609244698e-07,1.0,246237.35389283064,-106303.42174187931,268203.75076828245,-0.40754132741902255,9.999999747378752e-05,0,9.999999747378752e-05,-0.075714111328125,0.0758056640625,4.57763660310917e-09,7.580566214748785e-06,off
1781064641.3967035,2026-06-10T12:10:41.396,87767192537456,,1,cf_0V,frequency,frequency,192.65756230919578,193,193,0.0,0.1,192.65756230919578,0.099945068359375,192.65756222353048,0,Rp || Cp,Rp,Cp,292624.12519642693,1.0988819678195808e-09,1.0988819678195808e-09,292624.12519642693,2.607954995681943e-07,2.607954995681943e-07,1.0,254121.0937183182,-98916.29021899185,272693.89935105277,-0.37120374273412327,9.999999747378752e-05,0,9.999999747378752e-05,-0.07440185546875,0.074920654296875,2.5939940750951962e-08,7.492065240422008e-06,off
1781064641.8461804,2026-06-10T12:10:41.846,87767217195376,,1,cf_0V,frequency,frequency,172.71168347127087,194,194,0.0,0.1,172.71168347127087,0.099945068359375,172.7116834615572,0,Rp || Cp,Rp,Cp,292077.84128337476,1.0974774600410568e-09,1.0974774600410568e-09,292077.84128337476,2.571620901810945e-07,2.571620901810945e-07,1.0,260550.74779305232,-90633.37014943773,275864.2781517095,-0.33476088278940414,9.999999747378752e-05,0,9.999999747378752e-05,-0.07958984375,0.075897216796875,-1.8463134299206985e-07,7.958984173939143e-06,off
1781064642.2704868,2026-06-10T12:10:42.270,87767244433776,,1,cf_0V,frequency,frequency,154.83080575683516,195,195,0.0,0.1,154.83080575683516,0.099945068359375,154.83080566980334,0,Rp || Cp,Rp,Cp,291708.10939393763,1.09839795493279e-09,1.09839795493279e-09,291708.10939393763,2.578086706987282e-07,2.578086706987282e-07,1.0,265875.4477995803,-82875.02922626802,278492.4132034518,-0.3021615405573677,9.999999747378752e-05,0,9.999999747378752e-05,-0.07958984375,0.075897216796875,-1.8463134299206985e-07,7.958984173939143e-06,off
1781064642.7755222,2026-06-10T12:10:42.775,87767271672176,,1,cf_0V,frequency,frequency,138.8011391556985,196,196,0.0,0.1,138.8011391556985,0.099945068359375,138.80113911568515,0,Rp || Cp,Rp,Cp,290504.7179460788,1.1066842524044733e-09,1.1066842524044733e-09,290504.7179460788,2.5388807419026383e-07,2.5388807419026383e-07,1.0,269331.5036388056,-75515.65166403964,279717.84444075875,-0.27336271058198813,9.999999747378752e-05,0,9.999999747378752e-05,-0.07958984375,0.075897216796875,-1.8463134299206985e-07,7.958984173939143e-06,off
1781064643.186944,2026-06-10T12:10:43.186,87767298050416,,1,cf_0V,frequency,frequency,124.43102738338021,197,197,0.0,0.1,124.43102738338021,0.099945068359375,124.43102740178347,0,Rp || Cp,Rp,Cp,289621.21848146676,1.1322616534045216e-09,1.1322616534045216e-09,289621.21848146676,2.5315045435809564e-07,2.5315045435809564e-07,1.0,271758.2281116936,-69673.6292413837,280547.5880453672,-0.25097517604082614,9.999999747378752e-05,0,9.999999747378752e-05,-0.078460693359375,0.072998046875,-2.7313231731884713e-07,7.846069137729117e-06,off
1781064643.6508186,2026-06-10T12:10:43.650,87767325288816,,1,cf_0V,frequency,frequency,111.54865637172875,198,198,0.0,0.1,111.54865637172875,0.099945068359375,111.54865639184663,0,Rp || Cp,Rp,Cp,289122.0164018892,1.1172810624546594e-09,1.1172810624546594e-09,289122.0164018892,2.5270495166165835e-07,2.5270495166165835e-07,1.0,275024.3640551299,-62267.14921479687,281985.1036761807,-0.22265223111812793,9.999999747378752e-05,0,9.999999747378752e-05,-0.07513427734375,0.073760986328125,-6.866454904663755e-08,7.513427544569851e-06,off
1781064644.0627675,2026-06-10T12:10:44.062,87767351093616,,1,cf_0V,frequency,frequency,100.0,199,199,0.0,0.1,100.0,0.099945068359375,99.99999996068709,0,Rp || Cp,Rp,Cp,291055.7582192795,1.1279786588604577e-09,1.1279786588604577e-09,291055.7582192795,2.4944003723333753e-07,2.4944003723333753e-07,1.0,279176.4100251622,-57588.48654264645,285054.2083478335,-0.20342658434176664,9.999999747378752e-05,0,9.999999747378752e-05,-0.07611083984375,0.073760986328125,-1.1749267281313536e-07,7.611083792102846e-06,off
1781064644.4830334,2026-06-10T12:10:44.483,87767376324976,,1,cf_0V,frequency,frequency,0.0,200,200,0.0,0.1,0.0,0.099945068359375,0.0,0,Rp || Cp,Rp,Cp,108.61696845122093,nan,nan,108.61696845122093,8.765552314609282e-08,8.765552314609282e-08,1.0,-108.61696845029894,-0.0004475333132156692,108.61696845122091,-3.1415885333006743,9.999999747378752e-05,0,9.999999747378752e-05,-0.07611083984375,0.406341552734375,1.6511535227414775e-05,4.06341542469324e-05,off
