timestamp_unix,timestamp_iso,sample_timestamp,sample_clockbase,block_index,block_name,mode,sweep_variable,sweep_value,point_index_block,point_index_total,set_bias_V,set_amplitude_V,set_frequency_Hz,measured_drive_V,measured_frequency_Hz,model,model_name,param0_name,param1_name,param0,param1,C_F,R_Ohm,demod_R_raw,demod_R,demod_R_gain,Z_real_Ohm,Z_imag_Ohm,Z_abs_Ohm,Z_phase_rad,imps_current_range_A,currin_index,currin_range_A,currin_norm_min,currin_norm_max,currin_est_A,currin_peak_A,iv_autorange_mode
1781067367.5802903,2026-06-10T12:56:07.580,87930765150576,,1,cf_0V,frequency,frequency,0.0,1,1,0.0,0.1,0.0,0.099945068359375,0.0,0,Rp || Cp,Rp,Cp,108.61696845122093,nan,nan,108.61696845122093,8.51131001159493e-08,8.51131001159493e-08,1.0,-108.61696845029894,-0.0004475333132156692,108.61696845122091,-3.1415885333006743,9.999999747378752e-05,0,9.999999747378752e-05,-0.14697265625,0.620086669921875,2.3655700086000486e-05,6.200866542571681e-05,off
1781067368.0398903,2026-06-10T12:56:08.039,87930789521776,,1,cf_0V,frequency,frequency,100.0,2,2,0.0,0.1,100.0,0.099945068359375,99.99999996068709,0,Rp || Cp,Rp,Cp,396024.35693715984,4.011913528217308e-11,4.011913528217308e-11,396024.35693715984,1.7892943380743398e-07,1.7892943380743398e-07,1.0,395984.89437508787,-3953.046733071166,396004.62516455963,-0.009982490446382204,9.999999747378752e-05,0,9.999999747378752e-05,-0.14697265625,0.620086669921875,2.3655700086000486e-05,6.200866542571681e-05,off
1781067368.3999817,2026-06-10T12:56:08.399,87930816473456,,1,cf_0V,frequency,frequency,111.67312606580774,3,3,0.0,0.1,111.67312606580774,0.099945068359375,111.6731259998005,0,Rp || Cp,Rp,Cp,398949.02618396765,4.483363886413848e-11,4.483363886413848e-11,398949.02618396765,1.7857219574709334e-07,1.7857219574709334e-07,1.0,398886.1988124595,-5006.093427242426,398917.611261342,-0.012549520728927338,9.999999747378752e-05,0,9.999999747378752e-05,-0.05517578125,0.039642333984375,-7.766723436608558e-07,5.517577985614253e-06,off
1781067369.2215111,2026-06-10T12:56:09.221,87930839411056,,1,cf_0V,frequency,frequency,124.70887085309788,4,4,0.0,0.1,124.70887085309788,0.099945068359375,124.70887085669347,0,Rp || Cp,Rp,Cp,400142.06549811276,5.1866195637425605e-11,5.1866195637425605e-11,400142.06549811276,400089.16622266866,400089.16622266866,1.0,400036.2739405742,-6505.417779982202,400089.16622266866,-0.016260636425925783,9.999999747378752e-06,0,9.999999747378752e-06,-0.29400634765625,0.26953125,-1.2237548518978514e-07,2.9400634022902494e-06,off
1781067369.6559465,2026-06-10T12:56:09.655,87930887006576,,1,cf_0V,frequency,frequency,139.2662945630255,5,5,0.0,0.1,139.2662945630255,0.099945068359375,139.26629449656502,0,Rp || Cp,Rp,Cp,398858.60472373565,4.7673183360895176e-11,4.7673183360895176e-11,398858.60472373565,1.78775810606375e-07,1.78775810606375e-07,1.0,398748.2129366579,-6634.646020713336,398803.40501053707,-0.016637150083930758,9.999999747378752e-06,0,9.999999747378752e-06,-0.302734375,0.330963134765625,1.4114379526253273e-07,3.3096312640479297e-06,off
1781067370.024112,2026-06-10T12:56:10.024,87930912811376,,1,cf_0V,frequency,frequency,155.52302469454662,6,6,0.0,0.1,155.52302469454662,0.099945068359375,155.52302464527656,0,Rp || Cp,Rp,Cp,399074.29067750147,5.115417471867722e-11,5.115417471867722e-11,399074.29067750147,1.7828965262774038e-07,1.7828965262774038e-07,1.0,398915.54578851524,-7957.751191831884,398994.91033818974,-0.019945815488319547,9.999999747378752e-06,0,9.999999747378752e-06,-0.3114013671875,0.356475830078125,2.2537230875974146e-07,3.564758210727881e-06,off
1781067370.430108,2026-06-10T12:56:10.430,87930935748976,,1,cf_0V,frequency,frequency,173.67742342849834,7,7,0.0,0.1,173.67742342849834,0.099945068359375,173.6774233762617,0,Rp || Cp,Rp,Cp,397780.70087451645,4.831837371332674e-11,4.831837371332674e-11,397780.70087451645,1.7927652395145825e-07,1.7927652395145825e-07,1.0,397605.79225650453,-8339.345276286114,397693.2369497371,-0.020970828198537204,9.999999747378752e-06,0,9.999999747378752e-06,-0.3114013671875,0.356475830078125,2.2537230875974146e-07,3.564758210727881e-06,off
1781067370.8376708,2026-06-10T12:56:10.837,87930959833456,,1,cf_0V,frequency,frequency,193.95100801315368,8,8,0.0,0.1,193.95100801315368,0.099945068359375,193.9510080006812,0,Rp || Cp,Rp,Cp,396216.7649686794,4.8708387827027415e-11,4.8708387827027415e-11,396216.7649686794,1.7965059842145656e-07,1.7965059842145656e-07,1.0,395997.7318820045,-9313.248924538106,396107.2332856626,-0.023514105357139933,9.999999747378752e-06,0,9.999999747378752e-06,-0.316070556640625,0.356475830078125,2.020263620838847e-07,3.564758210727881e-06,off
1781067371.2532294,2026-06-10T12:56:11.253,87930983917936,,1,cf_0V,frequency,frequency,216.59115368443398,9,9,0.0,0.1,216.59115368443398,0.099945068359375,216.5911537588272,0,Rp || Cp,Rp,Cp,397286.6713070463,5.129570748886929e-11,5.129570748886929e-11,397286.6713070463,1.7971255541152753e-07,1.7971255541152753e-07,1.0,396981.33300217416,-11009.705140683112,397133.9728095141,-0.027726451653117854,9.999999747378752e-06,0,9.999999747378752e-06,-0.3184814453125,0.356475830078125,1.8997191902903054e-07,3.564758210727881e-06,off
1781067371.7492447,2026-06-10T12:56:11.749,87931011156336,,1,cf_0V,frequency,frequency,241.8741121014056,10,10,0.0,0.1,241.8741121014056,0.099945068359375,241.87411220566446,0,Rp || Cp,Rp,Cp,395768.5128110586,5.099224280780988e-11,5.099224280780988e-11,395768.5128110586,1.8100666189914894e-07,1.8100666189914894e-07,1.0,395396.58202312735,-12126.836450500718,395582.50370544556,-0.03066044767847847,9.999999747378752e-06,0,9.999999747378752e-06,-0.32110595703125,0.3212890625,9.15527320621834e-10,3.212890543835556e-06,off
1781067372.1553884,2026-06-10T12:56:12.155,87931038394736,,1,cf_0V,frequency,frequency,270.1083821275558,11,11,0.0,0.1,270.1083821275558,0.099945068359375,270.1083821676775,0,Rp || Cp,Rp,Cp,395493.71635110106,5.00221427066471e-11,5.00221427066471e-11,395493.71635110106,1.803141822373559e-07,1.803141822373559e-07,1.0,395048.3782011861,-13263.864967460313,395270.98455776175,-0.033562684845558355,9.999999747378752e-06,0,9.999999747378752e-06,-0.32110595703125,0.3212890625,9.15527320621834e-10,3.212890543835556e-06,off
1781067372.5548933,2026-06-10T12:56:12.554,87931063626096,,1,cf_0V,frequency,frequency,301.6384740876191,12,12,0.0,0.1,301.6384740876191,0.099945068359375,301.6384739851219,0,Rp || Cp,Rp,Cp,396146.76552020723,5.0551964182478485e-11,5.0551964182478485e-11,396146.76552020723,1.7911181471440118e-07,1.7911181471440118e-07,1.0,395576.92614381155,-15013.837248029631,395861.7432971982,-0.03793607058432954,9.999999747378752e-06,0,9.999999747378752e-06,-0.32110595703125,0.3212890625,9.15527320621834e-10,3.212890543835556e-06,off
1781067372.972439,2026-06-10T12:56:12.972,87931086563696,,1,cf_0V,frequency,frequency,336.849113430846,13,13,0.0,0.1,336.849113430846,0.099945068359375,336.84911350917446,0,Rp || Cp,Rp,Cp,399405.5747346462,5.0529737059430364e-11,5.0529737059430364e-11,399405.5747346462,1.7986499100930426e-07,1.7986499100930426e-07,1.0,398678.1713241516,-17029.38229974702,399041.707283688,-0.04268865949931285,9.999999747378752e-06,0,9.999999747378752e-06,-0.32110595703125,0.299591064453125,-1.0757446017306549e-07,3.2110594891943123e-06,off
1781067373.3674996,2026-06-10T12:56:13.367,87931111795056,,1,cf_0V,frequency,frequency,376.169935093184,14,14,0.0,0.1,376.169935093184,0.099945068359375,376.1699350945946,0,Rp || Cp,Rp,Cp,396618.3867688429,5.050210373536992e-11,5.050210373536992e-11,396618.3867688429,1.7911984252855175e-07,1.7911984252855175e-07,1.0,395731.44911411696,-18734.703717394666,396174.66973714705,-0.047306642154519275,9.999999747378752e-06,0,9.999999747378752e-06,-0.311798095703125,0.31982421875,4.013061422059039e-08,3.1982421067056066e-06,off
1781067373.8123796,2026-06-10T12:56:13.812,87931140180336,,1,cf_0V,frequency,frequency,420.08072583827897,15,15,0.0,0.1,420.08072583827897,0.099945068359375,420.08072583143985,0,Rp || Cp,Rp,Cp,400285.02067597635,5.1021925349034936e-11,5.1021925349034936e-11,400285.02067597635,1.7938007249602806e-07,1.7938007249602806e-07,1.0,399125.21088189323,-21515.32776060612,399704.69510647736,-0.053854086682333685,9.999999747378752e-06,0,9.999999747378752e-06,-0.31622314453125,0.31982421875,1.8005370638896068e-08,3.1982421067056066e-06,off
1781067374.266048,2026-06-10T12:56:14.266,87931162831216,,1,cf_0V,frequency,frequency,469.11727854354143,16,16,0.0,0.1,469.11727854354143,0.099945068359375,469.11727856979724,0,Rp || Cp,Rp,Cp,399288.30062508374,5.060392045917638e-11,5.060392045917638e-11,399288.30062508374,1.7834543768116603e-07,1.7834543768116603e-07,1.0,397877.02138650883,-23696.319962998634,398582.0363829625,-0.0594866278527125,9.999999747378752e-06,0,9.999999747378752e-06,-0.31634521484375,0.31982421875,1.7395019091814845e-08,3.1982421067056066e-06,off
1781067374.6621397,2026-06-10T12:56:14.662,87931190069616,,1,cf_0V,frequency,frequency,523.8779298644155,17,17,0.0,0.1,523.8779298644155,0.099945068359375,523.877929836658,0,Rp || Cp,Rp,Cp,401726.23868795944,5.095954924282476e-11,5.095954924282476e-11,401726.23868795944,1.760988177720116e-07,1.760988177720116e-07,1.0,399910.32953872415,-26948.11359414745,400817.2557388891,-0.06728367284557092,9.999999747378752e-06,0,9.999999747378752e-06,-0.31781005859375,0.326080322265625,4.1351317314752833e-08,3.260803140281432e-06,off
1781067375.0789983,2026-06-10T12:56:15.078,87931215300976,,1,cf_0V,frequency,frequency,585.0308610484332,18,18,0.0,0.1,585.0308610484332,0.099945068359375,585.0308610888533,0,Rp || Cp,Rp,Cp,408651.29184055206,5.0938045761552416e-11,5.0938045761552416e-11,408651.29184055206,1.7494193361729183e-07,1.7494193361729183e-07,1.0,406272.67105622886,-31086.470038858468,407460.2457499867,-0.07636746635196157,9.999999747378752e-06,0,9.999999747378752e-06,-0.31781005859375,0.32757568359375,4.882812376649781e-08,3.275756753184922e-06,off
1781067375.4756267,2026-06-10T12:56:15.475,87931239385456,,1,cf_0V,frequency,frequency,653.3222509824973,19,19,0.0,0.1,653.3222509824973,0.099945068359375,653.3222509119696,0,Rp || Cp,Rp,Cp,399380.3910595588,5.070768932594149e-11,5.070768932594149e-11,399380.3910595588,1.7876713433527826e-07,1.7876713433527826e-07,1.0,396639.24964393995,-32973.3873640392,398007.4605235016,-0.08294121678486537,9.999999747378752e-06,0,9.999999747378752e-06,-0.3277587890625,0.32757568359375,-9.15527320621834e-10,3.2775878078261655e-06,off
1781067375.890074,2026-06-10T12:56:15.890,87931265476976,,1,cf_0V,frequency,frequency,729.585380955657,20,20,0.0,0.1,729.585380955657,0.099945068359375,729.5853809097252,0,Rp || Cp,Rp,Cp,398356.71329706296,5.073400776433064e-11,5.073400776433064e-11,398356.71329706296,1.8136574401937e-07,1.8136574401937e-07,1.0,394966.5940778668,-36592.12813603209,396658.03191035247,-0.09238242108907123,9.999999747378752e-06,0,9.999999747378752e-06,-0.3277587890625,0.332489013671875,2.3651122449397377e-08,3.3248900527249603e-06,off
1781067376.2756727,2026-06-10T12:56:16.275,87931286407536,,1,cf_0V,frequency,frequency,814.7508022323145,21,21,0.0,0.1,814.7508022323145,0.099945068359375,814.7508022915417,0,Rp || Cp,Rp,Cp,400883.2633309065,5.081860357212718e-11,5.081860357212718e-11,400883.2633309065,1.8027007868366579e-07,1.8027007868366579e-07,1.0,396569.95560596883,-41358.533013072425,398720.7769132599,-0.10391497781930717,9.999999747378752e-06,0,9.999999747378752e-06,-0.3277587890625,0.332489013671875,2.3651122449397377e-08,3.3248900527249603e-06,off
1781067376.7352674,2026-06-10T12:56:16.735,87931312499056,,1,cf_0V,frequency,frequency,909.8576904990725,22,22,0.0,0.1,909.8576904990725,0.099945068359375,909.8576904165157,0,Rp || Cp,Rp,Cp,394087.68707009713,5.0639120210493705e-11,5.0639120210493705e-11,394087.68707009713,1.8313336699869672e-07,1.8313336699869672e-07,1.0,389024.2963834371,-44382.22616309758,391547.8070118905,-0.11359486402632656,9.999999747378752e-06,0,9.999999747378752e-06,-0.3277587890625,0.332489013671875,2.3651122449397377e-08,3.3248900527249603e-06,off
1781067377.1243653,2026-06-10T12:56:17.124,87931337730416,,1,cf_0V,frequency,frequency,1016.0665257304771,23,23,0.0,0.1,1016.0665257304771,0.099945068359375,1016.0665256364609,0,Rp || Cp,Rp,Cp,399697.19351855654,5.073054011701802e-11,5.073054011701802e-11,399697.19351855654,1.8011754813336722e-07,1.8011754813336722e-07,1.0,393109.7185945781,-50888.11662474827,396389.77190023754,-0.12873426559664897,9.999999747378752e-06,0,9.999999747378752e-06,-0.30816650390625,0.309295654296875,5.645751810501309e-09,3.0929564648340957e-06,off
1781067377.52569,2026-06-10T12:56:17.525,87931360668016,,1,cf_0V,frequency,frequency,1134.6732521914685,24,24,0.0,0.1,1134.6732521914685,0.099945068359375,1134.67325220995,0,Rp || Cp,Rp,Cp,397285.6201901157,5.068903522089372e-11,5.068903522089372e-11,397285.6201901157,1.7836236228808396e-07,1.7836236228808396e-07,1.0,389261.8776124733,-55886.824039770254,393253.2853818775,-0.14259683393151576,9.999999747378752e-06,0,9.999999747378752e-06,-0.319183349609375,0.309295654296875,-4.9438475313579033e-08,3.1918334154612538e-06,off
1781067378.0311267,2026-06-10T12:56:18.031,87931385899376,,1,cf_0V,frequency,frequency,1267.1250913547792,25,25,0.0,0.1,1267.1250913547792,0.099945068359375,1267.1250913598442,0,Rp || Cp,Rp,Cp,398000.1333911711,5.069683526824088e-11,5.069683526824088e-11,398000.1333911711,1.8166792905955067e-07,1.8166792905955067e-07,1.0,387987.5837950882,-62327.72196553224,392961.97030318755,-0.1592827335740538,9.999999747378752e-06,0,9.999999747378752e-06,-0.319183349609375,0.32916259765625,4.989623897388995e-08,3.2916258934090337e-06,off
1781067378.3800664,2026-06-10T12:56:18.380,87931414858096,,1,cf_0V,frequency,frequency,1415.0382006801042,26,26,0.0,0.1,1415.0382006801042,0.099945068359375,1415.0382007471762,0,Rp || Cp,Rp,Cp,400025.1008201805,5.058563337357056e-11,5.058563337357056e-11,400025.1008201805,1.8204610091011118e-07,1.8204610091011118e-07,1.0,387482.795727368,-69713.17983156846,393704.00610982586,-0.17800863630182961,9.999999747378752e-06,0,9.999999747378752e-06,-0.32098388671875,0.32916259765625,4.0893553654441916e-08,3.2916258934090337e-06,off
1781067378.7976034,2026-06-10T12:56:18.797,87931438082416,,1,cf_0V,frequency,frequency,1580.2173937248301,27,27,0.0,0.1,1580.2173937248301,0.099945068359375,1580.217393737371,0,Rp || Cp,Rp,Cp,400938.6561067586,5.060769043237323e-11,5.060769043237323e-11,400938.6561067586,1.8189786261233963e-07,1.8189786261233963e-07,1.0,385300.6267338257,-77623.07980409576,393041.87496976944,-0.19880004745996085,9.999999747378752e-06,0,9.999999747378752e-06,-0.335235595703125,0.32916259765625,-3.0364989467290826e-08,3.3523558723436153e-06,off
1781067379.1839426,2026-06-10T12:56:19.183,87931461306736,,1,cf_0V,frequency,frequency,1764.6781622081528,28,28,0.0,0.1,1764.6781622081528,0.099945068359375,1764.6781621039054,0,Rp || Cp,Rp,Cp,398567.27387443685,5.06248206332916e-11,5.06248206332916e-11,398567.27387443685,1.8238156744011677e-07,1.8238156744011677e-07,1.0,379569.09922087914,-84918.31392633646,388952.20930525823,-0.22009858410672212,9.999999747378752e-06,0,9.999999747378752e-06,-0.335235595703125,0.32916259765625,-3.0364989467290826e-08,3.3523558723436153e-06,off
1781067379.5975354,2026-06-10T12:56:19.597,87931486538096,,1,cf_0V,frequency,frequency,1970.6712687384897,29,29,0.0,0.1,1970.6712687384897,0.099945068359375,1970.6712688360994,0,Rp || Cp,Rp,Cp,393825.587006672,5.048167393045796e-11,5.048167393045796e-11,393825.587006672,1.850036776623731e-07,1.850036776623731e-07,1.0,371323.83732929605,-91408.07424306936,382409.2417891858,-0.24136890649727688,9.999999747378752e-06,0,9.999999747378752e-06,-0.335235595703125,0.315673828125,-9.780883541976593e-08,3.3523558723436153e-06,off
1781067379.9870818,2026-06-10T12:56:19.987,87931509475696,,1,cf_0V,frequency,frequency,2200.7102102809863,30,30,0.0,0.1,2200.7102102809863,0.099945068359375,2200.7102103316356,0,Rp || Cp,Rp,Cp,398338.9325905642,5.0482973960951635e-11,5.0482973960951635e-11,398338.9325905642,1.8751104578566805e-07,1.8751104578566805e-07,1.0,369750.5457275467,-102813.28534810535,383778.6311272287,-0.27120996318064394,9.999999747378752e-06,0,9.999999747378752e-06,-0.330810546875,0.3238525390625,-3.479003818362969e-08,3.3081053851802267e-06,off
1781067380.3990445,2026-06-10T12:56:20.399,87931533560176,,1,cf_0V,frequency,frequency,2457.6018874701913,31,31,0.0,0.1,2457.6018874701913,0.099945068359375,2457.6018875421823,0,Rp || Cp,Rp,Cp,394789.40444826195,5.043272932821001e-11,5.043272932821001e-11,394789.40444826195,1.869046710522323e-07,1.869046710522323e-07,1.0,360695.30593052215,-110894.4601649762,377357.50292738905,-0.2982742427775386,9.999999747378752e-06,0,9.999999747378752e-06,-0.330810546875,0.3238525390625,-3.479003818362969e-08,3.3081053851802267e-06,off
1781067380.78894,2026-06-10T12:56:20.788,87931558791536,,1,cf_0V,frequency,frequency,2744.480853990254,32,32,0.0,0.1,2744.480853990254,0.099945068359375,2744.480853991149,0,Rp || Cp,Rp,Cp,394681.7129546182,5.0423389804280005e-11,5.0423389804280005e-11,394681.7129546182,1.9329887186007426e-07,1.9329887186007426e-07,1.0,353097.12394283403,-121175.0749139681,373310.83257401857,-0.3305842061956412,9.999999747378752e-06,0,9.999999747378752e-06,-0.3460693359375,0.3238525390625,-1.1108398156878252e-07,3.4606932719505323e-06,off
1781067381.2490792,2026-06-10T12:56:21.249,87931580008816,,1,cf_0V,frequency,frequency,3064.8475639284966,33,33,0.0,0.1,3064.8475639284966,0.099945068359375,3064.8475640049355,0,Rp || Cp,Rp,Cp,390221.48970157566,5.039720440043015e-11,5.039720440043015e-11,390221.48970157566,1.9367362781388396e-07,1.9367362781388396e-07,1.0,341275.4261506568,-129244.29850765939,364928.7672834924,-0.3620189964057974,9.999999747378752e-06,0,9.999999747378752e-06,-0.3460693359375,0.3238525390625,-1.1108398156878252e-07,3.4606932719505323e-06,off
1781067381.6954458,2026-06-10T12:56:21.695,87931610687856,,1,cf_0V,frequency,frequency,3422.6110837907077,34,34,0.0,0.1,3422.6110837907077,0.099945068359375,3422.6110837209944,0,Rp || Cp,Rp,Cp,390076.9613681636,5.048394176626043e-11,5.048394176626043e-11,390076.9613681636,1.977550599441834e-07,1.977550599441834e-07,1.0,330758.14170243,-140072.06202744215,359195.1153106962,-0.4005891657191376,9.999999747378752e-06,0,9.999999747378752e-06,-0.3460693359375,0.333831787109375,-6.118774259489257e-08,3.4606932719505323e-06,off
1781067382.0455155,2026-06-10T12:56:22.045,87931634772336,,1,cf_0V,frequency,frequency,3822.1367903439054,35,35,0.0,0.1,3822.1367903439054,0.099945068359375,3822.136790319064,0,Rp || Cp,Rp,Cp,392231.5413030376,5.0441558514443576e-11,5.0441558514443576e-11,392231.5413030376,2.0143904130047472e-07,2.0143904130047472e-07,1.0,319992.22361179173,-152039.53400422013,354275.37745691463,-0.44355855206436445,9.999999747378752e-06,0,9.999999747378752e-06,-0.326568603515625,0.333831787109375,3.631591705133275e-08,3.338317786760747e-06,off
1781067382.4977746,2026-06-10T12:56:22.497,87931656849776,,1,cf_0V,frequency,frequency,4268.299636288371,36,36,0.0,0.1,4268.299636288371,0.099945068359375,4268.299636294159,0,Rp || Cp,Rp,Cp,394957.73802819214,5.0378463216939576e-11,5.0378463216939576e-11,394957.73802819214,2.0652075690561866e-07,2.0652075690561866e-07,1.0,307420.4050626929,-164045.00101606754,348450.95466546185,-0.49017877268561877,9.999999747378752e-06,0,9.999999747378752e-06,-0.3267822265625,0.333831787109375,3.524780184394061e-08,3.338317786760747e-06,off
1781067382.9099557,2026-06-10T12:56:22.909,87931685235056,,1,cf_0V,frequency,frequency,4766.543633698721,37,37,0.0,0.1,4766.543633698721,0.099945068359375,4766.543633607512,0,Rp || Cp,Rp,Cp,391884.88131066796,5.021457462183524e-11,5.021457462183524e-11,391884.88131066796,2.1035105269384138e-07,2.1035105269384138e-07,1.0,290860.15062207385,-171417.81816555394,337614.7147334287,-0.5325502522664255,9.999999747378752e-06,0,9.999999747378752e-06,-0.3267822265625,0.333831787109375,3.524780184394061e-08,3.338317786760747e-06,off
1781067383.3018312,2026-06-10T12:56:23.301,87931709892976,,1,cf_0V,frequency,frequency,5322.948281042111,38,38,0.0,0.1,5322.948281042111,0.099945068359375,5322.948280976902,0,Rp || Cp,Rp,Cp,396195.9137672188,5.023372557329901e-11,5.023372557329901e-11,396195.9137672188,2.162917559828704e-07,2.162917559828704e-07,1.0,274550.2107477585,-182750.7958958102,329811.56987314846,-0.5872894621623148,9.999999747378752e-06,0,9.999999747378752e-06,-1.0,0.999969482421875,-1.5258788677030566e-10,9.999999747378752e-06,off
1781067383.6903093,2026-06-10T12:56:23.690,87931731110256,,1,cf_0V,frequency,frequency,5944.302744305904,39,39,0.0,0.1,5944.302744305904,0.099945068359375,5944.302744325114,0,Rp || Cp,Rp,Cp,395013.9416724745,5.028259224626959e-11,5.028259224626959e-11,395013.9416724745,2.241210174390883e-07,2.241210174390883e-07,1.0,254793.758972797,-189016.47397489773,317249.2506616697,-0.6382589094267416,9.999999747378752e-06,0,9.999999747378752e-06,-1.0,0.999969482421875,-1.5258788677030566e-10,9.999999747378752e-06,off
1781067384.5992098,2026-06-10T12:56:24.599,87931785300336,,1,cf_0V,frequency,frequency,6638.188697382001,40,40,0.0,0.1,6638.188697382001,0.099945068359375,6638.188697394298,0,Rp || Cp,Rp,Cp,394065.597841513,5.033521327066344e-11,5.033521327066344e-11,394065.597841513,2.3512884071890404e-07,2.3512884071890404e-07,1.0,233943.60807283147,-193544.6098921031,303626.625605234,-0.6911748116729726,9.999999747378752e-05,0,9.999999747378752e-05,-0.032867431640625,0.032989501953125,6.103515470812226e-09,3.2989501119740083e-06,off
1781067385.4889736,2026-06-10T12:56:25.488,87931840637296,,1,cf_0V,frequency,frequency,7413.07283251361,41,41,0.0,0.1,7413.07283251361,0.099945068359375,7413.072832491707,0,Rp || Cp,Rp,Cp,395365.83427891374,5.0255091797606824e-11,5.0255091797606824e-11,395365.83427891374,2.468333114627639e-07,2.468333114627639e-07,1.0,212965.88231599907,-197091.2649108985,290171.3868299387,-0.7467043029182667,9.999999747378752e-06,0,9.999999747378752e-06,-0.32684326171875,0.279876708984375,-2.348327577395004e-07,3.268432534619947e-06,off
1781067385.9622738,2026-06-10T12:56:25.962,87931866155376,,1,cf_0V,frequency,frequency,8278.410169603068,42,42,0.0,0.1,8278.410169603068,0.099945068359375,8278.410169637595,0,Rp || Cp,Rp,Cp,389047.192419923,5.0223856768272924e-11,5.0223856768272924e-11,389047.192419923,2.6119322784006454e-07,2.6119322784006454e-07,1.0,191370.98487139583,-194498.04761026293,272859.5689633261,-0.7935019344254097,9.999999747378752e-06,0,9.999999747378752e-06,-0.32684326171875,0.28826904296875,-1.9287108887766635e-07,3.268432534619947e-06,off
1781067386.411431,2026-06-10T12:56:26.411,87931891960176,,1,cf_0V,frequency,frequency,9244.759424945483,43,43,0.0,0.1,9244.759424945483,0.099945068359375,9244.759424973381,0,Rp || Cp,Rp,Cp,394468.3212868429,5.0169766726476336e-11,5.0169766726476336e-11,394468.3212868429,2.775171340536706e-07,2.775171340536706e-07,1.0,169921.31876869692,-195333.8751815498,258898.77822333266,-0.8548610240600049,9.999999747378752e-06,0,9.999999747378752e-06,-0.32684326171875,0.299713134765625,-1.3565063133880173e-07,3.268432534619947e-06,off
1781067386.813829,2026-06-10T12:56:26.813,87931920345456,,1,cf_0V,frequency,frequency,10323.911847100022,44,44,0.0,0.1,10323.911847100022,0.099945068359375,10323.911847009982,0,Rp || Cp,Rp,Cp,389957.7555700094,5.0131206061555147e-11,5.0131206061555147e-11,389957.7555700094,2.9629884428446936e-07,2.9629884428446936e-07,1.0,149520.7715699096,-189605.70498177773,241467.9781927575,-0.9030528001650441,9.999999747378752e-06,0,9.999999747378752e-06,-0.32684326171875,0.338043212890625,5.5999754444702177e-08,3.3804320435093516e-06,off
1781067387.2186716,2026-06-10T12:56:27.218,87931944429936,,1,cf_0V,frequency,frequency,11529.035091934857,45,45,0.0,0.1,11529.035091934857,0.099945068359375,11529.035091939477,0,Rp || Cp,Rp,Cp,389606.2720484026,5.0111384130145754e-11,5.0111384130145754e-11,389606.2720484026,3.1900976723194176e-07,3.1900976723194176e-07,1.0,129860.71548808385,-183659.31454672682,224932.3214810415,-0.955338511376018,9.999999747378752e-06,0,9.999999747378752e-06,-0.325714111328125,0.338043212890625,6.164550625520349e-08,3.3804320435093516e-06,off
1781067387.6191013,2026-06-10T12:56:27.619,87931966220656,,1,cf_0V,frequency,frequency,12874.833892387638,46,46,0.0,0.1,12874.833892387638,0.099945068359375,12874.83389234012,0,Rp || Cp,Rp,Cp,387786.120954512,5.0073921240170905e-11,5.0073921240170905e-11,387786.120954512,3.442462924657698e-07,3.442462924657698e-07,1.0,111835.6757956093,-175673.2891490482,208250.62521180033,-1.0038905477541484,9.999999747378752e-06,0,9.999999747378752e-06,-0.325714111328125,0.338043212890625,6.164550625520349e-08,3.3804320435093516e-06,off
1781067388.03246,2026-06-10T12:56:28.032,87931992598896,,1,cf_0V,frequency,frequency,14377.729483409405,47,47,0.0,0.1,14377.729483409405,0.099945068359375,14377.729483356916,0,Rp || Cp,Rp,Cp,384319.8034455234,5.004321675911491e-11,5.004321675911491e-11,384319.8034455234,3.735965197671356e-07,3.735965197671356e-07,1.0,95633.46899433884,-166156.78022526402,191712.8999486416,-1.0485400617364997,9.999999747378752e-06,0,9.999999747378752e-06,-0.332672119140625,0.332550048828125,-6.103515470812226e-10,3.326721107366204e-06,off
1781067388.4988737,2026-06-10T12:56:28.498,87932016683376,,1,cf_0V,frequency,frequency,16056.059971408577,48,48,0.0,0.1,16056.059971408577,0.099945068359375,16056.059971489845,0,Rp || Cp,Rp,Cp,384266.4829815918,5.001122139133019e-11,5.001122139133019e-11,384266.4829815918,4.067422532162895e-07,4.067422532162895e-07,1.0,80750.3108871296,-156553.5858928161,176152.31467189817,-1.0945889062719834,9.999999747378752e-06,0,9.999999747378752e-06,-0.338897705078125,0.332550048828125,-3.173828044822358e-08,3.3889769651684887e-06,off
1781067388.99825,2026-06-10T12:56:28.998,87932045642096,,1,cf_0V,frequency,frequency,17930.304093072773,49,49,0.0,0.1,17930.304093072773,0.099945068359375,17930.304093098926,0,Rp || Cp,Rp,Cp,383144.8251287347,4.9981687611301074e-11,4.9981687611301074e-11,383144.8251287347,4.4488006643279474e-07,4.4488006643279474e-07,1.0,67758.02076685266,-146184.76541535955,161124.5947016933,-1.1367649035234288,9.999999747378752e-06,0,9.999999747378752e-06,-0.338897705078125,0.332550048828125,-3.173828044822358e-08,3.3889769651684887e-06,off
1781067389.4074123,2026-06-10T12:56:29.407,87932075747696,,1,cf_0V,frequency,frequency,20023.331093839864,50,50,0.0,0.1,20023.331093839864,0.099945068359375,20023.331093881323,0,Rp || Cp,Rp,Cp,383243.633862651,4.995758581829881e-11,4.995758581829881e-11,383243.633862651,4.884421552101319e-07,4.884421552101319e-07,1.0,56341.9615829454,-135713.96929197738,146944.54088532136,-1.1772962792940282,9.999999747378752e-06,0,9.999999747378752e-06,-0.338897705078125,0.332550048828125,-3.173828044822358e-08,3.3889769651684887e-06,off
1781067389.8067138,2026-06-10T12:56:29.806,87932098111856,,1,cf_0V,frequency,frequency,22360.679774997894,51,51,0.0,0.1,22360.679774997894,0.099945068359375,22360.6797749909,0,Rp || Cp,Rp,Cp,382038.43051535275,4.991652166209243e-11,4.991652166209243e-11,382038.43051535275,5.365180686883432e-07,5.365180686883432e-07,1.0,46712.64657288949,-125155.72233054863,133589.01969071064,-1.2135728951706142,9.999999747378752e-06,0,9.999999747378752e-06,-0.338897705078125,0.3299560546875,-4.470825082369956e-08,3.3889769651684887e-06,off
1781067390.2131743,2026-06-10T12:56:30.213,87932122196336,,1,cf_0V,frequency,frequency,24970.870114304947,52,52,0.0,0.1,24970.870114304947,0.099945068359375,24970.87011427368,0,Rp || Cp,Rp,Cp,383615.31089460914,4.9884003566326386e-11,4.9884003566326386e-11,383615.31089460914,5.916533438628844e-07,5.916533438628844e-07,1.0,38305.99430542637,-115010.50697599722,121221.96960371196,-1.249287136872757,9.999999747378752e-06,0,9.999999747378752e-06,-0.36212158203125,0.338531494140625,-1.1795043647344627e-07,3.621215728832894e-06,off
1781067390.6403883,2026-06-10T12:56:30.640,87932146854256,,1,cf_0V,frequency,frequency,27885.751262476904,53,53,0.0,0.1,27885.751262476904,0.099945068359375,27885.751262459737,0,Rp || Cp,Rp,Cp,379669.23842773016,4.9836718579492504e-11,4.9836718579492504e-11,379669.23842773016,6.538811666321021e-07,6.538811666321021e-07,1.0,31663.05564200229,-104971.13474334418,109642.54749819457,-1.2778394448439871,9.999999747378752e-06,0,9.999999747378752e-06,-0.381072998046875,0.364654541015625,-8.209228308242444e-08,3.8107298842016135e-06,off
1781067391.0326114,2026-06-10T12:56:31.032,87932173519216,,1,cf_0V,frequency,frequency,31140.89016174344,54,54,0.0,0.1,31140.89016174344,0.099945068359375,31140.890161793777,0,Rp || Cp,Rp,Cp,375702.98545766034,4.982218678035219e-11,4.982218678035219e-11,375702.98545766034,7.252792494289984e-07,7.252792494289984e-07,1.0,26065.236512773186,-95464.08026080855,98958.51239033912,-1.3042559140188428,9.999999747378752e-06,0,9.999999747378752e-06,-0.381072998046875,0.388763427734375,3.8452147466117026e-08,3.8876341791338476e-06,off
1781067391.3939755,2026-06-10T12:56:31.393,87932195023216,,1,cf_0V,frequency,frequency,34776.005528338435,55,55,0.0,0.1,34776.005528338435,0.099945068359375,34776.005528271984,0,Rp || Cp,Rp,Cp,367910.8278111616,4.980238695956254e-11,4.980238695956254e-11,367910.8278111616,8.038120306169174e-07,8.038120306169174e-07,1.0,21605.04422602113,-86498.27611047437,89155.64876154618,-1.3260301217707127,9.999999747378752e-06,0,9.999999747378752e-06,-0.381072998046875,0.388763427734375,3.8452147466117026e-08,3.8876341791338476e-06,off
1781067391.8202894,2026-06-10T12:56:31.820,87932217387376,,1,cf_0V,frequency,frequency,38835.452494313686,56,56,0.0,0.1,38835.452494313686,0.099945068359375,38835.45249436793,0,Rp || Cp,Rp,Cp,366090.90915536735,4.97724707415728e-11,4.97724707415728e-11,366090.90915536735,8.934143728748733e-07,8.934143728748733e-07,1.0,17627.256320542096,-78373.83572922701,80331.67676764846,-1.3495651577182912,9.999999747378752e-06,0,9.999999747378752e-06,-0.39581298828125,0.392059326171875,-1.8768310072747596e-08,3.958129782821729e-06,off
1781067392.1892445,2026-06-10T12:56:32.189,87932242618736,,1,cf_0V,frequency,frequency,43368.76382220184,57,57,0.0,0.1,43368.76382220184,0.099945068359375,43368.763822186906,0,Rp || Cp,Rp,Cp,357385.6337954875,4.971880768789696e-11,4.971880768789696e-11,357385.6337954875,9.937372261034787e-07,9.937372261034787e-07,1.0,14620.661395313844,-70791.59978159156,72285.64407455643,-1.3671288984607315,9.999999747378752e-06,0,9.999999747378752e-06,-0.39581298828125,0.394073486328125,-8.697509545907423e-09,3.958129782821729e-06,off
1781067392.6000745,2026-06-10T12:56:32.600,87932265556336,,1,cf_0V,frequency,frequency,48431.254296349834,58,58,0.0,0.1,48431.254296349834,0.099945068359375,48431.25429637496,0,Rp || Cp,Rp,Cp,352451.12906062225,4.9659156473241793e-11,4.9659156473241793e-11,352451.12906062225,1.105158236004188e-06,1.105158236004188e-06,1.0,12001.758312707783,-63921.757371257525,65038.70592213968,-1.3852001028518226,9.999999747378752e-06,0,9.999999747378752e-06,-0.42919921875,0.399444580078125,-1.4877318960104802e-07,4.2919920790751576e-06,off
1781067393.5441234,2026-06-10T12:56:33.544,87932324620656,,1,cf_0V,frequency,frequency,54084.69566561462,59,59,0.0,0.1,54084.69566561462,0.099945068359375,54084.69566560825,0,Rp || Cp,Rp,Cp,366745.9541325031,4.9684266702430296e-11,4.9684266702430296e-11,366745.9541325031,1.2234471387227915e-06,1.2234471387227915e-06,1.0,9321.949949629197,-57722.51447909045,58470.397883477744,-1.4106828362643562,9.999999747378752e-05,0,9.999999747378752e-05,-0.04571533203125,0.044158935546875,-7.781982225285589e-08,4.5715330876383575e-06,off
1781067393.9418194,2026-06-10T12:56:33.941,87932346984816,,1,cf_0V,frequency,frequency,60398.07037297046,60,60,0.0,0.1,60398.07037297046,0.099945068359375,60398.070372897906,0,Rp || Cp,Rp,Cp,360376.5141884856,4.965992467894793e-11,4.965992467894793e-11,360376.5141884856,1.3626895371597597e-06,1.3626895371597597e-06,1.0,7647.3407693496665,-51936.886587734225,52496.8761858239,-1.424603838018158,9.999999747378752e-05,0,9.999999747378752e-05,-0.04901123046875,0.048614501953125,-1.9836425280139736e-08,4.901122923062218e-06,off
1781067394.347274,2026-06-10T12:56:34.347,87932369922416,,1,cf_0V,frequency,frequency,67448.41326892251,61,61,0.0,0.1,67448.41326892251,0.099945068359375,67448.4132688491,0,Rp || Cp,Rp,Cp,355118.5928362519,4.964470850137846e-11,4.964470850137846e-11,355118.5928362519,1.5182093852582283e-06,1.5182093852582283e-06,1.0,6249.800554654245,-46694.32911503372,47110.72466515498,-1.4377421394946452,9.999999747378752e-05,0,9.999999747378752e-05,-0.05145263671875,0.048614501953125,-1.4190673469638426e-07,5.145263541894707e-06,off
1781067394.7614446,2026-06-10T12:56:34.761,87932395153776,,1,cf_0V,frequency,frequency,75321.75157919075,62,62,0.0,0.1,75321.75157919075,0.099945068359375,75321.7515791249,0,Rp || Cp,Rp,Cp,352501.5475242581,4.96419137862945e-11,4.96419137862945e-11,352501.5475242581,1.6916060767430902e-06,1.6916060767430902e-06,1.0,5065.878350474408,-41953.15047347528,42257.89817432789,-1.450627280794625,9.999999747378752e-05,0,9.999999747378752e-05,-0.052642822265625,0.048614501953125,-2.0141601053680347e-07,5.264282093575545e-06,off
1781067395.1285932,2026-06-10T12:56:35.128,87932419238256,,1,cf_0V,frequency,frequency,84114.1545960043,63,63,0.0,0.1,84114.1545960043,0.099945068359375,84114.15459598004,0,Rp || Cp,Rp,Cp,350031.57445806847,4.96173099748549e-11,4.96173099748549e-11,350031.57445806847,1.8855633710914078e-06,1.8855633710914078e-06,1.0,4105.8593568466,-37687.164049875166,37910.16242619395,-1.4622784863176608,9.999999747378752e-05,0,9.999999747378752e-05,-0.057098388671875,0.053131103515625,-1.9836425280139736e-07,5.709838722944838e-06,off
1781067395.5020618,2026-06-10T12:56:35.502,87932441602416,,1,cf_0V,frequency,frequency,93932.9059011844,64,64,0.0,0.1,93932.9059011844,0.099945068359375,93932.90590111291,0,Rp || Cp,Rp,Cp,341699.2793610065,4.9588993451698375e-11,4.9588993451698375e-11,341699.2793610065,2.1026818445697665e-06,2.1026818445697665e-06,1.0,3382.7449852834284,-33829.55157991229,33998.257657318354,-1.471133825491326,9.999999747378752e-05,0,9.999999747378752e-05,-0.059326171875,0.05712890625,-1.0986327847462007e-07,5.932617037629484e-06,off
1781067395.9267776,2026-06-10T12:56:35.926,87932464253296,,1,cf_0V,frequency,frequency,104897.8124243061,65,65,0.0,0.1,104897.8124243061,0.099945068359375,104897.81242434049,0,Rp || Cp,Rp,Cp,332064.8571077802,4.9551456854630265e-11,4.9551456854630265e-11,332064.8571077802,2.3452488595716044e-06,2.3452488595716044e-06,1.0,2799.591283424253,-30361.293914064936,30490.094776672333,-1.478847117409294,9.999999747378752e-05,0,9.999999747378752e-05,-0.061248779296875,0.0601806640625,-5.340576036960698e-08,6.124877774960069e-06,off
1781067396.3070707,2026-06-10T12:56:36.307,87932488624496,,1,cf_0V,frequency,frequency,117142.66630887002,66,66,0.0,0.1,117142.66630887002,0.099945068359375,117142.66630889369,0,Rp || Cp,Rp,Cp,322613.68558094767,4.952296009486401e-11,4.952296009486401e-11,322613.68558094767,2.61592529473307e-06,2.61592529473307e-06,1.0,2316.2463913172323,-27237.61714377989,27335.924806313436,-1.4859619181442785,9.999999747378752e-05,0,9.999999747378752e-05,-0.063995361328125,0.06201171875,-9.918212640069868e-08,6.399535971146619e-06,off
1781067396.7595146,2026-06-10T12:56:36.759,87932513855856,,1,cf_0V,frequency,frequency,130816.87742395303,67,67,0.0,0.1,130816.87742395303,0.099945068359375,130816.87742399595,0,Rp || Cp,Rp,Cp,312764.7267270305,4.9499345647739205e-11,4.9499345647739205e-11,312764.7267270305,2.9182664681040194e-06,2.9182664681040194e-06,1.0,1919.650856959504,-24427.73047738213,24503.042172110978,-1.4923725952215554,9.999999747378752e-05,0,9.999999747378752e-05,-0.070648193359375,0.065826416015625,-2.4108886109708294e-07,7.064819157465152e-06,off
1781067397.260046,2026-06-10T12:56:37.260,87932542814576,,1,cf_0V,frequency,frequency,146087.29644100412,68,68,0.0,0.1,146087.29644100412,0.099945068359375,146087.29644095319,0,Rp || Cp,Rp,Cp,298452.09636939317,4.947554816501482e-11,4.947554816501482e-11,298452.09636939317,3.2566099942094356e-06,3.2566099942094356e-06,1.0,1615.8527793733715,-21900.768690246572,21960.297116120568,-1.4971491260127623,9.999999747378752e-05,0,9.999999747378752e-05,-0.074188232421875,0.069091796875,-2.5482177090641045e-07,7.418823054772261e-06,off
1781067397.6602764,2026-06-10T12:56:37.660,87932571199856,,1,cf_0V,frequency,frequency,163140.25072069294,69,69,0.0,0.1,163140.25072069294,0.099945068359375,163140.25072077243,0,Rp || Cp,Rp,Cp,287211.18834111985,4.9457280532411515e-11,4.9457280532411515e-11,287211.18834111985,3.633940858302827e-06,3.633940858302827e-06,1.0,1348.3805979215106,-19632.92804520751,19679.176656180178,-1.5022244599389045,9.999999747378752e-05,0,9.999999747378752e-05,-0.076416015625,0.07537841796875,-5.1879881501903924e-08,7.641601369456907e-06,off
1781067398.062613,2026-06-10T12:56:38.062,87932592703856,,1,cf_0V,frequency,frequency,182183.81785139444,70,70,0.0,0.1,182183.81785139444,0.099945068359375,182183.81785146677,0,Rp || Cp,Rp,Cp,272959.3643472517,4.9439233671881164e-11,4.9439233671881164e-11,272959.3643472517,4.055505261013962e-06,4.055505261013962e-06,1.0,1139.1031004173155,-17596.34343670621,17633.17493294654,-1.5061513111993485,9.999999747378752e-05,0,9.999999747378752e-05,-0.084381103515625,0.080047607421875,-2.1667479921383404e-07,8.438110138397903e-06,off
1781067398.523894,2026-06-10T12:56:38.523,87932618221936,,1,cf_0V,frequency,frequency,203450.36458068906,71,71,0.0,0.1,203450.36458068906,0.099945068359375,203450.36458074616,0,Rp || Cp,Rp,Cp,259237.40066112517,4.942283264026116e-11,4.942283264026116e-11,259237.40066112517,4.5267599207582435e-06,4.5267599207582435e-06,1.0,962.8405368603517,-15769.502722895808,15798.869517368636,-1.5098149032326458,9.999999747378752e-05,0,9.999999747378752e-05,-0.088348388671875,0.088165283203125,-9.15527320621834e-09,8.834838644000698e-06,off
1781067398.9150498,2026-06-10T12:56:38.915,87932646320496,,1,cf_0V,frequency,frequency,227199.38211953812,72,72,0.0,0.1,227199.38211953812,0.099945068359375,227199.38211963608,0,Rp || Cp,Rp,Cp,242224.2513802409,4.9415028875213797e-11,4.9415028875213797e-11,242224.2513802409,5.0533715159528035e-06,5.0533715159528035e-06,1.0,826.809168413298,-14127.618994446953,14151.792531450943,-1.5123386958760052,9.999999747378752e-05,0,9.999999747378752e-05,-0.092559814453125,0.09405517578125,7.476806451744977e-08,9.40551734052164e-06,off
1781067399.3174815,2026-06-10T12:56:39.317,87932670404976,,1,cf_0V,frequency,frequency,253720.6524150888,73,73,0.0,0.1,253720.6524150888,0.099945068359375,253720.65241505482,0,Rp || Cp,Rp,Cp,224709.9600233239,4.9408808555346404e-11,4.9408808555346404e-11,224709.9600233239,5.642144146174508e-06,5.642144146174508e-06,1.0,715.012179398374,-12655.398683254127,12675.581179922217,-1.514357738291195,9.999999747378752e-05,0,9.999999747378752e-05,-0.1019287109375,0.0968017578125,-2.563476497741135e-07,1.0192870836256418e-05,off
1781067399.723328,2026-06-10T12:56:39.723,87932694489456,,1,cf_0V,frequency,frequency,283337.78402649175,74,74,0.0,0.1,283337.78402649175,0.099945068359375,283337.7840264717,0,Rp || Cp,Rp,Cp,207696.51892713338,4.9409888246491984e-11,4.9409888246491984e-11,207696.51892713338,6.300922908766406e-06,6.300922908766406e-06,1.0,620.4047376097403,-11334.504942387031,11351.47146089196,-1.5161149560665732,9.999999747378752e-05,0,9.999999747378752e-05,-0.10906982421875,0.109832763671875,3.8146971692576415e-08,1.0983276089726601e-05,off
1781067400.1716886,2026-06-10T12:56:40.171,87932720580976,,1,cf_0V,frequency,frequency,316412.1607479698,75,75,0.0,0.1,316412.1607479698,0.099945068359375,316412.1607480297,0,Rp || Cp,Rp,Cp,188181.50147262486,4.9419671450179665e-11,4.9419671450179665e-11,188181.50147262486,7.03815242672992e-06,7.03815242672992e-06,1.0,548.8942448014925,-10148.421465649284,10163.25455434564,-1.5167623132177754,9.999999747378752e-05,0,9.999999747378752e-05,-0.117156982421875,0.116455078125,-3.50952139571703e-08,1.1715697946224068e-05,off
1781067400.5838788,2026-06-10T12:56:40.583,87932744378736,,1,cf_0V,frequency,frequency,353347.35115962697,76,76,0.0,0.1,353347.35115962697,0.099945068359375,353347.35115966963,0,Rp || Cp,Rp,Cp,169345.86893654658,4.944441869106827e-11,4.944441869106827e-11,169345.86893654658,7.863850442182382e-06,7.863850442182382e-06,1.0,488.62144597966665,-9083.35138773059,9096.484120277377,-1.5170550440314043,9.999999747378752e-05,0,9.999999747378752e-05,-0.130523681640625,0.127838134765625,-1.3427734035786898e-07,1.3052367834331946e-05,off
1781067401.0039232,2026-06-10T12:56:41.003,87932768749936,,1,cf_0V,frequency,frequency,394594.03291068296,77,77,0.0,0.1,394594.03291068296,0.099945068359375,394594.0329106179,0,Rp || Cp,Rp,Cp,151041.04740875028,4.948634445331583e-11,4.948634445331583e-11,151041.04740875028,8.789588785784181e-06,8.789588785784181e-06,1.0,438.54151208892625,-8126.835217986354,8138.658938555453,-1.516886461826561,9.999999747378752e-05,0,9.999999747378752e-05,-0.140167236328125,0.140472412109375,1.5258788677030566e-08,1.4047240856074339e-05,off
1781067401.4075675,2026-06-10T12:56:41.407,87932793981296,,1,cf_0V,frequency,frequency,440655.49182050145,78,78,0.0,0.1,440655.49182050145,0.099945068359375,440655.49182050745,0,Rp || Cp,Rp,Cp,132538.580979132,4.9549101820062695e-11,4.9549101820062695e-11,132538.580979132,9.828488725948393e-06,9.828488725948393e-06,1.0,399.68363070383714,-7267.307221345565,7278.289720399567,-1.5158541906210965,9.999999747378752e-05,0,9.999999747378752e-05,-0.154876708984375,0.15533447265625,2.288818301554585e-08,1.5533446873217116e-05,off
1781067401.8585806,2026-06-10T12:56:41.858,87932818065776,,1,cf_0V,frequency,frequency,492093.7628966142,79,79,0.0,0.1,492093.7628966142,0.099945068359375,492093.7628966726,0,Rp || Cp,Rp,Cp,115406.76167249457,4.963563992649077e-11,4.963563992649077e-11,115406.76167249457,1.0995753141982607e-05,1.0995753141982607e-05,1.0,366.72775749696376,-6495.257782414931,6505.602424690621,-1.5143953608621579,9.999999747378752e-05,0,9.999999747378752e-05,-0.167938232421875,0.1650390625,-1.4495849243179038e-07,1.679382281793984e-05,off
1781067402.2660947,2026-06-10T12:56:42.266,87932845304176,,1,cf_0V,frequency,frequency,549536.4882015135,80,80,0.0,0.1,549536.4882015135,0.099945068359375,549536.4882015963,0,Rp || Cp,Rp,Cp,99298.64612972412,4.974789680394854e-11,4.974789680394854e-11,99298.64612972412,1.2309474362518872e-05,1.2309474362518872e-05,1.0,340.1450846476675,-5801.7452300651585,5811.7077002541855,-1.5122352987345604,9.999999747378752e-05,0,9.999999747378752e-05,-0.18438720703125,0.18463134765625,1.2207030941624453e-08,1.8463134299206985e-05,off
1781067402.7128532,2026-06-10T12:56:42.712,87932871108976,,1,cf_0V,frequency,frequency,613684.5752468883,81,81,0.0,0.1,613684.5752468883,0.099945068359375,613684.5752469356,0,Rp || Cp,Rp,Cp,84235.87691464221,4.989511134446147e-11,4.989511134446147e-11,84235.87691464221,1.3792738301144985e-05,1.3792738301144985e-05,1.0,319.51137142309483,-5178.053016294414,5187.90136336692,-1.5091695374669274,9.999999747378752e-05,0,9.999999747378752e-05,-0.204803466796875,0.2037353515625,-5.340576036960698e-08,2.0480346162310425e-05,off
1781067403.134596,2026-06-10T12:56:43.134,87932896913776,,1,cf_0V,frequency,frequency,685320.749361875,82,82,0.0,0.1,685320.749361875,0.099945068359375,685320.7493619351,0,Rp || Cp,Rp,Cp,70732.66684793963,5.008622316135905e-11,5.008622316135905e-11,70732.66684793963,1.5469884009783998e-05,1.5469884009783998e-05,1.0,302.64512984999976,-4616.849907481241,4626.75881615105,-1.5053376805404606,9.999999747378752e-05,0,9.999999747378752e-05,-0.223907470703125,0.22576904296875,9.307861092988645e-08,2.2576903726534425e-05,off
1781067403.5906708,2026-06-10T12:56:43.590,87932922145136,,1,cf_0V,frequency,frequency,765319.1043900257,83,83,0.0,0.1,765319.1043900257,0.099945068359375,765319.1043900875,0,Rp || Cp,Rp,Cp,59091.83503215458,5.0338833871862456e-11,5.0338833871862456e-11,59091.83503215458,1.7373970128014547e-05,1.7373970128014547e-05,1.0,287.4113386060712,-4111.089652357553,4121.124046577666,-1.5009986617965612,9.999999747378752e-05,0,9.999999747378752e-05,-0.24725341796875,0.2457275390625,-7.629394338515283e-08,2.472534117226033e-05,off
1781067403.9984503,2026-06-10T12:56:43.998,87932950530416,,1,cf_0V,frequency,frequency,854655.7682511833,84,84,0.0,0.1,854655.7682511833,0.099945068359375,854655.7682512201,0,Rp || Cp,Rp,Cp,48796.99888488787,5.066371564944099e-11,5.066371564944099e-11,48796.99888488787,1.954329033720022e-05,1.954329033720022e-05,1.0,275.3045971768035,-3654.8933637268137,3665.247347920872,-1.4956133716045528,9.999999747378752e-05,0,9.999999747378752e-05,-0.273834228515625,0.2713623046875,-1.2359618828394758e-07,2.7383422159799053e-05,off
1781067404.389726,2026-06-10T12:56:44.389,87932975475056,,1,cf_0V,frequency,frequency,954420.8135078406,85,85,0.0,0.1,954420.8135078406,0.099945068359375,954420.8135078946,0,Rp || Cp,Rp,Cp,39661.32852334205,5.108418955681757e-11,5.108418955681757e-11,39661.32852334205,2.2028796228930116e-05,2.2028796228930116e-05,1.0,266.86286459362753,-3242.3633286275754,3253.3268731143517,-1.488676376643384,9.999999747378752e-05,0,9.999999747378752e-05,-0.30499267578125,0.30517578125,9.15527320621834e-09,3.0517577354061132e-05,off
1781067404.799071,2026-06-10T12:56:44.799,87932996405616,,1,cf_0V,frequency,frequency,1065831.5582669198,86,86,0.0,0.1,1065831.5582669198,0.099945068359375,1065831.5582669075,0,Rp || Cp,Rp,Cp,31871.098615826926,5.162167865419738e-11,5.162167865419738e-11,31871.098615826926,2.489172685351817e-05,2.489172685351817e-05,1.0,260.3987588629214,-2869.039387938366,2880.8322622393525,-1.4802826704230645,9.999999747378752e-05,0,9.999999747378752e-05,-0.341064453125,0.999969482421875,3.2945250632576695e-05,9.999694571605211e-05,off
1781067405.685708,2026-06-10T12:56:45.685,87933050595696,,1,cf_0V,frequency,frequency,1190247.4197125817,87,87,0.0,0.1,1190247.4197125817,0.099945068359375,1190247.4197125202,0,Rp || Cp,Rp,Cp,30184.94968363908,4.9388357984222136e-11,4.9388357984222136e-11,30184.94968363908,2.5985094270235257e-05,2.5985094270235257e-05,1.0,240.90517990421887,-2685.8286297215955,2696.610971930669,-1.4813407910870502,0.0010000000474974513,0,0.0010000000474974513,-0.056976318359375,0.0457763671875,-5.599975851922068e-06,5.697632106560491e-05,off
1781067406.0981252,2026-06-10T12:56:46.098,87933077260656,,1,cf_0V,frequency,frequency,1329186.5015106536,88,88,0.0,0.1,1329186.5015106536,0.099945068359375,1329186.5015105486,0,Rp || Cp,Rp,Cp,24723.318332765877,4.9446770370711756e-11,4.9446770370711756e-11,24723.318332765877,2.8959708788569034e-05,2.8959708788569034e-05,1.0,234.93040758378459,-2398.5551810064444,2410.0330397611438,-1.4731611200808739,0.0010000000474974513,0,0.0010000000474974513,-0.06146240234375,0.048187255859375,-6.637573557455312e-06,6.146240526305746e-05,off
1781067406.5095398,2026-06-10T12:56:46.509,87933099911536,,1,cf_0V,frequency,frequency,1484344.1174816934,89,89,0.0,0.1,1484344.1174816934,0.099945068359375,1484344.1174816263,0,Rp || Cp,Rp,Cp,20194.360389137546,4.953453991871728e-11,4.953453991871728e-11,20194.360389137546,3.227017567601268e-05,3.227017567601268e-05,1.0,229.38414575474656,-2140.011453381073,2152.2699893196036,-1.4640157475370443,0.0010000000474974513,0,0.0010000000474974513,-0.0638427734375,0.053863525390625,-4.989624260431924e-06,6.384277646986902e-05,off
1781067406.9072173,2026-06-10T12:56:46.907,87933124282736,,1,cf_0V,frequency,frequency,1657613.4775657344,90,90,0.0,0.1,1657613.4775657344,0.099945068359375,1657613.477565718,0,Rp || Cp,Rp,Cp,16406.14191472591,4.9648569951862424e-11,4.9648569951862424e-11,16406.14191472591,3.595079099848135e-05,3.595079099848135e-05,1.0,224.83346104514567,-1907.380293460148,1920.5857619709825,-1.4534622371026695,0.0010000000474974513,0,0.0010000000474974513,-0.0687255859375,0.05810546875,-5.3100588459642495e-06,6.872558920179017e-05,off
1781067407.4029267,2026-06-10T12:56:47.402,87933151234416,,1,cf_0V,frequency,frequency,1851108.7884858004,91,91,0.0,0.1,1851108.7884858004,0.099945068359375,1851108.7884859024,0,Rp || Cp,Rp,Cp,13262.50173956544,4.981005762465009e-11,4.981005762465009e-11,13262.50173956544,4.003841590378233e-05,4.003841590378233e-05,1.0,220.9133047106437,-1697.368669387969,1711.684283978229,-1.4413733709753125,0.0010000000474974513,0,0.0010000000474974513,-0.077484130859375,0.064453125,-6.515503239157283e-06,7.748413453967373e-05,off
1781067407.801255,2026-06-10T12:56:47.801,87933178472816,,1,cf_0V,frequency,frequency,2067191.0509809963,92,92,0.0,0.1,2067191.0509809963,0.099945068359375,2067191.0509810941,0,Rp || Cp,Rp,Cp,10676.247651182839,5.000970509773944e-11,5.000970509773944e-11,10676.247651182839,4.458444809916366e-05,4.458444809916366e-05,1.0,217.47723110248512,-1508.1592859163288,1523.7587662565406,-1.427583090259566,0.0010000000474974513,0,0.0010000000474974513,-0.077484130859375,0.068359375,-4.5623781463888236e-06,7.748413453967373e-05,off
1781067408.2625897,2026-06-10T12:56:48.262,87933202557296,,1,cf_0V,frequency,frequency,2308496.8683831017,93,93,0.0,0.1,2308496.8683831017,0.099945068359375,2308496.8683831166,0,Rp || Cp,Rp,Cp,8548.213715724445,5.028533494553665e-11,5.028533494553665e-11,8548.213715724445,4.963265715074732e-05,4.963265715074732e-05,1.0,214.38424004131753,-1336.6531707134275,1353.7364223349953,-1.4117619618405048,0.0010000000474974513,0,0.0010000000474974513,-0.083770751953125,0.074462890625,-4.653930885112345e-06,8.377075593202221e-05,off
1781067408.6695535,2026-06-10T12:56:48.669,87933230655856,,1,cf_0V,frequency,frequency,2577970.6180546875,94,94,0.0,0.1,2577970.6180546875,0.099945068359375,2577970.6180546926,0,Rp || Cp,Rp,Cp,6810.3092399617035,5.063935892190627e-11,5.063935892190627e-11,6810.3092399617035,5.523272933064238e-05,5.523272933064238e-05,1.0,211.4667239997844,-1181.2855747197466,1200.0640751227256,-1.3936585527839238,0.0010000000474974513,0,0.0010000000474974513,-0.094268798828125,0.08172607421875,-6.271362602561226e-06,9.426880330565268e-05,off
1781067409.0596042,2026-06-10T12:56:49.059,87933255027056,,1,cf_0V,frequency,frequency,2878900.378239697,95,95,0.0,0.1,2878900.378239697,0.099945068359375,2878900.378239635,0,Rp || Cp,Rp,Cp,5390.911338714241,5.1090596028737375e-11,5.1090596028737375e-11,5390.911338714241,6.14452965124116e-05,6.14452965124116e-05,1.0,208.78009021307176,-1040.156637030237,1060.902896417684,-1.3727086938058675,0.0010000000474974513,0,0.0010000000474974513,-0.1021728515625,0.0894775390625,-6.347656551497494e-06,0.00010217285641545004,off
1781067409.4696627,2026-06-10T12:56:49.469,87933276531056,,1,cf_0V,frequency,frequency,3214958.0487006293,96,96,0.0,0.1,3214958.0487006293,0.099945068359375,3214958.048700538,0,Rp || Cp,Rp,Cp,4244.752794055885,5.167320235530393e-11,5.167320235530393e-11,4244.752794055885,6.833961013833521e-05,6.833961013833521e-05,1.0,205.74476755932997,-911.594628978145,934.5243051734099,-1.3488179482919045,0.0010000000474974513,0,0.0010000000474974513,-0.110321044921875,0.0972900390625,-6.515503239157283e-06,0.00011032105016184346,off
1781067409.9577043,2026-06-10T12:56:49.957,87933304916336,,1,cf_0V,frequency,frequency,3590244.1546882903,97,97,0.0,0.1,3590244.1546882903,0.099945068359375,3590244.154688378,0,Rp || Cp,Rp,Cp,3299.3226569174667,5.244751001540299e-11,5.244751001540299e-11,3299.3226569174667,7.60312421549327e-05,7.60312421549327e-05,1.0,203.19447729822036,-793.1684229128283,818.7821094225986,-1.3200090050494298,0.0010000000474974513,0,0.0010000000474974513,-0.11907958984375,0.107757568359375,-5.661011011071082e-06,0.00011907959549972702,off
1781067410.4119809,2026-06-10T12:56:50.411,87933330721136,,1,cf_0V,frequency,frequency,4009337.880935344,98,98,0.0,0.1,4009337.880935344,0.099945068359375,4009337.8809352485,0,Rp || Cp,Rp,Cp,2536.569089322702,5.338037048889113e-11,5.338037048889113e-11,2536.569089322702,8.450803306983727e-05,8.450803306983727e-05,1.0,200.75938134566115,-684.7888082574511,713.6105668450775,-1.285617512620813,0.0010000000474974513,0,0.0010000000474974513,-0.130126953125,0.116424560546875,-6.851196614476862e-06,0.00013012695930569862,off
1781067410.7666907,2026-06-10T12:56:50.766,87933357959536,,1,cf_0V,frequency,frequency,4477352.946181116,99,99,0.0,0.1,4477352.946181116,0.099945068359375,4477352.946181128,0,Rp || Cp,Rp,Cp,1922.8696039793235,5.458500131672315e-11,5.458500131672315e-11,1922.8696039793235,9.394090372994416e-05,9.394090372994416e-05,1.0,197.85378579962804,-584.2096457532139,616.8038835370127,-1.2442512464700943,0.0010000000474974513,0,0.0010000000474974513,-0.14215087890625,0.1268310546875,-7.659912473201302e-06,0.00014215088565805445,off
1781067411.2176495,2026-06-10T12:56:51.217,87933383190896,,1,cf_0V,frequency,frequency,4999999.999999999,100,100,0.0,0.1,4999999.999999999,0.099945068359375,4999999.999999929,0,Rp || Cp,Rp,Cp,1424.7635278383955,5.602024822897388e-11,5.602024822897388e-11,1424.7635278383955,0.00010435804925503002,0.00010435804925503002,1.0,195.50887599594915,-490.23483688382294,527.7820723439817,-1.1913191879677694,0.0010000000474974513,0,0.0010000000474974513,-0.15155029296875,0.142547607421875,-4.501342987239809e-06,0.00015155030016700266,off
1781067411.6237805,2026-06-10T12:56:51.623,87933408422256,,1,cf_0V,frequency,frequency,4482348.925241931,101,101,0.0,0.1,4482348.925241931,0.099945068359375,4482348.925241979,0,Rp || Cp,Rp,Cp,1917.1943518078942,5.459787484415163e-11,5.459787484415163e-11,1917.1943518078942,9.403529162540243e-05,9.403529162540243e-05,1.0,197.83855845004808,-583.2279756841702,615.8692773878627,-1.2437633666475105,0.0010000000474974513,0,0.0010000000474974513,-0.15155029296875,0.14300537109375,-4.272461140431005e-06,0.00015155030016700266,off
1781067412.082975,2026-06-10T12:56:52.082,87933434513776,,1,cf_0V,frequency,frequency,4018290.377523501,102,102,0.0,0.1,4018290.377523501,0.099945068359375,4018290.3775235703,0,Rp || Cp,Rp,Cp,2523.0801624886913,5.339552676180217e-11,5.339552676180217e-11,2523.0801624886913,8.467890862576196e-05,8.467890862576196e-05,1.0,200.73050978947808,-682.7638169204124,711.6594461229853,-1.2848559356237717,0.0010000000474974513,0,0.0010000000474974513,-0.15155029296875,0.14300537109375,-4.272461140431005e-06,0.00015155030016700266,off
1781067412.5706167,2026-06-10T12:56:52.570,87933459745136,,1,cf_0V,frequency,frequency,3602275.9110004925,103,103,0.0,0.1,3602275.9110004925,0.099945068359375,3602275.9110004897,0,Rp || Cp,Rp,Cp,3274.287376390401,5.2464149976103596e-11,5.2464149976103596e-11,3274.287376390401,7.626692377905246e-05,7.626692377905246e-05,1.0,203.15432749912839,-789.8822502169892,815.5891428835216,-1.3190567792328252,0.0010000000474974513,0,0.0010000000474974513,-0.15155029296875,0.14300537109375,-4.272461140431005e-06,0.00015155030016700266,off
1781067413.0312793,2026-06-10T12:56:53.031,87933491571056,,1,cf_0V,frequency,frequency,3229331.511619592,104,104,0.0,0.1,3229331.511619592,0.099945068359375,3229331.5116196196,0,Rp || Cp,Rp,Cp,4203.034609886593,5.168844898775132e-11,5.168844898775132e-11,4203.034609886593,6.862093114814813e-05,6.862093114814813e-05,1.0,205.7172448368819,-906.8170240333222,929.8584300311144,-1.3477156409612792,0.0010000000474974513,0,0.0010000000474974513,-0.14202880859375,0.13031005859375,-5.859375278305379e-06,0.00014202881533975642,off
1781067413.4886832,2026-06-10T12:56:53.488,87933518809456,,1,cf_0V,frequency,frequency,2894998.1260715965,105,105,0.0,0.1,2894998.1260715965,0.099945068359375,2894998.126071542,0,Rp || Cp,Rp,Cp,5326.263380295743,5.110459496068618e-11,5.110459496068618e-11,5326.263380295743,6.176125150222719e-05,6.176125150222719e-05,1.0,208.75508686462135,-1033.5888391065541,1054.4593755178478,-1.3715061876699812,0.0010000000474974513,0,0.0010000000474974513,-0.13232421875,0.1162109375,-8.056641007669896e-06,0.00013232422503506314,off
1781067413.877249,2026-06-10T12:56:53.877,87933544040816,,1,cf_0V,frequency,frequency,2595278.3477948857,106,106,0.0,0.1,2595278.3477948857,0.099945068359375,2595278.3477949738,0,Rp || Cp,Rp,Cp,6715.739406062431,5.0648688421001786e-11,5.0648688421001786e-11,6715.739406062431,5.5578720043242704e-05,5.5578720043242704e-05,1.0,211.42192810738416,-1172.6701762268085,1191.5765077813753,-1.3924214946068791,0.0010000000474974513,0,0.0010000000474974513,-0.121185302734375,0.106842041015625,-7.1716312000091875e-06,0.00012118530849036802,off
1781067414.2886848,2026-06-10T12:56:54.288,87933568412016,,1,cf_0V,frequency,frequency,2326588.622588413,107,107,0.0,0.1,2326588.622588413,0.099945068359375,2326588.6225883747,0,Rp || Cp,Rp,Cp,8416.524125878888,5.0294432899996625e-11,5.0294432899996625e-11,8416.524125878888,4.999500140589619e-05,4.999500140589619e-05,1.0,214.20631951418974,-1325.514356311196,1342.7109354238905,-1.4105790404069278,0.0010000000474974513,0,0.0010000000474974513,-0.111358642578125,0.098052978515625,-6.6528323472425654e-06,0.0001113586478673767,off
1781067414.710655,2026-06-10T12:56:54.710,87933591062896,,1,cf_0V,frequency,frequency,2085716.402387856,108,108,0.0,0.1,2085716.402387856,0.099945068359375,2085716.4023878027,0,Rp || Cp,Rp,Cp,10486.807952853587,5.0016091030994895e-11,5.0016091030994895e-11,10486.807952853587,4.495675208551741e-05,4.495675208551741e-05,1.0,217.35563800215203,-1494.0292366038927,1509.7572100170719,-1.4263270260424057,0.0010000000474974513,0,0.0010000000474974513,-0.10821533203125,0.09771728515625,-5.249023686815235e-06,0.00010821533717120246,off
1781067415.1499016,2026-06-10T12:56:55.149,87933618301296,,1,cf_0V,frequency,frequency,1869781.7349205392,109,109,0.0,0.1,1869781.7349205392,0.099945068359375,1869781.734920437,0,Rp || Cp,Rp,Cp,13004.870791414236,4.980459528348359e-11,4.980459528348359e-11,13004.870791414236,4.041771075264831e-05,4.041771075264831e-05,1.0,220.7888157445703,-1680.0542609658808,1694.4999324129528,-1.4401274671279929,0.0010000000474974513,0,0.0010000000474974513,-0.09832763671875,0.08636474609375,-5.9814455966034075e-06,9.832764138906214e-05,off
1781067415.6165555,2026-06-10T12:56:55.616,87933642385776,,1,cf_0V,frequency,frequency,1676202.829991615,110,110,0.0,0.1,1676202.829991615,0.099945068359375,1676202.8299915243,0,Rp || Cp,Rp,Cp,16053.496723763246,4.9639391810525706e-11,4.9639391810525706e-11,16053.496723763246,3.632637256171197e-05,3.632637256171197e-05,1.0,224.72028568788542,-1886.0135639103883,1899.3541981562073,-1.4522044934847103,0.0010000000474974513,0,0.0010000000474974513,-0.092926025390625,0.075927734375,-8.49914591150025e-06,9.292602980437437e-05,off
1781067416.068385,2026-06-10T12:56:56.068,87933670771056,,1,cf_0V,frequency,frequency,1502665.19070008,111,111,0.0,0.1,1502665.19070008,0.099945068359375,1502665.1907001564,0,Rp || Cp,Rp,Cp,19732.777959598698,4.9516381282615955e-11,4.9516381282615955e-11,19732.777959598698,3.264181086020993e-05,3.264181086020993e-05,1.0,229.16934809639883,-2114.149774974633,2126.534236999776,-1.4628200430696705,0.0010000000474974513,0,0.0010000000474974513,-0.081024169921875,0.0694580078125,-5.783081329369111e-06,8.102417377031657e-05,off
1781067416.471923,2026-06-10T12:56:56.471,87933697722736,,1,cf_0V,frequency,frequency,1347093.9405065936,112,112,0.0,0.1,1347093.9405065936,0.099945068359375,1347093.940506525,0,Rp || Cp,Rp,Cp,24124.228141977117,4.9422302525615254e-11,4.9422302525615254e-11,24124.228141977117,2.932369224946047e-05,2.932369224946047e-05,1.0,234.5855982055517,-2367.3119961355856,2378.9065744440045,-1.4720251258917278,0.0010000000474974513,0,0.0010000000474974513,-0.077392578125,0.062744140625,-7.3242190978817234e-06,7.739258180095021e-05,off
1781067416.887729,2026-06-10T12:56:56.887,87933722380656,,1,cf_0V,frequency,frequency,1207629.01528593,113,113,0.0,0.1,1207629.01528593,0.099945068359375,1207629.0152859315,0,Rp || Cp,Rp,Cp,29402.000582588655,4.935195148622321e-11,4.935195148622321e-11,29402.000582588655,2.633778644879866e-05,2.633778644879866e-05,1.0,240.55797831953333,-2648.5878648374282,2659.4897666088636,-1.4802198472970995,0.0010000000474974513,0,0.0010000000474974513,-0.069976806640625,0.0579833984375,-5.996704386390661e-06,6.997680996434497e-05,off
1781067417.2926376,2026-06-10T12:56:57.292,87933746751856,,1,cf_0V,frequency,frequency,1082602.9237515721,114,114,0.0,0.1,1082602.9237515721,0.099945068359375,1082602.9237515656,0,Rp || Cp,Rp,Cp,35648.24897617186,4.9306460895553256e-11,4.9306460895553256e-11,35648.24897617186,2.365216780330861e-05,2.365216780330861e-05,1.0,247.64438446888207,-2960.871651041052,2971.209968194361,-1.4873515304081208,0.0010000000474974513,0,0.0010000000474974513,-0.06640625,0.0556640625,-5.371094005113264e-06,6.640625315412763e-05,off
1781067417.7103405,2026-06-10T12:56:57.710,87933773130096,,1,cf_0V,frequency,frequency,970520.8103483266,115,115,0.0,0.1,970520.8103483266,0.099945068359375,970520.8103482476,0,Rp || Cp,Rp,Cp,42982.00352059791,4.9274426512139936e-11,4.9274426512139936e-11,42982.00352059791,2.1235683576082507e-05,2.1235683576082507e-05,1.0,256.1561434922767,-3308.245500497051,3318.1477154291697,-1.4935209062273462,0.0010000000474974513,0,0.0010000000474974513,-0.06304931640625,0.051361083984375,-5.844116488518125e-06,6.304931940093184e-05,off
1781067418.6470604,2026-06-10T12:56:58.647,87933827320176,,1,cf_0V,frequency,frequency,870042.5822379502,116,116,0.0,0.1,870042.5822379502,0.099945068359375,870042.5822379998,0,Rp || Cp,Rp,Cp,47228.237747097126,5.072302078480623e-11,5.072302078480623e-11,47228.237747097126,1.992157170967697e-05,1.992157170967697e-05,1.0,273.79294571885805,-3585.497978909328,3595.9363639931507,-1.4945830263938389,9.999999747378752e-05,0,9.999999747378752e-05,-0.279693603515625,0.2816162109375,9.613036866529256e-08,2.8161620382327612e-05,off
1781067419.0639172,2026-06-10T12:56:59.063,87933854271856,,1,cf_0V,frequency,frequency,779966.8866817983,117,117,0.0,0.1,779966.8866817983,0.099945068359375,779966.88668172,0,Rp || Cp,Rp,Cp,57328.16326539756,5.038590706565257e-11,5.038590706565257e-11,57328.16326539756,1.7724943727500055e-05,1.7724943727500055e-05,1.0,284.6687783040944,-4029.7024562413094,4039.744818571884,-1.5002708577322243,9.999999747378752e-05,0,9.999999747378752e-05,-0.281585693359375,0.2816162109375,1.5258788677030566e-09,2.8161620382327612e-05,off
1781067419.4827592,2026-06-10T12:56:59.482,87933877496176,,1,cf_0V,frequency,frequency,699216.7472484909,118,118,0.0,0.1,699216.7472484909,0.099945068359375,699216.7472483857,0,Rp || Cp,Rp,Cp,68728.60819815712,5.012528881817251e-11,5.012528881817251e-11,68728.60819815712,1.5797051639247465e-05,1.5797051639247465e-05,1.0,298.726352065594,-4521.261878741657,4531.119774358315,-1.5048207640607427,9.999999747378752e-05,0,9.999999747378752e-05,-0.281585693359375,0.2816162109375,1.5258788677030566e-09,2.8161620382327612e-05,off
1781067419.9035327,2026-06-10T12:56:59.903,87933903300976,,1,cf_0V,frequency,frequency,626826.6871080867,119,119,0.0,0.1,626826.6871080867,0.099945068359375,626826.687107993,0,Rp || Cp,Rp,Cp,81571.38862733888,4.9924754639855816e-11,4.9924754639855816e-11,81571.38862733888,1.4097371614946452e-05,1.4097371614946452e-05,1.0,315.85710669635927,-5066.077090726608,5075.913986764903,-1.5085294513439456,9.999999747378752e-05,0,9.999999747378752e-05,-0.281585693359375,0.2816162109375,1.5258788677030566e-09,2.8161620382327612e-05,off
1781067420.3151119,2026-06-10T12:57:00.315,87933927385456,,1,cf_0V,frequency,frequency,561931.1854543786,120,120,0.0,0.1,561931.1854543786,0.099945068359375,561931.1854543696,0,Rp || Cp,Rp,Cp,95737.1906715394,4.97714106779664e-11,4.97714106779664e-11,95737.1906715394,1.2594556531504409e-05,1.2594556531504409e-05,1.0,337.05573704858546,-5670.552247786745,5680.560655846981,-1.5114265134035754,9.999999747378752e-05,0,9.999999747378752e-05,-0.27813720703125,0.274658203125,-1.7395019091814845e-07,2.7813720000491315e-05,off
1781067420.76838,2026-06-10T12:57:00.768,87933955484016,,1,cf_0V,frequency,frequency,503754.32903627184,121,121,0.0,0.1,503754.32903627184,0.099945068359375,503754.3290362123,0,Rp || Cp,Rp,Cp,111621.43293477203,4.9654355185703e-11,4.9654355185703e-11,111621.43293477203,1.1261028836428773e-05,1.1261028836428773e-05,1.0,361.5193264558618,-6342.129691926509,6352.425147344668,-1.5138551191338685,9.999999747378752e-05,0,9.999999747378752e-05,-0.249298095703125,0.247833251953125,-7.324218564974672e-08,2.492980894053254e-05,off
1781067421.1657655,2026-06-10T12:57:01.165,87933979855216,,1,cf_0V,frequency,frequency,451600.5350683417,122,122,0.0,0.1,451600.5350683417,0.099945068359375,451600.5350683372,0,Rp || Cp,Rp,Cp,128917.85280859277,4.956550024123078e-11,4.956550024123078e-11,128917.85280859277,1.0075274476983908e-05,1.0075274476983908e-05,1.0,390.9671222640001,-7088.7083894273765,7099.4818065144345,-1.515698642711373,9.999999747378752e-05,0,9.999999747378752e-05,-0.22784423828125,0.225006103515625,-1.4190673469638426e-07,2.278442325254204e-05,off
1781067421.6173196,2026-06-10T12:57:01.617,87934007093616,,1,cf_0V,frequency,frequency,404846.2346004526,123,123,0.0,0.1,404846.2346004526,0.099945068359375,404846.23460045556,0,Rp || Cp,Rp,Cp,146877.95280734543,4.949793473533367e-11,4.949793473533367e-11,146877.95280734543,9.019985422201058e-06,9.019985422201058e-06,1.0,428.214408315799,-7919.083790221191,7930.652914863521,-1.5167752066080598,9.999999747378752e-05,0,9.999999747378752e-05,-0.207855224609375,0.1893310546875,-9.262084726957553e-07,2.0785521935851037e-05,off
1781067422.0620499,2026-06-10T12:57:02.062,87934034045296,,1,cf_0V,frequency,frequency,362932.4169099164,124,124,0.0,0.1,362932.4169099164,0.099945068359375,362932.41690984246,0,Rp || Cp,Rp,Cp,165149.75528632646,4.945118326230192e-11,4.945118326230192e-11,165149.75528632646,8.078484934340072e-06,8.078484934340072e-06,1.0,474.79601108802404,-8842.342098673067,8855.080182703663,-1.5171521137590636,9.999999747378752e-05,0,9.999999747378752e-05,-0.17071533203125,0.171112060546875,1.9836425280139736e-08,1.7111205622422077e-05,off
1781067422.4670074,2026-06-10T12:57:02.467,87934058129776,,1,cf_0V,frequency,frequency,325357.9457743241,125,125,0.0,0.1,325357.9457743241,0.099945068359375,325357.9457742717,0,Rp || Cp,Rp,Cp,184368.59550723483,4.9421478237214076e-11,4.9421478237214076e-11,184368.59550723483,7.2377566790581535e-06,7.2377566790581535e-06,1.0,529.8453532648213,-9869.453253300988,9883.665495021054,-1.5171624331902207,9.999999747378752e-05,0,9.999999747378752e-05,-0.15899658203125,0.15740966796875,-7.934570112055894e-08,1.589965780146585e-05,off
1781067422.9763622,2026-06-10T12:57:02.976,87934082214256,,1,cf_0V,frequency,frequency,291673.56771209295,126,126,0.0,0.1,291673.56771209295,0.099945068359375,291673.56771218067,0,Rp || Cp,Rp,Cp,202701.53532300857,4.9411712963909096e-11,4.9411712963909096e-11,202701.53532300857,6.486187279592395e-06,6.486187279592395e-06,1.0,599.8492993333151,-11010.474774294851,11026.80252554175,-1.51637025489878,9.999999747378752e-05,0,9.999999747378752e-05,-0.144073486328125,0.146209716796875,1.0681152073921396e-07,1.4620971310330688e-05,off
1781067423.380014,2026-06-10T12:57:03.380,87934112319856,,1,cf_0V,frequency,frequency,261476.54055115595,127,127,0.0,0.1,261476.54055115595,0.099945068359375,261476.54055115767,0,Rp || Cp,Rp,Cp,220716.47298136321,4.9406943533074446e-11,4.9406943533074446e-11,220716.47298136321,5.814397330818663e-06,5.814397330818663e-06,1.0,685.5089558657071,-12281.416710104895,12300.533278513409,-1.5150374191535338,9.999999747378752e-05,0,9.999999747378752e-05,-0.139862060546875,0.12872314453125,-5.569457867116157e-07,1.3986205701366217e-05,off
1781067423.767332,2026-06-10T12:57:03.767,87934138124656,,1,cf_0V,frequency,frequency,234405.81810309048,128,128,0.0,0.1,234405.81810309048,0.099945068359375,234405.81810305617,0,Rp || Cp,Rp,Cp,237372.39263480948,4.940833928793312e-11,4.940833928793312e-11,237372.39263480948,5.213124794890834e-06,5.213124794890834e-06,1.0,792.9022556420267,-13696.145865179848,13719.078159529716,-1.5129685094148726,9.999999747378752e-05,0,9.999999747378752e-05,-0.129119873046875,0.125946044921875,-1.5869140224111788e-07,1.2911986978503265e-05,off
1781067424.222752,2026-06-10T12:57:04.222,87934163642736,,1,cf_0V,frequency,frequency,210137.7333689687,129,129,0.0,0.1,210137.7333689687,0.099945068359375,210137.7333689669,0,Rp || Cp,Rp,Cp,254362.8683327494,4.941900483331839e-11,4.941900483331839e-11,254362.8683327494,4.674735102163135e-06,4.674735102163135e-06,1.0,920.0612243038661,-15270.327416241113,15298.019873685367,-1.510617506347544,9.999999747378752e-05,0,9.999999747378752e-05,-0.112762451171875,0.11260986328125,-7.629394338515283e-09,1.1276244832325588e-05,off
1781067424.6352682,2026-06-10T12:57:04.635,87934189447536,,1,cf_0V,frequency,frequency,188382.12866383453,130,130,0.0,0.1,188382.12866383453,0.099945068359375,188382.12866391757,0,Rp || Cp,Rp,Cp,269167.66330143064,4.9430069115963205e-11,4.9430069115963205e-11,269167.66330143064,4.192541599794901e-06,4.192541599794901e-06,1.0,1080.9558100304716,-17023.21603148972,17057.501268298565,-1.50738254719193,9.999999747378752e-05,0,9.999999747378752e-05,-0.104095458984375,0.1016845703125,-1.2054443054854147e-07,1.0409545635470252e-05,off
1781067425.0248156,2026-06-10T12:57:05.024,87934212958576,,1,cf_0V,frequency,frequency,168878.88639022523,131,131,0.0,0.1,168878.88639022523,0.099945068359375,168878.88639026016,0,Rp || Cp,Rp,Cp,285118.57176692324,4.9451360486667485e-11,4.9451360486667485e-11,285118.57176692324,3.7606088472220963e-06,3.7606088472220963e-06,1.0,1268.152807835132,-18972.76220818008,19015.097090263997,-1.5040548964529368,9.999999747378752e-05,0,9.999999747378752e-05,-0.097808837890625,0.09423828125,-1.7852782752125762e-07,9.780883541976593e-06,off
1781067425.4387527,2026-06-10T12:57:05.438,87934235896176,,1,cf_0V,frequency,frequency,151394.81898145608,132,132,0.0,0.1,151394.81898145608,0.099945068359375,151394.81898145846,0,Rp || Cp,Rp,Cp,297678.839563475,4.946870874788333e-11,4.946870874788333e-11,297678.839563475,3.373812038848149e-06,3.373812038848149e-06,1.0,1509.3898279391153,-21143.205877471442,21197.01423384504,-1.499528350153265,9.999999747378752e-05,0,9.999999747378752e-05,-0.093505859375,0.086029052734375,-3.7384032258724886e-07,9.35058570128433e-06,off
1781067425.8906565,2026-06-10T12:57:05.890,87934259980656,,1,cf_0V,frequency,frequency,135720.88082974532,133,133,0.0,0.1,135720.88082974532,0.099945068359375,135720.88082980827,0,Rp || Cp,Rp,Cp,308771.3229732246,4.948942565988813e-11,4.948942565988813e-11,308771.3229732246,3.02689556719909e-06,3.02689556719909e-06,1.0,1807.736139946877,-23556.510131304203,23625.771511591058,-1.4942060349322743,9.999999747378752e-05,0,9.999999747378752e-05,-0.086395263671875,0.084930419921875,-7.324218564974672e-08,8.639526148934706e-06,off
1781067426.312485,2026-06-10T12:57:06.312,87934287219056,,1,cf_0V,frequency,frequency,121669.66886401946,134,134,0.0,0.1,121669.66886401946,0.099945068359375,121669.66886411501,0,Rp || Cp,Rp,Cp,320510.02670286485,4.950775051367706e-11,4.950775051367706e-11,320510.02670286485,2.7161126570125354e-06,2.7161126570125354e-06,1.0,2163.446558761946,-26243.5861365476,26332.60933365724,-1.4885451592091037,9.999999747378752e-05,0,9.999999747378752e-05,-0.08331298828125,0.076934814453125,-3.189086833499388e-07,8.331298617658689e-06,off
1781067426.7754207,2026-06-10T12:57:06.775,87934312163696,,1,cf_0V,frequency,frequency,109073.18189343589,135,135,0.0,0.1,109073.18189343589,0.099945068359375,109073.18189339321,0,Rp || Cp,Rp,Cp,330029.5378402365,4.953979561167933e-11,4.953979561167933e-11,330029.5378402365,2.437641412951869e-06,2.437641412951869e-06,1.0,2607.9398971404344,-29221.49634192737,29337.641332737905,-1.4817848463869658,9.999999747378752e-05,0,9.999999747378752e-05,-0.076568603515625,0.07415771484375,-1.2054443054854147e-07,7.656860158133938e-06,off
1781067427.1850054,2026-06-10T12:57:07.185,87934341409136,,1,cf_0V,frequency,frequency,97780.81192655204,136,136,0.0,0.1,97780.81192655204,0.099945068359375,97780.81192649779,0,Rp || Cp,Rp,Cp,337365.65635786176,4.957502704676012e-11,4.957502704676012e-11,337365.65635786176,2.1878017653351222e-06,2.1878017653351222e-06,1.0,3165.2809189033414,-32524.422692297983,32678.082482955477,-1.473781712740277,9.999999747378752e-05,0,9.999999747378752e-05,-0.07147216796875,0.0716552734375,9.15527320621834e-09,7.165527162733554e-06,off
1781067427.5864487,2026-06-10T12:57:07.586,87934366353776,,1,cf_0V,frequency,frequency,87657.5434496528,137,137,0.0,0.1,87657.5434496528,0.099945068359375,87657.54344956634,0,Rp || Cp,Rp,Cp,349780.7612557074,4.9604078317764835e-11,4.9604078317764835e-11,349780.7612557074,1.9638797747793678e-06,1.9638797747793678e-06,1.0,3788.794767016515,-36206.250179521565,36403.94920676433,-1.4665310371940867,9.999999747378752e-05,0,9.999999747378752e-05,-0.067962646484375,0.06243896484375,-2.7618407505425324e-07,6.796264476749414e-06,off
1781067427.993973,2026-06-10T12:57:07.993,87934390724976,,1,cf_0V,frequency,frequency,78582.33913417984,138,138,0.0,0.1,78582.33913417984,0.099945068359375,78582.33913417223,0,Rp || Cp,Rp,Cp,357434.8746941879,4.9627345893770984e-11,4.9627345893770984e-11,357434.8746941879,1.7633485173259066e-06,1.7633485173259066e-06,1.0,4599.666323228076,-40285.53370123157,40547.270634138906,-1.4571120025941176,9.999999747378752e-05,0,9.999999747378752e-05,-0.064483642578125,0.062042236328125,-1.2207030941624453e-07,6.448364094913117e-06,off
1781067428.4929793,2026-06-10T12:57:08.492,87934417963376,,1,cf_0V,frequency,frequency,70446.69267221761,139,139,0.0,0.1,70446.69267221761,0.099945068359375,70446.69267216364,0,Rp || Cp,Rp,Cp,359672.7718904742,4.964402091678191e-11,4.964402091678191e-11,359672.7718904742,1.5839853485706112e-06,1.5839853485706112e-06,1.0,5667.348736088623,-44791.42984414011,45148.54404273709,-1.4449375919863212,9.999999747378752e-05,0,9.999999747378752e-05,-0.057952880859375,0.05853271484375,2.8991698486358075e-08,5.853271336508925e-06,off
1781067428.8893952,2026-06-10T12:57:08.889,87934443768176,,1,cf_0V,frequency,frequency,63153.33143723267,140,140,0.0,0.1,63153.33143723267,0.099945068359375,63153.33143732005,0,Rp || Cp,Rp,Cp,366292.28154021624,4.965732829222842e-11,4.965732829222842e-11,366292.28154021624,1.4228053680544102e-06,1.4228053680544102e-06,1.0,6899.145083391357,-49794.63214434566,50270.305283262256,-1.4331208471016,9.999999747378752e-05,0,9.999999747378752e-05,-0.056884765625,0.0548095703125,-1.0375976300380785e-07,5.688476418796995e-06,off
1781067429.304846,2026-06-10T12:57:09.304,87934467852656,,1,cf_0V,frequency,frequency,56615.05345862548,141,141,0.0,0.1,56615.05345862548,0.099945068359375,56615.05345855744,0,Rp || Cp,Rp,Cp,372329.75363096525,4.9678408575108587e-11,4.9678408575108587e-11,372329.75363096525,1.2789147960251622e-06,1.2789147960251622e-06,1.0,8406.124893380296,-55309.92202869483,55945.06600714141,-1.4199683409605264,9.999999747378752e-05,0,9.999999747378752e-05,-0.05523681640625,0.052154541015625,-1.5411376563800872e-07,5.523681501085065e-06,off
1781067429.7089353,2026-06-10T12:57:09.708,87934493084016,,1,cf_0V,frequency,frequency,50753.68480455689,142,142,0.0,0.1,50753.68480455689,0.099945068359375,50753.68480454756,0,Rp || Cp,Rp,Cp,372162.9455000166,4.970789293199387e-11,4.970789293199387e-11,372162.9455000166,1.1496443049098027e-06,1.1496443049098027e-06,1.0,10394.854061340124,-61323.13196954793,62197.905957605595,-1.4028829210913796,9.999999747378752e-05,0,9.999999747378752e-05,-0.05523681640625,0.049530029296875,-2.853393482604716e-07,5.523681501085065e-06,off
1781067430.6537974,2026-06-10T12:57:10.653,87934550428016,,1,cf_0V,frequency,frequency,45499.144907154674,143,143,0.0,0.1,45499.144907154674,0.099945068359375,45499.14490716844,0,Rp || Cp,Rp,Cp,366999.1921023891,4.968396672116338e-11,4.968396672116338e-11,366999.1921023891,1.0402714646109285e-06,1.0402714646109285e-06,1.0,13026.878059421306,-67905.47968646511,69143.71788835165,-1.381260641324995,9.999999747378752e-06,0,9.999999747378752e-06,-0.385955810546875,0.351959228515625,-1.699829058621205e-07,3.859558007968111e-06,off
1781067431.0623639,2026-06-10T12:57:11.062,87934575085936,,1,cf_0V,frequency,frequency,40788.608654802425,144,144,0.0,0.1,40788.608654802425,0.099945068359375,40788.608654906966,0,Rp || Cp,Rp,Cp,374516.94184452726,4.975331527324031e-11,4.975331527324031e-11,374516.94184452726,9.35783399708991e-07,9.35783399708991e-07,1.0,15732.894091667597,-75131.29457872765,76760.89747765577,-1.3643737462651206,9.999999747378752e-06,0,9.999999747378752e-06,-0.40618896484375,0.376190185546875,-1.4999389269521046e-07,4.061889545825537e-06,off
1781067431.5021045,2026-06-10T12:57:11.502,87934598596976,,1,cf_0V,frequency,frequency,36565.755233193486,145,145,0.0,0.1,36565.755233193486,0.099945068359375,36565.755233297634,0,Rp || Cp,Rp,Cp,376444.28758200887,4.978552219796323e-11,4.978552219796323e-11,376444.28758200887,8.424312521007191e-07,8.424312521007191e-07,1.0,19265.036404345443,-82952.22285637999,85159.9254607194,-1.342599098173547,9.999999747378752e-06,0,9.999999747378752e-06,-0.40618896484375,0.4305419921875,1.2176513364270392e-07,4.3054198131109445e-06,off
1781067431.904502,2026-06-10T12:57:11.904,87934623254896,,1,cf_0V,frequency,frequency,32780.09473403288,146,146,0.0,0.1,32780.09473403288,0.099945068359375,32780.09473397958,0,Rp || Cp,Rp,Cp,379325.0362525956,4.980700031573689e-11,4.980700031573689e-11,379325.0362525956,7.604013577497438e-07,7.604013577497438e-07,1.0,23499.223678377828,-91441.95076780727,94413.15519411754,-1.3192542840782386,9.999999747378752e-06,0,9.999999747378752e-06,-0.40618896484375,0.4305419921875,1.2176513364270392e-07,4.3054198131109445e-06,off
1781067432.3695168,2026-06-10T12:57:12.369,87934652787056,,1,cf_0V,frequency,frequency,29386.364480084198,147,147,0.0,0.1,29386.364480084198,0.099945068359375,29386.3644801462,0,Rp || Cp,Rp,Cp,382889.8339035248,4.9834058114124766e-11,4.9834058114124766e-11,382889.8339035248,6.865041251540315e-07,6.865041251540315e-07,1.0,28547.70205668238,-100576.60566003072,104549.62887935295,-1.2942300021122948,9.999999747378752e-06,0,9.999999747378752e-06,-0.402923583984375,0.4305419921875,1.3809203752712662e-07,4.3054198131109445e-06,off
1781067432.7697384,2026-06-10T12:57:12.769,87934675724656,,1,cf_0V,frequency,frequency,26343.98784881462,148,148,0.0,0.1,26343.98784881462,0.099945068359375,26343.987848775898,0,Rp || Cp,Rp,Cp,386094.5782251804,4.986167606731089e-11,4.986167606731089e-11,386094.5782251804,6.207041942298488e-07,6.207041942298488e-07,1.0,34614.4077261793,-110300.85189752362,115604.65021595637,-1.2667110454899477,9.999999747378752e-06,0,9.999999747378752e-06,-0.399810791015625,0.4305419921875,1.536560019776978e-07,4.3054198131109445e-06,off
1781067433.169632,2026-06-10T12:57:13.169,87934699809136,,1,cf_0V,frequency,frequency,23616.58912414415,149,149,0.0,0.1,23616.58912414415,0.099945068359375,23616.589124202394,0,Rp || Cp,Rp,Cp,389084.24810117437,4.989177719201939e-11,4.989177719201939e-11,389084.24810117437,5.621320082939403e-07,5.621320082939403e-07,1.0,41848.94742889498,-120546.3887608864,127603.94290223629,-1.2366533440311214,9.999999747378752e-06,0,9.999999747378752e-06,-0.39105224609375,0.37396240234375,-8.544921659137117e-08,3.910522362149393e-06,off
1781067433.6624982,2026-06-10T12:57:13.662,87934727047536,,1,cf_0V,frequency,frequency,21171.558575697567,150,150,0.0,0.1,21171.558575697567,0.099945068359375,21171.5585756167,0,Rp || Cp,Rp,Cp,392188.77213295054,4.993397860944157e-11,4.993397860944157e-11,392188.77213295054,5.10819900585418e-07,5.10819900585418e-07,1.0,50367.564616638236,-131212.42988724494,140547.47711121105,-1.2042783009158606,9.999999747378752e-06,0,9.999999747378752e-06,-0.374664306640625,0.37396240234375,-3.50952139571703e-09,3.746642971758085e-06,off
1781067434.0711434,2026-06-10T12:57:14.071,87934753999216,,1,cf_0V,frequency,frequency,18979.66256549492,151,151,0.0,0.1,18979.66256549492,0.099945068359375,18979.662565428156,0,Rp || Cp,Rp,Cp,387729.5350820312,4.9962238819879516e-11,4.9962238819879516e-11,387729.5350820312,4.658380707318246e-07,4.658380707318246e-07,1.0,61187.27746246575,-141351.4475348177,154026.34399172466,-1.16227580969647,9.999999747378752e-06,0,9.999999747378752e-06,-0.374664306640625,0.37396240234375,-3.50952139571703e-09,3.746642971758085e-06,off
1781067434.5129452,2026-06-10T12:57:14.512,87934779230576,,1,cf_0V,frequency,frequency,17014.69402038014,152,152,0.0,0.1,17014.69402038014,0.099945068359375,17014.694020431874,0,Rp || Cp,Rp,Cp,387681.5022184722,4.999706052433382e-11,4.999706052433382e-11,387681.5022184722,4.2505273468949205e-07,4.2505273468949205e-07,1.0,73232.39530864549,-151749.3370716029,168495.83088110125,-1.1211751687968166,9.999999747378752e-06,0,9.999999747378752e-06,-0.382232666015625,0.37396240234375,-4.1351317314752833e-08,3.822326563596157e-06,off
1781067434.9272678,2026-06-10T12:57:14.927,87934806468976,,1,cf_0V,frequency,frequency,15253.159091114281,153,153,0.0,0.1,15253.159091114281,0.099945068359375,15253.159091201951,0,Rp || Cp,Rp,Cp,389654.49618674064,5.002331071343662e-11,5.002331071343662e-11,389654.49618674064,3.902242340622677e-07,3.902242340622677e-07,1.0,86789.23790443501,-162127.8660627197,183896.211951426,-1.0792986041729866,9.999999747378752e-06,0,9.999999747378752e-06,-0.382232666015625,0.336151123046875,-2.3040770902316154e-07,3.822326563596157e-06,off
1781067435.3208795,2026-06-10T12:57:15.320,87934828259696,,1,cf_0V,frequency,frequency,13673.996251720062,154,154,0.0,0.1,13673.996251720062,0.099945068359375,13673.996251668541,0,Rp || Cp,Rp,Cp,391909.25640295766,5.0055723238615e-11,5.0055723238615e-11,391909.25640295766,3.58968966390325e-07,3.58968966390325e-07,1.0,102040.44020635104,-171983.55039594803,199976.48122792214,-1.035306681554046,9.999999747378752e-06,0,9.999999747378752e-06,-0.382232666015625,0.336151123046875,-2.3040770902316154e-07,3.822326563596157e-06,off
1781067435.7308812,2026-06-10T12:57:15.730,87934853491056,,1,cf_0V,frequency,frequency,12258.324480531926,155,155,0.0,0.1,12258.324480531926,0.099945068359375,12258.324480498573,0,Rp || Cp,Rp,Cp,390873.5584153877,5.008977769242634e-11,5.008977769242634e-11,390873.5584153877,3.307273611599091e-07,3.307273611599091e-07,1.0,119386.72058222447,-180033.11709277143,216021.09226072737,-0.9852409375450892,9.999999747378752e-06,0,9.999999747378752e-06,-0.382232666015625,0.322998046875,-2.961730882211633e-07,3.822326563596157e-06,off
1781067436.1795871,2026-06-10T12:57:16.179,87934876428656,,1,cf_0V,frequency,frequency,10989.217512115829,156,156,0.0,0.1,10989.217512115829,0.099945068359375,10989.217512076266,0,Rp || Cp,Rp,Cp,393910.332664222,5.012035540409756e-11,5.012035540409756e-11,393910.332664222,3.0780938696133067e-07,3.0780938696133067e-07,1.0,137812.70349699352,-187865.66113770302,232993.23569549507,-0.9378932943878232,9.999999747378752e-06,0,9.999999747378752e-06,-0.347686767578125,0.324798583984375,-1.1444091507772924e-07,3.4768675879481847e-06,off
1781067436.6350517,2026-06-10T12:57:16.635,87934907681136,,1,cf_0V,frequency,frequency,9851.501460936432,157,157,0.0,0.1,9851.501460936432,0.099945068359375,9851.501461000113,0,Rp || Cp,Rp,Cp,391623.9303085551,5.014902722996554e-11,5.014902722996554e-11,391623.9303085551,2.863802309985651e-07,2.863802309985651e-07,1.0,158050.3928424171,-192136.38217192527,248789.70242306753,-0.8824290947034287,9.999999747378752e-06,0,9.999999747378752e-06,-0.336883544921875,0.354705810546875,8.91113258738585e-08,3.5470580158625253e-06,off
1781067437.0247965,2026-06-10T12:57:17.024,87934931765616,,1,cf_0V,frequency,frequency,8831.573397089549,158,158,0.0,0.1,8831.573397089549,0.099945068359375,8831.57339707452,0,Rp || Cp,Rp,Cp,392094.98818560975,5.018506077650219e-11,5.018506077650219e-11,392094.98818560975,2.7085906075649546e-07,2.7085906075649546e-07,1.0,178855.03832857416,-195292.18982044142,264817.2278013254,-0.8293022408730542,9.999999747378752e-06,0,9.999999747378752e-06,-0.335968017578125,0.354705810546875,9.368896247696767e-08,3.5470580158625253e-06,off
1781067437.4795582,2026-06-10T12:57:17.479,87934954703216,,1,cf_0V,frequency,frequency,7917.238704927916,159,159,0.0,0.1,7917.238704927916,0.099945068359375,7917.238704848728,0,Rp || Cp,Rp,Cp,391043.37425970734,5.0246871770719724e-11,5.0246871770719724e-11,391043.37425970734,2.547305464810608e-07,2.547305464810608e-07,1.0,199983.5419295302,-195470.77016743703,279646.63243552775,-0.773987045228867,9.999999747378752e-06,0,9.999999747378752e-06,-0.321014404296875,0.354705810546875,1.6845702699441745e-07,3.5470580158625253e-06,off
1781067437.9287648,2026-06-10T12:57:17.928,87934984235376,,1,cf_0V,frequency,frequency,7097.565279983502,160,160,0.0,0.1,7097.565279983502,0.099945068359375,7097.565280034246,0,Rp || Cp,Rp,Cp,401621.63378775754,5.028560306412703e-11,5.028560306412703e-11,401621.63378775754,2.401599917812983e-07,2.401599917812983e-07,1.0,221749.77133789595,-199716.15950738254,298428.3925111473,-0.7331671996673235,9.999999747378752e-06,0,9.999999747378752e-06,-0.321014404296875,0.324127197265625,1.5563964450571177e-08,3.241271890774833e-06,off
1781067438.3453598,2026-06-10T12:57:18.345,87935008893296,,1,cf_0V,frequency,frequency,6362.752820913701,161,161,0.0,0.1,6362.752820913701,0.099945068359375,6362.7528208343165,0,Rp || Cp,Rp,Cp,398064.29387505254,5.0292279673145804e-11,5.0292279673145804e-11,398064.29387505254,2.3088353509467136e-07,2.3088353509467136e-07,1.0,242639.47075677474,-194196.28426899482,310783.0587290948,-0.6749537774185482,9.999999747378752e-06,0,9.999999747378752e-06,-0.3138427734375,0.31158447265625,-1.1291503621002619e-08,3.1384276550916468e-06,off
1781067438.734814,2026-06-10T12:57:18.734,87935035271536,,1,cf_0V,frequency,frequency,5704.01565368052,162,162,0.0,0.1,5704.01565368052,0.099945068359375,5704.015653620331,0,Rp || Cp,Rp,Cp,401489.5002745855,5.029027019701781e-11,5.029027019701781e-11,401489.5002745855,2.206294075869152e-07,2.206294075869152e-07,1.0,263505.82751792704,-190681.67681690378,325261.16123757174,-0.6264119931507476,9.999999747378752e-06,0,9.999999747378752e-06,-0.32696533203125,0.31158447265625,-7.690429493223405e-08,3.2696532377141097e-06,off
1781067439.1823275,2026-06-10T12:57:19.182,87935057062256,,1,cf_0V,frequency,frequency,5113.477686967608,163,163,0.0,0.1,5113.477686967608,0.099945068359375,5113.477686933265,0,Rp || Cp,Rp,Cp,399191.2696416845,5.021706435758764e-11,5.021706435758764e-11,399191.2696416845,2.1492978930732222e-07,2.1492978930732222e-07,1.0,282150.34132476186,-181722.69498768362,335606.8428731249,-0.5721905035093845,9.999999747378752e-06,0,9.999999747378752e-06,-0.32696533203125,0.328948974609375,9.918212640069868e-09,3.2894896629942494e-06,off
1781067439.587371,2026-06-10T12:57:19.587,87935086594416,,1,cf_0V,frequency,frequency,4584.078242885572,164,164,0.0,0.1,4584.078242885572,0.099945068359375,4584.078242970691,0,Rp || Cp,Rp,Cp,395277.80694122106,5.0270895327012e-11,5.0270895327012e-11,395277.80694122106,2.0906883794165597e-07,2.0906883794165597e-07,1.0,297745.73804040614,-170410.55670785447,343063.08801546553,-0.519829786906251,9.999999747378752e-06,0,9.999999747378752e-06,-0.32696533203125,0.328948974609375,9.918212640069868e-09,3.2894896629942494e-06,off
1781067440.0501013,2026-06-10T12:57:20.050,87935109532016,,1,cf_0V,frequency,frequency,4109.487637044614,165,165,0.0,0.1,4109.487637044614,0.099945068359375,4109.487637009579,0,Rp || Cp,Rp,Cp,394021.55750112474,5.037994473559826e-11,5.037994473559826e-11,394021.55750112474,2.0265804213430738e-07,2.0265804213430738e-07,1.0,312042.311466891,-159940.59342404368,350644.26071224303,-0.47364551981953124,9.999999747378752e-06,0,9.999999747378752e-06,-0.347900390625,0.328948974609375,-9.475707768435981e-08,3.479003818362969e-06,off
1781067440.4394653,2026-06-10T12:57:20.439,87935136770416,,1,cf_0V,frequency,frequency,3684.0314986403864,166,166,0.0,0.1,3684.0314986403864,0.099945068359375,3684.0314986363865,0,Rp || Cp,Rp,Cp,398452.8912724438,5.0456394789630663e-11,5.0456394789630663e-11,398452.8912724438,1.983114269335082e-07,1.983114269335082e-07,1.0,327522.28677761194,-152418.3512135783,361250.8852898522,-0.43556010463529854,9.999999747378752e-06,0,9.999999747378752e-06,-0.347900390625,0.3199462890625,-1.3977050428159998e-07,3.479003818362969e-06,off
1781067440.8537538,2026-06-10T12:57:20.853,87935161715056,,1,cf_0V,frequency,frequency,3302.622925697632,167,167,0.0,0.1,3302.622925697632,0.099945068359375,3302.6229256449824,0,Rp || Cp,Rp,Cp,395256.9267223869,5.048327576124436e-11,5.048327576124436e-11,395256.9267223869,1.9533476993009152e-07,1.9533476993009152e-07,1.0,337408.92973082594,-139708.37752974808,365189.28874502337,-0.39257011619641646,9.999999747378752e-06,0,9.999999747378752e-06,-0.347900390625,0.3199462890625,-1.3977050428159998e-07,3.479003818362969e-06,off
1781067441.2547858,2026-06-10T12:57:21.254,87935183792496,,1,cf_0V,frequency,frequency,2960.70166429603,168,168,0.0,0.1,2960.70166429603,0.099945068359375,2960.701664207477,0,Rp || Cp,Rp,Cp,401447.0705347415,5.042334671409419e-11,5.042334671409419e-11,401447.0705347415,1.8935498730618517e-07,1.8935498730618517e-07,1.0,351592.1404440501,-132395.62523842952,375693.5384116997,-0.36013786084639077,9.999999747378752e-06,0,9.999999747378752e-06,-0.328033447265625,0.309967041015625,-9.033202896802095e-08,3.280334389788031e-06,off
1781067441.6963286,2026-06-10T12:57:21.696,87935211891056,,1,cf_0V,frequency,frequency,2654.1795845838647,169,169,0.0,0.1,2654.1795845838647,0.099945068359375,2654.179584595795,0,Rp || Cp,Rp,Cp,400568.37690513936,5.039635267046715e-11,5.039635267046715e-11,400568.37690513936,1.8892015918504234e-07,1.8892015918504234e-07,1.0,359790.75629179896,-121125.59993764237,379632.45287156163,-0.32473767578046037,9.999999747378752e-06,0,9.999999747378752e-06,-0.3187255859375,0.309967041015625,-4.3792723503077724e-08,3.1872557788581446e-06,off
1781067442.14601,2026-06-10T12:57:22.146,87935234828656,,1,cf_0V,frequency,frequency,2379.391801671713,170,170,0.0,0.1,2379.391801671713,0.099945068359375,2379.391801667907,0,Rp || Cp,Rp,Cp,396040.73503928416,5.044695945957585e-11,5.044695945957585e-11,396040.73503928416,1.8700580373200992e-07,1.8700580373200992e-07,1.0,363601.7450152534,-108604.20516384249,379474.7717008435,-0.29025452657807455,9.999999747378752e-06,0,9.999999747378752e-06,-0.31689453125,0.32379150390625,3.448486241008908e-08,3.237914957265886e-06,off
1781067442.5543635,2026-06-10T12:57:22.554,87935264360816,,1,cf_0V,frequency,frequency,2133.052856990533,171,171,0.0,0.1,2133.052856990533,0.099945068359375,2133.0528569052376,0,Rp || Cp,Rp,Cp,401291.51203474903,5.047348839550185e-11,5.047348839550185e-11,401291.51203474903,1.8354551461128404e-07,1.8354551461128404e-07,1.0,373749.82377222396,-101457.87862215671,387275.91185649124,-0.26507151231860926,9.999999747378752e-06,0,9.999999747378752e-06,-0.31878662109375,0.32379150390625,2.5024413430330128e-08,3.237914957265886e-06,off
1781067443.0096338,2026-06-10T12:57:23.009,87935291312496,,1,cf_0V,frequency,frequency,1912.21743620315,172,172,0.0,0.1,1912.21743620315,0.099945068359375,1912.2174361285715,0,Rp || Cp,Rp,Cp,403979.9387325276,5.050501917685678e-11,5.050501917685678e-11,403979.9387325276,1.814872142191018e-07,1.814872142191018e-07,1.0,381079.76128123165,-93417.31186690033,392362.8150253261,-0.24039790313526743,9.999999747378752e-06,0,9.999999747378752e-06,-0.31878662109375,0.32379150390625,2.5024413430330128e-08,3.237914957265886e-06,off
1781067443.4344182,2026-06-10T12:57:23.434,87935314536816,,1,cf_0V,frequency,frequency,1714.2451539988147,173,173,0.0,0.1,1714.2451539988147,0.099945068359375,1714.2451539342574,0,Rp || Cp,Rp,Cp,404486.1474631278,5.068897039742466e-11,5.068897039742466e-11,404486.1474631278,1.8250638272772604e-07,1.8250638272772604e-07,1.0,385677.2282863689,-85171.42604861499,394969.7409091114,-0.21734759440284654,9.999999747378752e-06,0,9.999999747378752e-06,-0.32611083984375,0.300933837890625,-1.2588500658550217e-07,3.2611083160549725e-06,off
1781067443.8530598,2026-06-10T12:57:23.853,87935341488496,,1,cf_0V,frequency,frequency,1536.7689847255556,174,174,0.0,0.1,1536.7689847255556,0.099945068359375,1536.7689847067822,0,Rp || Cp,Rp,Cp,404545.5474182243,5.0605990860276567e-11,5.0605990860276567e-11,404545.5474182243,1.7984075197184092e-07,1.7984075197184092e-07,1.0,389331.8234977101,-76962.24318563311,396865.79049373436,-0.19516164389230983,9.999999747378752e-06,0,9.999999747378752e-06,-0.32611083984375,0.31219482421875,-6.958007636725938e-08,3.2611083160549725e-06,off
1781067444.2571564,2026-06-10T12:57:24.257,87935365572976,,1,cf_0V,frequency,frequency,1377.6669614059458,175,175,0.0,0.1,1377.6669614059458,0.099945068359375,1377.6669614173898,0,Rp || Cp,Rp,Cp,405418.3400551535,5.056530424119774e-11,5.056530424119774e-11,405418.3400551535,1.784148839769085e-07,1.784148839769085e-07,1.0,393041.80708432925,-69745.93095150098,399182.1100705875,-0.17562350533891044,9.999999747378752e-06,0,9.999999747378752e-06,-0.32611083984375,0.31219482421875,-6.958007636725938e-08,3.2611083160549725e-06,off
1781067444.764937,2026-06-10T12:57:24.764,87935393958256,,1,cf_0V,frequency,frequency,1235.0368047598533,176,176,0.0,0.1,1235.0368047598533,0.099945068359375,1235.036804771994,0,Rp || Cp,Rp,Cp,409207.96950712334,5.0713874014390014e-11,5.0713874014390014e-11,409207.96950712334,1.779463801875921e-07,1.779463801875921e-07,1.0,398864.0258489778,-64232.60083978349,404002.89371129137,-0.1596680091787991,9.999999747378752e-06,0,9.999999747378752e-06,-0.321014404296875,0.31219482421875,-4.4097899276618335e-08,3.2101439618736904e-06,off
1781067445.1729162,2026-06-10T12:57:25.172,87935419763056,,1,cf_0V,frequency,frequency,1107.1731788899117,177,177,0.0,0.1,1107.1731788899117,0.099945068359375,1107.1731789513706,0,Rp || Cp,Rp,Cp,406068.73016811436,5.069261528653189e-11,5.069261528653189e-11,406068.73016811436,1.776947721417992e-07,1.776947721417992e-07,1.0,397909.23373407096,-56980.16298437654,401968.2789282776,-0.14223195666153224,9.999999747378752e-06,0,9.999999747378752e-06,-0.321014404296875,0.31219482421875,-4.4097899276618335e-08,3.2101439618736904e-06,off
1781067445.591005,2026-06-10T12:57:25.591,87935445854576,,1,cf_0V,frequency,frequency,992.547301690778,178,178,0.0,0.1,992.547301690778,0.099945068359375,992.5473017347031,0,Rp || Cp,Rp,Cp,407822.22748289374,5.087105194455114e-11,5.087105194455114e-11,407822.22748289374,1.7817052386081982e-07,1.7817052386081982e-07,1.0,401107.8379542023,-51895.994710919425,404451.0995600462,-0.12866688447688243,9.999999747378752e-06,0,9.999999747378752e-06,-0.32098388671875,0.30963134765625,-5.6762693878553705e-08,3.20983878610015e-06,off
1781067445.9726026,2026-06-10T12:57:25.972,87935469078896,,1,cf_0V,frequency,frequency,889.7886661970878,179,179,0.0,0.1,889.7886661970878,0.099945068359375,889.7886662140309,0,Rp || Cp,Rp,Cp,418181.754639398,5.0696925700539046e-11,5.0696925700539046e-11,418181.754639398,1.7561127474714763e-07,1.7561127474714763e-07,1.0,412388.3577554849,-48878.7216156754,415274.9535416848,-0.11797554799606905,9.999999747378752e-06,0,9.999999747378752e-06,-0.321136474609375,0.30963134765625,-5.752563331240523e-08,3.211364664967853e-06,off
1781067446.4673433,2026-06-10T12:57:26.467,87935496317296,,1,cf_0V,frequency,frequency,797.6686543241938,180,180,0.0,0.1,797.6686543241938,0.099945068359375,797.6686543287315,0,Rp || Cp,Rp,Cp,403661.706258489,5.085798938039594e-11,5.085798938039594e-11,403661.706258489,1.7762920164464774e-07,1.7762920164464774e-07,1.0,399433.0511674692,-41098.231170464176,401541.81223167153,-0.10253061084566141,9.999999747378752e-06,0,9.999999747378752e-06,-0.321136474609375,0.30963134765625,-5.752563331240523e-08,3.211364664967853e-06,off
1781067446.9227154,2026-06-10T12:57:26.922,87935522122096,,1,cf_0V,frequency,frequency,715.0858470818457,181,181,0.0,0.1,715.0858470818457,0.099945068359375,715.0858471760557,0,Rp || Cp,Rp,Cp,400035.44320362946,5.092083076598594e-11,5.092083076598594e-11,400035.44320362946,1.8035419405631013e-07,1.8035419405631013e-07,1.0,396712.37121149123,-36308.45314396705,398370.4422292795,-0.09126909742516007,9.999999747378752e-06,0,9.999999747378752e-06,-0.321136474609375,0.29693603515625,-1.210021942088524e-07,3.211364664967853e-06,off
1781067447.3674285,2026-06-10T12:57:27.367,87935553661296,,1,cf_0V,frequency,frequency,641.0528556246055,182,182,0.0,0.1,641.0528556246055,0.099945068359375,641.0528555989004,0,Rp || Cp,Rp,Cp,393906.72940702,5.051736649917985e-11,5.051736649917985e-11,393906.72940702,1.8103714571837336e-07,1.8103714571837336e-07,1.0,391392.3664405376,-31370.407576918617,392647.5353029305,-0.07997981552111569,9.999999747378752e-06,0,9.999999747378752e-06,-0.324554443359375,0.327911376953125,1.6784667544733622e-08,3.2791136866938686e-06,off
1781067447.7686954,2026-06-10T12:57:27.768,87935577459056,,1,cf_0V,frequency,frequency,574.6845156864445,183,183,0.0,0.1,574.6845156864445,0.099945068359375,574.6845156551217,0,Rp || Cp,Rp,Cp,397620.8372791262,5.09936684292432e-11,5.09936684292432e-11,397620.8372791262,1.798917787477469e-07,1.798917787477469e-07,1.0,395500.8321480172,-28956.239284680967,396559.41802368755,-0.0730837070555659,9.999999747378752e-06,0,9.999999747378752e-06,-0.324554443359375,0.327911376953125,1.6784667544733622e-08,3.2791136866938686e-06,off
1781067448.2222538,2026-06-10T12:57:28.222,87935601830256,,1,cf_0V,frequency,frequency,515.1873042480629,184,184,0.0,0.1,515.1873042480629,0.099945068359375,515.1873042308353,0,Rp || Cp,Rp,Cp,397099.9983431383,5.018405704533062e-11,5.018405704533062e-11,397099.9983431383,1.7802884031472318e-07,1.7802884031472318e-07,1.0,395454.42294766114,-25509.803379001423,396276.3564702075,-0.06441831462973509,9.999999747378752e-06,0,9.999999747378752e-06,-0.324554443359375,0.327911376953125,1.6784667544733622e-08,3.2791136866938686e-06,off
1781067448.6324453,2026-06-10T12:57:28.632,87935629068656,,1,cf_0V,frequency,frequency,461.8498518989187,185,185,0.0,0.1,461.8498518989187,0.099945068359375,461.8498518027536,0,Rp || Cp,Rp,Cp,397817.7789895215,5.0442779793268157e-11,5.0442779793268157e-11,397817.7789895215,1.80315483275916e-07,1.80315483275916e-07,1.0,396473.33801132446,-23087.550809580676,397144.9895897302,-0.05816660274576714,9.999999747378752e-06,0,9.999999747378752e-06,-0.324066162109375,0.300323486328125,-1.187133759072978e-07,3.2406615392277516e-06,off
1781067449.0257413,2026-06-10T12:57:29.025,87935651719536,,1,cf_0V,frequency,frequency,414.03443745645274,186,186,0.0,0.1,414.03443745645274,0.099945068359375,414.0344374548022,0,Rp || Cp,Rp,Cp,404030.72535579745,5.092322204757301e-11,5.092322204757301e-11,404030.72535579745,1.7820905292231166e-07,1.7820905292231166e-07,1.0,402876.56750138884,-21563.468059171628,403453.2337166726,-0.05347273457203899,9.999999747378752e-06,0,9.999999747378752e-06,-0.324066162109375,0.301361083984375,-1.1352538775710741e-07,3.2406615392277516e-06,off
1781067449.4285026,2026-06-10T12:57:29.428,87935675804016,,1,cf_0V,frequency,frequency,371.1693631492158,187,187,0.0,0.1,371.1693631492158,0.099945068359375,371.1693631913704,0,Rp || Cp,Rp,Cp,401509.2315471154,5.133047349657158e-11,5.133047349657158e-11,401509.2315471154,1.78468038644222e-07,1.78468038644222e-07,1.0,400583.81132460065,-19253.788193803204,401046.2545083237,-0.048027358078213594,9.999999747378752e-06,0,9.999999747378752e-06,-0.311737060546875,0.301361083984375,-5.1879881501903924e-08,3.1173705267173446e-06,off
1781067449.8370247,2026-06-10T12:57:29.837,87935701035376,,1,cf_0V,frequency,frequency,332.7421191989247,188,188,0.0,0.1,332.7421191989247,0.099945068359375,332.74211929779085,0,Rp || Cp,Rp,Cp,397747.4052314978,5.1135673266769903e-11,5.1135673266769903e-11,397747.4052314978,1.7948298125227053e-07,1.7948298125227053e-07,1.0,397029.5105285928,-16882.694764326807,397388.2957676024,-0.04249691717739482,9.999999747378752e-06,0,9.999999747378752e-06,-0.3154296875,0.327423095703125,5.996703950073012e-08,3.274230874317219e-06,off
1781067450.2362635,2026-06-10T12:57:30.236,87935724259696,,1,cf_0V,frequency,frequency,298.2932560748046,189,189,0.0,0.1,298.2932560748046,0.099945068359375,298.2932561224061,0,Rp || Cp,Rp,Cp,399876.279323951,5.118087429770686e-11,5.118087429770686e-11,399876.279323951,1.809852769444314e-07,1.809852769444314e-07,1.0,399288.7894176886,-15315.943766762055,399582.4264004986,-0.03833926506063932,9.999999747378752e-06,0,9.999999747378752e-06,-0.3154296875,0.327423095703125,5.996703950073012e-08,3.274230874317219e-06,off
1781067450.780012,2026-06-10T12:57:30.780,87935752358256,,1,cf_0V,frequency,frequency,267.41089115476336,190,190,0.0,0.1,267.41089115476336,0.099945068359375,267.4108910838413,0,Rp || Cp,Rp,Cp,395403.7851498801,5.0185046636283186e-11,5.0185046636283186e-11,395403.7851498801,1.8177963913850986e-07,1.8177963913850986e-07,1.0,394964.7426553203,-13168.382811816884,395184.20293157204,-0.03332830837950881,9.999999747378752e-06,0,9.999999747378752e-06,-0.3154296875,0.327423095703125,5.996703950073012e-08,3.274230874317219e-06,off
1781067451.1915393,2026-06-10T12:57:31.191,87935781316976,,1,cf_0V,frequency,frequency,239.7257841131082,191,191,0.0,0.1,239.7257841131082,0.099945068359375,239.72578418351986,0,Rp || Cp,Rp,Cp,397489.8719393168,5.373939291883824e-11,5.373939291883824e-11,397489.8719393168,1.8139699051275286e-07,1.8139699051275286e-07,1.0,397078.8134756889,-12775.86032353536,397284.28954373143,-0.032163525416748884,9.999999747378752e-06,0,9.999999747378752e-06,-0.315582275390625,0.313507080078125,-1.0375976300380785e-08,3.1558226741834616e-06,off
1781067451.6381245,2026-06-10T12:57:31.638,87935807408496,,1,cf_0V,frequency,frequency,214.90692215443403,192,192,0.0,0.1,214.90692215443403,0.099945068359375,214.9069221246691,0,Rp || Cp,Rp,Cp,401648.7858581277,5.0988947327467695e-11,5.0988947327467695e-11,401648.7858581277,1.7936565635326858e-07,1.7936565635326858e-07,1.0,401341.86950892245,-11098.57564613115,401495.298356394,-0.027646624150991363,9.999999747378752e-06,0,9.999999747378752e-06,-0.335479736328125,0.313507080078125,-1.0986327847462007e-07,3.35479727853194e-06,off
1781067452.0491848,2026-06-10T12:57:32.049,87935833786736,,1,cf_0V,frequency,frequency,192.65756230919578,193,193,0.0,0.1,192.65756230919578,0.099945068359375,192.65756222353048,0,Rp || Cp,Rp,Cp,406935.972031898,5.276728470154712e-11,5.276728470154712e-11,406935.972031898,1.7286841870723378e-07,1.7286841870723378e-07,1.0,406661.2166100143,-10570.353548173303,406798.57112442073,-0.025987169433962586,9.999999747378752e-06,0,9.999999747378752e-06,-0.335479736328125,0.313507080078125,-1.0986327847462007e-07,3.35479727853194e-06,off
1781067452.4949956,2026-06-10T12:57:32.494,87935856724336,,1,cf_0V,frequency,frequency,172.71168347127087,194,194,0.0,0.1,172.71168347127087,0.099945068359375,172.7116834615572,0,Rp || Cp,Rp,Cp,416246.3812712139,5.127751061805383e-11,5.127751061805383e-11,416246.3812712139,1.7501144076093045e-07,1.7501144076093045e-07,1.0,416023.1908661573,-9635.994213488044,416134.77110539743,-0.023158015680665913,9.999999747378752e-06,0,9.999999747378752e-06,-0.335479736328125,0.30511474609375,-1.5182494733645413e-07,3.35479727853194e-06,off
1781067452.9919739,2026-06-10T12:57:32.991,87935886543216,,1,cf_0V,frequency,frequency,154.83080575683516,195,195,0.0,0.1,154.83080575683516,0.099945068359375,154.83080566980334,0,Rp || Cp,Rp,Cp,404849.002362124,4.990592616411249e-11,4.990592616411249e-11,404849.002362124,1.7614926659277413e-07,1.7614926659277413e-07,1.0,404692.65513161616,-7954.406064358072,404770.8211980131,-0.019652894224319973,9.999999747378752e-06,0,9.999999747378752e-06,-0.335479736328125,0.332000732421875,-1.7395019091814845e-08,3.35479727853194e-06,off
1781067453.4426286,2026-06-10T12:57:33.442,87935915215216,,1,cf_0V,frequency,frequency,138.8011391556985,196,196,0.0,0.1,138.8011391556985,0.099945068359375,138.80113911568515,0,Rp || Cp,Rp,Cp,403525.9265104567,5.376677077734794e-11,5.376677077734794e-11,403525.9265104567,1.7597654262307915e-07,1.7597654262307915e-07,1.0,403381.50477049634,-7632.63118372444,403453.7091782608,-0.01891936142678343,9.999999747378752e-06,0,9.999999747378752e-06,-0.315643310546875,0.332000732421875,8.178710730888383e-08,3.3200072403483105e-06,off
1781067453.8571,2026-06-10T12:57:33.857,87935942166896,,1,cf_0V,frequency,frequency,124.43102738338021,197,197,0.0,0.1,124.43102738338021,0.099945068359375,124.43102740178347,0,Rp || Cp,Rp,Cp,402953.99432141916,5.0591998323005066e-11,5.0591998323005066e-11,402953.99432141916,1.772953594328435e-07,1.772953594328435e-07,1.0,402851.65633625624,-6420.827581315119,402902.82207958546,-0.01593709212938482,9.999999747378752e-06,0,9.999999747378752e-06,-0.3128662109375,0.332000732421875,9.567260500498165e-08,3.3200072403483105e-06,off
1781067454.3431451,2026-06-10T12:57:34.343,87935969118576,,1,cf_0V,frequency,frequency,111.54865637172875,198,198,0.0,0.1,111.54865637172875,0.099945068359375,111.54865639184663,0,Rp || Cp,Rp,Cp,403460.17246131506,5.3065900361686134e-11,5.3065900361686134e-11,403460.17246131506,1.7795718514699732e-07,1.7795718514699732e-07,1.0,403369.34362995933,-6052.897329928008,403414.7554893733,-0.015004717551785302,9.999999747378752e-06,0,9.999999747378752e-06,-0.32391357421875,0.332000732421875,4.0435789994131e-08,3.3200072403483105e-06,off
1781067454.7613316,2026-06-10T12:57:34.761,87935995210096,,1,cf_0V,frequency,frequency,100.0,199,199,0.0,0.1,100.0,0.099945068359375,99.99999996068709,0,Rp || Cp,Rp,Cp,407060.3917446923,5.497761728673764e-11,5.497761728673764e-11,407060.3917446923,1.7737242473443157e-07,1.7737242473443157e-07,1.0,406979.9239234399,-5722.655657260864,407020.1558455067,-0.014060345991621396,9.999999747378752e-06,0,9.999999747378752e-06,-0.32391357421875,0.32354736328125,-1.831054641243668e-09,3.2391356603600485e-06,off
1781067455.6045082,2026-06-10T12:57:35.604,87936021014896,,1,cf_0V,frequency,frequency,0.0,200,200,0.0,0.1,0.0,0.099945068359375,0.0,0,Rp || Cp,Rp,Cp,108.85831748386911,nan,nan,108.85831748386911,108.85831748386911,108.85831748386911,1.0,-108.85831746930478,0.0017807015697161779,108.85831748386911,3.1415762956154007,9.999999747378752e-05,0,9.999999747378752e-05,-0.029327392578125,0.030059814453125,3.662109282487336e-08,3.0059813693750215e-06,off
