timestamp_unix,timestamp_iso,sample_timestamp,sample_clockbase,block_index,block_name,mode,sweep_variable,sweep_value,point_index_block,point_index_total,set_bias_V,set_amplitude_V,set_frequency_Hz,measured_drive_V,measured_frequency_Hz,model,model_name,param0_name,param1_name,param0,param1,C_F,R_Ohm,demod_R_raw,demod_R,demod_R_gain,Z_real_Ohm,Z_imag_Ohm,Z_abs_Ohm,Z_phase_rad,imps_current_range_A,currin_index,currin_range_A,currin_norm_min,currin_norm_max,currin_est_A,currin_peak_A,iv_autorange_mode
1781066146.5203404,2026-06-10T12:35:46.520,87857501022576,,1,cf_0V,frequency,frequency,0.0,1,1,0.0,0.1,0.0,0.099945068359375,0.0,0,Rp || Cp,Rp,Cp,108.61696845122093,nan,nan,108.61696845122093,8.790510835412985e-08,8.790510835412985e-08,1.0,-108.61696845029894,-0.0004475333132156692,108.61696845122091,-3.1415885333006743,9.999999747378752e-05,0,9.999999747378752e-05,-0.4298095703125,0.999969482421875,2.8507994885296206e-05,9.999694571605211e-05,off
1781066147.4251819,2026-06-10T12:35:47.425,87857556359536,,1,cf_0V,frequency,frequency,100.0,2,2,0.0,0.1,100.0,0.099945068359375,99.99999996068709,0,Rp || Cp,Rp,Cp,329624.3210533988,7.395065804511697e-11,7.395065804511697e-11,329624.3210533988,1.6611446373946846e-07,1.6611446373946846e-07,1.0,329547.01745610504,-5047.293326801247,329585.66698832816,-0.01531465453542863,0.0010000000474974513,0,0.0010000000474974513,-0.025146484375,0.014678955078125,-5.2337648970279815e-06,2.5146485569393917e-05,off
1781066148.2200673,2026-06-10T12:35:48.220,87857602234736,,1,cf_0V,frequency,frequency,111.67312606580774,3,3,0.0,0.1,111.67312606580774,0.099945068359375,111.6731259998005,0,Rp || Cp,Rp,Cp,377786.96015775803,1.82759900177728e-10,1.82759900177728e-10,377786.96015775803,1.8863399573475892e-07,1.8863399573475892e-07,1.0,376902.3708126226,-18259.348876045562,377344.40627303964,-0.04840798435448519,9.999999747378752e-05,0,9.999999747378752e-05,-0.05047607421875,0.060089111328125,4.806518433264628e-07,6.008910981014637e-06,off
1781066148.6416063,2026-06-10T12:35:48.641,87857626319216,,1,cf_0V,frequency,frequency,124.70887085309788,4,4,0.0,0.1,124.70887085309788,0.099945068359375,124.70887085669347,0,Rp || Cp,Rp,Cp,381023.93437192665,1.829529976413176e-10,1.829529976413176e-10,381023.93437192665,1.8676491256677475e-07,1.8676491256677475e-07,1.0,379890.49984653434,-20750.445980619254,380456.7950267734,-0.05456795041362706,9.999999747378752e-05,0,9.999999747378752e-05,-0.052459716796875,0.060089111328125,3.8146971692576415e-07,6.008910981014637e-06,off
1781066149.0521016,2026-06-10T12:35:49.052,87857651550576,,1,cf_0V,frequency,frequency,139.2662945630255,5,5,0.0,0.1,139.2662945630255,0.099945068359375,139.26629449656502,0,Rp || Cp,Rp,Cp,368366.6173871584,1.8010729441358947e-10,1.8010729441358947e-10,368366.6173871584,1.891337232442676e-07,1.891337232442676e-07,1.0,367129.26352795836,-21313.582783088656,367747.4200448355,-0.05798961963386308,9.999999747378752e-05,0,9.999999747378752e-05,-0.052459716796875,0.060089111328125,3.8146971692576415e-07,6.008910981014637e-06,off
1781066149.5040772,2026-06-10T12:35:49.504,87857678788976,,1,cf_0V,frequency,frequency,155.52302469454662,6,6,0.0,0.1,155.52302469454662,0.099945068359375,155.52302464527656,0,Rp || Cp,Rp,Cp,370599.2206691333,1.8304512168729982e-10,1.8304512168729982e-10,370599.2206691333,1.939861415271986e-07,1.939861415271986e-07,1.0,368977.87813864026,-24458.935517255664,369787.6608032379,-0.06619151376580167,9.999999747378752e-05,0,9.999999747378752e-05,-0.053070068359375,0.060089111328125,3.50952139571703e-07,6.008910981014637e-06,off
1781066149.9071395,2026-06-10T12:35:49.907,87857702873456,,1,cf_0V,frequency,frequency,173.67742342849834,7,7,0.0,0.1,173.67742342849834,0.099945068359375,173.6774233762617,0,Rp || Cp,Rp,Cp,373412.8810743925,1.7934485561959368e-10,1.7934485561959368e-10,373412.8810743925,1.9009765059363596e-07,1.9009765059363596e-07,1.0,371429.16773158504,-27144.225830497253,372419.70361101325,-0.07295080425951407,9.999999747378752e-05,0,9.999999747378752e-05,-0.053070068359375,0.05755615234375,2.2430419355234932e-07,5.7556150889759294e-06,off
1781066150.3740728,2026-06-10T12:35:50.374,87857728104816,,1,cf_0V,frequency,frequency,193.95100801315368,8,8,0.0,0.1,193.95100801315368,0.099945068359375,193.9510080006812,0,Rp || Cp,Rp,Cp,368724.4970638955,1.8027195262118023e-10,1.8027195262118023e-10,368724.4970638955,1.8926624749745072e-07,1.8926624749745072e-07,1.0,366320.8771208764,-29673.155642634476,367520.7221101964,-0.08082670555061905,9.999999747378752e-05,0,9.999999747378752e-05,-0.053070068359375,0.0587158203125,2.8228759052506547e-07,5.871581882921362e-06,off
1781066150.8103244,2026-06-10T12:35:50.810,87857757063536,,1,cf_0V,frequency,frequency,216.59115368443398,9,9,0.0,0.1,216.59115368443398,0.099945068359375,216.5911537588272,0,Rp || Cp,Rp,Cp,365133.5115699342,1.8314293380454151e-10,1.8314293380454151e-10,365133.5115699342,1.9044803785249074e-07,1.9044803785249074e-07,1.0,362134.38597974175,-32955.82655738543,363630.8567943665,-0.09075442532673658,9.999999747378752e-05,0,9.999999747378752e-05,-0.058502197265625,0.0587158203125,1.0681152073921396e-08,5.871581882921362e-06,off
1781066151.2007685,2026-06-10T12:35:51.200,87857782294896,,1,cf_0V,frequency,frequency,241.8741121014056,10,10,0.0,0.1,241.8741121014056,0.099945068359375,241.87411220566446,0,Rp || Cp,Rp,Cp,367535.83363829495,1.8423240149018708e-10,1.8423240149018708e-10,367535.83363829495,1.9566384188640249e-07,1.9566384188640249e-07,1.0,363684.64421829453,-37424.83739483885,365605.1680354335,-0.10254369894801346,9.999999747378752e-05,0,9.999999747378752e-05,-0.058502197265625,0.0587158203125,1.0681152073921396e-08,5.871581882921362e-06,off
1781066151.6523094,2026-06-10T12:35:51.652,87857806666096,,1,cf_0V,frequency,frequency,270.1083821275558,11,11,0.0,0.1,270.1083821275558,0.099945068359375,270.1083821676775,0,Rp || Cp,Rp,Cp,377548.05452604586,1.8330308869091173e-10,1.8330308869091173e-10,377548.05452604586,1.92594369140865e-07,1.92594369140865e-07,1.0,372410.6706799023,-43740.3310879379,374970.56444464694,-0.11691621980979283,9.999999747378752e-05,0,9.999999747378752e-05,-0.058502197265625,0.056549072265625,-9.765624753299562e-08,5.850219578773519e-06,off
1781066152.0872636,2026-06-10T12:35:52.087,87857833617776,,1,cf_0V,frequency,frequency,301.6384740876191,12,12,0.0,0.1,301.6384740876191,0.099945068359375,301.6384739851219,0,Rp || Cp,Rp,Cp,369544.9144037171,1.8419937956195156e-10,1.8419937956195156e-10,369544.9144037171,1.9182510496325144e-07,1.9182510496325144e-07,1.0,363495.0931213411,-46894.35307587404,366507.521169344,-0.12830093117751995,9.999999747378752e-05,0,9.999999747378752e-05,-0.053466796875,0.056549072265625,1.5411376563800872e-07,5.654907083707528e-06,off
1781066152.5076768,2026-06-10T12:35:52.507,87857860856176,,1,cf_0V,frequency,frequency,336.849113430846,13,13,0.0,0.1,336.849113430846,0.099945068359375,336.84911350917446,0,Rp || Cp,Rp,Cp,364080.38022229006,1.849861244081879e-10,1.849861244081879e-10,364080.38022229006,1.9231724990475172e-07,1.9231724990475172e-07,1.0,356829.9346921909,-50864.29007658087,360436.92693372554,-0.141591050704525,9.999999747378752e-05,0,9.999999747378752e-05,-0.05267333984375,0.056549072265625,1.9378661619828819e-07,5.654907083707528e-06,off
1781066152.9578977,2026-06-10T12:35:52.957,87857885514096,,1,cf_0V,frequency,frequency,376.169935093184,14,14,0.0,0.1,376.169935093184,0.099945068359375,376.1699350945946,0,Rp || Cp,Rp,Cp,379709.30043676123,1.848107409548502e-10,1.848107409548502e-10,379709.30043676123,1.9756014739009815e-07,1.9756014739009815e-07,1.0,369543.30010035296,-61292.55511999503,374591.8151297451,-0.16436398225108845,9.999999747378752e-05,0,9.999999747378752e-05,-0.055816650390625,0.056549072265625,3.662109282487336e-08,5.654907083707528e-06,off
1781066153.3608308,2026-06-10T12:35:53.360,87857910745456,,1,cf_0V,frequency,frequency,420.08072583827897,15,15,0.0,0.1,420.08072583827897,0.099945068359375,420.08072583143985,0,Rp || Cp,Rp,Cp,380110.25685770495,1.8496558474570127e-10,1.8496558474570127e-10,380110.25685770495,1.9083038010304508e-07,1.9083038010304508e-07,1.0,367456.1413261078,-68189.68004863684,373729.6459520009,-0.1834850674691138,9.999999747378752e-05,0,9.999999747378752e-05,-0.055816650390625,0.055084228515625,-3.662109282487336e-08,5.581664898057781e-06,off
1781066153.8103967,2026-06-10T12:35:53.810,87857936263536,,1,cf_0V,frequency,frequency,469.11727854354143,16,16,0.0,0.1,469.11727854354143,0.099945068359375,469.11727856979724,0,Rp || Cp,Rp,Cp,377381.1518328248,1.846102230168597e-10,1.846102230168597e-10,377381.1518328248,1.9073995254933876e-07,1.9073995254933876e-07,1.0,362111.2407917436,-74359.97871076518,369667.36012474995,-0.20253561197837197,9.999999747378752e-05,0,9.999999747378752e-05,-0.055816650390625,0.061126708984375,2.6550292298033185e-07,6.112670744018445e-06,off
1781066154.265978,2026-06-10T12:35:54.265,87857963215216,,1,cf_0V,frequency,frequency,523.8779298644155,17,17,0.0,0.1,523.8779298644155,0.099945068359375,523.877929836658,0,Rp || Cp,Rp,Cp,377189.17787015066,1.8450742989843361e-10,1.8450742989843361e-10,377189.17787015066,1.9782364278926854e-07,1.9782364278926854e-07,1.0,358382.4663822409,-82097.47649944139,367665.5924312123,-0.2251923703833985,9.999999747378752e-05,0,9.999999747378752e-05,-0.052520751953125,0.061126708984375,4.3029784069226196e-07,6.112670744018445e-06,off
1781066154.6953642,2026-06-10T12:35:54.695,87857991027056,,1,cf_0V,frequency,frequency,585.0308610484332,18,18,0.0,0.1,585.0308610484332,0.099945068359375,585.0308610888533,0,Rp || Cp,Rp,Cp,373658.64158443635,1.8456935298566563e-10,1.8456935298566563e-10,373658.64158443635,2.0363310497370245e-07,2.0363310497370245e-07,1.0,351094.90323509387,-89005.69382002689,362201.1107244762,-0.2482784506209697,9.999999747378752e-05,0,9.999999747378752e-05,-0.0565185546875,0.061126708984375,2.3040770902316154e-07,6.112670744018445e-06,off
1781066155.0966454,2026-06-10T12:35:55.096,87858014538096,,1,cf_0V,frequency,frequency,653.3222509824973,19,19,0.0,0.1,653.3222509824973,0.099945068359375,653.3222509119696,0,Rp || Cp,Rp,Cp,378036.22270042205,1.8459711087290104e-10,1.8459711087290104e-10,378036.22270042205,2.0221131103065688e-07,2.0221131103065688e-07,1.0,349367.1691180669,-100080.09837805707,363419.1037203927,-0.27898995992676795,9.999999747378752e-05,0,9.999999747378752e-05,-0.0565185546875,0.061126708984375,2.3040770902316154e-07,6.112670744018445e-06,off
1781066155.499062,2026-06-10T12:35:55.499,87858040342896,,1,cf_0V,frequency,frequency,729.585380955657,20,20,0.0,0.1,729.585380955657,0.099945068359375,729.5853809097252,0,Rp || Cp,Rp,Cp,373794.19780166144,1.8441747843643902e-10,1.8441747843643902e-10,373794.19780166144,1.987833266869379e-07,1.987833266869379e-07,1.0,339856.89388158935,-107395.65492603123,356421.84980137384,-0.3060726403649936,9.999999747378752e-05,0,9.999999747378752e-05,-0.0565185546875,0.0577392578125,6.103515470812226e-08,5.773925635388366e-06,off
1781066155.8989933,2026-06-10T12:35:55.898,87858062707056,,1,cf_0V,frequency,frequency,814.7508022323145,21,21,0.0,0.1,814.7508022323145,0.099945068359375,814.7508022915417,0,Rp || Cp,Rp,Cp,359321.6586191658,1.847915558395844e-10,1.847915558395844e-10,359321.6586191658,2.0250657045782078e-07,2.0250657045782078e-07,1.0,322104.9651788023,-109488.27217870619,340204.77706451435,-0.32766220948437635,9.999999747378752e-05,0,9.999999747378752e-05,-0.0565185546875,0.054779052734375,-8.697509545907423e-08,5.651855325972122e-06,off
1781066156.301151,2026-06-10T12:35:56.301,87858086791536,,1,cf_0V,frequency,frequency,909.8576904990725,22,22,0.0,0.1,909.8576904990725,0.099945068359375,909.8576904165157,0,Rp || Cp,Rp,Cp,367628.038555896,1.845226779564028e-10,1.845226779564028e-10,367628.038555896,2.0869977075480344e-07,2.0869977075480344e-07,1.0,319567.7500000191,-123929.48913859548,342756.5683079289,-0.36994813138804306,9.999999747378752e-05,0,9.999999747378752e-05,-0.05450439453125,0.054779052734375,1.373290980932751e-08,5.477905135053973e-06,off
1781066156.7201128,2026-06-10T12:35:56.720,87858111449456,,1,cf_0V,frequency,frequency,1016.0665257304771,23,23,0.0,0.1,1016.0665257304771,0.099945068359375,1016.0665256364609,0,Rp || Cp,Rp,Cp,374523.2815133106,1.8450665393367153e-10,1.8450665393367153e-10,374523.2815133106,2.128714069383373e-07,2.128714069383373e-07,1.0,313508.50122327794,-138306.37122416214,342660.52101235965,-0.41547553408768584,9.999999747378752e-05,0,9.999999747378752e-05,-0.05450439453125,0.055145263671875,3.204345622176419e-08,5.5145262278788465e-06,off
1781066157.1275117,2026-06-10T12:35:57.127,87858135533936,,1,cf_0V,frequency,frequency,1134.6732521914685,24,24,0.0,0.1,1134.6732521914685,0.099945068359375,1134.67325220995,0,Rp || Cp,Rp,Cp,363068.25825915416,1.8420727500707427e-10,1.8420727500707427e-10,363068.25825915416,2.1247098738710078e-07,2.1247098738710078e-07,1.0,295815.2077499141,-141047.77597752586,327721.0891052499,-0.44492444684846816,9.999999747378752e-05,0,9.999999747378752e-05,-0.0546875,0.055145263671875,2.288818301554585e-08,5.5145262278788465e-06,off
1781066157.5881512,2026-06-10T12:35:57.588,87858160765296,,1,cf_0V,frequency,frequency,1267.1250913547792,25,25,0.0,0.1,1267.1250913547792,0.099945068359375,1267.1250913598442,0,Rp || Cp,Rp,Cp,359804.54844155797,1.8409418541728306e-10,1.8409418541728306e-10,359804.54844155797,2.162996417627925e-07,2.162996417627925e-07,1.0,281513.60195367725,-148458.63513506344,318260.70198989275,-0.4852942271989249,9.999999747378752e-05,0,9.999999747378752e-05,-0.0546875,0.055145263671875,2.288818301554585e-08,5.5145262278788465e-06,off
1781066158.0132658,2026-06-10T12:35:58.013,87858189150576,,1,cf_0V,frequency,frequency,1415.0382006801042,26,26,0.0,0.1,1415.0382006801042,0.099945068359375,1415.0382007471762,0,Rp || Cp,Rp,Cp,372487.1657390248,1.838744005571814e-10,1.838744005571814e-10,372487.1657390248,2.2748235154143103e-07,2.2748235154143103e-07,1.0,271726.1278619953,-165467.23742687269,318142.2562699814,-0.5469733641239791,9.999999747378752e-05,0,9.999999747378752e-05,-0.0546875,0.0548095703125,6.103515470812226e-09,5.480956892789379e-06,off
1781066158.412438,2026-06-10T12:35:58.412,87858213235056,,1,cf_0V,frequency,frequency,1580.2173937248301,27,27,0.0,0.1,1580.2173937248301,0.099945068359375,1580.217393737371,0,Rp || Cp,Rp,Cp,364394.1358995257,1.8404963218998823e-10,1.8404963218998823e-10,364394.1358995257,2.3079926315462457e-07,2.3079926315462457e-07,1.0,252453.55261915692,-168106.50770089094,303302.8093530014,-0.5874652990261945,9.999999747378752e-05,0,9.999999747378752e-05,-0.053741455078125,0.054534912109375,3.967285056027947e-08,5.453491073170724e-06,off
1781066158.8344784,2026-06-10T12:35:58.834,87858239326576,,1,cf_0V,frequency,frequency,1764.6781622081528,28,28,0.0,0.1,1764.6781622081528,0.099945068359375,1764.6781621039054,0,Rp || Cp,Rp,Cp,363350.9280233227,1.840851837099044e-10,1.840851837099044e-10,363350.9280233227,2.442831040477158e-07,2.442831040477158e-07,1.0,234416.45082471048,-173851.5531533677,291848.308117577,-0.6381262771387538,9.999999747378752e-05,0,9.999999747378752e-05,-0.051361083984375,0.054534912109375,1.5869140224111788e-07,5.453491073170724e-06,off
1781066159.2339997,2026-06-10T12:35:59.234,87858264557936,,1,cf_0V,frequency,frequency,1970.6712687384897,29,29,0.0,0.1,1970.6712687384897,0.099945068359375,1970.6712688360994,0,Rp || Cp,Rp,Cp,378177.0471408344,1.8393756858055387e-10,1.8393756858055387e-10,378177.0471408344,2.488122854038722e-07,2.488122854038722e-07,1.0,217111.6069190883,-187000.47204665997,286542.5385604419,-0.7110237620372791,9.999999747378752e-05,0,9.999999747378752e-05,-0.0556640625,0.05560302734375,-3.051757735406113e-09,5.56640610938075e-06,off
1781066159.6462011,2026-06-10T12:35:59.646,87858286348656,,1,cf_0V,frequency,frequency,2200.7102102809863,30,30,0.0,0.1,2200.7102102809863,0.099945068359375,2200.7102103316356,0,Rp || Cp,Rp,Cp,369689.5340761753,1.8383502430547863e-10,1.8383502430547863e-10,369689.5340761753,2.6393558963062043e-07,2.6393558963062043e-07,1.0,196318.29511894676,-184488.33582300707,269400.85199039837,-0.7543426224245988,9.999999747378752e-05,0,9.999999747378752e-05,-0.0556640625,0.05560302734375,-3.051757735406113e-09,5.56640610938075e-06,off
1781066160.1437771,2026-06-10T12:36:00.143,87858314447216,,1,cf_0V,frequency,frequency,2457.6018874701913,31,31,0.0,0.1,2457.6018874701913,0.099945068359375,2457.6018875421823,0,Rp || Cp,Rp,Cp,372198.18770568946,1.8387390501632617e-10,1.8387390501632617e-10,372198.18770568946,2.8019765629451733e-07,2.8019765629451733e-07,1.0,175831.42005077563,-185815.6279959902,255820.51497996895,-0.812998755111307,9.999999747378752e-05,0,9.999999747378752e-05,-0.0556640625,0.05560302734375,-3.051757735406113e-09,5.56640610938075e-06,off
1781066160.6379871,2026-06-10T12:36:00.637,87858344552816,,1,cf_0V,frequency,frequency,2744.480853990254,32,32,0.0,0.1,2744.480853990254,0.099945068359375,2744.480853991149,0,Rp || Cp,Rp,Cp,369990.1270519269,1.837326972951563e-10,1.837326972951563e-10,369990.1270519269,2.946853843787242e-07,2.946853843787242e-07,1.0,155841.26217475877,-182683.4130285225,240124.40190861828,-0.8645241784587246,9.999999747378752e-05,0,9.999999747378752e-05,-0.053680419921875,0.057373046875,1.8463134299206985e-07,5.737304542563493e-06,off
1781066161.0549576,2026-06-10T12:36:01.054,87858371504496,,1,cf_0V,frequency,frequency,3064.8475639284966,33,33,0.0,0.1,3064.8475639284966,0.099945068359375,3064.8475640049355,0,Rp || Cp,Rp,Cp,372807.2677627839,1.8369048490456376e-10,1.8369048490456376e-10,372807.2677627839,3.206881698754886e-07,3.206881698754886e-07,1.0,136106.7475786193,-179489.6597368048,225258.9281002286,-0.9220052710573489,9.999999747378752e-05,0,9.999999747378752e-05,-0.05584716796875,0.057373046875,7.629394338515283e-08,5.737304542563493e-06,off
1781066161.4434228,2026-06-10T12:36:01.443,87858395875696,,1,cf_0V,frequency,frequency,3422.6110837907077,34,34,0.0,0.1,3422.6110837907077,0.099945068359375,3422.6110837209944,0,Rp || Cp,Rp,Cp,363476.67080169934,1.836290882835621e-10,1.836290882835621e-10,363476.67080169934,3.403171505012545e-07,3.403171505012545e-07,1.0,118775.18688117033,-170483.0328295474,207778.75132317422,-0.962289913720021,9.999999747378752e-05,0,9.999999747378752e-05,-0.05584716796875,0.057373046875,7.629394338515283e-08,5.737304542563493e-06,off
1781066161.8573675,2026-06-10T12:36:01.857,87858419960176,,1,cf_0V,frequency,frequency,3822.1367903439054,35,35,0.0,0.1,3822.1367903439054,0.099945068359375,3822.136790319064,0,Rp || Cp,Rp,Cp,361078.38245676097,1.8357587441671789e-10,1.8357587441671789e-10,361078.38245676097,3.695737569250643e-07,3.695737569250643e-07,1.0,102172.7566962514,-162644.09459958656,192073.87568076677,-1.0099003584337378,9.999999747378752e-05,0,9.999999747378752e-05,-0.05584716796875,0.057373046875,7.629394338515283e-08,5.737304542563493e-06,off
1781066162.29714,2026-06-10T12:36:02.297,87858445191536,,1,cf_0V,frequency,frequency,4268.299636288371,36,36,0.0,0.1,4268.299636288371,0.099945068359375,4268.299636294159,0,Rp || Cp,Rp,Cp,377016.2453980085,1.8349253638010192e-10,1.8349253638010192e-10,377016.2453980085,4.0101155166695324e-07,4.0101155166695324e-07,1.0,84872.97342364503,-157464.49808822575,178881.2169456246,-1.0764395448461406,9.999999747378752e-05,0,9.999999747378752e-05,-0.054473876953125,0.05718994140625,1.3580321922557204e-07,5.718993996151056e-06,off
1781066162.7518342,2026-06-10T12:36:02.751,87858472429936,,1,cf_0V,frequency,frequency,4766.543633698721,37,37,0.0,0.1,4766.543633698721,0.099945068359375,4766.543633607512,0,Rp || Cp,Rp,Cp,372403.01107900415,1.8333490381260597e-10,1.8333490381260597e-10,372403.01107900415,4.3623834073247863e-07,4.3623834073247863e-07,1.0,71878.14385350572,-146973.36370237323,163608.18195253971,-1.1159425241235224,9.999999747378752e-05,0,9.999999747378752e-05,-0.055328369140625,0.05718994140625,9.307861092988645e-08,5.718993996151056e-06,off
1781066163.1521134,2026-06-10T12:36:03.152,87858498234736,,1,cf_0V,frequency,frequency,5322.948281042111,38,38,0.0,0.1,5322.948281042111,0.099945068359375,5322.948280976902,0,Rp || Cp,Rp,Cp,355099.15897157916,1.8324441390843507e-10,1.8324441390843507e-10,355099.15897157916,4.797538782659316e-07,4.797538782659316e-07,1.0,61905.539072606596,-134723.0829980327,148265.31914228908,-1.1400686109191958,9.999999747378752e-05,0,9.999999747378752e-05,-0.05615234375,0.0579833984375,9.15527320621834e-08,5.798339697271615e-06,off
1781066163.6013603,2026-06-10T12:36:03.601,87858523466096,,1,cf_0V,frequency,frequency,5944.302744305904,39,39,0.0,0.1,5944.302744305904,0.099945068359375,5944.302744325114,0,Rp || Cp,Rp,Cp,365569.9762156847,1.832375467678041e-10,1.832375467678041e-10,365569.9762156847,5.251863620581211e-07,5.251863620581211e-07,1.0,50358.268068573925,-125990.14126996322,135681.50522488923,-1.190548538246325,9.999999747378752e-05,0,9.999999747378752e-05,-0.05615234375,0.0579833984375,9.15527320621834e-08,5.798339697271615e-06,off
1781066164.0562537,2026-06-10T12:36:04.056,87858550704496,,1,cf_0V,frequency,frequency,6638.188697382001,40,40,0.0,0.1,6638.188697382001,0.099945068359375,6638.188697394298,0,Rp || Cp,Rp,Cp,365830.9924251511,1.8321368169189872e-10,1.8321368169189872e-10,365830.9924251511,5.779355058085129e-07,5.779355058085129e-07,1.0,41500.39276197936,-116016.58187841046,123215.78579933851,-1.2272687165497616,9.999999747378752e-05,0,9.999999747378752e-05,-0.05615234375,0.059112548828125,1.480102501671965e-07,5.911254733481641e-06,off
1781066164.5047588,2026-06-10T12:36:04.504,87858576509296,,1,cf_0V,frequency,frequency,7413.07283251361,41,41,0.0,0.1,7413.07283251361,0.099945068359375,7413.072832491707,0,Rp || Cp,Rp,Cp,352638.1112839597,1.8314491941962345e-10,1.8314491941962345e-10,352638.1112839597,6.407814944075428e-07,6.407814944075428e-07,1.0,35091.57526774224,-105561.39526182816,111241.29999418174,-1.249860693228173,9.999999747378752e-05,0,9.999999747378752e-05,-0.05615234375,0.06024169921875,2.0446776827220958e-07,6.024169769691667e-06,off
1781066164.9172926,2026-06-10T12:36:04.917,87858603747696,,1,cf_0V,frequency,frequency,8278.410169603068,42,42,0.0,0.1,8278.410169603068,0.099945068359375,8278.410169637595,0,Rp || Cp,Rp,Cp,356853.32312263455,1.8307737172796528e-10,1.8307737172796528e-10,356853.32312263455,7.074554537375786e-07,7.074554537375786e-07,1.0,28439.320719685027,-96643.00876510877,100740.58817661328,-1.2846029297429926,9.999999747378752e-05,0,9.999999747378752e-05,-0.055908203125,0.06024169921875,2.1667479921383404e-07,6.024169769691667e-06,off
1781066165.293315,2026-06-10T12:36:05.293,87858629552496,,1,cf_0V,frequency,frequency,9244.759424945483,43,43,0.0,0.1,9244.759424945483,0.099945068359375,9244.759424973381,0,Rp || Cp,Rp,Cp,353822.2316051293,1.8297134256825124e-10,1.8297134256825124e-10,353822.2316051293,7.827159683990246e-07,7.827159683990246e-07,1.0,23368.12184351245,-87875.43399949101,90929.42878459177,-1.3108881157028272,9.999999747378752e-05,0,9.999999747378752e-05,-0.057861328125,0.06024169921875,1.1901855168083841e-07,6.024169769691667e-06,off
1781066165.7216375,2026-06-10T12:36:05.721,87858650769776,,1,cf_0V,frequency,frequency,10323.911847100022,44,44,0.0,0.1,10323.911847100022,0.099945068359375,10323.911847009982,0,Rp || Cp,Rp,Cp,356493.0011194528,1.828894199745611e-10,1.828894199745611e-10,356493.0011194528,8.691299405513038e-07,8.691299405513038e-07,1.0,18875.458574889544,-79829.10458257634,82030.29242217951,-1.3386122765731852,9.999999747378752e-05,0,9.999999747378752e-05,-0.0587158203125,0.062744140625,2.0141601053680347e-07,6.274413903994969e-06,off
1781066166.1139967,2026-06-10T12:36:06.113,87858674854256,,1,cf_0V,frequency,frequency,11529.035091934857,45,45,0.0,0.1,11529.035091934857,0.099945068359375,11529.035091939477,0,Rp || Cp,Rp,Cp,356663.48969701317,1.8281000872523308e-10,1.8281000872523308e-10,356663.48969701317,9.64750482790201e-07,9.64750482790201e-07,1.0,15302.115358312403,-72274.13872889018,73876.2875586068,-1.362154243846877,9.999999747378752e-05,0,9.999999747378752e-05,-0.063262939453125,0.062744140625,-2.5939940750951962e-08,6.326293785496873e-06,off
1781066166.4649744,2026-06-10T12:36:06.464,87858698938736,,1,cf_0V,frequency,frequency,12874.833892387638,46,46,0.0,0.1,12874.833892387638,0.099945068359375,12874.83389234012,0,Rp || Cp,Rp,Cp,361184.22590283095,1.8274460812384468e-10,1.8274460812384468e-10,361184.22590283095,1.0736772107021915e-06,1.0736772107021915e-06,1.0,12239.588819145023,-65352.42060207181,66488.693873559,-1.3856551852682266,9.999999747378752e-05,0,9.999999747378752e-05,-0.063262939453125,0.062744140625,-2.5939940750951962e-08,6.326293785496873e-06,off
1781066166.8753061,2026-06-10T12:36:06.875,87858722449776,,1,cf_0V,frequency,frequency,14377.729483409405,47,47,0.0,0.1,14377.729483409405,0.099945068359375,14377.729483356916,0,Rp || Cp,Rp,Cp,350722.2626883521,1.8265491731780302e-10,1.8265491731780302e-10,350722.2626883521,1.1941100932549686e-06,1.1941100932549686e-06,1.0,10168.477980658527,-58846.5263293434,59718.60351241683,-1.3996894111744325,9.999999747378752e-05,0,9.999999747378752e-05,-0.063262939453125,0.06329345703125,1.5258788677030566e-09,6.329345543232279e-06,off
1781066167.2682195,2026-06-10T12:36:07.268,87858745387376,,1,cf_0V,frequency,frequency,16056.059971408577,48,48,0.0,0.1,16056.059971408577,0.099945068359375,16056.059971489845,0,Rp || Cp,Rp,Cp,360047.9994213462,1.825750870304857e-10,1.825750870304857e-10,360047.9994213462,1.3289026671385898e-06,1.3289026671385898e-06,1.0,8004.8709492523585,-53085.40111923597,53685.545269694,-1.421131581431617,9.999999747378752e-05,0,9.999999747378752e-05,-0.063262939453125,0.06719970703125,1.968383739336943e-07,6.719970533364261e-06,off
1781066167.6299405,2026-06-10T12:36:07.629,87858768038256,,1,cf_0V,frequency,frequency,17930.304093072773,49,49,0.0,0.1,17930.304093072773,0.099945068359375,17930.304093098926,0,Rp || Cp,Rp,Cp,356525.45983110194,1.8250838541838342e-10,1.8250838541838342e-10,356525.45983110194,1.480765024791885e-06,1.480765024791885e-06,1.0,6513.303826789164,-47746.575951848274,48188.781286370824,-1.43521911927041,9.999999747378752e-05,0,9.999999747378752e-05,-0.063323974609375,0.067230224609375,1.9531249506599124e-07,6.723022291099667e-06,off
1781066168.103837,2026-06-10T12:36:08.103,87858795276656,,1,cf_0V,frequency,frequency,20023.331093839864,50,50,0.0,0.1,20023.331093839864,0.099945068359375,20023.331093881323,0,Rp || Cp,Rp,Cp,340747.9345865312,1.8242868065169375e-10,1.8242868065169375e-10,340747.9345865312,1.649867559837179e-06,1.649867559837179e-06,1.0,5481.569107003627,-42869.403443831194,43218.43763377874,-1.443619739314927,9.999999747378752e-05,0,9.999999747378752e-05,-0.068084716796875,0.071441650390625,1.6784667544733622e-07,7.144164858585711e-06,off
1781066168.5250237,2026-06-10T12:36:08.525,87858819361136,,1,cf_0V,frequency,frequency,22360.679774997894,51,51,0.0,0.1,22360.679774997894,0.099945068359375,22360.6797749909,0,Rp || Cp,Rp,Cp,334361.6267309716,1.823522825828989e-10,1.823522825828989e-10,334361.6267309716,1.8404268865560472e-06,1.8404268865560472e-06,1.0,4495.2417549299025,-38507.52065885422,38769.01269993021,-1.454585585330933,9.999999747378752e-05,0,9.999999747378752e-05,-0.071990966796875,0.071441650390625,-2.746581961865502e-08,7.199096497823021e-06,off
1781066168.9850743,2026-06-10T12:36:08.985,87858848893296,,1,cf_0V,frequency,frequency,24970.870114304947,52,52,0.0,0.1,24970.870114304947,0.099945068359375,24970.87011427368,0,Rp || Cp,Rp,Cp,335484.5724695665,1.8226070247090847e-10,1.8226070247090847e-10,335484.5724695665,2.0512431922184976e-06,2.0512431922184976e-06,1.0,3605.960706145567,-34593.94792776673,34781.37699751552,-1.4669346556670226,9.999999747378752e-05,0,9.999999747378752e-05,-0.073028564453125,0.071441650390625,-7.934570112055894e-08,7.302856260826829e-06,off
1781066169.3887126,2026-06-10T12:36:09.388,87858871830896,,1,cf_0V,frequency,frequency,27885.751262476904,53,53,0.0,0.1,27885.751262476904,0.099945068359375,27885.751262459737,0,Rp || Cp,Rp,Cp,338279.73081249325,1.8218594038001877e-10,1.8218594038001877e-10,338279.73081249325,2.287465755176702e-06,2.287465755176702e-06,1.0,2876.4787115536965,-31060.912968781686,31193.820609733782,-1.4784520449668361,9.999999747378752e-05,0,9.999999747378752e-05,-0.073028564453125,0.0736083984375,2.8991698486358075e-08,7.360839657799545e-06,off
1781066169.790255,2026-06-10T12:36:09.790,87858895915376,,1,cf_0V,frequency,frequency,31140.89016174344,54,54,0.0,0.1,31140.89016174344,0.099945068359375,31140.890161793777,0,Rp || Cp,Rp,Cp,329376.0390814099,1.8208851884164924e-10,1.8208851884164924e-10,329376.0390814099,2.550882222814874e-06,2.550882222814874e-06,1.0,2374.5364168124756,-27865.336467186044,27966.326173172212,-1.4857869916084925,9.999999747378752e-05,0,9.999999747378752e-05,-0.074737548828125,0.086456298828125,5.859374851979737e-07,8.645629664405519e-06,off
1781066170.2281392,2026-06-10T12:36:10.228,87858923153776,,1,cf_0V,frequency,frequency,34776.005528338435,55,55,0.0,0.1,34776.005528338435,0.099945068359375,34776.005528271984,0,Rp || Cp,Rp,Cp,325367.50164267,1.8202248632887945e-10,1.8202248632887945e-10,325367.50164267,2.8463340162664007e-06,2.8463340162664007e-06,1.0,1931.3942877474724,-24993.65219803972,25068.16575043573,-1.4936742016785265,9.999999747378752e-05,0,9.999999747378752e-05,-0.082916259765625,0.086456298828125,1.7700194865355456e-07,8.645629664405519e-06,off
1781066170.6839125,2026-06-10T12:36:10.683,87858948385136,,1,cf_0V,frequency,frequency,38835.452494313686,56,56,0.0,0.1,38835.452494313686,0.099945068359375,38835.45249436793,0,Rp || Cp,Rp,Cp,314100.4054772325,1.8194650180037964e-10,1.8194650180037964e-10,314100.4054772325,3.175264713260001e-06,3.175264713260001e-06,1.0,1606.9414305322634,-22408.89765577921,22466.44063727826,-1.4992088951589904,9.999999747378752e-05,0,9.999999747378752e-05,-0.086578369140625,0.0888671875,1.1444091507772924e-07,8.886718525502602e-06,off
1781066171.065164,2026-06-10T12:36:11.065,87858976196976,,1,cf_0V,frequency,frequency,43368.76382220184,57,57,0.0,0.1,43368.76382220184,0.099945068359375,43368.763822186906,0,Rp || Cp,Rp,Cp,308609.5863088044,1.8184355361717503e-10,1.8184355361717503e-10,308609.5863088044,3.543133078121885e-06,3.543133078121885e-06,1.0,1314.0978855379678,-20095.182297565043,20138.103307539834,-1.5054956251535405,9.999999747378752e-05,0,9.999999747378752e-05,-0.0906982421875,0.0911865234375,2.4414061883248905e-08,9.118652113393466e-06,off
1781066171.534691,2026-06-10T12:36:11.534,87858998274416,,1,cf_0V,frequency,frequency,48431.254296349834,58,58,0.0,0.1,48431.254296349834,0.099945068359375,48431.25429637496,0,Rp || Cp,Rp,Cp,299231.7970332845,1.8176004779771198e-10,1.8176004779771198e-10,299231.7970332845,3.9533707591939956e-06,3.9533707591939956e-06,1.0,1088.4328467371108,-18014.134190055956,18046.9863600325,-1.510448645691618,9.999999747378752e-05,0,9.999999747378752e-05,-0.10003662109375,0.097564697265625,-1.2359618828394758e-07,1.0003661856661239e-05,off
1781066171.938758,2026-06-10T12:36:11.938,87859025512816,,1,cf_0V,frequency,frequency,54084.69566561462,59,59,0.0,0.1,54084.69566561462,0.099945068359375,54084.69566560825,0,Rp || Cp,Rp,Cp,292968.5868363225,1.816593106286299e-10,1.816593106286299e-10,292968.5868363225,4.4128835799277725e-06,4.4128835799277725e-06,1.0,892.9545864230555,-16149.621524975792,16174.289576156829,-1.5155599703847726,9.999999747378752e-05,0,9.999999747378752e-05,-0.100189208984375,0.100006103515625,-9.15527320621834e-09,1.001892064533827e-05,off
1781066172.3519187,2026-06-10T12:36:12.351,87859049597296,,1,cf_0V,frequency,frequency,60398.07037297046,60,60,0.0,0.1,60398.07037297046,0.099945068359375,60398.070372897906,0,Rp || Cp,Rp,Cp,285035.2797051177,1.8160336872975797e-10,1.8160336872975797e-10,285035.2797051177,4.925134448975731e-06,4.925134448975731e-06,1.0,736.7560396706465,-14472.686494910555,14491.42725344738,-1.519933579484341,9.999999747378752e-05,0,9.999999747378752e-05,-0.10589599609375,0.113128662109375,3.616332916456244e-07,1.1312865925150462e-05,off
1781066172.7857482,2026-06-10T12:36:12.785,87859075402096,,1,cf_0V,frequency,frequency,67448.41326892251,61,61,0.0,0.1,67448.41326892251,0.099945068359375,67448.4132688491,0,Rp || Cp,Rp,Cp,284690.19969829643,1.8153632442942228e-10,1.8153632442942228e-10,284690.19969829643,5.496740513497781e-06,5.496740513497781e-06,1.0,592.2332732390961,-12971.209217975113,12984.722131274662,-1.525170490972933,9.999999747378752e-05,0,9.999999747378752e-05,-0.113372802734375,0.11480712890625,7.171630678204366e-08,1.1480712600597798e-05,off
1781066173.3314433,2026-06-10T12:36:13.331,87859103787376,,1,cf_0V,frequency,frequency,75321.75157919075,62,62,0.0,0.1,75321.75157919075,0.099945068359375,75321.7515791249,0,Rp || Cp,Rp,Cp,262598.4822077789,1.8148456597879043e-10,1.8148456597879043e-10,262598.4822077789,6.135869925874294e-06,6.135869925874294e-06,1.0,515.1989211855267,-11620.026885081363,11631.442504625315,-1.5264881910136607,9.999999747378752e-05,0,9.999999747378752e-05,-0.1214599609375,0.12445068359375,1.4953612903489955e-07,1.244506804498613e-05,off
1781066173.7968533,2026-06-10T12:36:13.796,87859132746096,,1,cf_0V,frequency,frequency,84114.1545960043,63,63,0.0,0.1,84114.1545960043,0.099945068359375,84114.15459598004,0,Rp || Cp,Rp,Cp,255162.92213628552,1.814237732274877e-10,1.814237732274877e-10,255162.92213628552,6.8486452323264005e-06,6.8486452323264005e-06,1.0,425.5701909349882,-10411.946192026548,10420.639783289153,-1.5299458045985008,9.999999747378752e-05,0,9.999999747378752e-05,-0.13629150390625,0.139678955078125,1.6937255431503928e-07,1.396789515495378e-05,off
1781066174.1969914,2026-06-10T12:36:14.196,87859161131376,,1,cf_0V,frequency,frequency,93932.9059011844,64,64,0.0,0.1,93932.9059011844,0.099945068359375,93932.90590111291,0,Rp || Cp,Rp,Cp,243678.95285529515,1.8135622706955874e-10,1.8135622706955874e-10,243678.95285529515,7.645228468687642e-06,7.645228468687642e-06,1.0,357.67110740021644,-9328.933073873435,9335.787107570444,-1.532475116254565,9.999999747378752e-05,0,9.999999747378752e-05,-0.145599365234375,0.14617919921875,2.8991698486358075e-08,1.4617919552595282e-05,off
1781066174.6487803,2026-06-10T12:36:14.648,87859185215856,,1,cf_0V,frequency,frequency,104897.8124243061,65,65,0.0,0.1,104897.8124243061,0.099945068359375,104897.81242434049,0,Rp || Cp,Rp,Cp,222357.71679013473,1.8130055975816286e-10,1.8130055975816286e-10,222357.71679013473,8.534668985156318e-06,8.534668985156318e-06,1.0,314.51559077713245,-8356.796551505944,8362.712996396775,-1.5331781778783053,9.999999747378752e-05,0,9.999999747378752e-05,-0.15673828125,0.16009521484375,1.6784667544733622e-07,1.600952107994047e-05,off
1781066175.062834,2026-06-10T12:36:15.062,87859212167536,,1,cf_0V,frequency,frequency,117142.66630887002,66,66,0.0,0.1,117142.66630887002,0.099945068359375,117142.66630889369,0,Rp || Cp,Rp,Cp,209560.90639057156,1.8124222022893433e-10,1.8124222022893433e-10,209560.90639057156,9.527942121612326e-06,9.527942121612326e-06,1.0,267.80931240689785,-7486.697564347942,7491.485983957073,-1.5350402181719336,9.999999747378752e-05,0,9.999999747378752e-05,-0.168487548828125,0.167327880859375,-5.798339697271615e-08,1.684875445717715e-05,off
1781066175.5124872,2026-06-10T12:36:15.512,87859237685616,,1,cf_0V,frequency,frequency,130816.87742395303,67,67,0.0,0.1,130816.87742395303,0.099945068359375,130816.87742399595,0,Rp || Cp,Rp,Cp,190404.6810906483,1.811988060751547e-10,1.811988060751547e-10,190404.6810906483,1.0638048179106342e-05,1.0638048179106342e-05,1.0,236.4747150032234,-6705.965434249929,6710.133582589149,-1.5355475961847287,9.999999747378752e-05,0,9.999999747378752e-05,-0.1798095703125,0.178436279296875,-6.866454904663755e-08,1.798095657701282e-05,off
1781066175.9570694,2026-06-10T12:36:15.957,87859264637296,,1,cf_0V,frequency,frequency,146087.29644100412,68,68,0.0,0.1,146087.29644100412,0.099945068359375,146087.29644095319,0,Rp || Cp,Rp,Cp,178082.48438055403,1.811765255400589e-10,1.811765255400589e-10,178082.48438055403,1.1878105843682969e-05,1.1878105843682969e-05,1.0,202.81282440919836,-6006.35318585931,6009.776338186565,-1.5370427677634733,9.999999747378752e-05,0,9.999999747378752e-05,-0.192230224609375,0.201934814453125,4.85229479929572e-07,2.019348093518225e-05,off
1781066176.4181576,2026-06-10T12:36:16.418,87859290442096,,1,cf_0V,frequency,frequency,163140.25072069294,69,69,0.0,0.1,163140.25072069294,0.099945068359375,163140.25072077243,0,Rp || Cp,Rp,Cp,159363.8741278799,1.8116637312935456e-10,1.8116637312935456e-10,159363.8741278799,1.3263948235428964e-05,1.3263948235428964e-05,1.0,181.7512334595936,-5378.805367437783,5381.8752021615655,-1.5370189180603886,9.999999747378752e-05,0,9.999999747378752e-05,-0.212371826171875,0.21185302734375,-2.5939940750951962e-08,2.123718208069114e-05,off
1781066176.8686705,2026-06-10T12:36:16.868,87859317680496,,1,cf_0V,frequency,frequency,182183.81785139444,70,70,0.0,0.1,182183.81785139444,0.099945068359375,182183.81785146677,0,Rp || Cp,Rp,Cp,145182.00520911315,1.811692295946538e-10,1.811692295946538e-10,145182.00520911315,1.4813477252899152e-05,1.4813477252899152e-05,1.0,159.97796985526082,-4816.672035963297,4819.3280084333155,-1.5375951492739142,9.999999747378752e-05,0,9.999999747378752e-05,-0.232940673828125,0.2330322265625,4.57763660310917e-09,2.330322206756108e-05,off
1781066177.2912362,2026-06-10T12:36:17.291,87859344632176,,1,cf_0V,frequency,frequency,203450.36458068906,71,71,0.0,0.1,203450.36458068906,0.099945068359375,203450.36458074616,0,Rp || Cp,Rp,Cp,128485.79558628394,1.8119320108292835e-10,1.8119320108292835e-10,128485.79558628394,1.6547524492455956e-05,1.6547524492455956e-05,1.0,144.90865431394732,-4312.505677534841,4314.939598287017,-1.5372070022426472,9.999999747378752e-05,0,9.999999747378752e-05,-0.2547607421875,0.258056640625,1.647949177119301e-07,2.5805663410594093e-05,off
1781066177.7027926,2026-06-10T12:36:17.702,87859371870576,,1,cf_0V,frequency,frequency,227199.38211953812,72,72,0.0,0.1,227199.38211953812,0.099945068359375,227199.38211963608,0,Rp || Cp,Rp,Cp,113711.24405900415,1.8125856816846544e-10,1.8125856816846544e-10,113711.24405900415,1.8486767563494476e-05,1.8486767563494476e-05,1.0,131.19706013908367,-3860.229042001271,3862.4578865405365,-1.5368225448859902,9.999999747378752e-05,0,9.999999747378752e-05,-0.277008056640625,0.278472900390625,7.324218564974672e-08,2.7847289335580783e-05,off
1781066178.1152382,2026-06-10T12:36:18.115,87859397101936,,1,cf_0V,frequency,frequency,253720.6524150888,73,73,0.0,0.1,253720.6524150888,0.099945068359375,253720.65241505482,0,Rp || Cp,Rp,Cp,98831.49883757943,1.8134320386457898e-10,1.8134320386457898e-10,98831.49883757943,2.06593370785213e-05,2.06593370785213e-05,1.0,120.92023702148506,-3454.8670829580983,3456.9825375070573,-1.5358106400215503,9.999999747378752e-05,0,9.999999747378752e-05,-0.3046875,0.3060302734375,6.713867017893449e-08,3.06030265706525e-05,off
1781066178.5274496,2026-06-10T12:36:18.527,87859420039536,,1,cf_0V,frequency,frequency,283337.78402649175,74,74,0.0,0.1,283337.78402649175,0.099945068359375,283337.7840264717,0,Rp || Cp,Rp,Cp,85851.57659568841,1.8148335248144727e-10,1.8148335248144727e-10,85851.57659568841,2.309229810986162e-05,2.309229810986162e-05,1.0,111.44107847829011,-3091.1119635032055,3093.120153645029,-1.5347598339670703,9.999999747378752e-05,0,9.999999747378752e-05,-0.331268310546875,0.337738037109375,3.23486319953048e-07,3.3773802857739454e-05,off
1781066178.97893,2026-06-10T12:36:18.978,87859445270896,,1,cf_0V,frequency,frequency,316412.1607479698,75,75,0.0,0.1,316412.1607479698,0.099945068359375,316412.1607480297,0,Rp || Cp,Rp,Cp,73093.38629451378,1.8167179776425804e-10,1.8167179776425804e-10,73093.38629451378,2.582381872993335e-05,2.582381872993335e-05,1.0,104.72687020514824,-2764.7556604476536,2766.7384370988716,-1.5329351783044278,9.999999747378752e-05,0,9.999999747378752e-05,-0.365234375,0.36834716796875,1.5563964450571177e-07,3.6834715866351786e-05,off
1781066179.3726964,2026-06-10T12:36:19.372,87859470215536,,1,cf_0V,frequency,frequency,353347.35115962697,76,76,0.0,0.1,353347.35115962697,0.099945068359375,353347.35115966963,0,Rp || Cp,Rp,Cp,62157.63426762342,1.8195484591755418e-10,1.8195484591755418e-10,62157.63426762342,2.8891428334064583e-05,2.8891428334064583e-05,1.0,98.4297950866942,-2471.5328805166737,2473.492107130293,-1.5309919581311295,9.999999747378752e-05,0,9.999999747378752e-05,-0.40899658203125,0.408355712890625,-3.204345622176419e-08,4.089965716991273e-05,off
1781066179.8190176,2026-06-10T12:36:19.819,87859496593776,,1,cf_0V,frequency,frequency,394594.03291068296,77,77,0.0,0.1,394594.03291068296,0.099945068359375,394594.0329106179,0,Rp || Cp,Rp,Cp,52698.42011194416,1.823103793733336e-10,1.823103793733336e-10,52698.42011194416,3.234334939997599e-05,3.234334939997599e-05,1.0,92.71587362888273,-2208.479980963835,2210.4253119118925,-1.5288392058940978,9.999999747378752e-05,0,9.999999747378752e-05,-0.447052001953125,0.450653076171875,1.8005370638896068e-07,4.506530647874207e-05,off
1781066180.2327008,2026-06-10T12:36:20.232,87859523832176,,1,cf_0V,frequency,frequency,440655.49182050145,78,78,0.0,0.1,440655.49182050145,0.099945068359375,440655.49182050745,0,Rp || Cp,Rp,Cp,43994.65967211921,1.828093720521235e-10,1.828093720521235e-10,43994.65967211921,3.623680638398194e-05,3.623680638398194e-05,1.0,88.54622400838818,-1971.7303458419779,1973.717555908208,-1.525918602069533,9.999999747378752e-05,0,9.999999747378752e-05,-0.49554443359375,0.5013427734375,2.8991698486358075e-07,5.013427607725163e-05,off
1781066180.6322393,2026-06-10T12:36:20.632,87859546769776,,1,cf_0V,frequency,frequency,492093.7628966142,79,79,0.0,0.1,492093.7628966142,0.099945068359375,492093.7628966726,0,Rp || Cp,Rp,Cp,36553.93995027885,1.834433827344555e-10,1.834433827344555e-10,36553.93995027885,4.063530995709325e-05,4.063530995709325e-05,1.0,84.83930593695732,-1758.980723831563,1761.02552356372,-1.5226015920384814,9.999999747378752e-05,0,9.999999747378752e-05,-0.554931640625,0.55975341796875,2.4108886109708294e-07,5.597534038281893e-05,off
1781066181.0744312,2026-06-10T12:36:21.074,87859574868336,,1,cf_0V,frequency,frequency,549536.4882015135,80,80,0.0,0.1,549536.4882015135,0.099945068359375,549536.4882015963,0,Rp || Cp,Rp,Cp,30052.203360299238,1.8426383195411358e-10,1.8426383195411358e-10,30052.203360299238,4.5622571041924594e-05,4.5622571041924594e-05,1.0,81.97932715104766,-1567.462535693803,1569.6048581995994,-1.5185432744322647,9.999999747378752e-05,0,9.999999747378752e-05,-0.623687744140625,0.620513916015625,-1.5869140224111788e-07,6.236877283849473e-05,off
1781066181.4898207,2026-06-10T12:36:21.489,87859596659056,,1,cf_0V,frequency,frequency,613684.5752468883,81,81,0.0,0.1,613684.5752468883,0.099945068359375,613684.5752469356,0,Rp || Cp,Rp,Cp,24688.603222508653,1.8531535557390026e-10,1.8531535557390026e-10,24688.603222508653,5.129884887003526e-05,5.129884887003526e-05,1.0,79.0746517184981,-1394.9874195460186,1397.22678947838,-1.514172073393525,9.999999747378752e-05,0,9.999999747378752e-05,-0.689483642578125,0.69439697265625,2.456664977001921e-07,6.94396955114307e-05,off
1781066181.9114194,2026-06-10T12:36:21.911,87859623610736,,1,cf_0V,frequency,frequency,685320.749361875,82,82,0.0,0.1,685320.749361875,0.099945068359375,685320.7493619351,0,Rp || Cp,Rp,Cp,20131.22254908881,1.8668462803027693e-10,1.8668462803027693e-10,20131.22254908881,5.778336928664593e-05,5.778336928664593e-05,1.0,76.57905972523709,-1239.2601589417413,1241.623974449878,-1.5090806257018827,9.999999747378752e-05,0,9.999999747378752e-05,-0.772613525390625,0.76788330078125,-2.3651122449397377e-07,7.726135058727657e-05,off
1781066182.331034,2026-06-10T12:36:22.331,87859650275696,,1,cf_0V,frequency,frequency,765319.1043900257,83,83,0.0,0.1,765319.1043900257,0.099945068359375,765319.1043900875,0,Rp || Cp,Rp,Cp,16249.349926193874,1.8844536386667706e-10,1.8844536386667706e-10,16249.349926193874,6.52407788227778e-05,6.52407788227778e-05,1.0,74.60188157501845,-1098.483790563346,1101.0141138354904,-1.5029869475861564,9.999999747378752e-05,0,9.999999747378752e-05,-0.86138916015625,0.867462158203125,3.0364989467290826e-07,8.674621362891877e-05,off
1781066183.1442022,2026-06-10T12:36:23.144,87859677800816,,1,cf_0V,frequency,frequency,854655.7682511833,84,84,0.0,0.1,854655.7682511833,0.099945068359375,854655.7682512201,0,Rp || Cp,Rp,Cp,13056.728406189446,1.9073493387401808e-10,1.9073493387401808e-10,13056.728406189446,973.6163599319237,973.6163599319237,1.0,72.60079147221371,-970.9057325017179,973.6163599319237,-1.4961588770825183,0.0010000000474974513,0,0.0010000000474974513,-0.105377197265625,0.094940185546875,-5.218506107240728e-06,0.0001053772022707733,off
1781066183.5648463,2026-06-10T12:36:23.564,87859721382256,,1,cf_0V,frequency,frequency,954420.8135078406,85,85,0.0,0.1,954420.8135078406,0.099945068359375,954420.8135078946,0,Rp || Cp,Rp,Cp,10921.093794246204,1.85284396039266e-10,1.85284396039266e-10,10921.093794246204,7.700291620627097e-05,7.700291620627097e-05,1.0,73.66771392831387,-893.926776276105,896.9570856060024,-1.4885730099147971,0.0010000000474974513,0,0.0010000000474974513,-0.117950439453125,0.106292724609375,-5.8288576987308716e-06,0.00011795044505547025,off
1781066183.9356763,2026-06-10T12:36:23.935,87859745466736,,1,cf_0V,frequency,frequency,1065831.5582669198,86,86,0.0,0.1,1065831.5582669198,0.099945068359375,1065831.5582669075,0,Rp || Cp,Rp,Cp,8760.846155240444,1.8648125580099654e-10,1.8648125580099654e-10,8760.846155240444,8.598756199797489e-05,8.598756199797489e-05,1.0,72.58278235672475,-794.114808734809,797.4249743684769,-1.4796487156937363,0.0010000000474974513,0,0.0010000000474974513,-0.1298828125,0.118011474609375,-5.935669227241647e-06,0.00012988281866910256,off
1781066184.347541,2026-06-10T12:36:24.347,87859769551216,,1,cf_0V,frequency,frequency,1190247.4197125817,87,87,0.0,0.1,1190247.4197125817,0.099945068359375,1190247.4197125202,0,Rp || Cp,Rp,Cp,6981.673387399755,1.880273276206142e-10,1.880273276206142e-10,6981.673387399755,9.603037217807284e-05,9.603037217807284e-05,1.0,71.69378809980086,-703.8484305346981,707.4903620673973,-1.469286730869654,0.0010000000474974513,0,0.0010000000474974513,-0.144287109375,0.13214111328125,-6.072998335326929e-06,0.00014428711622826995,off
1781066184.7532864,2026-06-10T12:36:24.753,87859793635696,,1,cf_0V,frequency,frequency,1329186.5015106536,88,88,0.0,0.1,1329186.5015106536,0.099945068359375,1329186.5015105486,0,Rp || Cp,Rp,Cp,5532.693526708475,1.900315181005152e-10,1.900315181005152e-10,5532.693526708475,0.00010728105994574562,0.00010728105994574562,1.0,70.84087151173786,-622.0308691398171,626.0517799985707,-1.4573984793604668,0.0010000000474974513,0,0.0010000000474974513,-0.154937744140625,0.14434814453125,-5.294800056176996e-06,0.00015493775149977296,off
1781066185.1895213,2026-06-10T12:36:25.189,87859817720176,,1,cf_0V,frequency,frequency,1484344.1174816934,89,89,0.0,0.1,1484344.1174816934,0.099945068359375,1484344.1174816263,0,Rp || Cp,Rp,Cp,4351.532551919912,1.9259594819094596e-10,1.9259594819094596e-10,4351.532551919912,0.0001198743568372697,0.0001198743568372697,1.0,70.07830890340718,-547.7563993217368,552.2210086339303,-1.443550572658617,0.0010000000474974513,0,0.0010000000474974513,-0.173187255859375,0.162200927734375,-5.4931643234112926e-06,0.00017318726408532825,off
1781066185.604845,2026-06-10T12:36:25.604,87859846105456,,1,cf_0V,frequency,frequency,1657613.4775657344,90,90,0.0,0.1,1657613.4775657344,0.099945068359375,1657613.477565718,0,Rp || Cp,Rp,Cp,3394.936898246836,1.9590925753251148e-10,1.9590925753251148e-10,3394.936898246836,0.0001339817599213075,0.0001339817599213075,1.0,69.3065638421194,-480.0916694618949,485.0684599912791,-1.4274257007528774,0.0010000000474974513,0,0.0010000000474974513,-0.18731689453125,0.1798095703125,-3.7536622876643833e-06,0.00018731690342832508,off
1781066186.0101724,2026-06-10T12:36:26.010,87859870763376,,1,cf_0V,frequency,frequency,1851108.7884858004,91,91,0.0,0.1,1851108.7884858004,0.099945068359375,1851108.7884859024,0,Rp || Cp,Rp,Cp,2619.5836558343426,2.0019187974742193e-10,2.0019187974742193e-10,2619.5836558343426,0.0001497980290784612,0.0001497980290784612,1.0,68.56962370401891,-418.23686141569146,423.8205581867863,-1.4082927725934646,0.0010000000474974513,0,0.0010000000474974513,-0.2125244140625,0.198333740234375,-7.0953372510729196e-06,0.000212524424156868,off
1781066186.4301043,2026-06-10T12:36:26.430,87859894274416,,1,cf_0V,frequency,frequency,2067191.0509809963,92,92,0.0,0.1,2067191.0509809963,0.099945068359375,2067191.0509810941,0,Rp || Cp,Rp,Cp,1993.0829620979914,2.0576736276722004e-10,2.0576736276722004e-10,1993.0829620979914,0.00016753902938812182,0.00016753902938812182,1.0,67.85131768900875,-361.42703818298736,367.7408125866116,-1.385224540861032,0.0010000000474974513,0,0.0010000000474974513,-0.2305908203125,0.2196044921875,-5.4931643234112926e-06,0.00023059083126497626,off
1781066186.899935,2026-06-10T12:36:26.899,87859918358896,,1,cf_0V,frequency,frequency,2308496.8683831017,93,93,0.0,0.1,2308496.8683831017,0.099945068359375,2308496.8683831166,0,Rp || Cp,Rp,Cp,1489.7721024398336,2.1307194845325117e-10,2.1307194845325117e-10,1489.7721024398336,0.00018742912826919683,0.00018742912826919683,1.0,67.11058705535304,-308.9913420769434,316.1953199739439,-1.356925530480729,0.0010000000474974513,0,0.0010000000474974513,-0.2550048828125,0.245849609375,-4.577636936176077e-06,0.000255004894924582,off
1781066187.22879,2026-06-10T12:36:27.228,87859947317616,,1,cf_0V,frequency,frequency,2577970.6180546875,94,94,0.0,0.1,2577970.6180546875,0.099945068359375,2577970.6180546926,0,Rp || Cp,Rp,Cp,1088.2983119296493,2.2276011674820314e-10,2.2276011674820314e-10,1088.2983119296493,0.00020971948408839082,0.00020971948408839082,1.0,66.2785280547343,-260.26518575877,268.57179710302654,-1.3214387929869373,0.0010000000474974513,0,0.0010000000474974513,-0.284576416015625,0.27496337890625,-4.806518782984881e-06,0.00028457642953227946,off
1781066187.6831234,2026-06-10T12:36:27.683,87859971402096,,1,cf_0V,frequency,frequency,2878900.378239697,95,95,0.0,0.1,2878900.378239697,0.099945068359375,2878900.378239635,0,Rp || Cp,Rp,Cp,770.3728076106743,2.357038404463128e-10,2.357038404463128e-10,770.3728076106743,0.00023462503359610335,0.00023462503359610335,1.0,65.35128861771018,-214.64870083325835,224.37659346153043,-1.2752556204430983,0.0010000000474974513,0,0.0010000000474974513,-0.3172607421875,0.30377197265625,-6.744385085966087e-06,0.00031726075725657665,off
1781066188.1128814,2026-06-10T12:36:28.112,87859992619376,,1,cf_0V,frequency,frequency,3214958.0487006293,96,96,0.0,0.1,3214958.0487006293,0.099945068359375,3214958.048700538,0,Rp || Cp,Rp,Cp,523.1610652027591,2.5295121509013226e-10,2.5295121509013226e-10,523.1610652027591,0.0002622387257019143,0.0002622387257019143,1.0,64.22413691128524,-171.6823465480255,183.3018490856975,-1.2128263200315448,0.0010000000474974513,0,0.0010000000474974513,-0.350128173828125,0.337890625,-6.11877470468869e-06,0.0003501281904583209,off
1781066188.5599027,2026-06-10T12:36:28.559,87860024445296,,1,cf_0V,frequency,frequency,3590244.1546882903,97,97,0.0,0.1,3590244.1546882903,0.099945068359375,3590244.154688378,0,Rp || Cp,Rp,Cp,334.2188520978026,2.7568089062637115e-10,2.7568089062637115e-10,334.2188520978026,0.00029269044448866627,0.00029269044448866627,1.0,62.82318995795116,-130.57542355426546,144.90236172288095,-1.1223618608542396,0.0010000000474974513,0,0.0010000000474974513,-0.386505126953125,0.375762939453125,-5.371094005113264e-06,0.00038650514531113345,off
1781066189.020862,2026-06-10T12:36:29.020,87860049676656,,1,cf_0V,frequency,frequency,4009337.880935344,98,98,0.0,0.1,4009337.880935344,0.099945068359375,4009337.8809352485,0,Rp || Cp,Rp,Cp,196.45216594439862,3.0015040010244727e-10,3.0015040010244727e-10,196.45216594439862,0.00032511980844643573,0.00032511980844643573,1.0,61.267570417627425,-91.00786628536532,109.70937476211351,-0.978276147609846,0.0010000000474974513,0,0.0010000000474974513,-0.427001953125,0.417144775390625,-4.92858910128291e-06,0.0004270019734065045,off
1781066189.412672,2026-06-10T12:36:29.412,87860074908016,,1,cf_0V,frequency,frequency,4477352.946181116,99,99,0.0,0.1,4477352.946181116,0.099945068359375,4477352.946181128,0,Rp || Cp,Rp,Cp,105.61898695510251,2.9751177765862537e-10,2.9751177765862537e-10,105.61898695510251,0.0003582697770876036,0.0003582697770876036,1.0,59.28860076031846,-52.4105310999032,79.1328120964392,-0.7238990623212003,0.0010000000474974513,0,0.0010000000474974513,-0.46856689453125,0.459381103515625,-4.592895725963331e-06,0.00046856691678698326,off
1781066189.860409,2026-06-10T12:36:29.860,87860100999536,,1,cf_0V,frequency,frequency,4999999.999999999,100,100,0.0,0.1,4999999.999999999,0.099945068359375,4999999.999999929,0,Rp || Cp,Rp,Cp,60.677675939566264,1.3306018140312215e-10,1.3306018140312215e-10,60.677675939566264,0.00038842851999805526,0.00038842851999805526,1.0,57.009889477113916,-14.460293940652203,58.815198707840864,-0.2484066364761463,0.0010000000474974513,0,0.0010000000474974513,-0.493988037109375,0.48736572265625,-3.311157383834029e-06,0.0004939880605725477,off
1781066190.2758658,2026-06-10T12:36:30.275,87860126230896,,1,cf_0V,frequency,frequency,4482348.925241931,101,101,0.0,0.1,4482348.925241931,0.099945068359375,4482348.925241979,0,Rp || Cp,Rp,Cp,104.94025866510401,2.969744294050129e-10,2.969744294050129e-10,104.94025866510401,0.00035857114412418483,0.00035857114412418483,1.0,59.276242906320526,-52.026832405939324,78.86991988892098,-0.720357863783747,0.0010000000474974513,0,0.0010000000474974513,-0.493988037109375,0.48736572265625,-3.311157383834029e-06,0.0004939880605725477,off
1781066190.6950495,2026-06-10T12:36:30.695,87860150888816,,1,cf_0V,frequency,frequency,4018290.377523501,102,102,0.0,0.1,4018290.377523501,0.099945068359375,4018290.3775235703,0,Rp || Cp,Rp,Cp,194.1480867946231,3.004788738141504e-10,3.004788738141504e-10,194.1480867946231,0.0003257679125702248,0.0003257679125702248,1.0,61.25735158751605,-90.22491058075511,109.05502103443844,-0.9743444765285574,0.0010000000474974513,0,0.0010000000474974513,-0.493988037109375,0.48736572265625,-3.311157383834029e-06,0.0004939880605725477,off
1781066191.1288064,2026-06-10T12:36:31.128,87860175260016,,1,cf_0V,frequency,frequency,3602275.9110004925,103,103,0.0,0.1,3602275.9110004925,0.099945068359375,3602275.9110004897,0,Rp || Cp,Rp,Cp,329.2536354927133,2.763826936718075e-10,2.763826936718075e-10,329.2536354927133,0.0002936292799007421,0.0002936292799007421,1.0,62.80766217558383,-129.36324315719241,143.804211023562,-1.118804553086289,0.0010000000474974513,0,0.0010000000474974513,-0.493988037109375,0.48736572265625,-3.311157383834029e-06,0.0004939880605725477,off
1781066191.5772996,2026-06-10T12:36:31.577,87860204505456,,1,cf_0V,frequency,frequency,3229331.511619592,104,104,0.0,0.1,3229331.511619592,0.099945068359375,3229331.5116196196,0,Rp || Cp,Rp,Cp,514.4930479340885,2.536999890804542e-10,2.536999890804542e-10,514.4930479340885,0.00026337858060547097,0.00026337858060547097,1.0,64.19680409702464,-170.02229192442394,181.73829923135574,-1.209766755421232,0.0010000000474974513,0,0.0010000000474974513,-0.493255615234375,0.483306884765625,-4.9743654706446705e-06,0.0004932556386627596,off
1781066192.0211465,2026-06-10T12:36:32.021,87860231743856,,1,cf_0V,frequency,frequency,2894998.1260715965,105,105,0.0,0.1,2894998.1260715965,0.099945068359375,2894998.126071542,0,Rp || Cp,Rp,Cp,756.2854099887261,2.364096018109287e-10,2.364096018109287e-10,756.2854099887261,0.0002359206463474685,0.0002359206463474685,1.0,65.3271669138898,-212.4578651777285,222.27456717508886,-1.2724886756967595,0.0010000000474974513,0,0.0010000000474974513,-0.468353271484375,0.41656494140625,-2.5894166268969343e-05,0.0004683532937299617,off
1781066192.4350927,2026-06-10T12:36:32.435,87860255828336,,1,cf_0V,frequency,frequency,2595278.3477948857,106,106,0.0,0.1,2595278.3477948857,0.099945068359375,2595278.3477949738,0,Rp || Cp,Rp,Cp,1066.5361170376852,2.2338352128550425e-10,2.2338352128550425e-10,1066.5361170376852,0.00021110426765380864,0.00021110426765380864,1.0,66.27251370978543,-257.4684123634346,265.86092123206316,-1.318864649635615,0.0010000000474974513,0,0.0010000000474974513,-0.427886962890625,0.37689208984375,-2.549743773450075e-05,0.0004278869832141652,off
1781066192.8375976,2026-06-10T12:36:32.837,87860279912816,,1,cf_0V,frequency,frequency,2326588.622588413,107,107,0.0,0.1,2326588.622588413,0.099945068359375,2326588.6225883747,0,Rp || Cp,Rp,Cp,1458.2622623109714,2.1361792982782452e-10,2.1361792982782452e-10,1458.2622623109714,0.00018888136381032427,0.00018888136381032427,1.0,67.08668466837442,-305.49853894192773,312.7778453718333,-1.3546300685647015,0.0010000000474974513,0,0.0010000000474974513,-0.388946533203125,0.338470458984375,-2.523803830811744e-05,0.000388946551677094,off
1781066193.2819054,2026-06-10T12:36:33.281,87860303997296,,1,cf_0V,frequency,frequency,2085716.402387856,108,108,0.0,0.1,2085716.402387856,0.099945068359375,2085716.4023878027,0,Rp || Cp,Rp,Cp,1947.8924829167647,2.0620147096081519e-10,2.0620147096081519e-10,1947.8924829167647,0.0001690055492759221,0.0001690055492759221,1.0,67.85513905604856,-357.16970112011614,363.5581319329122,-1.3830535774789738,0.0010000000474974513,0,0.0010000000474974513,-0.317047119140625,0.309417724609375,-3.814697446813398e-06,0.0003170471341995551,off
1781066193.7260141,2026-06-10T12:36:33.726,87860332956016,,1,cf_0V,frequency,frequency,1869781.7349205392,109,109,0.0,0.1,1869781.7349205392,0.099945068359375,1869781.734920437,0,Rp || Cp,Rp,Cp,2555.3724659277113,2.0055777336370796e-10,2.0055777336370796e-10,2555.3724659277113,0.00015126987662895236,0.00015126987662895236,1.0,68.59737932955849,-413.0208879980154,418.67870064472174,-1.4062117515748882,0.0010000000474974513,0,0.0010000000474974513,-0.311676025390625,0.30035400390625,-5.661011011071082e-06,0.00031167604019444184,off
1781066194.1807778,2026-06-10T12:36:34.180,87860357040496,,1,cf_0V,frequency,frequency,1676202.829991615,110,110,0.0,0.1,1676202.829991615,0.099945068359375,1676202.8299915243,0,Rp || Cp,Rp,Cp,3308.7472250545247,1.9620065869588796e-10,1.9620065869588796e-10,3308.7472250545247,0.00013544406951002542,0.00013544406951002542,1.0,69.29948387971385,-473.805927061618,478.84702670551684,-1.425564772759242,0.0010000000474974513,0,0.0010000000474974513,-0.284637451171875,0.2725830078125,-6.027221965965168e-06,0.0002846374646914285,off
1781066194.5931702,2026-06-10T12:36:34.593,87860385425776,,1,cf_0V,frequency,frequency,1502665.19070008,111,111,0.0,0.1,1502665.19070008,0.099945068359375,1502665.1907001564,0,Rp || Cp,Rp,Cp,4236.275278796093,1.9283902701969025e-10,1.9283902701969025e-10,4236.275278796093,0.000121310218124041,0.000121310218124041,1.0,70.03290364766544,-540.1611341364636,544.6821627563306,-1.4418636777881473,0.0010000000474974513,0,0.0010000000474974513,-0.254791259765625,0.2210693359375,-1.6860962714915217e-05,0.00025479127186756045,off
1781066194.9863284,2026-06-10T12:36:34.986,87860408363376,,1,cf_0V,frequency,frequency,1347093.9405065936,112,112,0.0,0.1,1347093.9405065936,0.099945068359375,1347093.940506525,0,Rp || Cp,Rp,Cp,5376.629685010157,1.9020189527420274e-10,1.9020189527420274e-10,5376.629685010157,0.00010867805427991545,0.00010867805427991545,1.0,70.81844108721405,-612.983915774007,617.0612065230304,-1.4557755903824956,0.0010000000474974513,0,0.0010000000474974513,-0.2320556640625,0.2210693359375,-5.4931643234112926e-06,0.0002320556750845526,off
1781066195.439385,2026-06-10T12:36:35.439,87860435315056,,1,cf_0V,frequency,frequency,1207629.01528593,113,113,0.0,0.1,1207629.01528593,0.099945068359375,1207629.0152859315,0,Rp || Cp,Rp,Cp,6767.5044585846435,1.8813942004307805e-10,1.8813942004307805e-10,6767.5044585846435,9.738255549360712e-05,9.738255549360712e-05,1.0,71.73922817253352,-693.072167710009,696.775104688049,-1.4676546072549368,0.0010000000474974513,0,0.0010000000474974513,-0.19329833984375,0.18359375,-4.852295152346642e-06,0.00019329834902492848,off
1781066195.9500678,2026-06-10T12:36:35.950,87860462553456,,1,cf_0V,frequency,frequency,1082602.9237515721,114,114,0.0,0.1,1082602.9237515721,0.099945068359375,1082602.9237515656,0,Rp || Cp,Rp,Cp,8474.193196274797,1.8652737062829498e-10,1.8652737062829498e-10,8474.193196274797,8.727818831772887e-05,8.727818831772887e-05,1.0,72.67379645788905,-781.3899863699945,784.7622515710749,-1.4780573181956502,0.0010000000474974513,0,0.0010000000474974513,-0.174407958984375,0.161651611328125,-6.378174131072001e-06,0.00017440796726830854,off
1781066196.371609,2026-06-10T12:36:36.371,87860491512176,,1,cf_0V,frequency,frequency,970520.8103483266,115,115,0.0,0.1,970520.8103483266,0.099945068359375,970520.8103482476,0,Rp || Cp,Rp,Cp,10547.953207478675,1.8526956185348979e-10,1.8526956185348979e-10,10547.953207478675,7.823729942050669e-05,7.823729942050669e-05,1.0,73.75758725558946,-878.9490300300223,882.0383092975515,-1.4870768130164698,0.0010000000474974513,0,0.0010000000474974513,-0.157928466796875,0.147491455078125,-5.218506107240728e-06,0.00015792847429807466,off
1781066196.7831593,2026-06-10T12:36:36.783,87860515596656,,1,cf_0V,frequency,frequency,870042.5822379502,116,116,0.0,0.1,870042.5822379502,0.099945068359375,870042.5822379998,0,Rp || Cp,Rp,Cp,13074.385084513653,1.842758672671957e-10,1.842758672671957e-10,13074.385084513653,7.01393293343955e-05,7.01393293343955e-05,1.0,74.93843853989168,-986.9945458470912,989.835341409218,-1.4950158327018184,0.0010000000474974513,0,0.0010000000474974513,-0.145263671875,0.1324462890625,-6.408691710646508e-06,0.00014526367877465418,off
1781066197.2375946,2026-06-10T12:36:37.237,87860543981936,,1,cf_0V,frequency,frequency,779966.8866817983,117,117,0.0,0.1,779966.8866817983,0.099945068359375,779966.88668172,0,Rp || Cp,Rp,Cp,16091.966555536164,1.8349106232537877e-10,1.8349106232537877e-10,16091.966555536164,6.288582095337863e-05,6.288582095337863e-05,1.0,76.48562938654851,-1106.7764627804552,1109.4161482813709,-1.5017993600225894,0.0010000000474974513,0,0.0010000000474974513,-0.130096435546875,0.12066650390625,-4.7149660442613595e-06,0.0001300964417261241,off
1781066197.708203,2026-06-10T12:36:37.708,87860568926576,,1,cf_0V,frequency,frequency,699216.7472484909,118,118,0.0,0.1,699216.7472484909,0.099945068359375,699216.7472483857,0,Rp || Cp,Rp,Cp,19701.969680110633,1.8288476741607638e-10,1.8288476741607638e-10,19701.969680110633,5.638228491673786e-05,5.638228491673786e-05,1.0,78.31090482548593,-1239.6557887894394,1242.1268343022596,-1.5077086664075203,0.0010000000474974513,0,0.0010000000474974513,-0.121246337890625,0.11126708984375,-4.989624260431924e-06,0.00012124634364951703,off
1781066198.1283066,2026-06-10T12:36:38.128,87860596164976,,1,cf_0V,frequency,frequency,626826.6871080867,119,119,0.0,0.1,626826.6871080867,0.099945068359375,626826.687107993,0,Rp || Cp,Rp,Cp,24066.605868938525,1.8241538603707621e-10,1.8241538603707621e-10,24066.605868938525,5.0561358932288845e-05,5.0561358932288845e-05,1.0,80.23377911683194,-1387.269721456104,1389.5879746817993,-1.513024938117546,0.0010000000474974513,0,0.0010000000474974513,-0.109619140625,0.099853515625,-4.882812731921149e-06,0.0001096191458316298,off
1781066198.5304573,2026-06-10T12:36:38.530,87860620249456,,1,cf_0V,frequency,frequency,561931.1854543786,120,120,0.0,0.1,561931.1854543786,0.099945068359375,561931.1854543696,0,Rp || Cp,Rp,Cp,29212.57843125984,1.8205553054036171e-10,1.8205553054036171e-10,29212.57843125984,4.5338279393210016e-05,4.5338279393210016e-05,1.0,82.61642077752303,-1551.3262708699508,1553.5245964172427,-1.5175912394632152,0.0010000000474974513,0,0.0010000000474974513,-0.10174560546875,0.091888427734375,-4.92858910128291e-06,0.00010174561030140694,off
1781066198.9185362,2026-06-10T12:36:38.918,87860644333936,,1,cf_0V,frequency,frequency,503754.32903627184,121,121,0.0,0.1,503754.32903627184,0.099945068359375,503754.3290362123,0,Rp || Cp,Rp,Cp,35153.358469462735,1.8178301396072248e-10,1.8178301396072248e-10,35153.358469462735,4.0659257435727634e-05,4.0659257435727634e-05,1.0,85.71739977594844,-1733.755175556748,1735.8728298450205,-1.5213962371633387,0.0010000000474974513,0,0.0010000000474974513,-0.0986328125,0.086944580078125,-5.844116488518125e-06,9.863281718480721e-05,off
1781066199.2901065,2026-06-10T12:36:39.290,87860668705136,,1,cf_0V,frequency,frequency,451600.5350683417,122,122,0.0,0.1,451600.5350683417,0.099945068359375,451600.5350683372,0,Rp || Cp,Rp,Cp,42223.31161496455,1.815666921533557e-10,1.815666921533557e-10,42223.31161496455,3.6461666051776783e-05,3.6461666051776783e-05,1.0,89.04097364421786,-1936.9244904466839,1938.970029855969,-1.5248583818541392,0.0010000000474974513,0,0.0010000000474974513,-0.091217041015625,0.081695556640625,-4.76074241362312e-06,9.121704534820196e-05,off
1781066199.6811585,2026-06-10T12:36:39.681,87860689635696,,1,cf_0V,frequency,frequency,404846.2346004526,123,123,0.0,0.1,404846.2346004526,0.099945068359375,404846.23460045556,0,Rp || Cp,Rp,Cp,50178.16328620512,1.8141877228212207e-10,1.8141877228212207e-10,50178.16328620512,3.2700545940122816e-05,3.2700545940122816e-05,1.0,93.4053314413342,-2162.910866615569,2164.9267823336145,-1.5276381308227645,0.0010000000474974513,0,0.0010000000474974513,-0.0836181640625,0.072509765625,-5.554199482560307e-06,8.361816803414968e-05,off
1781066200.0361316,2026-06-10T12:36:40.036,87860712573296,,1,cf_0V,frequency,frequency,362932.4169099164,124,124,0.0,0.1,362932.4169099164,0.099945068359375,362932.41690984246,0,Rp || Cp,Rp,Cp,59790.739222175805,1.81315281999296e-10,1.81315281999296e-10,59790.739222175805,2.9328058912300058e-05,2.9328058912300058e-05,1.0,97.67332261151083,-2414.6262823216184,2416.600952004342,-1.5303676680779374,0.0010000000474974513,0,0.0010000000474974513,-0.07769775390625,0.065277099609375,-6.210327443412211e-06,7.769775759669528e-05,off
1781066200.437926,2026-06-10T12:36:40.437,87860734937456,,1,cf_0V,frequency,frequency,325357.9457743241,125,125,0.0,0.1,325357.9457743241,0.099945068359375,325357.9457742717,0,Rp || Cp,Rp,Cp,70483.27426831286,1.8125805209701587e-10,1.8125805209701587e-10,70483.27426831286,2.6302708867604904e-05,2.6302708867604904e-05,1.0,103.18118392370755,-2694.791518672273,2696.7661533443925,-1.53252590610648,0.0010000000474974513,0,0.0010000000474974513,-0.071380615234375,0.05987548828125,-5.752563749794604e-06,7.13806186247723e-05,off
1781066200.8392642,2026-06-10T12:36:40.839,87860759595376,,1,cf_0V,frequency,frequency,291673.56771209295,126,126,0.0,0.1,291673.56771209295,0.099945068359375,291673.56771218067,0,Rp || Cp,Rp,Cp,81081.700358038,1.8122490458090106e-10,1.8122490458090106e-10,81081.700358038,2.3588120400533116e-05,2.3588120400533116e-05,1.0,111.65779011171632,-3006.8149291877357,3008.887415720116,-1.5336784762606235,0.0010000000474974513,0,0.0010000000474974513,-0.06671142578125,0.05377197265625,-6.469726869795522e-06,6.67114289498727e-05,off
1781066201.317155,2026-06-10T12:36:41.317,87860783679856,,1,cf_0V,frequency,frequency,261476.54055115595,127,127,0.0,0.1,261476.54055115595,0.099945068359375,261476.54055115767,0,Rp || Cp,Rp,Cp,94349.7610271242,1.8124683287475464e-10,1.8124683287475464e-10,94349.7610271242,2.1156536109382567e-05,2.1156536109382567e-05,1.0,119.38321574666621,-3354.0312348196094,3356.155222326221,-1.5352173983387751,0.0010000000474974513,0,0.0010000000474974513,-0.0611572265625,0.04876708984375,-6.195068653624958e-06,6.115722946731239e-05,off
1781066201.8103049,2026-06-10T12:36:41.810,87860810918256,,1,cf_0V,frequency,frequency,234405.81810309048,128,128,0.0,0.1,234405.81810309048,0.099945068359375,234405.81810305617,0,Rp || Cp,Rp,Cp,108610.62041710046,1.8125111963181893e-10,1.8125111963181893e-10,108610.62041710046,1.8975332033140115e-05,1.8975332033140115e-05,1.0,129.04865226974107,-3741.577292046043,3743.802103077463,-1.53631955215994,0.0010000000474974513,0,0.0010000000474974513,-0.05657958984375,0.045166015625,-5.706787380432843e-06,5.6579592531136313e-05,off
1781066202.2649033,2026-06-10T12:36:42.264,87860841884016,,1,cf_0V,frequency,frequency,210137.7333689687,129,129,0.0,0.1,210137.7333689687,0.099945068359375,210137.7333689669,0,Rp || Cp,Rp,Cp,122873.93040175279,1.812788314153571e-10,1.812788314153571e-10,122873.93040175279,1.7016721462681105e-05,1.7016721462681105e-05,1.0,141.89804617683885,-4173.180513058212,4175.592251415073,-1.5368070474064945,0.0010000000474974513,0,0.0010000000474974513,-0.051116943359375,0.04144287109375,-4.837036362559388e-06,5.111694578729953e-05,off
1781066202.6870744,2026-06-10T12:36:42.687,87860870842736,,1,cf_0V,frequency,frequency,188382.12866383453,130,130,0.0,0.1,188382.12866383453,0.099945068359375,188382.12866391757,0,Rp || Cp,Rp,Cp,138325.2586646039,1.8131244504088177e-10,1.8131244504088177e-10,138325.2586646039,1.5262266726088807e-05,1.5262266726088807e-05,1.0,156.7875609953673,-4654.363285218899,4657.0033208144205,-1.53712291401949,0.0010000000474974513,0,0.0010000000474974513,-0.04913330078125,0.037994384765625,-5.5694582723475605e-06,4.913330311495656e-05,off
1781066203.5182683,2026-06-10T12:36:43.518,87860922165616,,1,cf_0V,frequency,frequency,168878.88639022523,131,131,0.0,0.1,168878.88639022523,0.099945068359375,168878.88639026016,0,Rp || Cp,Rp,Cp,152067.66289368094,1.8115353302331944e-10,1.8115353302331944e-10,152067.66289368094,1.3730636773279763e-05,1.3730636773279763e-05,1.0,177.76697206825799,-5196.249309429632,5199.289180465562,-1.5365990319270029,9.999999747378752e-05,0,9.999999747378752e-05,-0.215362548828125,0.219207763671875,1.9226073733058513e-07,2.192077581342211e-05,off
1781066203.9326444,2026-06-10T12:36:43.932,87860944529776,,1,cf_0V,frequency,frequency,151394.81898145608,132,132,0.0,0.1,151394.81898145608,0.099945068359375,151394.81898145846,0,Rp || Cp,Rp,Cp,167371.04533471848,1.8116184168223044e-10,1.8116184168223044e-10,167371.04533471848,1.2309263344416264e-05,1.2309263344416264e-05,1.0,200.94755320019095,-5795.897007145035,5799.37945271474,-1.536139552469341,9.999999747378752e-05,0,9.999999747378752e-05,-0.227386474609375,0.219818115234375,-3.7841795919035803e-07,2.273864688651095e-05,off
1781066204.3276663,2026-06-10T12:36:44.327,87860968614256,,1,cf_0V,frequency,frequency,135720.88082974532,133,133,0.0,0.1,135720.88082974532,0.099945068359375,135720.88082980827,0,Rp || Cp,Rp,Cp,186748.82785526814,1.811945533243851e-10,1.811945533243851e-10,186748.82785526814,1.103606289964516e-05,1.103606289964516e-05,1.0,224.015201361861,-6464.084890040369,6467.965389215485,-1.536154828512232,9.999999747378752e-05,0,9.999999747378752e-05,-0.227386474609375,0.219818115234375,-3.7841795919035803e-07,2.273864688651095e-05,off
1781066204.7735686,2026-06-10T12:36:44.773,87860996999536,,1,cf_0V,frequency,frequency,121669.66886401946,134,134,0.0,0.1,121669.66886401946,0.099945068359375,121669.66886411501,0,Rp || Cp,Rp,Cp,201763.5532208263,1.812189337942164e-10,1.812189337942164e-10,201763.5532208263,9.895220181413815e-06,9.895220181413815e-06,1.0,257.9112252939979,-7209.061452832914,7213.673490729537,-1.5350356003664483,9.999999747378752e-05,0,9.999999747378752e-05,-0.227386474609375,0.219818115234375,-3.7841795919035803e-07,2.273864688651095e-05,off
1781066205.185984,2026-06-10T12:36:45.185,87861019650416,,1,cf_0V,frequency,frequency,109073.18189343589,135,135,0.0,0.1,109073.18189343589,0.099945068359375,109073.18189339321,0,Rp || Cp,Rp,Cp,216657.73202826935,1.8125907226197054e-10,1.8125907226197054e-10,216657.73202826935,8.87346306213502e-06,8.87346306213502e-06,1.0,298.6973998938822,-8039.0223962274285,8044.569672999889,-1.5336574755750005,9.999999747378752e-05,0,9.999999747378752e-05,-0.21575927734375,0.218109130859375,1.1749267281313536e-07,2.181091253494749e-05,off
1781066205.5798569,2026-06-10T12:36:45.579,87861044021616,,1,cf_0V,frequency,frequency,97780.81192655204,136,136,0.0,0.1,97780.81192655204,0.099945068359375,97780.81192649779,0,Rp || Cp,Rp,Cp,231761.9999468131,1.8132691205521881e-10,1.8132691205521881e-10,231761.9999468131,7.957519816548336e-06,7.957519816548336e-06,1.0,347.1484424863521,-8962.996444712979,8969.7166794196,-1.5320843833734183,9.999999747378752e-05,0,9.999999747378752e-05,-0.19927978515625,0.19775390625,-7.629394338515283e-08,1.992797801220192e-05,off
1781066205.9927266,2026-06-10T12:36:45.992,87861069252976,,1,cf_0V,frequency,frequency,87657.5434496528,137,137,0.0,0.1,87657.5434496528,0.099945068359375,87657.54344956634,0,Rp || Cp,Rp,Cp,247833.17336657687,1.8139499703992365e-10,1.8139499703992365e-10,247833.17336657687,7.136717163819751e-06,7.136717163819751e-06,1.0,403.5931671163376,-9993.041974842603,10001.188697125413,-1.5304308461756109,9.999999747378752e-05,0,9.999999747378752e-05,-0.18511962890625,0.18487548828125,-1.2207030941624453e-08,1.8511962422973482e-05,off
1781066206.3922594,2026-06-10T12:36:46.392,87861093337456,,1,cf_0V,frequency,frequency,78582.33913417984,138,138,0.0,0.1,78582.33913417984,0.099945068359375,78582.33913417223,0,Rp || Cp,Rp,Cp,256898.09373807613,1.8146116505492482e-10,1.8146116505492482e-10,256898.09373807613,6.4005396287696465e-06,6.4005396287696465e-06,1.0,483.9974822429804,-11140.187475955352,11150.696416020393,-1.5273775510662715,9.999999747378752e-05,0,9.999999747378752e-05,-0.164642333984375,0.16851806640625,1.9378661619828819e-07,1.6851806214912557e-05,off
1781066206.833062,2026-06-10T12:36:46.833,87861119428976,,1,cf_0V,frequency,frequency,70446.69267221761,139,139,0.0,0.1,70446.69267221761,0.099945068359375,70446.69267216364,0,Rp || Cp,Rp,Cp,267919.7270854272,1.815251504795246e-10,1.815251504795246e-10,267919.7270854272,5.740560575245665e-06,5.740560575245665e-06,1.0,576.9053657460279,-12418.997880013016,12432.390282837583,-1.5243762424030711,9.999999747378752e-05,0,9.999999747378752e-05,-0.153350830078125,0.148345947265625,-2.502441343033013e-07,1.533508262041572e-05,off
1781066207.1911044,2026-06-10T12:36:47.191,87861142079856,,1,cf_0V,frequency,frequency,63153.33143723267,140,140,0.0,0.1,63153.33143723267,0.099945068359375,63153.33143732005,0,Rp || Cp,Rp,Cp,276979.2819484311,1.8156589762304588e-10,1.8156589762304588e-10,276979.2819484311,5.148767335578349e-06,5.148767335578349e-06,1.0,693.8133374672132,-13845.235392389175,13862.608701752828,-1.520726146050853,9.999999747378752e-05,0,9.999999747378752e-05,-0.153350830078125,0.14801025390625,-2.670288018480349e-07,1.533508262041572e-05,off
1781066207.5963955,2026-06-10T12:36:47.596,87861164444016,,1,cf_0V,frequency,frequency,56615.05345862548,141,141,0.0,0.1,56615.05345862548,0.099945068359375,56615.05345855744,0,Rp || Cp,Rp,Cp,295213.51314120303,1.8163783093490352e-10,1.8163783093490352e-10,295213.51314120303,4.618082664135599e-06,4.618082664135599e-06,1.0,809.1621575745947,-15434.405069236102,15455.601031293212,-1.5184184052508978,9.999999747378752e-05,0,9.999999747378752e-05,-0.133575439453125,0.129608154296875,-1.9836425280139736e-07,1.3357543607872557e-05,off
1781066208.0012074,2026-06-10T12:36:48.001,87861189675376,,1,cf_0V,frequency,frequency,50753.68480455689,142,142,0.0,0.1,50753.68480455689,0.099945068359375,50753.68480454756,0,Rp || Cp,Rp,Cp,304430.4513345447,1.8170845231315233e-10,1.8170845231315233e-10,304430.4513345447,4.142593824742505e-06,4.142593824742505e-06,1.0,975.1544067574879,-17202.202476806095,17229.819969171247,-1.5141691673539919,9.999999747378752e-05,0,9.999999747378752e-05,-0.123870849609375,0.1207275390625,-1.5716552337341483e-07,1.2387084648013413e-05,off
1781066208.4018161,2026-06-10T12:36:48.401,87861213759856,,1,cf_0V,frequency,frequency,45499.144907154674,143,143,0.0,0.1,45499.144907154674,0.099945068359375,45499.14490716844,0,Rp || Cp,Rp,Cp,303244.95996667206,1.8179085577256207e-10,1.8179085577256207e-10,303244.95996667206,3.7163541789490328e-06,3.7163541789490328e-06,1.0,1216.048956502798,-19164.60127598779,19203.143417998115,-1.5074284108898115,9.999999747378752e-05,0,9.999999747378752e-05,-0.1138916015625,0.1141357421875,1.2207030941624453e-08,1.1413573930418863e-05,off
1781066208.8016584,2026-06-10T12:36:48.801,87861236697456,,1,cf_0V,frequency,frequency,40788.608654802425,144,144,0.0,0.1,40788.608654802425,0.099945068359375,40788.608654906966,0,Rp || Cp,Rp,Cp,321616.1544981003,1.819026390741143e-10,1.819026390741143e-10,321616.1544981003,3.334083382318616e-06,3.334083382318616e-06,1.0,1424.3573887687585,-21355.73815244567,21403.185417286928,-1.5041982566720042,9.999999747378752e-05,0,9.999999747378752e-05,-0.11328125,0.104888916015625,-4.1961668861834056e-07,1.1328124713827492e-05,off
1781066209.1632705,2026-06-10T12:36:49.163,87861260781936,,1,cf_0V,frequency,frequency,36565.755233193486,145,145,0.0,0.1,36565.755233193486,0.099945068359375,36565.755233297634,0,Rp || Cp,Rp,Cp,317031.7086669405,1.8197834106453288e-10,1.8197834106453288e-10,317031.7086669405,2.9911607874473723e-06,2.9911607874473723e-06,1.0,1794.255030103785,-23782.690908831217,23850.27752413074,-1.4954952407800495,9.999999747378752e-05,0,9.999999747378752e-05,-0.10174560546875,0.104278564453125,1.266479460193537e-07,1.0427856181882689e-05,off
1781066209.5968013,2026-06-10T12:36:49.596,87861283719536,,1,cf_0V,frequency,frequency,32780.09473403288,146,146,0.0,0.1,32780.09473403288,0.099945068359375,32780.09473397958,0,Rp || Cp,Rp,Cp,332409.06249176554,1.8204849613623866e-10,1.8204849613623866e-10,332409.06249176554,2.684256192607274e-06,2.684256192607274e-06,1.0,2126.1118502338777,-26499.405564826757,26584.56031024166,-1.49073538788873,9.999999747378752e-05,0,9.999999747378752e-05,-0.09747314453125,0.088165283203125,-4.6539305464943226e-07,9.747314206887125e-06,off
1781066210.0461724,2026-06-10T12:36:50.046,87861310384496,,1,cf_0V,frequency,frequency,29386.364480084198,147,147,0.0,0.1,29386.364480084198,0.099945068359375,29386.3644801462,0,Rp || Cp,Rp,Cp,333052.4691791412,1.8212151955555313e-10,1.8212151955555313e-10,333052.4691791412,2.408632066623886e-06,2.408632066623886e-06,1.0,2634.2962938645687,-29502.870508768916,29620.244516564264,-1.4817429972128175,9.999999747378752e-05,0,9.999999747378752e-05,-0.095367431640625,0.085968017578125,-4.6997069125254143e-07,9.536742923144104e-06,off
1781066210.5012047,2026-06-10T12:36:50.501,87861337336176,,1,cf_0V,frequency,frequency,26343.98784881462,148,148,0.0,0.1,26343.98784881462,0.099945068359375,26343.987848775898,0,Rp || Cp,Rp,Cp,349436.247065096,1.8220445454963352e-10,1.8220445454963352e-10,349436.247065096,2.1616759319669347e-06,2.1616759319669347e-06,1.0,3118.160858778639,-32861.45920520976,33009.06584920095,-1.4761914982531041,9.999999747378752e-05,0,9.999999747378752e-05,-0.095367431640625,0.08575439453125,-4.806518433264628e-07,9.536742923144104e-06,off
1781066211.0067656,2026-06-10T12:36:51.006,87861367441776,,1,cf_0V,frequency,frequency,23616.58912414415,149,149,0.0,0.1,23616.58912414415,0.099945068359375,23616.589124202394,0,Rp || Cp,Rp,Cp,346188.36917966296,1.823044755388559e-10,1.823044755388559e-10,346188.36917966296,1.940598183073456e-06,1.940598183073456e-06,1.0,3902.78757599561,-36549.52688237188,36757.307656962184,-1.464418619803107,9.999999747378752e-05,0,9.999999747378752e-05,-0.079803466796875,0.07855224609375,-6.256103357582532e-08,7.980346478086986e-06,off
1781066211.4631515,2026-06-10T12:36:51.463,87861396400496,,1,cf_0V,frequency,frequency,21171.558575697567,150,150,0.0,0.1,21171.558575697567,0.099945068359375,21171.5585756167,0,Rp || Cp,Rp,Cp,350735.59546301013,1.8237497314820924e-10,1.8237497314820924e-10,350735.59546301013,1.742486200749846e-06,1.742486200749846e-06,1.0,4778.229603128291,-40657.88640561597,40937.69906958846,-1.4538101233886724,9.999999747378752e-05,0,9.999999747378752e-05,-0.0770263671875,0.078399658203125,6.866454904663755e-08,7.839965622258305e-06,off
1781066211.8670003,2026-06-10T12:36:51.867,87861419338096,,1,cf_0V,frequency,frequency,18979.66256549492,151,151,0.0,0.1,18979.66256549492,0.099945068359375,18979.662565428156,0,Rp || Cp,Rp,Cp,356417.56162424956,1.8247776027018927e-10,1.8247776027018927e-10,356417.56162424956,1.5660206884379489e-06,1.5660206884379489e-06,1.0,5828.061442087037,-45202.40201595738,45576.56687580768,-1.4425711649957713,9.999999747378752e-05,0,9.999999747378752e-05,-0.07476806640625,0.071868896484375,-1.4495849243179038e-07,7.476806451744977e-06,off
1781066212.3061876,2026-06-10T12:36:52.306,87861445716336,,1,cf_0V,frequency,frequency,17014.69402038014,152,152,0.0,0.1,17014.69402038014,0.099945068359375,17014.694020431874,0,Rp || Cp,Rp,Cp,345041.50496656646,1.825496400506846e-10,1.825496400506846e-10,345041.50496656646,1.4072423084976037e-06,1.4072423084976037e-06,1.0,7445.345116041918,-50135.01690373316,50684.84076954942,-1.4233679344652426,9.999999747378752e-05,0,9.999999747378752e-05,-0.072296142578125,0.071868896484375,-2.1362304147842792e-08,7.229614075177082e-06,off
1781066212.7206464,2026-06-10T12:36:52.720,87861472954736,,1,cf_0V,frequency,frequency,15253.159091114281,153,153,0.0,0.1,15253.159091114281,0.099945068359375,15253.159091201951,0,Rp || Cp,Rp,Cp,356239.6038932183,1.8260834741194888e-10,1.8260834741194888e-10,356239.6038932183,1.264551567058919e-06,1.264551567058919e-06,1.0,8935.220556767317,-55706.74344676104,56418.78616065158,-1.4117535426012018,9.999999747378752e-05,0,9.999999747378752e-05,-0.0693359375,0.069732666015625,1.9836425280139736e-08,6.973266425402969e-06,off
1781066213.07643,2026-06-10T12:36:53.076,87861497612656,,1,cf_0V,frequency,frequency,13673.996251720062,154,154,0.0,0.1,13673.996251720062,0.099945068359375,13673.996251668541,0,Rp || Cp,Rp,Cp,362410.9744963959,1.8268636806592013e-10,1.8268636806592013e-10,362410.9744963959,1.1375072437604762e-06,1.1375072437604762e-06,1.0,10864.679292064282,-61801.59992838712,62749.334736137476,-1.3967751967433495,9.999999747378752e-05,0,9.999999747378752e-05,-0.0693359375,0.0657958984375,-1.7700194865355456e-07,6.933593574842689e-06,off
1781066213.4925582,2026-06-10T12:36:53.492,87861517969776,,1,cf_0V,frequency,frequency,12258.324480531926,155,155,0.0,0.1,12258.324480531926,0.099945068359375,12258.324480498573,0,Rp || Cp,Rp,Cp,351120.12872677326,1.8276690316666897e-10,1.8276690316666897e-10,351120.12872677326,1.0243219583201993e-06,1.0243219583201993e-06,1.0,13807.164830188425,-68244.6751906663,69627.3903900436,-1.37117237372289,9.999999747378752e-05,0,9.999999747378752e-05,-0.0693359375,0.0657958984375,-1.7700194865355456e-07,6.933593574842689e-06,off
1781066213.941845,2026-06-10T12:36:53.941,87861542054256,,1,cf_0V,frequency,frequency,10989.217512115829,156,156,0.0,0.1,10989.217512115829,0.099945068359375,10989.217512076266,0,Rp || Cp,Rp,Cp,358580.1183369867,1.828627482775596e-10,1.828627482775596e-10,358580.1183369867,9.225887922479162e-07,9.225887922479162e-07,1.0,16679.52508991812,-75516.48510969224,77336.5766021976,-1.3534138246287328,9.999999747378752e-05,0,9.999999747378752e-05,-0.063201904296875,0.06439208984375,5.950927584041921e-08,6.439208821706899e-06,off
1781066214.3678088,2026-06-10T12:36:54.367,87861569292656,,1,cf_0V,frequency,frequency,9851.501460936432,157,157,0.0,0.1,9851.501460936432,0.099945068359375,9851.501461000113,0,Rp || Cp,Rp,Cp,368140.58591198735,1.8292981067904142e-10,1.8292981067904142e-10,368140.58591198735,8.322259193516773e-07,8.322259193516773e-07,1.0,20033.28523382719,-83508.87884807955,85878.20074805425,-1.3353515046275728,9.999999747378752e-05,0,9.999999747378752e-05,-0.063201904296875,0.06439208984375,5.950927584041921e-08,6.439208821706899e-06,off
1781066214.8281598,2026-06-10T12:36:54.828,87861599398256,,1,cf_0V,frequency,frequency,8831.573397089549,158,158,0.0,0.1,8831.573397089549,0.099945068359375,8831.57339707452,0,Rp || Cp,Rp,Cp,358227.8545612316,1.8302448833005945e-10,1.8302448833005945e-10,358227.8545612316,7.498186885671267e-07,7.498186885671267e-07,1.0,25162.64345420056,-91546.71569250457,94941.87579612847,-1.3025591279750042,9.999999747378752e-05,0,9.999999747378752e-05,-0.065399169921875,0.06396484375,-7.171630678204366e-08,6.5399168269753005e-06,off
1781066215.225232,2026-06-10T12:36:55.225,87861623482736,,1,cf_0V,frequency,frequency,7917.238704927916,159,159,0.0,0.1,7917.238704927916,0.099945068359375,7917.238704848728,0,Rp || Cp,Rp,Cp,353794.873160242,1.8308238079344072e-10,1.8308238079344072e-10,353794.873160242,6.773121799961809e-07,6.773121799961809e-07,1.0,31082.25758141687,-100153.06606486796,104865.35833415795,-1.2698736191825915,9.999999747378752e-05,0,9.999999747378752e-05,-0.065399169921875,0.06304931640625,-1.1749267281313536e-07,6.5399168269753005e-06,off
1781066215.6220973,2026-06-10T12:36:55.622,87861648140656,,1,cf_0V,frequency,frequency,7097.565279983502,160,160,0.0,0.1,7097.565279983502,0.099945068359375,7097.565280034246,0,Rp || Cp,Rp,Cp,371284.19978748827,1.8320311154439963e-10,1.8320311154439963e-10,371284.19978748827,6.135208298630129e-07,6.135208298630129e-07,1.0,36395.171058776985,-110400.83100361667,116245.22339729391,-1.2523518690309385,9.999999747378752e-05,0,9.999999747378752e-05,-0.065399169921875,0.06304931640625,-1.1749267281313536e-07,6.5399168269753005e-06,off
1781066216.0711079,2026-06-10T12:36:56.071,87861673658736,,1,cf_0V,frequency,frequency,6362.752820913701,161,161,0.0,0.1,6362.752820913701,0.099945068359375,6362.7528208343165,0,Rp || Cp,Rp,Cp,373350.29479401425,1.83257232915657e-10,1.83257232915657e-10,373350.29479401425,5.576105979579665e-07,5.576105979579665e-07,1.0,44017.904042692484,-120401.5015447988,128195.54380146711,-1.2202985946497187,9.999999747378752e-05,0,9.999999747378752e-05,-0.065399169921875,0.06304931640625,-1.1749267281313536e-07,6.5399168269753005e-06,off
1781066216.5245616,2026-06-10T12:36:56.524,87861697456496,,1,cf_0V,frequency,frequency,5704.01565368052,162,162,0.0,0.1,5704.01565368052,0.099945068359375,5704.015653620331,0,Rp || Cp,Rp,Cp,369495.5181322371,1.832769606143342e-10,1.832769606143342e-10,369495.5181322371,5.086896686067935e-07,5.086896686067935e-07,1.0,53623.5787595606,-130146.77798119272,140761.04581122106,-1.179967712775236,9.999999747378752e-05,0,9.999999747378752e-05,-0.059814453125,0.057586669921875,-1.1138915734232313e-07,5.981445161395982e-06,off
1781066216.9792364,2026-06-10T12:36:56.979,87861723548016,,1,cf_0V,frequency,frequency,5113.477686967608,163,163,0.0,0.1,5113.477686967608,0.099945068359375,5113.477686933265,0,Rp || Cp,Rp,Cp,367104.47596602916,1.8322024978942297e-10,1.8322024978942297e-10,367104.47596602916,4.6096723759548747e-07,4.6096723759548747e-07,1.0,64744.825690195736,-139915.05584767272,154169.11268639774,-1.1373953314880416,9.999999747378752e-05,0,9.999999747378752e-05,-0.059814453125,0.057586669921875,-1.1138915734232313e-07,5.981445161395982e-06,off
1781066217.399311,2026-06-10T12:36:57.399,87861753653616,,1,cf_0V,frequency,frequency,4584.078242885572,164,164,0.0,0.1,4584.078242885572,0.099945068359375,4584.078242970691,0,Rp || Cp,Rp,Cp,367337.94459213124,1.8335350896544926e-10,1.8335350896544926e-10,367337.94459213124,4.2641561838832105e-07,4.2641561838832105e-07,1.0,77117.67479882644,-149603.18307425064,168309.9763897711,-1.0948403555871855,9.999999747378752e-05,0,9.999999747378752e-05,-0.05792236328125,0.057586669921875,-1.6784667544733622e-08,5.792236181800803e-06,off
1781066217.8520992,2026-06-10T12:36:57.852,87861778884976,,1,cf_0V,frequency,frequency,4109.487637044614,165,165,0.0,0.1,4109.487637044614,0.099945068359375,4109.487637009579,0,Rp || Cp,Rp,Cp,371578.9196594116,1.8353753270603318e-10,1.8353753270603318e-10,371578.9196594116,3.894237501602186e-07,3.894237501602186e-07,1.0,90609.23394047742,-159557.03677208762,183489.7306629706,-1.0543294547919608,9.999999747378752e-05,0,9.999999747378752e-05,-0.05792236328125,0.055572509765625,-1.1749267281313536e-07,5.792236181800803e-06,off
1781066218.2129004,2026-06-10T12:36:58.212,87861803256176,,1,cf_0V,frequency,frequency,3684.0314986403864,166,166,0.0,0.1,3684.0314986403864,0.099945068359375,3684.0314986363865,0,Rp || Cp,Rp,Cp,360962.8789157267,1.83608786618241e-10,1.83608786618241e-10,360962.8789157267,3.619627188793315e-07,3.619627188793315e-07,1.0,107636.92387228776,-165127.90962731052,197111.47586727137,-0.9931289203293897,9.999999747378752e-05,0,9.999999747378752e-05,-0.05792236328125,0.055572509765625,-1.1749267281313536e-07,5.792236181800803e-06,off
1781066218.6153827,2026-06-10T12:36:58.615,87861827053936,,1,cf_0V,frequency,frequency,3302.622925697632,167,167,0.0,0.1,3302.622925697632,0.099945068359375,3302.6229256449824,0,Rp || Cp,Rp,Cp,370433.26244734484,1.8362161229888533e-10,1.8362161229888533e-10,370433.26244734484,3.3289015753974655e-07,3.3289015753974655e-07,1.0,123797.29318430036,-174736.55998860457,214146.2939123879,-0.9544019784633259,9.999999747378752e-05,0,9.999999747378752e-05,-0.052642822265625,0.055572509765625,1.4648437129949343e-07,5.557250836174532e-06,off
1781066219.0688982,2026-06-10T12:36:59.068,87861849991536,,1,cf_0V,frequency,frequency,2960.70166429603,168,168,0.0,0.1,2960.70166429603,0.099945068359375,2960.701664207477,0,Rp || Cp,Rp,Cp,359320.7143424,1.837072657970061e-10,1.837072657970061e-10,359320.7143424,3.0977923589630696e-07,3.0977923589630696e-07,1.0,143276.7913016523,-175937.7164609665,226897.15511481557,-0.8873598936313036,9.999999747378752e-05,0,9.999999747378752e-05,-0.052642822265625,0.055572509765625,1.4648437129949343e-07,5.557250836174532e-06,off
1781066219.4874785,2026-06-10T12:36:59.487,87861878376816,,1,cf_0V,frequency,frequency,2654.1795845838647,169,169,0.0,0.1,2654.1795845838647,0.099945068359375,2654.179584595795,0,Rp || Cp,Rp,Cp,361044.1142038475,1.836813734634709e-10,1.836813734634709e-10,361044.1142038475,2.917554359969621e-07,2.917554359969621e-07,1.0,162403.81770791038,-179610.53004089554,242146.5310667812,-0.8356656952187029,9.999999747378752e-05,0,9.999999747378752e-05,-0.052886962890625,0.054962158203125,1.0375976300380785e-07,5.49621568146641e-06,off
1781066219.9350379,2026-06-10T12:36:59.935,87861902461296,,1,cf_0V,frequency,frequency,2379.391801671713,170,170,0.0,0.1,2379.391801671713,0.099945068359375,2379.391801667907,0,Rp || Cp,Rp,Cp,379720.2370131012,1.838586641591695e-10,1.838586641591695e-10,379720.2370131012,2.7253791907948975e-07,2.7253791907948975e-07,1.0,181736.5025753731,-189686.2447926158,262695.6943534719,-0.8067983836502076,9.999999747378752e-05,0,9.999999747378752e-05,-0.053131103515625,0.054962158203125,9.15527320621834e-08,5.49621568146641e-06,off
1781066220.290314,2026-06-10T12:37:00.290,87861927979376,,1,cf_0V,frequency,frequency,2133.052856990533,171,171,0.0,0.1,2133.052856990533,0.099945068359375,2133.0528569052376,0,Rp || Cp,Rp,Cp,371802.6052886797,1.8387228685913532e-10,1.8387228685913532e-10,371802.6052886797,2.5730934099990387e-07,2.5730934099990387e-07,1.0,202121.6249167313,-185192.32022479278,274133.81172198005,-0.7417164525320527,9.999999747378752e-05,0,9.999999747378752e-05,-0.056060791015625,0.054962158203125,-5.493163923731004e-08,5.60607895994103e-06,off
1781066220.6501272,2026-06-10T12:37:00.650,87861949483376,,1,cf_0V,frequency,frequency,1912.21743620315,172,172,0.0,0.1,1912.21743620315,0.099945068359375,1912.2174361285715,0,Rp || Cp,Rp,Cp,367889.83067663043,1.839738940461201e-10,1.839738940461201e-10,367889.83067663043,2.454501037881182e-07,2.454501037881182e-07,1.0,221450.26000941187,-180080.76243708594,285428.2723525445,-0.6827310201071464,9.999999747378752e-05,0,9.999999747378752e-05,-0.056060791015625,0.054962158203125,-5.493163923731004e-08,5.60607895994103e-06,off
1781066221.054532,2026-06-10T12:37:01.054,87861971847536,,1,cf_0V,frequency,frequency,1714.2451539988147,173,173,0.0,0.1,1714.2451539988147,0.099945068359375,1714.2451539342574,0,Rp || Cp,Rp,Cp,367048.16196758876,1.8409783091504375e-10,1.8409783091504375e-10,367048.16196758876,2.4061955194969806e-07,2.4061955194969806e-07,1.0,239944.1586215316,-174636.374047041,296767.69095858926,-0.6291547290815074,9.999999747378752e-05,0,9.999999747378752e-05,-0.056060791015625,0.054901123046875,-5.798339697271615e-08,5.60607895994103e-06,off
1781066221.4001746,2026-06-10T12:37:01.400,87861997078896,,1,cf_0V,frequency,frequency,1536.7689847255556,174,174,0.0,0.1,1536.7689847255556,0.099945068359375,1536.7689847067822,0,Rp || Cp,Rp,Cp,367818.78835548076,1.8400946041267588e-10,1.8400946041267588e-10,367818.78835548076,2.3469072154187113e-07,2.3469072154187113e-07,1.0,257739.42868593085,-168439.2806661881,307898.3669503509,-0.578849589880121,9.999999747378752e-05,0,9.999999747378752e-05,-0.056060791015625,0.05926513671875,1.6021728110882094e-07,5.926513522158672e-06,off
1781066221.9045043,2026-06-10T12:37:01.904,87862020016496,,1,cf_0V,frequency,frequency,1377.6669614059458,175,175,0.0,0.1,1377.6669614059458,0.099945068359375,1377.6669614173898,0,Rp || Cp,Rp,Cp,363722.40128183085,1.842175546986652e-10,1.842175546986652e-10,363722.40128183085,2.2599011231097196e-07,2.2599011231097196e-07,1.0,272166.7089409052,-157855.66657309383,314631.7354065848,-0.5255809765379934,9.999999747378752e-05,0,9.999999747378752e-05,-0.05322265625,0.05926513671875,3.021240158052052e-07,5.926513522158672e-06,off
1781066222.3472133,2026-06-10T12:37:02.347,87862048401776,,1,cf_0V,frequency,frequency,1235.0368047598533,176,176,0.0,0.1,1235.0368047598533,0.099945068359375,1235.036804771994,0,Rp || Cp,Rp,Cp,373819.9530918028,1.843300089101043e-10,1.843300089101043e-10,373819.9530918028,2.1631248579690432e-07,2.1631248579690432e-07,1.0,290703.52367701195,-155442.07572704158,329652.51035683375,-0.49102849833893286,9.999999747378752e-05,0,9.999999747378752e-05,-0.05322265625,0.05926513671875,3.021240158052052e-07,5.926513522158672e-06,off
1781066222.7619078,2026-06-10T12:37:02.761,87862074206576,,1,cf_0V,frequency,frequency,1107.1731788899117,177,177,0.0,0.1,1107.1731788899117,0.099945068359375,1107.1731789513706,0,Rp || Cp,Rp,Cp,374846.19418234436,1.843433506015028e-10,1.843433506015028e-10,374846.19418234436,2.1695296593143219e-07,2.1695296593143219e-07,1.0,304487.0113674325,-146367.541817055,337839.8990484077,-0.44809043568979817,9.999999747378752e-05,0,9.999999747378752e-05,-0.05322265625,0.0526123046875,-3.051757735406113e-08,5.322265490548261e-06,off
1781066223.1835024,2026-06-10T12:37:03.183,87862100011376,,1,cf_0V,frequency,frequency,992.547301690778,178,178,0.0,0.1,992.547301690778,0.099945068359375,992.5473017347031,0,Rp || Cp,Rp,Cp,360956.7825048847,1.8456767034774102e-10,1.8456767034774102e-10,360956.7825048847,2.0566514633380548e-07,2.0566514633380548e-07,1.0,307821.52153728827,-127891.26975023131,333332.06566404266,-0.3937728762628804,9.999999747378752e-05,0,9.999999747378752e-05,-0.052459716796875,0.0526123046875,7.629394338515283e-09,5.261230335840139e-06,off
1781066223.5415952,2026-06-10T12:37:03.541,87862125529456,,1,cf_0V,frequency,frequency,889.7886661970878,179,179,0.0,0.1,889.7886661970878,0.099945068359375,889.7886662140309,0,Rp || Cp,Rp,Cp,378235.3599127693,1.8469178372109802e-10,1.8469178372109802e-10,378235.3599127693,2.0128723450033622e-07,2.0128723450033622e-07,1.0,328178.5595676788,-128170.07698296313,352319.0820743821,-0.37233321686963305,9.999999747378752e-05,0,9.999999747378752e-05,-0.052398681640625,0.0526123046875,1.0681152073921396e-08,5.261230335840139e-06,off
1781066223.9374826,2026-06-10T12:37:03.937,87862144739696,,1,cf_0V,frequency,frequency,797.6686543241938,180,180,0.0,0.1,797.6686543241938,0.099945068359375,797.6686543287315,0,Rp || Cp,Rp,Cp,365494.90616948064,1.8491062566578452e-10,1.8491062566578452e-10,365494.90616948064,2.0283334355808145e-07,2.0283334355808145e-07,1.0,327876.41595679126,-111059.51442646515,346175.0422623113,-0.32659401862503973,9.999999747378752e-05,0,9.999999747378752e-05,-0.054840087890625,0.052398681640625,-1.2207030941624453e-07,5.484008650524785e-06,off
1781066224.3356128,2026-06-10T12:37:04.335,87862168824176,,1,cf_0V,frequency,frequency,715.0858470818457,181,181,0.0,0.1,715.0858470818457,0.099945068359375,715.0858471760557,0,Rp || Cp,Rp,Cp,376361.61300735414,1.851483721657822e-10,1.851483721657822e-10,376361.61300735414,2.0543730774676954e-07,2.0543730774676954e-07,1.0,342763.0615625175,-107314.22253037087,359169.67957917624,-0.3034183959771185,9.999999747378752e-05,0,9.999999747378752e-05,-0.054840087890625,0.053192138671875,-8.239745885596506e-08,5.484008650524785e-06,off
1781066224.741198,2026-06-10T12:37:04.741,87862192908656,,1,cf_0V,frequency,frequency,641.0528556246055,182,182,0.0,0.1,641.0528556246055,0.099945068359375,641.0528555989004,0,Rp || Cp,Rp,Cp,376020.09539808624,1.8467357606560423e-10,1.8467357606560423e-10,376020.09539808624,2.0379012657509364e-07,2.0379012657509364e-07,1.0,348737.9654542293,-97541.3475910527,362122.19351903,-0.27272873270673764,9.999999747378752e-05,0,9.999999747378752e-05,-0.05816650390625,0.053192138671875,-2.487182554355982e-07,5.816650243684052e-06,off
1781066225.1710277,2026-06-10T12:37:05.171,87862216993136,,1,cf_0V,frequency,frequency,574.6845156864445,183,183,0.0,0.1,574.6845156864445,0.099945068359375,574.6845156551217,0,Rp || Cp,Rp,Cp,372918.3838419179,1.849489837239027e-10,1.849489837239027e-10,372918.3838419179,1.9593231362614931e-07,1.9593231362614931e-07,1.0,351139.7700402855,-87449.05626764298,361865.2726444553,-0.24407816897153484,9.999999747378752e-05,0,9.999999747378752e-05,-0.05816650390625,0.053192138671875,-2.487182554355982e-07,5.816650243684052e-06,off
1781066225.5626836,2026-06-10T12:37:05.562,87862241937776,,1,cf_0V,frequency,frequency,515.1873042480629,184,184,0.0,0.1,515.1873042480629,0.099945068359375,515.1873042308353,0,Rp || Cp,Rp,Cp,364325.29222331033,1.84793961043228e-10,1.84793961043228e-10,364325.29222331033,2.0538506539458978e-07,2.0538506539458978e-07,1.0,347806.36791184975,-75798.33155538351,355970.0220898002,-0.21457745460039884,9.999999747378752e-05,0,9.999999747378752e-05,-0.05816650390625,0.053192138671875,-2.487182554355982e-07,5.816650243684052e-06,off
1781066225.9657931,2026-06-10T12:37:05.965,87862266882416,,1,cf_0V,frequency,frequency,461.8498518989187,185,185,0.0,0.1,461.8498518989187,0.099945068359375,461.8498518027536,0,Rp || Cp,Rp,Cp,355633.9692381388,1.8490514822418195e-10,1.8490514822418195e-10,355633.9692381388,1.994589154610883e-07,1.994589154610883e-07,1.0,343138.97989529045,-65479.140929822235,349330.6133457073,-0.18855708312666206,9.999999747378752e-05,0,9.999999747378752e-05,-0.05816650390625,0.05224609375,-2.96020500334393e-07,5.816650243684052e-06,off
1781066226.3745515,2026-06-10T12:37:06.374,87862290106736,,1,cf_0V,frequency,frequency,414.03443745645274,186,186,0.0,0.1,414.03443745645274,0.099945068359375,414.0344374548022,0,Rp || Cp,Rp,Cp,350501.3013078613,1.845762925254487e-10,1.845762925254487e-10,350501.3013078613,1.974259473088192e-07,1.974259473088192e-07,1.0,340846.9481137767,-57364.246898361926,345640.4184419001,-0.16673660432101903,9.999999747378752e-05,0,9.999999747378752e-05,-0.054840087890625,0.054656982421875,-9.15527320621834e-09,5.484008650524785e-06,off
1781066226.7676027,2026-06-10T12:37:06.767,87862315338096,,1,cf_0V,frequency,frequency,371.1693631492158,187,187,0.0,0.1,371.1693631492158,0.099945068359375,371.1693631913704,0,Rp || Cp,Rp,Cp,362298.1779393346,1.8472827176347213e-10,1.8472827176347213e-10,362298.1779393346,2.0086702423810038e-07,2.0086702423810038e-07,1.0,353681.97457265976,-55203.22291356864,357964.1531741142,-0.1548322804748536,9.999999747378752e-05,0,9.999999747378752e-05,-0.054840087890625,0.054656982421875,-9.15527320621834e-09,5.484008650524785e-06,off
1781066227.2272592,2026-06-10T12:37:07.227,87862339422576,,1,cf_0V,frequency,frequency,332.7421191989247,188,188,0.0,0.1,332.7421191989247,0.099945068359375,332.74211929779085,0,Rp || Cp,Rp,Cp,353472.9358797996,1.8638710299571878e-10,1.8638710299571878e-10,353472.9358797996,1.9957708554172845e-07,1.9957708554172845e-07,1.0,346891.61380379123,-47780.80614544981,350166.8133380256,-0.13687857498115852,9.999999747378752e-05,0,9.999999747378752e-05,-0.054840087890625,0.054656982421875,-9.15527320621834e-09,5.484008650524785e-06,off
1781066227.6226637,2026-06-10T12:37:07.622,87862366374256,,1,cf_0V,frequency,frequency,298.2932560748046,189,189,0.0,0.1,298.2932560748046,0.099945068359375,298.2932561224061,0,Rp || Cp,Rp,Cp,348672.8835595422,1.8491191566453776e-10,1.8491191566453776e-10,348672.8835595422,2.0336908383206641e-07,2.0336908383206641e-07,1.0,343654.83103865775,-41526.834591714905,346154.7643575285,-0.12025572848699745,9.999999747378752e-05,0,9.999999747378752e-05,-0.0533447265625,0.05303955078125,-1.5258788677030566e-08,5.334472521489886e-06,off
1781066228.0304859,2026-06-10T12:37:08.030,87862390458736,,1,cf_0V,frequency,frequency,267.41089115476336,190,190,0.0,0.1,267.41089115476336,0.099945068359375,267.4108910838413,0,Rp || Cp,Rp,Cp,360588.47273433115,1.8488174463798102e-10,1.8488174463798102e-10,360588.47273433115,1.928024325104278e-07,1.928024325104278e-07,1.0,356120.3362210645,-39889.77660235945,358347.4405484015,-0.11154710611703736,9.999999747378752e-05,0,9.999999747378752e-05,-0.0533447265625,0.052825927734375,-2.5939940750951962e-08,5.334472521489886e-06,off
1781066228.48412,2026-06-10T12:37:08.484,87862417697136,,1,cf_0V,frequency,frequency,239.7257841131082,191,191,0.0,0.1,239.7257841131082,0.099945068359375,239.72578418351986,0,Rp || Cp,Rp,Cp,355073.63371795166,1.8388276475836925e-10,1.8388276475836925e-10,355073.63371795166,1.9500932140539057e-07,1.9500932140539057e-07,1.0,351672.3228889073,-34585.35644051157,353368.8859622436,-0.09803017103089885,9.999999747378752e-05,0,9.999999747378752e-05,-0.0533447265625,0.052459716796875,-4.425048716338864e-08,5.334472521489886e-06,off
1781066228.8748338,2026-06-10T12:37:08.874,87862442928496,,1,cf_0V,frequency,frequency,214.90692215443403,192,192,0.0,0.1,214.90692215443403,0.099945068359375,214.9069221246691,0,Rp || Cp,Rp,Cp,360637.2421647147,1.847636636780948e-10,1.847636636780948e-10,360637.2421647147,1.8866105860410215e-07,1.8866105860410215e-07,1.0,357741.2072683145,-32187.43574951835,359186.30597215216,-0.08973246169525703,9.999999747378752e-05,0,9.999999747378752e-05,-0.0533447265625,0.052459716796875,-4.425048716338864e-08,5.334472521489886e-06,off
1781066229.237762,2026-06-10T12:37:09.237,87862464719216,,1,cf_0V,frequency,frequency,192.65756230919578,193,193,0.0,0.1,192.65756230919578,0.099945068359375,192.65756222353048,0,Rp || Cp,Rp,Cp,371018.6545089398,1.8688899840529561e-10,1.8688899840529561e-10,371018.6545089398,1.9322485905502956e-07,1.9322485905502956e-07,1.0,368423.05535914865,-30923.7541261353,369718.5771494638,-0.08373916396100131,9.999999747378752e-05,0,9.999999747378752e-05,-0.052642822265625,0.051666259765625,-4.882812376649781e-08,5.264282093575545e-06,off
1781066229.692463,2026-06-10T12:37:09.692,87862487083376,,1,cf_0V,frequency,frequency,172.71168347127087,194,194,0.0,0.1,172.71168347127087,0.099945068359375,172.7116834615572,0,Rp || Cp,Rp,Cp,361159.6124756527,1.8696960870225993e-10,1.8696960870225993e-10,361159.6124756527,1.980108077008933e-07,1.980108077008933e-07,1.0,359230.68016864365,-26323.595207458497,360193.8550823327,-0.0731469553475195,9.999999747378752e-05,0,9.999999747378752e-05,-0.052642822265625,0.051666259765625,-4.882812376649781e-08,5.264282093575545e-06,off
1781066230.092692,2026-06-10T12:37:10.092,87862515468656,,1,cf_0V,frequency,frequency,154.83080575683516,195,195,0.0,0.1,154.83080575683516,0.099945068359375,154.83080566980334,0,Rp || Cp,Rp,Cp,373317.0310551923,1.9090721808649099e-10,1.9090721808649099e-10,373317.0310551923,1.8982900410020856e-07,1.8982900410020856e-07,1.0,371531.07841949747,-25759.210173175958,372422.98417297046,-0.0692218105041172,9.999999747378752e-05,0,9.999999747378752e-05,-0.05279541015625,0.052032470703125,-3.8146971692576415e-08,5.279540882252576e-06,off
1781066230.4892442,2026-06-10T12:37:10.489,87862539266416,,1,cf_0V,frequency,frequency,138.8011391556985,196,196,0.0,0.1,138.8011391556985,0.099945068359375,138.80113911568515,0,Rp || Cp,Rp,Cp,375986.53289065295,1.8895990150309187e-10,1.8895990150309187e-10,375986.53289065295,1.905907192476329e-07,1.905907192476329e-07,1.0,374548.6024910257,-23207.214862187877,375266.8789670095,-0.06188138105243107,9.999999747378752e-05,0,9.999999747378752e-05,-0.05279541015625,0.052032470703125,-3.8146971692576415e-08,5.279540882252576e-06,off
1781066230.9447315,2026-06-10T12:37:10.944,87862566504816,,1,cf_0V,frequency,frequency,124.43102738338021,197,197,0.0,0.1,124.43102738338021,0.099945068359375,124.43102740178347,0,Rp || Cp,Rp,Cp,360429.8762014829,1.872073483844388e-10,1.872073483844388e-10,360429.8762014829,1.963026776092123e-07,1.963026776092123e-07,1.0,359429.60375910415,-18961.211132608234,359929.39250086533,-0.05270476031192471,9.999999747378752e-05,0,9.999999747378752e-05,-0.05517578125,0.053955078125,-6.103515470812226e-08,5.517577985614253e-06,off
1781066231.3795047,2026-06-10T12:37:11.379,87862589442416,,1,cf_0V,frequency,frequency,111.54865637172875,198,198,0.0,0.1,111.54865637172875,0.099945068359375,111.54865639184663,0,Rp || Cp,Rp,Cp,365132.0108974584,1.958160279796492e-10,1.958160279796492e-10,365132.0108974584,1.9465949166107401e-07,1.9465949166107401e-07,1.0,364217.3810228094,-18251.68752608608,364674.40921548667,-0.0500701873540838,9.999999747378752e-05,0,9.999999747378752e-05,-0.05517578125,0.053955078125,-6.103515470812226e-08,5.517577985614253e-06,off
1781066231.7760031,2026-06-10T12:37:11.776,87862619548016,,1,cf_0V,frequency,frequency,100.0,199,199,0.0,0.1,100.0,0.099945068359375,99.99999996068709,0,Rp || Cp,Rp,Cp,371245.4016380843,1.8433204523509738e-10,1.8433204523509738e-10,371245.4016380843,1.9204531690654827e-07,1.9204531690654827e-07,1.0,370560.31973028556,-15933.115539508473,370902.7025102497,-0.042970892091130294,9.999999747378752e-05,0,9.999999747378752e-05,-0.0555419921875,0.053955078125,-7.934570112055894e-08,5.554199078439126e-06,off
1781066232.1490202,2026-06-10T12:37:12.149,87862638758256,,1,cf_0V,frequency,frequency,0.0,200,200,0.0,0.1,0.0,0.099945068359375,0.0,0,Rp || Cp,Rp,Cp,108.61696845122093,nan,nan,108.61696845122093,8.265535850446083e-08,8.265535850446083e-08,1.0,-108.61696845029894,-0.0004475333132156692,108.61696845122091,-3.1415885333006743,9.999999747378752e-05,0,9.999999747378752e-05,-0.46514892578125,0.103759765625,-1.8069457551339596e-05,4.651489140305998e-05,off
