timestamp_unix,timestamp_iso,sample_timestamp,sample_clockbase,block_index,block_name,mode,sweep_variable,sweep_value,point_index_block,point_index_total,set_bias_V,set_amplitude_V,set_frequency_Hz,measured_drive_V,measured_frequency_Hz,model,model_name,param0_name,param1_name,param0,param1,C_F,R_Ohm,demod_R_raw,demod_R,demod_R_gain,Z_real_Ohm,Z_imag_Ohm,Z_abs_Ohm,Z_phase_rad,imps_current_range_A,currin_index,currin_range_A,currin_norm_min,currin_norm_max,currin_est_A,currin_peak_A,iv_autorange_mode
1781067137.7352593,2026-06-10T12:52:17.735,87916977645936,,1,cf_0V,frequency,frequency,0.0,1,1,0.0,0.1,0.0,0.099945068359375,0.0,0,Rp || Cp,Rp,Cp,108.61696845122093,nan,nan,108.61696845122093,8.966626301081194e-08,8.966626301081194e-08,1.0,-108.61696845029894,-0.0004475333132156692,108.61696845122091,-3.1415885333006743,9.999999747378752e-05,0,9.999999747378752e-05,-0.432830810546875,0.999969482421875,2.8356932877393604e-05,9.999694571605211e-05,off
1781067138.6687968,2026-06-10T12:52:18.668,87917029542256,,1,cf_0V,frequency,frequency,100.0,2,2,0.0,0.1,100.0,0.099945068359375,99.99999996068709,0,Rp || Cp,Rp,Cp,71582.77225177367,6.051684756171241e-10,6.051684756171241e-10,71582.77225177367,9.750121301538137e-07,9.750121301538137e-07,1.0,71529.77952784774,-1946.9355045817247,71556.27098418074,-0.027211812147876522,0.0010000000474974513,0,0.0010000000474974513,-0.0245361328125,0.015838623046875,-4.348755089367273e-06,2.4536133977903773e-05,off
1781067139.4623647,2026-06-10T12:52:19.462,87917077137776,,1,cf_0V,frequency,frequency,111.67312606580774,3,3,0.0,0.1,111.67312606580774,0.099945068359375,111.6731259998005,0,Rp || Cp,Rp,Cp,72406.18849592029,2.1093809917031573e-10,2.1093809917031573e-10,72406.18849592029,9.830073767151855e-07,9.830073767151855e-07,1.0,72397.87383917779,-775.8630483921784,72402.03104819205,-0.0107162449327229,9.999999747378752e-05,0,9.999999747378752e-05,-0.058624267578125,0.0660400390625,3.7078856485184275e-07,6.604003739418829e-06,off
1781067139.8630364,2026-06-10T12:52:19.863,87917101222256,,1,cf_0V,frequency,frequency,124.70887085309788,4,4,0.0,0.1,124.70887085309788,0.099945068359375,124.70887085669347,0,Rp || Cp,Rp,Cp,72722.28830247393,1.9438536347312845e-10,1.9438536347312845e-10,72722.28830247393,9.789790488167613e-07,9.789790488167613e-07,1.0,72713.3669462714,-805.4202922778818,72717.82748755856,-0.011076193951061594,9.999999747378752e-05,0,9.999999747378752e-05,-0.062591552734375,0.069671630859375,3.5400389730710913e-07,6.967162909932156e-06,off
1781067140.2637713,2026-06-10T12:52:20.263,87917125306736,,1,cf_0V,frequency,frequency,139.2662945630255,5,5,0.0,0.1,139.2662945630255,0.099945068359375,139.26629449656502,0,Rp || Cp,Rp,Cp,71597.58214432368,2.041090290468488e-10,2.041090290468488e-10,71597.58214432368,1.0111442608495298e-06,1.0111442608495298e-06,1.0,71585.87636669361,-915.4061121723661,71591.729016261,-0.01278682706079569,9.999999747378752e-05,0,9.999999747378752e-05,-0.062591552734375,0.069671630859375,3.5400389730710913e-07,6.967162909932156e-06,off
1781067140.6690912,2026-06-10T12:52:20.669,87917149964656,,1,cf_0V,frequency,frequency,155.52302469454662,6,6,0.0,0.1,155.52302469454662,0.099945068359375,155.52302464527656,0,Rp || Cp,Rp,Cp,70191.95992221123,1.99948218087041e-10,1.99948218087041e-10,70191.95992221123,9.949619988697142e-07,9.949619988697142e-07,1.0,70178.76020489364,-962.4654780320847,70185.3597532446,-0.01371362417338477,9.999999747378752e-05,0,9.999999747378752e-05,-0.062591552734375,0.069671630859375,3.5400389730710913e-07,6.967162909932156e-06,off
1781067141.0779161,2026-06-10T12:52:21.077,87917173475696,,1,cf_0V,frequency,frequency,173.67742342849834,7,7,0.0,0.1,173.67742342849834,0.099945068359375,173.6774233762617,0,Rp || Cp,Rp,Cp,72556.54627760223,1.981344530522637e-10,1.981344530522637e-10,72556.54627760223,9.88911823850694e-07,9.88911823850694e-07,1.0,72538.69417355146,-1137.966746479553,72547.61967645887,-0.015686433568834236,9.999999747378752e-05,0,9.999999747378752e-05,-0.064056396484375,0.071380615234375,3.662109282487336e-07,7.138061343114899e-06,off
1781067141.586853,2026-06-10T12:52:21.586,87917202434416,,1,cf_0V,frequency,frequency,193.95100801315368,8,8,0.0,0.1,193.95100801315368,0.099945068359375,193.9510080006812,0,Rp || Cp,Rp,Cp,72235.48337909009,2.151771314335877e-10,2.151771314335877e-10,72235.48337909009,9.818364968927275e-07,9.818364968927275e-07,1.0,72209.57549147923,-1367.7710211361925,72222.52827356501,-0.018939419977924032,9.999999747378752e-05,0,9.999999747378752e-05,-0.067169189453125,0.071380615234375,2.105712837430218e-07,7.138061343114899e-06,off
1781067142.0371897,2026-06-10T12:52:22.037,87917229386096,,1,cf_0V,frequency,frequency,216.59115368443398,9,9,0.0,0.1,216.59115368443398,0.099945068359375,216.5911537588272,0,Rp || Cp,Rp,Cp,72459.82018141558,2.070721100117497e-10,2.070721100117497e-10,72459.82018141558,9.792657931891264e-07,9.792657931891264e-07,1.0,72429.62100490267,-1478.9573724384707,72444.71901956228,-0.02041639670775253,9.999999747378752e-05,0,9.999999747378752e-05,-0.067169189453125,0.071380615234375,2.105712837430218e-07,7.138061343114899e-06,off
1781067142.4746275,2026-06-10T12:52:22.474,87917259491696,,1,cf_0V,frequency,frequency,241.8741121014056,10,10,0.0,0.1,241.8741121014056,0.099945068359375,241.87411220566446,0,Rp || Cp,Rp,Cp,70735.47394205585,2.066478477519139e-10,2.066478477519139e-10,70735.47394205585,9.898944610824343e-07,9.898944610824343e-07,1.0,70700.58419474926,-1570.581267232914,70718.02691673327,-0.022210891300365153,9.999999747378752e-05,0,9.999999747378752e-05,-0.067169189453125,0.0625,-2.3345946675856766e-07,6.716918775628855e-06,off
1781067142.8779335,2026-06-10T12:52:22.877,87917282716016,,1,cf_0V,frequency,frequency,270.1083821275558,11,11,0.0,0.1,270.1083821275558,0.099945068359375,270.1083821676775,0,Rp || Cp,Rp,Cp,71531.48937914106,2.0521270683358974e-10,2.0521270683358974e-10,71531.48937914106,1.0044025337590483e-06,1.0044025337590483e-06,1.0,71487.12170069505,-1780.9316743342704,71509.30209894816,-0.02490747047448696,9.999999747378752e-05,0,9.999999747378752e-05,-0.067169189453125,0.064056396484375,-1.5563964450571177e-07,6.716918775628855e-06,off
1781067143.2571454,2026-06-10T12:52:23.257,87917306513776,,1,cf_0V,frequency,frequency,301.6384740876191,12,12,0.0,0.1,301.6384740876191,0.099945068359375,301.6384739851219,0,Rp || Cp,Rp,Cp,71688.14286550051,2.0523853713855788e-10,2.0523853713855788e-10,71688.14286550051,9.971573322222216e-07,9.971573322222216e-07,1.0,71632.44283292067,-1997.4807632533418,71660.28743740298,-0.027877916643245418,9.999999747378752e-05,0,9.999999747378752e-05,-0.063690185546875,0.064056396484375,1.831054641243668e-08,6.4056394866174315e-06,off
1781067143.659992,2026-06-10T12:52:23.659,87917328877936,,1,cf_0V,frequency,frequency,336.849113430846,13,13,0.0,0.1,336.849113430846,0.099945068359375,336.84911350917446,0,Rp || Cp,Rp,Cp,71541.2896200076,2.0547501856076872e-10,2.0547501856076872e-10,71541.2896200076,9.893555561934457e-07,9.893555561934457e-07,1.0,71472.10672622774,-2223.656261175176,71506.68980629122,-0.03110219219062631,9.999999747378752e-05,0,9.999999747378752e-05,-0.060943603515625,0.064056396484375,1.5563964450571177e-07,6.4056394866174315e-06,off
1781067144.1051412,2026-06-10T12:52:24.105,87917352962416,,1,cf_0V,frequency,frequency,376.169935093184,14,14,0.0,0.1,376.169935093184,0.099945068359375,376.1699350945946,0,Rp || Cp,Rp,Cp,72330.36211523802,2.100452053523646e-10,2.100452053523646e-10,72330.36211523802,9.75474352956768e-07,9.75474352956768e-07,1.0,72237.2179325292,-2593.930728736631,72283.77502079704,-0.03589308634994777,9.999999747378752e-05,0,9.999999747378752e-05,-0.060943603515625,0.064056396484375,1.5563964450571177e-07,6.4056394866174315e-06,off
1781067144.501576,2026-06-10T12:52:24.501,87917380200816,,1,cf_0V,frequency,frequency,420.08072583827897,15,15,0.0,0.1,420.08072583827897,0.099945068359375,420.08072583143985,0,Rp || Cp,Rp,Cp,73242.2472206402,2.0797003106628442e-10,2.0797003106628442e-10,73242.2472206402,9.731227253784012e-07,9.731227253784012e-07,1.0,73124.04916969957,-2939.918381306776,73183.12433246743,-0.04018289354336841,9.999999747378752e-05,0,9.999999747378752e-05,-0.060943603515625,0.06561279296875,2.3345946675856766e-07,6.561279131123143e-06,off
1781067144.916232,2026-06-10T12:52:24.916,87917405432176,,1,cf_0V,frequency,frequency,469.11727854354143,16,16,0.0,0.1,469.11727854354143,0.099945068359375,469.11727856979724,0,Rp || Cp,Rp,Cp,73180.2853754643,2.0340195216641941e-10,2.0340195216641941e-10,73180.2853754643,9.741153070505514e-07,9.741153070505514e-07,1.0,73039.68712054363,-3204.5674511703164,73109.9524498273,-0.04384621198269045,9.999999747378752e-05,0,9.999999747378752e-05,-0.06298828125,0.06561279296875,1.3122558262246287e-07,6.561279131123143e-06,off
1781067145.3064766,2026-06-10T12:52:25.306,87917428369776,,1,cf_0V,frequency,frequency,523.8779298644155,17,17,0.0,0.1,523.8779298644155,0.099945068359375,523.877929836658,0,Rp || Cp,Rp,Cp,73605.64946288,2.0850765942728936e-10,2.0850765942728936e-10,73605.64946288,9.762958159750328e-07,9.762958159750328e-07,1.0,73418.28358867206,-3708.9190996082893,73511.90683143862,-0.05047474070925244,9.999999747378752e-05,0,9.999999747378752e-05,-0.06298828125,0.06854248046875,2.777099539219563e-07,6.85424787372213e-06,off
1781067145.7549558,2026-06-10T12:52:25.754,87917453601136,,1,cf_0V,frequency,frequency,585.0308610484332,18,18,0.0,0.1,585.0308610484332,0.099945068359375,585.0308610888533,0,Rp || Cp,Rp,Cp,72337.43154574378,2.0725112048672825e-10,2.0725112048672825e-10,72337.43154574378,9.851246622588867e-07,9.851246622588867e-07,1.0,72118.41174166686,-3974.337732251544,72227.8386257722,-0.055052817540918036,9.999999747378752e-05,0,9.999999747378752e-05,-0.068511962890625,0.06854248046875,1.5258788677030566e-09,6.85424787372213e-06,off
1781067146.1598206,2026-06-10T12:52:26.159,87917481412976,,1,cf_0V,frequency,frequency,653.3222509824973,19,19,0.0,0.1,653.3222509824973,0.099945068359375,653.3222509119696,0,Rp || Cp,Rp,Cp,72254.28738676899,2.0723260035975333e-10,2.0723260035975333e-10,72254.28738676899,9.85641383121741e-07,9.85641383121741e-07,1.0,71982.34055884146,-4424.406082377289,72118.18578909767,-0.06138793059873603,9.999999747378752e-05,0,9.999999747378752e-05,-0.068511962890625,0.069061279296875,2.746581961865502e-08,6.906127755224034e-06,off
1781067146.5750985,2026-06-10T12:52:26.575,87917504637296,,1,cf_0V,frequency,frequency,729.585380955657,20,20,0.0,0.1,729.585380955657,0.099945068359375,729.5853809097252,0,Rp || Cp,Rp,Cp,71518.39629484338,2.0656604776188917e-10,2.0656604776188917e-10,71518.39629484338,1.0005458714695998e-06,1.0005458714695998e-06,1.0,71191.88673517424,-4821.289411549323,71354.95475791288,-0.06761920736058033,9.999999747378752e-05,0,9.999999747378752e-05,-0.068939208984375,0.069061279296875,6.103515470812226e-09,6.906127755224034e-06,off
1781067146.9930391,2026-06-10T12:52:26.993,87917527861616,,1,cf_0V,frequency,frequency,814.7508022323145,21,21,0.0,0.1,814.7508022323145,0.099945068359375,814.7508022915417,0,Rp || Cp,Rp,Cp,71948.73920603926,2.0722153207700539e-10,2.0722153207700539e-10,71948.73920603926,9.994007819098202e-07,9.994007819098202e-07,1.0,71532.03675222519,-5459.631419882613,71740.08542762313,-0.07617659252043134,9.999999747378752e-05,0,9.999999747378752e-05,-0.068939208984375,0.069061279296875,6.103515470812226e-09,6.906127755224034e-06,off
1781067147.394777,2026-06-10T12:52:27.394,87917553666416,,1,cf_0V,frequency,frequency,909.8576904990725,22,22,0.0,0.1,909.8576904990725,0.099945068359375,909.8576904165157,0,Rp || Cp,Rp,Cp,71359.48272829122,2.0700715780700485e-10,2.0700715780700485e-10,71359.48272829122,1.0059899465627625e-06,1.0059899465627625e-06,1.0,70854.18621298949,-5983.508451399011,71106.38562951259,-0.08424830670799897,9.999999747378752e-05,0,9.999999747378752e-05,-0.068939208984375,0.069061279296875,6.103515470812226e-09,6.906127755224034e-06,off
1781067147.8488696,2026-06-10T12:52:27.848,87917577177456,,1,cf_0V,frequency,frequency,1016.0665257304771,23,23,0.0,0.1,1016.0665257304771,0.099945068359375,1016.0665256364609,0,Rp || Cp,Rp,Cp,72351.7518671236,2.0752092488418e-10,2.0752092488418e-10,72351.7518671236,9.766681585649106e-07,9.766681585649106e-07,1.0,71693.0288423255,-6872.106577749957,72021.63725855217,-0.09556263352313533,9.999999747378752e-05,0,9.999999747378752e-05,-0.062042236328125,0.063934326171875,9.460448979758951e-08,6.393432455675807e-06,off
1781067148.2786422,2026-06-10T12:52:28.278,87917604989296,,1,cf_0V,frequency,frequency,1134.6732521914685,24,24,0.0,0.1,1134.6732521914685,0.099945068359375,1134.67325220995,0,Rp || Cp,Rp,Cp,71334.40498239575,2.075043393443182e-10,2.075043393443182e-10,71334.40498239575,1.0274054877387303e-06,1.0274054877387303e-06,1.0,70548.72982233182,-7445.024150092911,70940.47972871228,-0.10514108319635675,9.999999747378752e-05,0,9.999999747378752e-05,-0.062042236328125,0.06561279296875,1.7852782752125762e-07,6.561279131123143e-06,off
1781067148.682279,2026-06-10T12:52:28.682,87917630220656,,1,cf_0V,frequency,frequency,1267.1250913547792,25,25,0.0,0.1,1267.1250913547792,0.099945068359375,1267.1250913598442,0,Rp || Cp,Rp,Cp,72147.54683666349,2.069928212003166e-10,2.069928212003166e-10,72147.54683666349,9.87107245125115e-07,9.87107245125115e-07,1.0,71141.8260376144,-8458.653210077875,71642.92167475131,-0.11834287711291873,9.999999747378752e-05,0,9.999999747378752e-05,-0.062225341796875,0.06561279296875,1.6937255431503928e-07,6.561279131123143e-06,off
1781067149.0819628,2026-06-10T12:52:29.081,87917654305136,,1,cf_0V,frequency,frequency,1415.0382006801042,26,26,0.0,0.1,1415.0382006801042,0.099945068359375,1415.0382007471762,0,Rp || Cp,Rp,Cp,72256.08658437255,2.0630027324776675e-10,2.0630027324776675e-10,72256.08658437255,9.985395010284528e-07,9.985395010284528e-07,1.0,71008.82690647215,-9410.974794114123,71629.74204343316,-0.13176456952224672,9.999999747378752e-05,0,9.999999747378752e-05,-0.062225341796875,0.06561279296875,1.6937255431503928e-07,6.561279131123143e-06,off
1781067149.5303228,2026-06-10T12:52:29.530,87917680109936,,1,cf_0V,frequency,frequency,1580.2173937248301,27,27,0.0,0.1,1580.2173937248301,0.099945068359375,1580.217393737371,0,Rp || Cp,Rp,Cp,67804.99373404308,2.0575749404023666e-10,2.0575749404023666e-10,67804.99373404308,9.862548998712263e-07,9.862548998712263e-07,1.0,66528.45056636904,-9215.554189870463,67163.68939976605,-0.13764458773176996,9.999999747378752e-05,0,9.999999747378752e-05,-0.063140869140625,0.06561279296875,1.2359618828394758e-07,6.561279131123143e-06,off
1781067149.9883647,2026-06-10T12:52:29.988,87917707348336,,1,cf_0V,frequency,frequency,1764.6781622081528,28,28,0.0,0.1,1764.6781622081528,0.099945068359375,1764.6781621039054,0,Rp || Cp,Rp,Cp,72061.99476505507,2.0616290218443395e-10,2.0616290218443395e-10,72061.99476505507,9.873195640466153e-07,9.873195640466153e-07,1.0,70158.2739724494,-11556.892529338356,71103.76341466005,-0.16325987861908156,9.999999747378752e-05,0,9.999999747378752e-05,-0.063140869140625,0.06475830078125,8.0871579988262e-08,6.475829914531772e-06,off
1781067150.3886464,2026-06-10T12:52:30.388,87917732579696,,1,cf_0V,frequency,frequency,1970.6712687384897,29,29,0.0,0.1,1970.6712687384897,0.099945068359375,1970.6712688360994,0,Rp || Cp,Rp,Cp,72520.72874288703,2.0666927547906894e-10,2.0666927547906894e-10,72520.72874288703,9.991504927910598e-07,9.991504927910598e-07,1.0,70106.26284189348,-13010.348999079259,71303.27671807584,-0.18349291071249618,9.999999747378752e-05,0,9.999999747378752e-05,-0.065277099609375,0.064239501953125,-5.1879881501903924e-08,6.527709796033676e-06,off
1781067150.790977,2026-06-10T12:52:30.790,87917757811056,,1,cf_0V,frequency,frequency,2200.7102102809863,30,30,0.0,0.1,2200.7102102809863,0.099945068359375,2200.7102103316356,0,Rp || Cp,Rp,Cp,73899.58658264065,2.0629737660165407e-10,2.0629737660165407e-10,73899.58658264065,9.865382253843487e-07,9.865382253843487e-07,1.0,70755.34342210396,-14915.495453600412,72310.37703819726,-0.2077619218287284,9.999999747378752e-05,0,9.999999747378752e-05,-0.065277099609375,0.064239501953125,-5.1879881501903924e-08,6.527709796033676e-06,off
1781067151.1807277,2026-06-10T12:52:31.180,87917781035376,,1,cf_0V,frequency,frequency,2457.6018874701913,31,31,0.0,0.1,2457.6018874701913,0.099945068359375,2457.6018875421823,0,Rp || Cp,Rp,Cp,72920.74379568528,2.0628411984641405e-10,2.0628411984641405e-10,72920.74379568528,9.985694001568165e-07,9.985694001568165e-07,1.0,69187.84368599617,-16070.821674220913,71029.7756099683,-0.22823096268543444,9.999999747378752e-05,0,9.999999747378752e-05,-0.065277099609375,0.064239501953125,-5.1879881501903924e-08,6.527709796033676e-06,off
1781067151.6101189,2026-06-10T12:52:31.610,87917806553456,,1,cf_0V,frequency,frequency,2744.480853990254,32,32,0.0,0.1,2744.480853990254,0.099945068359375,2744.480853991149,0,Rp || Cp,Rp,Cp,73374.52233382758,2.0615828455915184e-10,2.0615828455915184e-10,73374.52233382758,1.0075980717144257e-06,1.0075980717144257e-06,1.0,68700.08260532483,-17920.223086829916,70998.84326846605,-0.2551614353305319,9.999999747378752e-05,0,9.999999747378752e-05,-0.065277099609375,0.063140869140625,-1.0681152073921396e-07,6.527709796033676e-06,off
1781067152.0654428,2026-06-10T12:52:32.065,87917833791856,,1,cf_0V,frequency,frequency,3064.8475639284966,33,33,0.0,0.1,3064.8475639284966,0.099945068359375,3064.8475640049355,0,Rp || Cp,Rp,Cp,72479.60924527385,2.0616339272342793e-10,2.0616339272342793e-10,72479.60924527385,1.0216076600834494e-06,1.0216076600834494e-06,1.0,66937.18541375942,-19261.211063993862,69653.29168652208,-0.28018121689859204,9.999999747378752e-05,0,9.999999747378752e-05,-0.0625,0.0660400390625,1.7700194865355456e-07,6.604003739418829e-06,off
1781067152.4240131,2026-06-10T12:52:32.424,87917857876336,,1,cf_0V,frequency,frequency,3422.6110837907077,34,34,0.0,0.1,3422.6110837907077,0.099945068359375,3422.6110837209944,0,Rp || Cp,Rp,Cp,73994.80435477846,2.0601944219142599e-10,2.0601944219142599e-10,73994.80435477846,1.0315736919032975e-06,1.0315736919032975e-06,1.0,66814.17786599832,-21903.59914284991,70312.8865807678,-0.31678815020840356,9.999999747378752e-05,0,9.999999747378752e-05,-0.0625,0.0660400390625,1.7700194865355456e-07,6.604003739418829e-06,off
1781067152.8381598,2026-06-10T12:52:32.838,87917878520176,,1,cf_0V,frequency,frequency,3822.1367903439054,35,35,0.0,0.1,3822.1367903439054,0.099945068359375,3822.136790319064,0,Rp || Cp,Rp,Cp,72465.50314124532,2.0604798182634526e-10,2.0604798182634526e-10,72465.50314124532,1.0324609916492826e-06,1.0324609916492826e-06,1.0,64209.48347146066,-23024.22112747992,68212.70062238317,-0.3442977166584807,9.999999747378752e-05,0,9.999999747378752e-05,-0.06256103515625,0.0660400390625,1.7395019091814845e-07,6.604003739418829e-06,off
1781067153.2511616,2026-06-10T12:52:33.251,87917905471856,,1,cf_0V,frequency,frequency,4268.299636288371,36,36,0.0,0.1,4268.299636288371,0.099945068359375,4268.299636294159,0,Rp || Cp,Rp,Cp,73442.29113232657,2.058937777564563e-10,2.058937777564563e-10,73442.29113232657,1.0555715637437104e-06,1.0555715637437104e-06,1.0,63070.07083319017,-25576.87762343139,68058.87527624602,-0.38526548686695633,9.999999747378752e-05,0,9.999999747378752e-05,-0.064483642578125,0.068145751953125,1.831054641243668e-07,6.814575023161851e-06,off
1781067153.6522923,2026-06-10T12:52:33.652,87917928409456,,1,cf_0V,frequency,frequency,4766.543633698721,37,37,0.0,0.1,4766.543633698721,0.099945068359375,4766.543633607512,0,Rp || Cp,Rp,Cp,71987.47810312369,2.0557134880227226e-10,2.0557134880227226e-10,71987.47810312369,1.0701774726881738e-06,1.0701774726881738e-06,1.0,60168.608522397,-26666.925900448485,65813.2690914338,-0.4171874333879795,9.999999747378752e-05,0,9.999999747378752e-05,-0.06494140625,0.068145751953125,1.6021728110882094e-07,6.814575023161851e-06,off
1781067154.0535529,2026-06-10T12:52:34.053,87917953640816,,1,cf_0V,frequency,frequency,5322.948281042111,38,38,0.0,0.1,5322.948281042111,0.099945068359375,5322.948280976902,0,Rp || Cp,Rp,Cp,72648.14033322703,2.0556121317725414e-10,2.0556121317725414e-10,72648.14033322703,1.100655751337644e-06,1.100655751337644e-06,1.0,58143.77307523577,-29040.29336023525,64992.59177685589,-0.4632128240965753,9.999999747378752e-05,0,9.999999747378752e-05,-0.06494140625,0.068145751953125,1.6021728110882094e-07,6.814575023161851e-06,off
1781067154.5234828,2026-06-10T12:52:34.523,87917976578416,,1,cf_0V,frequency,frequency,5944.302744305904,39,39,0.0,0.1,5944.302744305904,0.099945068359375,5944.302744325114,0,Rp || Cp,Rp,Cp,72033.07101595198,2.0539668709465522e-10,2.0539668709465522e-10,72033.07101595198,1.1147213685048625e-06,1.1147213685048625e-06,1.0,55182.5280459566,-30493.53308541612,63047.33905228796,-0.504832572582755,9.999999747378752e-05,0,9.999999747378752e-05,-0.06494140625,0.06634521484375,7.01904279143406e-08,6.63452131677289e-06,off
1781067154.9472263,2026-06-10T12:52:34.947,87918006970736,,1,cf_0V,frequency,frequency,6638.188697382001,40,40,0.0,0.1,6638.188697382001,0.099945068359375,6638.188697394298,0,Rp || Cp,Rp,Cp,72024.05835705998,2.05385513336803e-10,2.05385513336803e-10,72024.05835705998,1.164747023794974e-06,1.164747023794974e-06,1.0,52165.851902143986,-32185.715107316595,61295.97345377401,-0.5528172656730154,9.999999747378752e-05,0,9.999999747378752e-05,-0.06298828125,0.06402587890625,5.1879881501903924e-08,6.4025877288820254e-06,off
1781067155.4052022,2026-06-10T12:52:35.405,87918030768496,,1,cf_0V,frequency,frequency,7413.07283251361,41,41,0.0,0.1,7413.07283251361,0.099945068359375,7413.072832491707,0,Rp || Cp,Rp,Cp,73216.45838440866,2.0528476138029584e-10,2.0528476138029584e-10,73216.45838440866,1.2047934401014597e-06,1.2047934401014597e-06,1.0,49135.17467455443,-34398.227882714964,59979.191989974024,-0.6107752119889137,9.999999747378752e-05,0,9.999999747378752e-05,-0.062896728515625,0.064117431640625,6.103515470812226e-08,6.411743002088244e-06,off
1781067155.898069,2026-06-10T12:52:35.898,87918062307696,,1,cf_0V,frequency,frequency,8278.410169603068,42,42,0.0,0.1,8278.410169603068,0.099945068359375,8278.410169637595,0,Rp || Cp,Rp,Cp,64449.13485534187,2.0524604644036172e-10,2.0524604644036172e-10,64449.13485534187,1.337222228473967e-06,1.337222228473967e-06,1.0,43741.48136803703,-30096.23629610042,53095.20346943821,-0.6026593292330943,9.999999747378752e-05,0,9.999999747378752e-05,-0.065032958984375,0.064117431640625,-4.57763660310917e-08,6.503295734150427e-06,off
1781067156.3526528,2026-06-10T12:52:36.352,87918088112496,,1,cf_0V,frequency,frequency,9244.759424945483,43,43,0.0,0.1,9244.759424945483,0.099945068359375,9244.759424973381,0,Rp || Cp,Rp,Cp,63741.306138186854,2.0501154802680263e-10,2.0501154802680263e-10,63741.306138186854,1.2956661786329166e-06,1.2956661786329166e-06,1.0,40440.66673750443,-30696.797760902733,50771.45771934917,-0.6492728515477103,9.999999747378752e-05,0,9.999999747378752e-05,-0.066802978515625,0.064117431640625,-1.3427734035786898e-07,6.680297682803982e-06,off
1781067156.7536335,2026-06-10T12:52:36.753,87918116497776,,1,cf_0V,frequency,frequency,10323.911847100022,44,44,0.0,0.1,10323.911847100022,0.099945068359375,10323.911847009982,0,Rp || Cp,Rp,Cp,71304.97234698398,2.0491330736629214e-10,2.0491330736629214e-10,71304.97234698398,1.3790069393314018e-06,1.3790069393314018e-06,1.0,37562.260231677465,-35601.299602651015,51753.028192657264,-0.758602156331058,9.999999747378752e-05,0,9.999999747378752e-05,-0.066802978515625,0.064117431640625,-1.3427734035786898e-07,6.680297682803982e-06,off
1781067157.162527,2026-06-10T12:52:37.162,87918139435376,,1,cf_0V,frequency,frequency,11529.035091934857,45,45,0.0,0.1,11529.035091934857,0.099945068359375,11529.035091939477,0,Rp || Cp,Rp,Cp,72030.85132543174,2.0477527993853025e-10,2.0477527993853025e-10,72030.85132543174,1.4456948103357e-06,1.4456948103357e-06,1.0,33633.14467727095,-35936.54995924067,49220.15891741147,-0.8184953929037555,9.999999747378752e-05,0,9.999999747378752e-05,-0.0689697265625,0.063873291015625,-2.5482177090641045e-07,6.896972482017816e-06,off
1781067157.5572991,2026-06-10T12:52:37.557,87918165240176,,1,cf_0V,frequency,frequency,12874.833892387638,46,46,0.0,0.1,12874.833892387638,0.099945068359375,12874.83389234012,0,Rp || Cp,Rp,Cp,72672.08244414799,2.0466434438545848e-10,2.0466434438545848e-10,72672.08244414799,1.532988062943253e-06,1.532988062943253e-06,1.0,29690.592830268324,-35723.18445161501,46450.80419085216,-0.8773600774269895,9.999999747378752e-05,0,9.999999747378752e-05,-0.0689697265625,0.064483642578125,-2.2430419355234932e-07,6.896972482017816e-06,off
1781067158.0170512,2026-06-10T12:52:38.017,87918188751216,,1,cf_0V,frequency,frequency,14377.729483409405,47,47,0.0,0.1,14377.729483409405,0.099945068359375,14377.729483356916,0,Rp || Cp,Rp,Cp,71288.6273614033,2.0454237752083957e-10,2.0454237752083957e-10,71288.6273614033,1.6465312584199955e-06,1.6465312584199955e-06,1.0,26063.484978301778,-34332.562082424396,43104.87290733714,-0.9214663606363666,9.999999747378752e-05,0,9.999999747378752e-05,-0.069427490234375,0.0665283203125,-1.4495849243179038e-07,6.9427488480489075e-06,off
1781067158.4135425,2026-06-10T12:52:38.413,87918215702896,,1,cf_0V,frequency,frequency,16056.059971408577,48,48,0.0,0.1,16056.059971408577,0.099945068359375,16056.059971489845,0,Rp || Cp,Rp,Cp,69449.49606311874,2.044176869186355e-10,2.044176869186355e-10,69449.49606311874,1.7713679750820585e-06,1.7713679750820585e-06,1.0,22761.20113852415,-32598.79862193442,39758.69651864591,-0.9612645909537254,9.999999747378752e-05,0,9.999999747378752e-05,-0.069427490234375,0.0692138671875,-1.0681152073921396e-08,6.9427488480489075e-06,off
1781067158.8618493,2026-06-10T12:52:38.861,87918240074096,,1,cf_0V,frequency,frequency,17930.304093072773,49,49,0.0,0.1,17930.304093072773,0.099945068359375,17930.304093098926,0,Rp || Cp,Rp,Cp,69395.35632342217,2.0430908889188835e-10,2.0430908889188835e-10,69395.35632342217,1.9324089629738927e-06,1.9324089629738927e-06,1.0,19540.517955957446,-31212.006733159604,36824.19321991856,-1.011436761128515,9.999999747378752e-05,0,9.999999747378752e-05,-0.06976318359375,0.070404052734375,3.204345622176419e-08,7.040405095581903e-06,off
1781067159.3129647,2026-06-10T12:52:39.312,87918265878896,,1,cf_0V,frequency,frequency,20023.331093839864,50,50,0.0,0.1,20023.331093839864,0.099945068359375,20023.331093881323,0,Rp || Cp,Rp,Cp,71713.3605127476,2.0419608404584834e-10,2.0419608404584834e-10,71713.3605127476,2.084526141709088e-06,2.084526141709088e-06,1.0,16320.296009259271,-30067.1117594777,34210.86481494974,-1.0735011452868157,9.999999747378752e-05,0,9.999999747378752e-05,-0.075225830078125,0.0726318359375,-1.296997037547598e-07,7.522582817776069e-06,off
1781067159.7157023,2026-06-10T12:52:39.715,87918292830576,,1,cf_0V,frequency,frequency,22360.679774997894,51,51,0.0,0.1,22360.679774997894,0.099945068359375,22360.6797749909,0,Rp || Cp,Rp,Cp,61757.28977912704,2.0408228633740332e-10,2.0408228633740332e-10,61757.28977912704,2.327734071257706e-06,2.327734071257706e-06,1.0,14933.190656778335,-26443.01797310436,30368.295683452703,-1.0567137546399457,9.999999747378752e-05,0,9.999999747378752e-05,-0.075225830078125,0.0726318359375,-1.296997037547598e-07,7.522582817776069e-06,off
1781067160.1717634,2026-06-10T12:52:40.171,87918317201776,,1,cf_0V,frequency,frequency,24970.870114304947,52,52,0.0,0.1,24970.870114304947,0.099945068359375,24970.87011427368,0,Rp || Cp,Rp,Cp,71253.7860242565,2.0397149192204156e-10,2.0397149192204156e-10,71253.7860242565,2.4841055820158605e-06,2.4841055820158605e-06,1.0,11493.021546545828,-26207.47515081106,28616.80097512204,-1.157513448033859,9.999999747378752e-05,0,9.999999747378752e-05,-0.075225830078125,0.076995849609375,8.850097432677728e-08,7.699584766429624e-06,off
1781067160.6308658,2026-06-10T12:52:40.630,87918348454256,,1,cf_0V,frequency,frequency,27885.751262476904,53,53,0.0,0.1,27885.751262476904,0.099945068359375,27885.751262459737,0,Rp || Cp,Rp,Cp,71877.49973680991,2.038589667386651e-10,2.038589667386651e-10,71877.49973680991,2.7307823699886065e-06,2.7307823699886065e-06,1.0,9468.42508572367,-24308.756611623437,26087.673748479516,-1.1993684448911277,9.999999747378752e-05,0,9.999999747378752e-05,-0.07940673828125,0.0792236328125,-9.15527320621834e-09,7.940673627526706e-06,off
1781067161.0015414,2026-06-10T12:52:41.001,87918373112176,,1,cf_0V,frequency,frequency,31140.89016174344,54,54,0.0,0.1,31140.89016174344,0.099945068359375,31140.890161793777,0,Rp || Cp,Rp,Cp,69767.76313713916,2.0374822831181478e-10,2.0374822831181478e-10,69767.76313713916,3.00712687624261e-06,3.00712687624261e-06,1.0,7986.194264700369,-22212.60027536762,23604.637464421998,-1.2256529746205442,9.999999747378752e-05,0,9.999999747378752e-05,-0.0831298828125,0.0838623046875,3.662109282487336e-08,8.386230256895999e-06,off
1781067161.4185805,2026-06-10T12:52:41.418,87918394042736,,1,cf_0V,frequency,frequency,34776.005528338435,55,55,0.0,0.1,34776.005528338435,0.099945068359375,34776.005528271984,0,Rp || Cp,Rp,Cp,70782.60912556353,2.0363714623797219e-10,2.0363714623797219e-10,70782.60912556353,3.3278955882322755e-06,3.3278955882322755e-06,1.0,6482.268361291114,-20415.97571894325,21420.361053546134,-1.263354080355579,9.999999747378752e-05,0,9.999999747378752e-05,-0.08685302734375,0.084442138671875,-1.2054443054854147e-07,8.685302514965798e-06,off
1781067161.889639,2026-06-10T12:52:41.889,87918421281136,,1,cf_0V,frequency,frequency,38835.452494313686,56,56,0.0,0.1,38835.452494313686,0.099945068359375,38835.45249436793,0,Rp || Cp,Rp,Cp,69589.97759102544,2.0354215455794996e-10,2.0354215455794996e-10,69589.97759102544,3.6839499730848286e-06,3.6839499730848286e-06,1.0,5375.4484139079705,-18579.071263520767,19341.07894264353,-1.289158741991793,9.999999747378752e-05,0,9.999999747378752e-05,-0.090728759765625,0.095489501953125,2.3803710336167683e-07,9.548949954085728e-06,off
1781067162.2777512,2026-06-10T12:52:42.277,87918447659376,,1,cf_0V,frequency,frequency,43368.76382220184,57,57,0.0,0.1,43368.76382220184,0.099945068359375,43368.763822186906,0,Rp || Cp,Rp,Cp,69357.74355573785,2.0342014169724473e-10,2.0342014169724473e-10,69357.74355573785,4.080622903346132e-06,4.080622903346132e-06,1.0,4395.13117826466,-16897.313487112504,17459.564174283052,-1.3163268454710058,9.999999747378752e-05,0,9.999999747378752e-05,-0.09429931640625,0.09716796875,1.4343261356408732e-07,9.716796629533064e-06,off
1781067162.6907933,2026-06-10T12:52:42.690,87918472030576,,1,cf_0V,frequency,frequency,48431.254296349834,58,58,0.0,0.1,48431.254296349834,0.099945068359375,48431.25429637496,0,Rp || Cp,Rp,Cp,69034.15228021042,2.0331829159909293e-10,2.0331829159909293e-10,69034.15228021042,4.527565189313127e-06,4.527565189313127e-06,1.0,3587.527099205481,-15322.909038051457,15737.277149365218,-1.3408105781917752,9.999999747378752e-05,0,9.999999747378752e-05,-0.105926513671875,0.101776123046875,-2.075195260076157e-07,1.0592651099594619e-05,off
1781067163.0830736,2026-06-10T12:52:43.083,87918494968176,,1,cf_0V,frequency,frequency,54084.69566561462,59,59,0.0,0.1,54084.69566561462,0.099945068359375,54084.69566560825,0,Rp || Cp,Rp,Cp,67578.60188314709,2.032128854544918e-10,2.032128854544918e-10,67578.60188314709,5.028997374514128e-06,5.028997374514128e-06,1.0,2966.761955226542,-13845.1416950258,14159.435901698962,-1.3597067310723878,9.999999747378752e-05,0,9.999999747378752e-05,-0.109710693359375,0.10986328125,7.629394338515283e-09,1.0986327847462007e-05,off
1781067163.4824884,2026-06-10T12:52:43.482,87918519052656,,1,cf_0V,frequency,frequency,60398.07037297046,60,60,0.0,0.1,60398.07037297046,0.099945068359375,60398.070372897906,0,Rp || Cp,Rp,Cp,66396.57615642072,2.0309709124917082e-10,2.0309709124917082e-10,66396.57615642072,5.599175334146852e-06,5.599175334146852e-06,1.0,2442.115498213124,-12497.366904803197,12733.738950515788,-1.3778177111372067,9.999999747378752e-05,0,9.999999747378752e-05,-0.1165771484375,0.122894287109375,3.158569256145327e-07,1.2289428400480418e-05,off
1781067163.8934362,2026-06-10T12:52:43.893,87918544284016,,1,cf_0V,frequency,frequency,67448.41326892251,61,61,0.0,0.1,67448.41326892251,0.099945068359375,67448.4132688491,0,Rp || Cp,Rp,Cp,67451.709050487,2.0302674638189007e-10,2.0302674638189007e-10,67451.709050487,6.2227013563583585e-06,6.2227013563583585e-06,1.0,1944.8718665707756,-11287.267371114722,11453.599053765132,-1.400165112332366,9.999999747378752e-05,0,9.999999747378752e-05,-0.1209716796875,0.122894287109375,9.613036866529256e-08,1.2289428400480418e-05,off
1781067164.2841647,2026-06-10T12:52:44.284,87918568368496,,1,cf_0V,frequency,frequency,75321.75157919075,62,62,0.0,0.1,75321.75157919075,0.099945068359375,75321.7515791249,0,Rp || Cp,Rp,Cp,66949.1598859534,2.0295440676997906e-10,2.0295440676997906e-10,66949.1598859534,6.929048984619431e-06,6.929048984619431e-06,1.0,1580.8101942606622,-10165.380149046257,10287.561151453834,-1.416522805830535,9.999999747378752e-05,0,9.999999747378752e-05,-0.1329345703125,0.12957763671875,-1.6784667544733622e-07,1.3293456695429029e-05,off
1781067164.735155,2026-06-10T12:52:44.735,87918591306096,,1,cf_0V,frequency,frequency,84114.1545960043,63,63,0.0,0.1,84114.1545960043,0.099945068359375,84114.15459598004,0,Rp || Cp,Rp,Cp,64429.48726833429,2.028657295247962e-10,2.028657295247962e-10,64429.48726833429,7.719734579175906e-06,7.719734579175906e-06,1.0,1322.4914598276027,-9135.560355672027,9230.787976843763,-1.427031996547496,9.999999747378752e-05,0,9.999999747378752e-05,-0.143829345703125,0.140350341796875,-1.7395019091814845e-07,1.4382934206969011e-05,off
1781067165.1448665,2026-06-10T12:52:45.144,87918618257776,,1,cf_0V,frequency,frequency,93932.9059011844,64,64,0.0,0.1,93932.9059011844,0.099945068359375,93932.90590111291,0,Rp || Cp,Rp,Cp,64346.342640279494,2.0277869013413773e-10,2.0277869013413773e-10,64346.342640279494,8.603427635405613e-06,8.603427635405613e-06,1.0,1067.023982534881,-8217.088937469307,8286.078130550368,-1.441664645831721,9.999999747378752e-05,0,9.999999747378752e-05,-0.154083251953125,0.1524658203125,-8.0871579988262e-08,1.5408324806065465e-05,off
1781067165.590044,2026-06-10T12:52:45.590,87918646643056,,1,cf_0V,frequency,frequency,104897.8124243061,65,65,0.0,0.1,104897.8124243061,0.099945068359375,104897.81242434049,0,Rp || Cp,Rp,Cp,62671.347872046485,2.026889511199646e-10,2.026889511199646e-10,62671.347872046485,9.590605243105039e-06,9.590605243105039e-06,1.0,881.5079827119574,-7380.259962422876,7432.71776919634,-1.4519181875550051,9.999999747378752e-05,0,9.999999747378752e-05,-0.165435791015625,0.167449951171875,1.0070800526840173e-07,1.6744994694173343e-05,off
1781067166.0457962,2026-06-10T12:52:46.045,87918669580656,,1,cf_0V,frequency,frequency,117142.66630887002,66,66,0.0,0.1,117142.66630887002,0.099945068359375,117142.66630889369,0,Rp || Cp,Rp,Cp,61041.217859649034,2.0262100875908933e-10,2.0262100875908933e-10,61041.217859649034,1.0695527557165716e-05,1.0695527557165716e-05,1.0,727.7943969377307,-6625.3884155039505,6665.242406732699,-1.4613856833003387,9.999999747378752e-05,0,9.999999747378752e-05,-0.183013916015625,0.180633544921875,-1.1901855168083841e-07,1.830139113923046e-05,off
1781067166.5020053,2026-06-10T12:52:46.502,87918696532336,,1,cf_0V,frequency,frequency,130816.87742395303,67,67,0.0,0.1,130816.87742395303,0.099945068359375,130816.87742399595,0,Rp || Cp,Rp,Cp,58887.77529644465,2.0256643650415763e-10,2.0256643650415763e-10,58887.77529644465,1.1931642278807216e-05,1.1931642278807216e-05,1.0,606.2591083683925,-5944.215679006033,5975.052313161852,-1.4691563441767774,9.999999747378752e-05,0,9.999999747378752e-05,-0.198333740234375,0.199432373046875,5.493163923731004e-08,1.994323680087895e-05,off
1781067166.9568474,2026-06-10T12:52:46.956,87918723770736,,1,cf_0V,frequency,frequency,146087.29644100412,68,68,0.0,0.1,146087.29644100412,0.099945068359375,146087.29644095319,0,Rp || Cp,Rp,Cp,57451.45020365978,2.02521774074123e-10,2.02521774074123e-10,57451.45020365978,1.331069293283866e-05,1.331069293283866e-05,1.0,499.32106310298565,-5332.672657161824,5355.998430965009,-1.4774342403732832,9.999999747378752e-05,0,9.999999747378752e-05,-0.21173095703125,0.211456298828125,-1.373290980932751e-08,2.1173095168247613e-05,off
1781067167.4607525,2026-06-10T12:52:47.460,87918752729456,,1,cf_0V,frequency,frequency,163140.25072069294,69,69,0.0,0.1,163140.25072069294,0.099945068359375,163140.25072077243,0,Rp || Cp,Rp,Cp,54362.865731556514,2.02489837694163e-10,2.02489837694163e-10,54362.865731556514,1.4855822763460282e-05,1.4855822763460282e-05,1.0,423.65414245571355,-4780.331623487829,4799.067957732801,-1.4824028415094384,9.999999747378752e-05,0,9.999999747378752e-05,-0.23101806640625,0.23077392578125,-1.2207030941624453e-08,2.3101806057024277e-05,off
1781067167.9110382,2026-06-10T12:52:47.911,87918782261616,,1,cf_0V,frequency,frequency,182183.81785139444,70,70,0.0,0.1,182183.81785139444,0.099945068359375,182183.81785146677,0,Rp || Cp,Rp,Cp,52061.292846904806,2.024938399036882e-10,2.024938399036882e-10,52061.292846904806,1.6582180340382108e-05,1.6582180340382108e-05,1.0,355.066727021743,-4284.759091831539,4299.445645158335,-1.4881178601945035,9.999999747378752e-05,0,9.999999747378752e-05,-0.254058837890625,0.258453369140625,2.1972655694924015e-07,2.5845336261154372e-05,off
1781067168.3086357,2026-06-10T12:52:48.308,87918809500016,,1,cf_0V,frequency,frequency,203450.36458068906,71,71,0.0,0.1,203450.36458068906,0.099945068359375,203450.36458074616,0,Rp || Cp,Rp,Cp,49846.26058201417,2.0252041215423273e-10,2.0252041215423273e-10,49846.26058201417,1.8515379634758906e-05,1.8515379634758906e-05,1.0,297.54519790061295,-3839.6591417321424,3851.1706622118068,-1.4934582800798393,9.999999747378752e-05,0,9.999999747378752e-05,-0.28125,0.27777099609375,-1.7395019091814845e-07,2.812499928950274e-05,off
1781067168.8053355,2026-06-10T12:52:48.805,87918835304816,,1,cf_0V,frequency,frequency,227199.38211953812,72,72,0.0,0.1,227199.38211953812,0.099945068359375,227199.38211963608,0,Rp || Cp,Rp,Cp,46747.30709301989,2.0257678415382831e-10,2.0257678415382831e-10,46747.30709301989,2.067874656337942e-05,2.067874656337942e-05,1.0,254.4017626168237,-3439.1680774907845,3448.5645306495576,-1.4969589163843162,9.999999747378752e-05,0,9.999999747378752e-05,-0.30755615234375,0.310638427734375,1.5411376563800872e-07,3.1063841988698826e-05,off
1781067169.2583687,2026-06-10T12:52:49.258,87918863690096,,1,cf_0V,frequency,frequency,253720.6524150888,73,73,0.0,0.1,253720.6524150888,0.099945068359375,253720.65241505482,0,Rp || Cp,Rp,Cp,43786.73890572271,2.026782511967702e-10,2.026782511967702e-10,43786.73890572271,2.3102314586194978e-05,2.3102314586194978e-05,1.0,217.67440179502077,-3079.589266876532,3087.2726147617664,-1.5002307546554472,9.999999747378752e-05,0,9.999999747378752e-05,-0.33978271484375,0.333526611328125,-3.128051678791266e-07,3.3978270626011664e-05,off
1781067169.7194185,2026-06-10T12:52:49.719,87918891215216,,1,cf_0V,frequency,frequency,283337.78402649175,74,74,0.0,0.1,283337.78402649175,0.099945068359375,283337.7840264717,0,Rp || Cp,Rp,Cp,40926.96716536466,2.0285048476136857e-10,2.0285048476136857e-10,40926.96716536466,2.5820265486301525e-05,2.5820265486301525e-05,1.0,186.50308637368525,-2756.4873101518306,2762.7894766440286,-1.503239595647793,9.999999747378752e-05,0,9.999999747378752e-05,-0.369384765625,0.370086669921875,3.50952139571703e-08,3.7008666057269934e-05,off
1781067170.1574497,2026-06-10T12:52:50.157,87918916733296,,1,cf_0V,frequency,frequency,316412.1607479698,75,75,0.0,0.1,316412.1607479698,0.099945068359375,316412.1607480297,0,Rp || Cp,Rp,Cp,37168.531569524464,2.030688665374071e-10,2.030688665374071e-10,37168.531569524464,2.8869577056625958e-05,2.8869577056625958e-05,1.0,164.34153391087665,-2466.0343370647365,2471.504297255114,-1.5042526908597118,9.999999747378752e-05,0,9.999999747378752e-05,-0.410797119140625,0.408294677734375,-1.2512206715165064e-07,4.107971087630169e-05,off
1781067170.5621727,2026-06-10T12:52:50.562,87918942538096,,1,cf_0V,frequency,frequency,353347.35115962697,76,76,0.0,0.1,353347.35115962697,0.099945068359375,353347.35115966963,0,Rp || Cp,Rp,Cp,33972.11552053015,2.0339752940235573e-10,2.0339752940235573e-10,33972.11552053015,3.229743885104631e-05,3.229743885104631e-05,1.0,143.7411714619935,-2205.1145452311334,2209.7944886263012,-1.5057030654957906,9.999999747378752e-05,0,9.999999747378752e-05,-0.453643798828125,0.44921875,-2.212524358169432e-07,4.536437873681187e-05,off
1781067170.9749134,2026-06-10T12:52:50.974,87918967769456,,1,cf_0V,frequency,frequency,394594.03291068296,77,77,0.0,0.1,394594.03291068296,0.099945068359375,394594.0329106179,0,Rp || Cp,Rp,Cp,30410.370517855554,2.0382939291335215e-10,2.0382939291335215e-10,30410.370517855554,3.615857532302305e-05,3.615857532302305e-05,1.0,128.2179809779561,-1970.4609760015387,1974.6281443833923,-1.5058178888316651,9.999999747378752e-05,0,9.999999747378752e-05,-0.496185302734375,0.497589111328125,7.01904279143406e-08,4.9758909875796675e-05,off
1781067171.3750038,2026-06-10T12:52:51.375,87918991853936,,1,cf_0V,frequency,frequency,440655.49182050145,78,78,0.0,0.1,440655.49182050145,0.099945068359375,440655.49182050745,0,Rp || Cp,Rp,Cp,26892.909339630925,2.0440444927730422e-10,2.0440444927730422e-10,26892.909339630925,4.051322877961886e-05,4.051322877961886e-05,1.0,115.59860209459518,-1759.3804844637198,1763.1740486741567,-1.5051864800849926,9.999999747378752e-05,0,9.999999747378752e-05,-0.54986572265625,0.5550537109375,2.593994075095196e-07,5.5505369691566386e-05,off
1781067171.7733104,2026-06-10T12:52:51.773,87919017085296,,1,cf_0V,frequency,frequency,492093.7628966142,79,79,0.0,0.1,492093.7628966142,0.099945068359375,492093.7628966726,0,Rp || Cp,Rp,Cp,23477.887863056458,2.051536577887624e-10,2.051536577887624e-10,23477.887863056458,4.543864975435997e-05,4.543864975435997e-05,1.0,105.38364402567561,-1569.4201682809296,1572.9543467739527,-1.5037488361842042,9.999999747378752e-05,0,9.999999747378752e-05,-0.61761474609375,0.6170654296875,-2.746581961865502e-08,6.176147304914892e-05,off
1781067172.2741919,2026-06-10T12:52:52.274,87919043176816,,1,cf_0V,frequency,frequency,549536.4882015135,80,80,0.0,0.1,549536.4882015135,0.099945068359375,549536.4882015963,0,Rp || Cp,Rp,Cp,20305.284503244206,2.061382407546383e-10,2.061382407546383e-10,20305.284503244206,5.102621310602961e-05,5.102621310602961e-05,1.0,96.74905843243835,-1398.2692074790516,1401.6123418733362,-1.5017144193694045,9.999999747378752e-05,0,9.999999747378752e-05,-0.685699462890625,0.683563232421875,-1.0681152073921396e-07,6.856994455683996e-05,off
1781067172.7323341,2026-06-10T12:52:52.732,87919074429296,,1,cf_0V,frequency,frequency,613684.5752468883,81,81,0.0,0.1,613684.5752468883,0.099945068359375,613684.5752469356,0,Rp || Cp,Rp,Cp,16726.85013220154,2.073801779578748e-10,2.073801779578748e-10,16726.85013220154,5.738465008980398e-05,5.738465008980398e-05,1.0,92.97804035220119,-1243.6176384119522,1247.0885079083425,-1.496170994225632,9.999999747378752e-05,0,9.999999747378752e-05,-0.7640380859375,0.765655517578125,8.0871579988262e-08,7.656554982360397e-05,off
1781067173.634731,2026-06-10T12:52:53.634,87919126325616,,1,cf_0V,frequency,frequency,685320.749361875,82,82,0.0,0.1,685320.749361875,0.099945068359375,685320.7493619351,0,Rp || Cp,Rp,Cp,14584.74477259873,2.0485962195379775e-10,2.0485962195379775e-10,14584.74477259873,6.17992478440533e-05,6.17992478440533e-05,1.0,87.58405605851657,-1126.8185909394565,1130.2172816597893,-1.4932254429251894,0.0010000000474974513,0,0.0010000000474974513,-0.097686767578125,0.086456298828125,-5.615234641709321e-06,9.768677221799749e-05,off
1781067174.0251076,2026-06-10T12:52:54.025,87919151556976,,1,cf_0V,frequency,frequency,765319.1043900257,83,83,0.0,0.1,765319.1043900257,0.099945068359375,765319.1043900875,0,Rp || Cp,Rp,Cp,12487.355409789247,2.0560081246703685e-10,2.0560081246703685e-10,12487.355409789247,6.899443611080419e-05,6.899443611080419e-05,1.0,81.39448223212462,-1004.8764930529923,1008.1675595000645,-1.4899732875696061,0.0010000000474974513,0,0.0010000000474974513,-0.1043701171875,0.095855712890625,-4.257202350643752e-06,0.00010437012214481456,off
1781067174.396832,2026-06-10T12:52:54.396,87919175641456,,1,cf_0V,frequency,frequency,854655.7682511833,84,84,0.0,0.1,854655.7682511833,0.099945068359375,854655.7682512201,0,Rp || Cp,Rp,Cp,10452.471673006961,2.0654074720307392e-10,2.0654074720307392e-10,10452.471673006961,7.702771613562403e-05,7.702771613562403e-05,1.0,77.19832340808,-894.9601708956483,898.283523519488,-1.4847503677297202,0.0010000000474974513,0,0.0010000000474974513,-0.118408203125,0.1112060546875,-3.6010743897918474e-06,0.00011840820874908786,off
1781067174.8097017,2026-06-10T12:52:54.809,87919196858736,,1,cf_0V,frequency,frequency,954420.8135078406,85,85,0.0,0.1,954420.8135078406,0.099945068359375,954420.8135078946,0,Rp || Cp,Rp,Cp,8570.478557997147,2.0775947995902742e-10,2.0775947995902742e-10,8570.478557997147,8.600575265438385e-05,8.600575265438385e-05,1.0,74.51458339758126,-795.6589823084669,799.1405628968288,-1.4774172802767938,0.0010000000474974513,0,0.0010000000474974513,-0.12689208984375,0.1168212890625,-5.035400629793685e-06,0.00012689209587080086,off
1781067175.2451828,2026-06-10T12:52:55.245,87919220943216,,1,cf_0V,frequency,frequency,1065831.5582669198,86,86,0.0,0.1,1065831.5582669198,0.099945068359375,1065831.5582669075,0,Rp || Cp,Rp,Cp,7001.791352066437,2.0932832189208826e-10,2.0932832189208826e-10,7001.791352066437,9.605332157233108e-05,9.605332157233108e-05,1.0,71.93053842408005,-706.0231012716426,709.677829643287,-1.4692653682526473,0.0010000000474974513,0,0.0010000000474974513,-0.140380859375,0.128997802734375,-5.691528590645589e-06,0.00014038086604273303,off
1781067175.665285,2026-06-10T12:52:55.665,87919249041776,,1,cf_0V,frequency,frequency,1190247.4197125817,87,87,0.0,0.1,1190247.4197125817,0.099945068359375,1190247.4197125202,0,Rp || Cp,Rp,Cp,5663.093438317799,2.1133777690331282e-10,2.1133777690331282e-10,5663.093438317799,0.0001072825202545957,0.0001072825202545957,1.0,69.81845165013611,-624.9110330459624,628.7991852836598,-1.459532322935471,0.0010000000474974513,0,0.0010000000474974513,-0.154144287109375,0.141510009765625,-6.3171389719229865e-06,0.00015414429443083577,off
1781067176.0641665,2026-06-10T12:52:56.064,87919273412976,,1,cf_0V,frequency,frequency,1329186.5015106536,88,88,0.0,0.1,1329186.5015106536,0.099945068359375,1329186.5015105486,0,Rp || Cp,Rp,Cp,4538.004393919566,2.1393201885496434e-10,2.1393201885496434e-10,4538.004393919566,0.00011985351995536623,0.00011985351995536623,1.0,67.99784899339633,-551.3173587339537,555.4948582202285,-1.4480790457893742,0.0010000000474974513,0,0.0010000000474974513,-0.168670654296875,0.157989501953125,-5.340576425538757e-06,0.0001686706623083012,off
1781067176.4701111,2026-06-10T12:52:56.470,87919297210736,,1,cf_0V,frequency,frequency,1484344.1174816934,89,89,0.0,0.1,1484344.1174816934,0.099945068359375,1484344.1174816263,0,Rp || Cp,Rp,Cp,3591.2400261188295,2.1725913133860491e-10,2.1725913133860491e-10,3591.2400261188295,0.0001339321348793181,0.0001339321348793181,1.0,66.56489074135169,-484.37548997153107,488.9279087601452,-1.4342276061137433,0.0010000000474974513,0,0.0010000000474974513,-0.187835693359375,0.178375244140625,-4.730224834048613e-06,0.0001878357022810917,off
1781067176.8686986,2026-06-10T12:52:56.868,87919321581936,,1,cf_0V,frequency,frequency,1657613.4775657344,90,90,0.0,0.1,1657613.4775657344,0.099945068359375,1657613.477565718,0,Rp || Cp,Rp,Cp,2795.757815347409,2.215076792766882e-10,2.215076792766882e-10,2795.757815347409,0.00014966426039379857,0.00014966426039379857,1.0,65.62669906817298,-423.2841754480229,428.3414021727262,-1.416979303139573,0.0010000000474974513,0,0.0010000000474974513,-0.207366943359375,0.19921875,-4.074096873196709e-06,0.0002073669532087763,off
1781067177.2568738,2026-06-10T12:52:57.256,87919346239856,,1,cf_0V,frequency,frequency,1851108.7884858004,91,91,0.0,0.1,1851108.7884858004,0.099945068359375,1851108.7884859024,0,Rp || Cp,Rp,Cp,2171.6949503209376,2.2713594220861167e-10,2.2713594220861167e-10,2171.6949503209376,0.00016736936962693778,0.00016736936962693778,1.0,64.0335888439546,-367.37055004873037,372.90940125363335,-1.3982275576779615,0.0010000000474974513,0,0.0010000000474974513,-0.232635498046875,0.218170166015625,-7.232666359158202e-06,0.00023263550909646824,off
1781067177.6404977,2026-06-10T12:52:57.640,87919368604016,,1,cf_0V,frequency,frequency,2067191.0509809963,92,92,0.0,0.1,2067191.0509809963,0.099945068359375,2067191.0509810941,0,Rp || Cp,Rp,Cp,1648.921805019832,2.3445222611721437e-10,2.3445222611721437e-10,1648.921805019832,0.00018715851735814042,0.00018715851735814042,1.0,62.903997648262695,-315.85892487787004,322.0617539310382,-1.3742160984901137,0.0010000000474974513,0,0.0010000000474974513,-0.25396728515625,0.244110107421875,-4.92858910128291e-06,0.00025396729721904876,off
1781067178.0400229,2026-06-10T12:52:58.040,87919392688496,,1,cf_0V,frequency,frequency,2308496.8683831017,93,93,0.0,0.1,2308496.8683831017,0.099945068359375,2308496.8683831166,0,Rp || Cp,Rp,Cp,1221.5886611336798,2.440681541690752e-10,2.440681541690752e-10,1221.5886611336798,0.0002092776339281943,0.0002092776339281943,1.0,62.00294549173286,-268.1375205373908,275.21281796019326,-1.3435547173765638,0.0010000000474974513,0,0.0010000000474974513,-0.2822265625,0.272552490234375,-4.837036362559388e-06,0.0002822265759050424,off
1781067178.4057019,2026-06-10T12:52:58.405,87919415339376,,1,cf_0V,frequency,frequency,2577970.6180546875,94,94,0.0,0.1,2577970.6180546875,0.099945068359375,2577970.6180546926,0,Rp || Cp,Rp,Cp,881.1860657103657,2.569302562123823e-10,2.569302562123823e-10,881.1860657103657,0.0002340318516369793,0.0002340318516369793,1.0,60.987077707990615,-223.65495616533096,231.82097201219005,-1.3045847645895967,0.0010000000474974513,0,0.0010000000474974513,-0.313751220703125,0.303466796875,-5.14221215830446e-06,0.00031375123560550833,off
1781067178.7985833,2026-06-10T12:52:58.798,87919437990256,,1,cf_0V,frequency,frequency,2878900.378239697,95,95,0.0,0.1,2878900.378239697,0.099945068359375,2878900.378239635,0,Rp || Cp,Rp,Cp,614.0373755530234,2.744546348696098e-10,2.744546348696098e-10,614.0373755530234,0.0002615812424298482,0.0002615812424298482,1.0,59.657331845816394,-181.85938039083672,191.3944395198066,-1.2538164163498537,0.0010000000474974513,0,0.0010000000474974513,-0.34600830078125,0.334991455078125,-5.508423113198546e-06,0.0003460083172157624,off
1781067179.15784,2026-06-10T12:52:59.157,87919460641136,,1,cf_0V,frequency,frequency,3214958.0487006293,96,96,0.0,0.1,3214958.0487006293,0.099945068359375,3214958.048700538,0,Rp || Cp,Rp,Cp,404.95602355999347,2.9775250699315256e-10,2.9775250699315256e-10,404.95602355999347,0.0002917491695319204,0.0002917491695319204,1.0,58.41423287360436,-142.27780171759258,153.80245597454635,-1.1812158177210383,0.0010000000474974513,0,0.0010000000474974513,-0.385040283203125,0.372314453125,-6.362915341284747e-06,0.0003850403014915571,off
1781067179.553083,2026-06-10T12:52:59.553,87919483005296,,1,cf_0V,frequency,frequency,3590244.1546882903,97,97,0.0,0.1,3590244.1546882903,0.099945068359375,3590244.154688378,0,Rp || Cp,Rp,Cp,247.78356373162595,3.275991613882614e-10,3.275991613882614e-10,247.78356373162595,0.0003244681542961665,0.0003244681542961665,1.0,56.922007064831476,-104.23158291512226,118.76168475262016,-1.070943865884246,0.0010000000474974513,0,0.0010000000474974513,-0.424591064453125,0.4129638671875,-5.813598908943618e-06,0.0004245910846201184,off
1781067180.0471745,2026-06-10T12:53:00.047,87919508810096,,1,cf_0V,frequency,frequency,4009337.880935344,98,98,0.0,0.1,4009337.880935344,0.099945068359375,4009337.8809352485,0,Rp || Cp,Rp,Cp,137.4644642448031,3.522308332014839e-10,3.522308332014839e-10,137.4644642448031,0.00035830227151937335,0.00035830227151937335,1.0,55.255727071420374,-67.39809748159489,87.15330698447343,-0.8840737269268168,0.0010000000474974513,0,0.0010000000474974513,-0.46832275390625,0.460357666015625,-3.982544134473187e-06,0.0004683227761503872,off
1781067180.5012178,2026-06-10T12:53:00.501,87919538342256,,1,cf_0V,frequency,frequency,4477352.946181116,99,99,0.0,0.1,4477352.946181116,0.099945068359375,4477352.946181128,0,Rp || Cp,Rp,Cp,71.55969569152649,2.9138810524194723e-10,2.9138810524194723e-10,71.55969569152649,0.0003911060678430058,0.0003911060678430058,1.0,53.23991216140419,-31.230492566715146,61.72383585709563,-0.5305077312957726,0.0010000000474974513,0,0.0010000000474974513,-0.5091552734375,0.498504638671875,-5.325317635751503e-06,0.0005091552976210778,off
1781067180.9579525,2026-06-10T12:53:00.957,87919564147056,,1,cf_0V,frequency,frequency,4999999.999999999,100,100,0.0,0.1,4999999.999999999,0.099945068359375,4999999.999999929,0,Rp || Cp,Rp,Cp,51.256387573731956,-5.7861927839782155e-11,-5.7861927839782155e-11,51.256387573731956,0.0004184637574482064,0.0004184637574482064,1.0,50.81524843891054,4.734616640455282,51.03534136890118,0.0929049239317644,0.0010000000474974513,0,0.0010000000474974513,-0.53997802734375,0.527862548828125,-6.057739545539675e-06,0.0005399780529913301,off
1781067181.367481,2026-06-10T12:53:01.367,87919591385456,,1,cf_0V,frequency,frequency,4482348.925241931,101,101,0.0,0.1,4482348.925241931,0.099945068359375,4482348.925241979,0,Rp || Cp,Rp,Cp,71.11984082064554,2.895815774095077e-10,2.895815774095077e-10,71.11984082064554,0.0003914008021868888,0.0003914008021868888,1.0,53.21629339059688,-30.86681766509038,61.520194367410944,-0.525603021853865,0.0010000000474974513,0,0.0010000000474974513,-0.53997802734375,0.52899169921875,-5.4931643234112926e-06,0.0005399780529913301,off
1781067181.8438315,2026-06-10T12:53:01.843,87919616616816,,1,cf_0V,frequency,frequency,4018290.377523501,102,102,0.0,0.1,4018290.377523501,0.099945068359375,4018290.3775235703,0,Rp || Cp,Rp,Cp,135.69665861494897,3.5227205133616035e-10,3.5227205133616035e-10,135.69665861494897,0.00035897155977854993,0.00035897155977854993,1.0,55.23783306410978,-66.66611713840537,86.57707188355383,-0.8788732266736569,0.0010000000474974513,0,0.0010000000474974513,-0.53997802734375,0.52899169921875,-5.4931643234112926e-06,0.0005399780529913301,off
1781067182.2601862,2026-06-10T12:53:02.260,87919643855216,,1,cf_0V,frequency,frequency,3602275.9110004925,103,103,0.0,0.1,3602275.9110004925,0.099945068359375,3602275.9110004897,0,Rp || Cp,Rp,Cp,243.77212364995688,3.2847336571523795e-10,3.2847336571523795e-10,243.77212364995688,0.0003254476753055232,0.0003254476753055232,1.0,56.89499519274076,-103.11340031832191,117.76847542185685,-1.0665943567044955,0.0010000000474974513,0,0.0010000000474974513,-0.538726806640625,0.52899169921875,-4.867553942133895e-06,0.0005387268322287753,off
1781067182.6709733,2026-06-10T12:53:02.670,87919671093616,,1,cf_0V,frequency,frequency,3229331.511619592,104,104,0.0,0.1,3229331.511619592,0.099945068359375,3229331.5116196196,0,Rp || Cp,Rp,Cp,397.6151238179187,2.987535431070366e-10,2.987535431070366e-10,397.6151238179187,0.00029298897751680827,0.00029298897751680827,1.0,58.391447319292126,-140.74004915348775,152.3723155818268,-1.177521169480095,0.0010000000474974513,0,0.0010000000474974513,-0.512054443359375,0.498291015625,-6.881714194051369e-06,0.000512054467680656,off
1781067183.125228,2026-06-10T12:53:03.125,87919696898416,,1,cf_0V,frequency,frequency,2894998.1260715965,105,105,0.0,0.1,2894998.1260715965,0.099945068359375,2894998.126071542,0,Rp || Cp,Rp,Cp,601.8094815132365,2.753848707613067e-10,2.753848707613067e-10,601.8094815132365,0.00026298678328805073,0.00026298678328805073,1.0,59.65768354484453,-179.84304378114493,189.4797076269742,-1.250497727804529,0.0010000000474974513,0,0.0010000000474974513,-0.470672607421875,0.4581298828125,-6.271362602561226e-06,0.00047067262977762425,off
1781067183.644981,2026-06-10T12:53:03.644,87919722703216,,1,cf_0V,frequency,frequency,2595278.3477948857,106,106,0.0,0.1,2595278.3477948857,0.099945068359375,2595278.3477949738,0,Rp || Cp,Rp,Cp,865.1985401132406,2.57866951380974e-10,2.57866951380974e-10,865.1985401132406,0.0002356141561854939,0.0002356141561854939,1.0,60.7762038104764,-221.11023463611176,229.31088681187592,-1.3025525204914297,0.0010000000474974513,0,0.0010000000474974513,-0.467498779296875,0.417022705078125,-2.523803830811744e-05,0.0004674988015018755,off
1781067184.0519183,2026-06-10T12:53:04.051,87919753095536,,1,cf_0V,frequency,frequency,2326588.622588413,107,107,0.0,0.1,2326588.622588413,0.099945068359375,2326588.6225883747,0,Rp || Cp,Rp,Cp,1196.9897804605966,2.448179287277814e-10,2.448179287277814e-10,1196.9897804605966,0.0002109444041653379,0.0002109444041653379,1.0,61.8558588992542,-264.9805345376439,272.1044486296024,-1.3414675209600682,0.0010000000474974513,0,0.0010000000474974513,-0.38800048828125,0.377685546875,-5.157470948091714e-06,0.0003880005067102843,off
1781067184.5004852,2026-06-10T12:53:04.500,87919776893296,,1,cf_0V,frequency,frequency,2085716.402387856,108,108,0.0,0.1,2085716.402387856,0.099945068359375,2085716.4023878027,0,Rp || Cp,Rp,Cp,1609.9731796804444,2.3504528343587334e-10,2.3504528343587334e-10,1609.9731796804444,0.00018880833665372543,0.00018880833665372543,1.0,62.90690311484752,-311.9633766520678,318.24271685564264,-1.3718163095086129,0.0010000000474974513,0,0.0010000000474974513,-0.35137939453125,0.337799072265625,-6.790161455327848e-06,0.0003513794112208757,off
1781067184.953707,2026-06-10T12:53:04.953,87919804131696,,1,cf_0V,frequency,frequency,1869781.7349205392,109,109,0.0,0.1,1869781.7349205392,0.099945068359375,1869781.734920437,0,Rp || Cp,Rp,Cp,2118.577893826161,2.2763597680928855e-10,2.2763597680928855e-10,2118.577893826161,0.000169022555219963,0.000169022555219963,1.0,64.00434454881812,-362.63153937410794,368.23659441989065,-1.396095931109108,0.0010000000474974513,0,0.0010000000474974513,-0.315704345703125,0.306304931640625,-4.699707254474106e-06,0.0003157043606982768,off
1781067185.3661256,2026-06-10T12:53:05.366,87919831083376,,1,cf_0V,frequency,frequency,1676202.829991615,110,110,0.0,0.1,1676202.829991615,0.099945068359375,1676202.8299915243,0,Rp || Cp,Rp,Cp,2741.8049200942432,2.219629071703402e-10,2.219629071703402e-10,2741.8049200942432,0.00015133983448044035,0.00015133983448044035,1.0,65.15456601844218,-417.6074618621157,422.6595671175207,-1.4160253974857377,0.0010000000474974513,0,0.0010000000474974513,-0.31396484375,0.30474853515625,-4.608154515750584e-06,0.0003139648586625299,off
1781067185.872197,2026-06-10T12:53:05.872,87919859468656,,1,cf_0V,frequency,frequency,1502665.19070008,111,111,0.0,0.1,1502665.19070008,0.099945068359375,1502665.1907001564,0,Rp || Cp,Rp,Cp,3497.017518117969,2.175872691344559e-10,2.175872691344559e-10,3497.017518117969,0.00013554215524704905,0.00013554215524704905,1.0,66.46864764533869,-477.5185274955935,482.12241725661346,-1.4324890605126315,0.0010000000474974513,0,0.0010000000474974513,-0.2574462890625,0.246734619140625,-5.35583521532601e-06,0.0002574463012905426,off
1781067186.292023,2026-06-10T12:53:06.292,87919886420336,,1,cf_0V,frequency,frequency,1347093.9405065936,112,112,0.0,0.1,1347093.9405065936,0.099945068359375,1347093.940506525,0,Rp || Cp,Rp,Cp,4406.337378583737,2.1417842113869685e-10,2.1417842113869685e-10,4406.337378583737,0.00012141945509074948,0.00012141945509074948,1.0,67.99259911165494,-543.116320320782,547.3557626742816,-1.4462545008593577,0.0010000000474974513,0,0.0010000000474974513,-0.23480224609375,0.222869873046875,-5.966186806816154e-06,0.00023480225724625825,off
1781067186.709462,2026-06-10T12:53:06.709,87919912511856,,1,cf_0V,frequency,frequency,1207629.01528593,113,113,0.0,0.1,1207629.01528593,0.099945068359375,1207629.0152859315,0,Rp || Cp,Rp,Cp,5500.1484546231995,2.1151805064045995e-10,2.1151805064045995e-10,5500.1484546231995,0.00010879706532888313,0.00010879706532888313,1.0,69.689290524185,-615.178710917908,619.1134335324855,-1.4579942167786866,0.0010000000474974513,0,0.0010000000474974513,-0.21099853515625,0.19940185546875,-5.798340119156364e-06,0.00021099854517814265,off
1781067187.1287715,2026-06-10T12:53:07.128,87919936022896,,1,cf_0V,frequency,frequency,1082602.9237515721,114,114,0.0,0.1,1082602.9237515721,0.099945068359375,1082602.9237515656,0,Rp || Cp,Rp,Cp,6792.3582252731985,2.094613483809563e-10,2.094613483809563e-10,6792.3582252731985,9.750815027151065e-05,9.750815027151065e-05,1.0,71.75647209334552,-694.4398261566938,698.1372812275692,-1.4678317362981321,0.0010000000474974513,0,0.0010000000474974513,-0.193145751953125,0.1783447265625,-7.400513046817991e-06,0.00019314576112705595,off
1781067187.5493057,2026-06-10T12:53:07.549,87919960680816,,1,cf_0V,frequency,frequency,970520.8103483266,115,115,0.0,0.1,970520.8103483266,0.099945068359375,970520.8103482476,0,Rp || Cp,Rp,Cp,8297.967657333284,2.078329713515365e-10,2.078329713515365e-10,8297.967657333284,8.740478021073438e-05,8.740478021073438e-05,1.0,74.35680848174039,-781.9727980667976,785.5000903144486,-1.4759926347505952,0.0010000000474974513,0,0.0010000000474974513,-0.18902587890625,0.17779541015625,-5.615234641709321e-06,0.00018902588788449748,off
1781067188.0162086,2026-06-10T12:53:08.016,87919987919216,,1,cf_0V,frequency,frequency,870042.5822379502,116,116,0.0,0.1,870042.5822379502,0.099945068359375,870042.5822379998,0,Rp || Cp,Rp,Cp,10087.497325938231,2.0656441899006477e-10,2.0656441899006477e-10,10087.497325938231,7.835664559428518e-05,7.835664559428518e-05,1.0,77.1490418993765,-878.7996240285183,882.1795474044142,-1.4832317020476675,0.0010000000474974513,0,0.0010000000474974513,-0.17108154296875,0.14483642578125,-1.3122559217038088e-05,0.00017108155109468726,off
1781067188.4688764,2026-06-10T12:53:08.468,87920014297456,,1,cf_0V,frequency,frequency,779966.8866817983,117,117,0.0,0.1,779966.8866817983,0.099945068359375,779966.88668172,0,Rp || Cp,Rp,Cp,12128.222481099601,2.0555412720385924e-10,2.0555412720385924e-10,12128.222481099601,7.025221147866103e-05,7.025221147866103e-05,1.0,80.71207830132252,-986.0931005572711,989.390743109299,-1.489128017493424,0.0010000000474974513,0,0.0010000000474974513,-0.142822265625,0.1304931640625,-6.1645510740504506e-06,0.0001428222724086936,off
1781067188.8784316,2026-06-10T12:53:08.878,87920041535856,,1,cf_0V,frequency,frequency,699216.7472484909,118,118,0.0,0.1,699216.7472484909,0.099945068359375,699216.7472483857,0,Rp || Cp,Rp,Cp,14423.072437723524,2.0477568176620566e-10,2.0477568176620566e-10,14423.072437723524,6.299297593087703e-05,6.299297593087703e-05,1.0,85.15893966918156,-1104.9893712442458,1108.2660129988346,-1.4938807094727848,0.0010000000474974513,0,0.0010000000474974513,-0.131011962890625,0.122589111328125,-4.211425981281991e-06,0.00013101196911335933,off
1781067189.2923925,2026-06-10T12:53:09.292,87920067627376,,1,cf_0V,frequency,frequency,626826.6871080867,119,119,0.0,0.1,626826.6871080867,0.099945068359375,626826.687107993,0,Rp || Cp,Rp,Cp,16444.203686812773,2.04159333972751e-10,2.04159333972751e-10,16444.203686812773,5.648933895251566e-05,5.648933895251566e-05,1.0,93.52268715403717,-1236.5919391159493,1240.1234280905492,-1.4953106445909663,0.0010000000474974513,0,0.0010000000474974513,-0.119354248046875,0.107513427734375,-5.920410437454393e-06,0.00011935425371589758,off
1781067189.742697,2026-06-10T12:53:09.742,87920095725936,,1,cf_0V,frequency,frequency,561931.1854543786,120,120,0.0,0.1,561931.1854543786,0.099945068359375,561931.1854543696,0,Rp || Cp,Rp,Cp,19774.035423117137,2.0372443998099403e-10,2.0372443998099403e-10,19774.035423117137,5.065788527348009e-05,5.065788527348009e-05,1.0,97.26373868131287,-1383.4147531405115,1386.829699014659,-1.5006048303708355,0.0010000000474974513,0,0.0010000000474974513,-0.117645263671875,0.1055908203125,-6.027221965965168e-06,0.00011764526925972518,off
1781067190.1986601,2026-06-10T12:53:10.198,87920117516656,,1,cf_0V,frequency,frequency,503754.32903627184,121,121,0.0,0.1,503754.32903627184,0.099945068359375,503754.3290362123,0,Rp || Cp,Rp,Cp,22921.706312936232,2.0338133067861988e-10,2.0338133067861988e-10,22921.706312936232,4.5434647873903884e-05,4.5434647873903884e-05,1.0,104.79570053041546,-1546.322777290349,1549.8697591786863,-1.5031288875259223,0.0010000000474974513,0,0.0010000000474974513,-0.10772705078125,0.095550537109375,-6.088257125114183e-06,0.00010772705589801035,off
1781067190.62328,2026-06-10T12:53:10.623,87920144468336,,1,cf_0V,frequency,frequency,451600.5350683417,122,122,0.0,0.1,451600.5350683417,0.099945068359375,451600.5350683372,0,Rp || Cp,Rp,Cp,26236.88892763169,2.0310782014425957e-10,2.0310782014425957e-10,26236.88892763169,4.0750404507524666e-05,4.0750404507524666e-05,1.0,114.25373059069236,-1727.6019576631822,1731.3758803551439,-1.5047582017258212,0.0010000000474974513,0,0.0010000000474974513,-0.097503662109375,0.087005615234375,-5.249023686815235e-06,9.750366674055044e-05,off
1781067191.0588996,2026-06-10T12:53:11.058,87920172853616,,1,cf_0V,frequency,frequency,404846.2346004526,123,123,0.0,0.1,404846.2346004526,0.099945068359375,404846.23460045556,0,Rp || Cp,Rp,Cp,29833.10035648167,2.0292376399070483e-10,2.0292376399070483e-10,29833.10035648167,3.655132914216702e-05,3.655132914216702e-05,1.0,125.27612270983663,-1929.165890780847,1933.2292003467846,-1.5059494032940146,0.0010000000474974513,0,0.0010000000474974513,-0.087554931640625,0.074249267578125,-6.6528323472425654e-06,8.75549357992611e-05,off
1781067191.4971743,2026-06-10T12:53:11.497,87920195791216,,1,cf_0V,frequency,frequency,362932.4169099164,124,124,0.0,0.1,362932.4169099164,0.099945068359375,362932.41690984246,0,Rp || Cp,Rp,Cp,33356.55005663518,2.0278469515278098e-10,2.0278469515278098e-10,33356.55005663518,3.278465674062101e-05,3.278465674062101e-05,1.0,139.6097551488567,-2153.4643954067815,2157.985121824852,-1.506056619276639,0.0010000000474974513,0,0.0010000000474974513,-0.0789794921875,0.0660400390625,-6.469726869795522e-06,7.897949593882458e-05,off
1781067191.9043846,2026-06-10T12:53:11.904,87920225323376,,1,cf_0V,frequency,frequency,325357.9457743241,125,125,0.0,0.1,325357.9457743241,0.099945068359375,325357.9457742717,0,Rp || Cp,Rp,Cp,36304.66496225704,2.02695805560448e-10,2.02695805560448e-10,36304.66496225704,2.9407849175812846e-05,2.9407849175812846e-05,1.0,159.71681624368776,-2402.697659127015,2408.0003119944686,-1.5044200243595331,0.0010000000474974513,0,0.0010000000474974513,-0.0718994140625,0.05963134765625,-6.134033494475943e-06,7.189941747753892e-05,off
1781067192.4127731,2026-06-10T12:53:12.412,87920252561776,,1,cf_0V,frequency,frequency,291673.56771209295,126,126,0.0,0.1,291673.56771209295,0.099945068359375,291673.56771218067,0,Rp || Cp,Rp,Cp,40332.38415404072,2.0266700739903968e-10,2.0266700739903968e-10,40332.38415404072,2.6380354388177097e-05,2.6380354388177097e-05,1.0,178.93490775394957,-2680.4577476407308,2686.4235403413463,-1.5041398679113829,0.0010000000474974513,0,0.0010000000474974513,-0.069488525390625,0.05511474609375,-7.186889989796441e-06,6.948852869115285e-05,off
1781067192.812046,2026-06-10T12:53:12.812,87920278366576,,1,cf_0V,frequency,frequency,261476.54055115595,127,127,0.0,0.1,261476.54055115595,0.099945068359375,261476.54055115767,0,Rp || Cp,Rp,Cp,43701.411621033745,2.0267520758038285e-10,2.0267520758038285e-10,43701.411621033745,2.3664596547281383e-05,2.3664596547281383e-05,1.0,205.41488264620006,-2989.1010464009705,2996.150920699411,-1.502182911768564,0.0010000000474974513,0,0.0010000000474974513,-0.068084716796875,0.0526123046875,-7.73620642213757e-06,6.808472003072552e-05,off
1781067193.2633846,2026-06-10T12:53:13.263,87920305318256,,1,cf_0V,frequency,frequency,234405.81810309048,128,128,0.0,0.1,234405.81810309048,0.099945068359375,234405.81810305617,0,Rp || Cp,Rp,Cp,46408.043625753,2.026854977376135e-10,2.026854977376135e-10,46408.043625753,2.1230610958412996e-05,2.1230610958412996e-05,1.0,240.55140676827241,-3332.5148462144994,3341.1854452481743,-1.4987381578417198,0.0010000000474974513,0,0.0010000000474974513,-0.06207275390625,0.046783447265625,-7.644653683414049e-06,6.20727568545476e-05,off
1781067193.65654,2026-06-10T12:53:13.656,87920330549616,,1,cf_0V,frequency,frequency,210137.7333689687,129,129,0.0,0.1,210137.7333689687,0.099945068359375,210137.7333689669,0,Rp || Cp,Rp,Cp,48977.69386462836,2.027211338355416e-10,2.027211338355416e-10,48977.69386462836,1.904615437928318e-05,1.904615437928318e-05,1.0,283.34530359013377,-3714.473714559193,3725.265029124472,-1.4946623561450807,0.0010000000474974513,0,0.0010000000474974513,-0.053802490234375,0.043731689453125,-5.035400629793685e-06,5.380249278985616e-05,off
1781067194.5094328,2026-06-10T12:53:14.509,87920355494256,,1,cf_0V,frequency,frequency,188382.12866383453,130,130,0.0,0.1,188382.12866383453,0.099945068359375,188382.12866391757,0,Rp || Cp,Rp,Cp,51697.80383944952,2.0276366832401851e-10,2.0276366832401851e-10,51697.80383944952,4153.21387616604,4153.21387616604,1.0,333.65412493626366,-4139.789901201649,4153.21387616604,-1.4903732910194794,9.999999747378752e-05,0,9.999999747378752e-05,-0.253936767578125,0.253265380859375,-3.3569335089467245e-08,2.5393676116314268e-05,off
1781067194.961567,2026-06-10T12:53:14.961,87920403663216,,1,cf_0V,frequency,frequency,168878.88639022523,131,131,0.0,0.1,168878.88639022523,0.099945068359375,168878.88639026016,0,Rp || Cp,Rp,Cp,54921.4246470537,2.0250463763053898e-10,2.0250463763053898e-10,54921.4246470537,1.5374301687281607e-05,1.5374301687281607e-05,1.0,391.53503849136246,-4620.645239229928,4637.204126754033,-1.4862622550402578,9.999999747378752e-05,0,9.999999747378752e-05,-0.259979248046875,0.259796142578125,-9.15527320621834e-09,2.5997924147924678e-05,off
1781067195.4207718,2026-06-10T12:53:15.420,87920432048496,,1,cf_0V,frequency,frequency,151394.81898145608,132,132,0.0,0.1,151394.81898145608,0.099945068359375,151394.81898145846,0,Rp || Cp,Rp,Cp,56596.054296870825,2.0251613506210794e-10,2.0251613506210794e-10,56596.054296870825,1.3793006209118223e-05,1.3793006209118223e-05,1.0,472.1441228289326,-5147.676596179369,5169.283742606389,-1.4793323854866414,9.999999747378752e-05,0,9.999999747378752e-05,-0.259979248046875,0.259796142578125,-9.15527320621834e-09,2.5997924147924678e-05,off
1781067195.9152222,2026-06-10T12:53:15.915,87920461867376,,1,cf_0V,frequency,frequency,135720.88082974532,133,133,0.0,0.1,135720.88082974532,0.099945068359375,135720.88082980827,0,Rp || Cp,Rp,Cp,58234.76695721318,2.025482147594022e-10,2.025482147594022e-10,58234.76695721318,1.237283673691886e-05,1.237283673691886e-05,1.0,569.9494293161042,-5732.890182241608,5761.151984943634,-1.4717044713326053,9.999999747378752e-05,0,9.999999747378752e-05,-0.259979248046875,0.259796142578125,-9.15527320621834e-09,2.5997924147924678e-05,off
1781067196.331177,2026-06-10T12:53:16.331,87920489105776,,1,cf_0V,frequency,frequency,121669.66886401946,134,134,0.0,0.1,121669.66886401946,0.099945068359375,121669.66886411501,0,Rp || Cp,Rp,Cp,61059.08530036393,2.0259145269816588e-10,2.0259145269816588e-10,61059.08530036393,1.1103023003257595e-05,1.1103023003257595e-05,1.0,675.2329124799192,-6385.386794441542,6420.989331927328,-1.4654412728130906,9.999999747378752e-05,0,9.999999747378752e-05,-0.24261474609375,0.237152099609375,-2.7313231731884713e-07,2.42614739964786e-05,off
1781067196.7234583,2026-06-10T12:53:16.723,87920513190256,,1,cf_0V,frequency,frequency,109073.18189343589,135,135,0.0,0.1,109073.18189343589,0.099945068359375,109073.18189339321,0,Rp || Cp,Rp,Cp,62199.76012095121,2.0265731339990284e-10,2.0265731339990284e-10,62199.76012095121,9.96634466563335e-06,9.96634466563335e-06,1.0,822.4512390208898,-7104.916870570089,7152.3611330999265,-1.455551220462756,9.999999747378752e-05,0,9.999999747378752e-05,-0.218292236328125,0.223876953125,2.7923583278965936e-07,2.2387694746939246e-05,off
1781067197.1849773,2026-06-10T12:53:17.184,87920541575536,,1,cf_0V,frequency,frequency,97780.81192655204,136,136,0.0,0.1,97780.81192655204,0.099945068359375,97780.81192649779,0,Rp || Cp,Rp,Cp,64266.026708244695,2.0276056753522112e-10,2.0276056753522112e-10,64266.026708244695,8.962290367082355e-06,8.962290367082355e-06,1.0,987.3261519084348,-7904.221398597942,7965.646794096254,-1.4465287207162332,9.999999747378752e-05,0,9.999999747378752e-05,-0.21417236328125,0.20281982421875,-5.67626938785537e-07,2.1417235787080102e-05,off
1781067197.6260188,2026-06-10T12:53:17.626,87920564513136,,1,cf_0V,frequency,frequency,87657.5434496528,137,137,0.0,0.1,87657.5434496528,0.099945068359375,87657.54344956634,0,Rp || Cp,Rp,Cp,58047.98746051944,2.0279131138314535e-10,2.0279131138314535e-10,58047.98746051944,8.054899489520742e-06,8.054899489520742e-06,1.0,1348.8543871446177,-8745.220088329288,8848.631676764346,-1.4177632149627486,9.999999747378752e-05,0,9.999999747378752e-05,-0.184295654296875,0.18438720703125,4.57763660310917e-09,1.8438720237323736e-05,off
1781067198.0419552,2026-06-10T12:53:18.041,87920591464816,,1,cf_0V,frequency,frequency,78582.33913417984,138,138,0.0,0.1,78582.33913417984,0.099945068359375,78582.33913417223,0,Rp || Cp,Rp,Cp,65193.350064045895,2.0291575460865157e-10,2.0291575460865157e-10,65193.350064045895,7.2229176775054165e-06,7.2229176775054165e-06,1.0,1493.115011693097,-9752.526708758442,9866.162863200163,-1.4188756638936335,9.999999747378752e-05,0,9.999999747378752e-05,-0.171844482421875,0.1693115234375,-1.266479460193537e-07,1.7184447808071823e-05,off
1781067198.4600348,2026-06-10T12:53:18.460,87920617556336,,1,cf_0V,frequency,frequency,70446.69267221761,139,139,0.0,0.1,70446.69267221761,0.099945068359375,70446.69267216364,0,Rp || Cp,Rp,Cp,66684.14115794258,2.0298595741822335e-10,2.0298595741822335e-10,66684.14115794258,6.491788743167038e-06,6.491788743167038e-06,1.0,1807.3055877345282,-10828.308614025147,10978.097327316225,-1.405415161015437,9.999999747378752e-05,0,9.999999747378752e-05,-0.15899658203125,0.15985107421875,4.2724608295685584e-08,1.598510701805722e-05,off
1781067198.9033372,2026-06-10T12:53:18.903,87920641640816,,1,cf_0V,frequency,frequency,63153.33143723267,140,140,0.0,0.1,63153.33143723267,0.099945068359375,63153.33143732005,0,Rp || Cp,Rp,Cp,68104.12073299648,2.0307164776254938e-10,2.0307164776254938e-10,68104.12073299648,5.840403026136471e-06,5.840403026136471e-06,1.0,2188.7154004130402,-12011.247344713755,12209.035092090548,-1.3905518067672562,9.999999747378752e-05,0,9.999999747378752e-05,-0.149871826171875,0.144195556640625,-2.838134693927685e-07,1.4987182238579422e-05,off
1781067199.2770472,2026-06-10T12:53:19.277,87920666872176,,1,cf_0V,frequency,frequency,56615.05345862548,141,141,0.0,0.1,56615.05345862548,0.099945068359375,56615.05345855744,0,Rp || Cp,Rp,Cp,68043.190080289,2.0314648951310773e-10,2.0314648951310773e-10,68043.190080289,5.258410970924725e-06,5.258410970924725e-06,1.0,2702.538586270081,-13288.552664402996,13560.58061901815,-1.370159194839781,9.999999747378752e-05,0,9.999999747378752e-05,-0.145294189453125,0.137176513671875,-4.0588377880901305e-07,1.4529418578268505e-05,off
1781067199.683713,2026-06-10T12:53:19.683,87920692103536,,1,cf_0V,frequency,frequency,50753.68480455689,142,142,0.0,0.1,50753.68480455689,0.099945068359375,50753.68480454756,0,Rp || Cp,Rp,Cp,69147.33559682227,2.0324978836538005e-10,2.0324978836538005e-10,69147.33559682227,4.7410624947153955e-06,4.7410624947153955e-06,1.0,3279.2105543118287,-14696.783690050403,15058.176273760433,-1.351267854657493,9.999999747378752e-05,0,9.999999747378752e-05,-0.1322021484375,0.13031005859375,-9.460448979758951e-08,1.3220214509779282e-05,off
1781067200.147003,2026-06-10T12:53:20.147,87920716474736,,1,cf_0V,frequency,frequency,45499.144907154674,143,143,0.0,0.1,45499.144907154674,0.099945068359375,45499.14490716844,0,Rp || Cp,Rp,Cp,68593.95741136494,2.0337113072748346e-10,2.0337113072748346e-10,68593.95741136494,4.270495742111656e-06,4.270495742111656e-06,1.0,4057.764254300778,-16182.479961408431,16683.468118016306,-1.3251114755130575,9.999999747378752e-05,0,9.999999747378752e-05,-0.123199462890625,0.123138427734375,-3.051757735406113e-09,1.2319945977834479e-05,off
1781067200.5482173,2026-06-10T12:53:20.548,87920742279536,,1,cf_0V,frequency,frequency,40788.608654802425,144,144,0.0,0.1,40788.608654802425,0.099945068359375,40788.608654906966,0,Rp || Cp,Rp,Cp,68606.40845925681,2.0348773714392712e-10,2.0348773714392712e-10,68606.40845925681,3.857625745911754e-06,3.857625745911754e-06,1.0,4971.124215334833,-17785.918656473037,18467.565579116377,-1.298253422301182,9.999999747378752e-05,0,9.999999747378752e-05,-0.120361328125,0.122283935546875,9.613036866529256e-08,1.2228393245772295e-05,off
1781067200.9508717,2026-06-10T12:53:20.950,87920766364016,,1,cf_0V,frequency,frequency,36565.755233193486,145,145,0.0,0.1,36565.755233193486,0.099945068359375,36565.755233297634,0,Rp || Cp,Rp,Cp,69800.25633535623,2.0358866780883055e-10,2.0358866780883055e-10,69800.25633535623,3.4890330323806773e-06,3.4890330323806773e-06,1.0,5986.641830629662,-19545.568652706726,20441.847626032162,-1.2735775417696786,9.999999747378752e-05,0,9.999999747378752e-05,-0.112548828125,0.108367919921875,-2.0904540487531875e-07,1.1254882528177745e-05,off
1781067201.3401806,2026-06-10T12:53:21.340,87920790448496,,1,cf_0V,frequency,frequency,32780.09473403288,146,146,0.0,0.1,32780.09473403288,0.099945068359375,32780.09473397958,0,Rp || Cp,Rp,Cp,63644.933229741066,2.03658325885484e-10,2.03658325885484e-10,63644.933229741066,3.198235872711561e-06,3.198235872711561e-06,1.0,7831.209520593438,-20906.67272644905,22325.250436362006,-1.2123944277636391,9.999999747378752e-05,0,9.999999747378752e-05,-0.1021728515625,0.102813720703125,3.204345622176419e-08,1.0281371810583195e-05,off
1781067201.6784537,2026-06-10T12:53:21.678,87920813386096,,1,cf_0V,frequency,frequency,29386.364480084198,147,147,0.0,0.1,29386.364480084198,0.099945068359375,29386.3644801462,0,Rp || Cp,Rp,Cp,70380.17363091794,2.037934872980205e-10,2.037934872980205e-10,70380.17363091794,2.8631342132561145e-06,2.8631342132561145e-06,1.0,8782.737587901966,-23259.280230767756,24862.232329204264,-1.2097468994412452,9.999999747378752e-05,0,9.999999747378752e-05,-0.096466064453125,0.09796142578125,7.476806451744977e-08,9.796142330653623e-06,off
1781067202.0314155,2026-06-10T12:53:22.031,87920834029936,,1,cf_0V,frequency,frequency,26343.98784881462,148,148,0.0,0.1,26343.98784881462,0.099945068359375,26343.987848775898,0,Rp || Cp,Rp,Cp,70329.01528598316,2.0390415520118763e-10,2.0390415520118763e-10,70329.01528598316,2.6046951679920557e-06,2.6046951679920557e-06,1.0,10600.735740359005,-25162.744438742204,27304.565660826334,-1.1720748689639588,9.999999747378752e-05,0,9.999999747378752e-05,-0.09356689453125,0.09576416015625,1.0986327847462007e-07,9.576415773704383e-06,off
1781067202.425972,2026-06-10T12:53:22.425,87920854960496,,1,cf_0V,frequency,frequency,23616.58912414415,149,149,0.0,0.1,23616.58912414415,0.099945068359375,23616.589124202394,0,Rp || Cp,Rp,Cp,70411.72455219977,2.0401348390886173e-10,2.0401348390886173e-10,70411.72455219977,2.3825761363992305e-06,2.3825761363992305e-06,1.0,12701.403153432646,-27074.010752009242,29905.312241572414,-1.1321430454131467,9.999999747378752e-05,0,9.999999747378752e-05,-0.086334228515625,0.09576416015625,4.714965701202445e-07,9.576415773704383e-06,off
1781067202.8285978,2026-06-10T12:53:22.828,87920879618416,,1,cf_0V,frequency,frequency,21171.558575697567,150,150,0.0,0.1,21171.558575697567,0.099945068359375,21171.5585756167,0,Rp || Cp,Rp,Cp,71082.9826165808,2.0412873805838166e-10,2.0412873805838166e-10,71082.9826165808,2.180133702709279e-06,2.180133702709279e-06,1.0,15041.868206066476,-29033.826084139328,32698.942738454447,-1.092788916821109,9.999999747378752e-05,0,9.999999747378752e-05,-0.085784912109375,0.087677001953125,9.460448979758951e-08,8.767699973821763e-06,off
1781067203.245184,2026-06-10T12:53:23.245,87920903129456,,1,cf_0V,frequency,frequency,18979.66256549492,151,151,0.0,0.1,18979.66256549492,0.099945068359375,18979.662565428156,0,Rp || Cp,Rp,Cp,72793.81055387936,2.0424083645460446e-10,2.0424083645460446e-10,72793.81055387936,2.0134787394395846e-06,2.0134787394395846e-06,1.0,17568.27609275185,-31148.313546368285,35761.17673754635,-1.057252853302511,9.999999747378752e-05,0,9.999999747378752e-05,-0.0802001953125,0.08172607421875,7.629394338515283e-08,8.172607215417571e-06,off
1781067203.6630208,2026-06-10T12:53:23.663,87920929220976,,1,cf_0V,frequency,frequency,17014.69402038014,152,152,0.0,0.1,17014.69402038014,0.099945068359375,17014.694020431874,0,Rp || Cp,Rp,Cp,71374.89800589184,2.0433650123274663e-10,2.0433650123274663e-10,71374.89800589184,1.8488327589451967e-06,1.8488327589451967e-06,1.0,20802.74048594277,-32435.157910849142,38533.018055003195,-1.0005161310716506,9.999999747378752e-05,0,9.999999747378752e-05,-0.080108642578125,0.07623291015625,-1.9378661619828819e-07,8.010864055441047e-06,off
1781067204.0630226,2026-06-10T12:53:24.063,87920953018736,,1,cf_0V,frequency,frequency,15253.159091114281,153,153,0.0,0.1,15253.159091114281,0.099945068359375,15253.159091201951,0,Rp || Cp,Rp,Cp,70854.89737048776,2.0440629135129363e-10,2.0440629135129363e-10,70854.89737048776,1.7248595688410682e-06,1.7248595688410682e-06,1.0,24210.064285525063,-33604.67835844487,41417.40721343852,-0.9464853223968402,9.999999747378752e-05,0,9.999999747378752e-05,-0.080108642578125,0.07623291015625,-1.9378661619828819e-07,8.010864055441047e-06,off
1781067204.5081077,2026-06-10T12:53:24.508,87920977389936,,1,cf_0V,frequency,frequency,13673.996251720062,154,154,0.0,0.1,13673.996251720062,0.099945068359375,13673.996251668541,0,Rp || Cp,Rp,Cp,70856.65605056706,2.045241282943658e-10,2.045241282943658e-10,70856.65605056706,1.5906594884900078e-06,1.5906594884900078e-06,1.0,27784.226605381828,-34593.84540853109,44370.00550156101,-0.8941344449743902,9.999999747378752e-05,0,9.999999747378752e-05,-0.0740966796875,0.07623291015625,1.0681152073921396e-07,7.623290823044471e-06,off
1781067205.0548162,2026-06-10T12:53:25.054,87921008355696,,1,cf_0V,frequency,frequency,12258.324480531926,155,155,0.0,0.1,12258.324480531926,0.099945068359375,12258.324480498573,0,Rp || Cp,Rp,Cp,70450.57032645794,2.0466120366109776e-10,2.0466120366109776e-10,70450.57032645794,1.5198410468141415e-06,1.5198410468141415e-06,1.0,31545.770837291566,-35032.58324982644,47142.523764377904,-0.8377219230106819,9.999999747378752e-05,0,9.999999747378752e-05,-0.0723876953125,0.069671630859375,-1.3580321922557204e-07,7.2387693483833004e-06,off
1781067205.4694197,2026-06-10T12:53:25.469,87921038748016,,1,cf_0V,frequency,frequency,10989.217512115829,156,156,0.0,0.1,10989.217512115829,0.099945068359375,10989.217512076266,0,Rp || Cp,Rp,Cp,71169.44521374466,2.0480945356899317e-10,2.0480945356899317e-10,71169.44521374466,1.421232778245525e-06,1.421232778245525e-06,1.0,35356.10414056079,-35583.98820544027,50162.47917122012,-0.7886104975443418,9.999999747378752e-05,0,9.999999747378752e-05,-0.068695068359375,0.069671630859375,4.882812376649781e-08,6.967162909932156e-06,off
1781067205.9123373,2026-06-10T12:53:25.912,87921061685616,,1,cf_0V,frequency,frequency,9851.501460936432,157,157,0.0,0.1,9851.501460936432,0.099945068359375,9851.501461000113,0,Rp || Cp,Rp,Cp,71733.76931884061,2.0495307219656537e-10,2.0495307219656537e-10,71733.76931884061,1.342540392991949e-06,1.342540392991949e-06,1.0,39237.96735238683,-35708.111356515925,53053.626630008206,-0.7383343348862601,9.999999747378752e-05,0,9.999999747378752e-05,-0.06756591796875,0.069671630859375,1.052856418715109e-07,6.967162909932156e-06,off
1781067206.3680484,2026-06-10T12:53:26.368,87921091791216,,1,cf_0V,frequency,frequency,8831.573397089549,158,158,0.0,0.1,8831.573397089549,0.099945068359375,8831.57339707452,0,Rp || Cp,Rp,Cp,72278.58124009392,2.0507047958966143e-10,2.0507047958966143e-10,72278.58124009392,1.267653002886399e-06,1.267653002886399e-06,1.0,43113.038348187394,-35460.05032631046,55822.47974388765,-0.6883048139893587,9.999999747378752e-05,0,9.999999747378752e-05,-0.067626953125,0.069671630859375,1.0223388413610479e-07,6.967162909932156e-06,off
1781067206.769804,2026-06-10T12:53:26.769,87921117596016,,1,cf_0V,frequency,frequency,7917.238704927916,159,159,0.0,0.1,7917.238704927916,0.099945068359375,7917.238704848728,0,Rp || Cp,Rp,Cp,71051.51251178597,2.0525002519844373e-10,2.0525002519844373e-10,71051.51251178597,1.2174866663962373e-06,1.2174866663962373e-06,1.0,46551.955303825314,-33771.323517275654,57511.62347489285,-0.6276060113010484,9.999999747378752e-05,0,9.999999747378752e-05,-0.067626953125,0.067657470703125,1.5258788677030566e-09,6.765746899395353e-06,off
1781067207.2182083,2026-06-10T12:53:27.218,87921142827376,,1,cf_0V,frequency,frequency,7097.565279983502,160,160,0.0,0.1,7097.565279983502,0.099945068359375,7097.565280034246,0,Rp || Cp,Rp,Cp,73581.53301872704,2.0534308461607906e-10,2.0534308461607906e-10,73581.53301872704,1.1701394146068738e-06,1.1701394146068738e-06,1.0,50605.535353224994,-34098.57272874011,61021.57708977771,-0.5929324712732533,9.999999747378752e-05,0,9.999999747378752e-05,-0.067626953125,0.064300537109375,-1.6632079657963317e-07,6.762695141659947e-06,off
1781067207.6931884,2026-06-10T12:53:27.693,87921170065776,,1,cf_0V,frequency,frequency,6362.752820913701,161,161,0.0,0.1,6362.752820913701,0.099945068359375,6362.7528208343165,0,Rp || Cp,Rp,Cp,72657.62250529103,2.054524408830654e-10,2.054524408830654e-10,72657.62250529103,1.1454076694548858e-06,1.1454076694548858e-06,1.0,53576.33035271409,-31973.51422541966,62391.73652004139,-0.53805167969573,9.999999747378752e-05,0,9.999999747378752e-05,-0.0643310546875,0.0657958984375,7.324218564974672e-08,6.57958967753558e-06,off
1781067208.1056168,2026-06-10T12:53:28.105,87921196157296,,1,cf_0V,frequency,frequency,5704.01565368052,162,162,0.0,0.1,5704.01565368052,0.099945068359375,5704.015653620331,0,Rp || Cp,Rp,Cp,72967.38164112592,2.0554265975883503e-10,2.0554265975883503e-10,72967.38164112592,1.1052697969783338e-06,1.1052697969783338e-06,1.0,56611.11062330537,-30429.371797238964,64271.02390641307,-0.4932079890318898,9.999999747378752e-05,0,9.999999747378752e-05,-0.071319580078125,0.0657958984375,-2.7618407505425324e-07,7.1319578276440865e-06,off
1781067208.5203516,2026-06-10T12:53:28.520,87921219955056,,1,cf_0V,frequency,frequency,5113.477686967608,163,163,0.0,0.1,5113.477686967608,0.099945068359375,5113.477686933265,0,Rp || Cp,Rp,Cp,72793.76368359762,2.0556532770579007e-10,2.0556532770579007e-10,72793.76368359762,1.0928611011733686e-06,1.0928611011733686e-06,1.0,59126.98197625548,-28426.66979587015,65605.45368567981,-0.4481482192246839,9.999999747378752e-05,0,9.999999747378752e-05,-0.071319580078125,0.0657958984375,-2.7618407505425324e-07,7.1319578276440865e-06,off
1781067208.9398885,2026-06-10T12:53:28.939,87921245473136,,1,cf_0V,frequency,frequency,4584.078242885572,164,164,0.0,0.1,4584.078242885572,0.099945068359375,4584.078242970691,0,Rp || Cp,Rp,Cp,72303.57157566973,2.0575081103382357e-10,2.0575081103382357e-10,72303.57157566973,1.069916958107185e-06,1.069916958107185e-06,1.0,61087.98061361312,-26175.13712018199,66459.60561656608,-0.4048167439968509,9.999999747378752e-05,0,9.999999747378752e-05,-0.071319580078125,0.0657958984375,-2.7618407505425324e-07,7.1319578276440865e-06,off
1781067209.3595881,2026-06-10T12:53:29.359,87921271277936,,1,cf_0V,frequency,frequency,4109.487637044614,165,165,0.0,0.1,4109.487637044614,0.099945068359375,4109.487637009579,0,Rp || Cp,Rp,Cp,72422.8981931981,2.0593975183714378e-10,2.0593975183714378e-10,72422.8981931981,1.0575834270341295e-06,1.0575834270341295e-06,1.0,63069.1768683772,-24288.505606822328,67584.41074291678,-0.36760373984186173,9.999999747378752e-05,0,9.999999747378752e-05,-0.071319580078125,0.063140869140625,-4.0893553654441916e-07,7.1319578276440865e-06,off
1781067209.7672615,2026-06-10T12:53:29.767,87921294788976,,1,cf_0V,frequency,frequency,3684.0314986403864,166,166,0.0,0.1,3684.0314986403864,0.099945068359375,3684.0314986363865,0,Rp || Cp,Rp,Cp,73429.7141781234,2.0605132013700346e-10,2.0605132013700346e-10,73429.7141781234,1.0352340982368462e-06,1.0352340982368462e-06,1.0,65406.93756576307,-22907.31867741651,69302.32846535782,-0.33687761994209,9.999999747378752e-05,0,9.999999747378752e-05,-0.0650634765625,0.063140869140625,-9.613036866529256e-08,6.506347491885833e-06,off
1781067210.1331615,2026-06-10T12:53:30.133,87921320593776,,1,cf_0V,frequency,frequency,3302.622925697632,167,167,0.0,0.1,3302.622925697632,0.099945068359375,3302.6229256449824,0,Rp || Cp,Rp,Cp,71198.8096728874,2.061595363600507e-10,2.061595363600507e-10,71198.8096728874,1.0332763520141528e-06,1.0332763520141528e-06,1.0,65154.14653338773,-19845.27318874519,68109.45366415802,-0.29566206825564667,9.999999747378752e-05,0,9.999999747378752e-05,-0.0650634765625,0.064208984375,-4.2724608295685584e-08,6.506347491885833e-06,off
1781067210.5914524,2026-06-10T12:53:30.591,87921346111856,,1,cf_0V,frequency,frequency,2960.70166429603,168,168,0.0,0.1,2960.70166429603,0.099945068359375,2960.701664207477,0,Rp || Cp,Rp,Cp,72200.36637032349,2.062759408610251e-10,2.062759408610251e-10,72200.36637032349,1.0315269217168464e-06,1.0315269217168464e-06,1.0,67053.46095602687,-18577.346991481358,69579.33922813095,-0.27027365000544035,9.999999747378752e-05,0,9.999999747378752e-05,-0.06475830078125,0.064208984375,-2.746581961865502e-08,6.475829914531772e-06,off
1781067210.9892101,2026-06-10T12:53:30.989,87921368762736,,1,cf_0V,frequency,frequency,2654.1795845838647,169,169,0.0,0.1,2654.1795845838647,0.099945068359375,2654.179584595795,0,Rp || Cp,Rp,Cp,71807.72889853078,2.0616471626543357e-10,2.0616471626543357e-10,71807.72889853078,1.0258680826200718e-06,1.0258680826200718e-06,1.0,67682.3231765526,-16709.7888469402,69714.51723912772,-0.24204529245979006,9.999999747378752e-05,0,9.999999747378752e-05,-0.06475830078125,0.0665283203125,8.850097432677728e-08,6.652831863185327e-06,off
1781067211.398671,2026-06-10T12:53:31.398,87921394280816,,1,cf_0V,frequency,frequency,2379.391801671713,170,170,0.0,0.1,2379.391801671713,0.099945068359375,2379.391801667907,0,Rp || Cp,Rp,Cp,71558.21996895352,2.0642366491963753e-10,2.0642366491963753e-10,71558.21996895352,1.0181669852040302e-06,1.0181669852040302e-06,1.0,68230.78151976215,-15067.638363301381,69874.69694134458,-0.21734513187992907,9.999999747378752e-05,0,9.999999747378752e-05,-0.064208984375,0.0665283203125,1.159667939454323e-07,6.652831863185327e-06,off
1781067211.7650847,2026-06-10T12:53:31.765,87921417218416,,1,cf_0V,frequency,frequency,2133.052856990533,171,171,0.0,0.1,2133.052856990533,0.099945068359375,2133.0528569052376,0,Rp || Cp,Rp,Cp,72991.0975959965,2.065220201346914e-10,2.065220201346914e-10,72991.0975959965,1.0201343561981874e-06,1.0201343561981874e-06,1.0,70128.69164710278,-14168.160930720678,71545.58110948029,-0.19934755936040255,9.999999747378752e-05,0,9.999999747378752e-05,-0.064208984375,0.0665283203125,1.159667939454323e-07,6.652831863185327e-06,off
1781067212.2170322,2026-06-10T12:53:32.217,87921439295856,,1,cf_0V,frequency,frequency,1912.21743620315,172,172,0.0,0.1,1912.21743620315,0.099945068359375,1912.2174361285715,0,Rp || Cp,Rp,Cp,70503.04013747399,2.0681770736294415e-10,2.0681770736294415e-10,70503.04013747399,1.0223647688137526e-06,1.0223647688137526e-06,1.0,68403.59589448088,-11983.719606228064,69445.38477750798,-0.1734313428477635,9.999999747378752e-05,0,9.999999747378752e-05,-0.065277099609375,0.0665283203125,6.256103357582532e-08,6.652831863185327e-06,off
1781067212.7164838,2026-06-10T12:53:32.716,87921466534256,,1,cf_0V,frequency,frequency,1714.2451539988147,173,173,0.0,0.1,1714.2451539988147,0.099945068359375,1714.2451539342574,0,Rp || Cp,Rp,Cp,71717.17178540539,2.0675477441403333e-10,2.0675477441403333e-10,71717.17178540539,9.919471433708325e-07,9.919471433708325e-07,1.0,69933.36654167279,-11169.042302225811,70819.65307597087,-0.1583722696189675,9.999999747378752e-05,0,9.999999747378752e-05,-0.065277099609375,0.064361572265625,-4.57763660310917e-08,6.527709796033676e-06,off
1781067213.1229045,2026-06-10T12:53:33.122,87921496639856,,1,cf_0V,frequency,frequency,1536.7689847255556,174,174,0.0,0.1,1536.7689847255556,0.099945068359375,1536.7689847067822,0,Rp || Cp,Rp,Cp,71768.21463346966,2.0723501937930465e-10,2.0723501937930465e-10,71768.21463346966,9.882434241765e-07,9.882434241765e-07,1.0,70317.99439040758,-10098.345355378506,71039.40395305895,-0.1426344726936508,9.999999747378752e-05,0,9.999999747378752e-05,-0.06549072265625,0.064361572265625,-5.6457518105013094e-08,6.549072100181519e-06,off
1781067213.5306056,2026-06-10T12:53:33.530,87921519577456,,1,cf_0V,frequency,frequency,1377.6669614059458,175,175,0.0,0.1,1377.6669614059458,0.099945068359375,1377.6669614173898,0,Rp || Cp,Rp,Cp,65284.71777744298,2.0560696892748206e-10,2.0560696892748206e-10,65284.71777744298,1.1006632024026162e-06,1.1006632024026162e-06,1.0,64415.08770488126,-7484.470415123924,64848.44501930952,-0.1156725817448827,9.999999747378752e-05,0,9.999999747378752e-05,-0.06549072265625,0.064361572265625,-5.6457518105013094e-08,6.549072100181519e-06,off
1781067213.94326,2026-06-10T12:53:33.943,87921545382256,,1,cf_0V,frequency,frequency,1235.0368047598533,176,176,0.0,0.1,1235.0368047598533,0.099945068359375,1235.036804771994,0,Rp || Cp,Rp,Cp,73106.21764678328,2.068787957372375e-10,2.068787957372375e-10,73106.21764678328,9.647501363823295e-07,9.647501363823295e-07,1.0,72112.93398628625,-8463.368067092282,72607.87730783455,-0.11682825072397006,9.999999747378752e-05,0,9.999999747378752e-05,-0.06549072265625,0.064361572265625,-5.6457518105013094e-08,6.549072100181519e-06,off
1781067214.442873,2026-06-10T12:53:34.442,87921570613616,,1,cf_0V,frequency,frequency,1107.1731788899117,177,177,0.0,0.1,1107.1731788899117,0.099945068359375,1107.1731789513706,0,Rp || Cp,Rp,Cp,72667.78807291044,2.0625756883767535e-10,2.0625756883767535e-10,72667.78807291044,9.946358131964318e-07,9.946358131964318e-07,1.0,71886.26742846947,-7495.372041943836,72275.97143480385,-0.10389168653264819,9.999999747378752e-05,0,9.999999747378752e-05,-0.06549072265625,0.063995361328125,-7.476806451744977e-08,6.549072100181519e-06,off
1781067214.849066,2026-06-10T12:53:34.849,87921601005936,,1,cf_0V,frequency,frequency,992.547301690778,178,178,0.0,0.1,992.547301690778,0.099945068359375,992.5473017347031,0,Rp || Cp,Rp,Cp,72140.2957559928,2.060980251061315e-10,2.060980251061315e-10,72140.2957559928,9.803591492020302e-07,9.803591492020302e-07,1.0,71525.36566256308,-6631.975557062594,71832.17268712421,-0.09245764893123896,9.999999747378752e-05,0,9.999999747378752e-05,-0.0634765625,0.064849853515625,6.866454904663755e-08,6.4849851877379905e-06,off
1781067215.2574866,2026-06-10T12:53:35.257,87921626237296,,1,cf_0V,frequency,frequency,889.7886661970878,179,179,0.0,0.1,889.7886661970878,0.099945068359375,889.7886662140309,0,Rp || Cp,Rp,Cp,73024.10653582776,2.0733320089710525e-10,2.0733320089710525e-10,73024.10653582776,9.787033591049087e-07,9.787033591049087e-07,1.0,72504.62585531028,-6137.16158985412,72763.90260835733,-0.08444381363114017,9.999999747378752e-05,0,9.999999747378752e-05,-0.063812255859375,0.064849853515625,5.1879881501903924e-08,6.4849851877379905e-06,off
1781067215.6167643,2026-06-10T12:53:35.616,87921649174896,,1,cf_0V,frequency,frequency,797.6686543241938,180,180,0.0,0.1,797.6686543241938,0.099945068359375,797.6686543287315,0,Rp || Cp,Rp,Cp,72720.1075646407,2.0709571389434955e-10,2.0709571389434955e-10,72720.1075646407,1.0250508604682432e-06,1.0250508604682432e-06,1.0,72308.15867376573,-5457.771135442434,72513.84058617603,-0.07533647625730001,9.999999747378752e-05,0,9.999999747378752e-05,-0.063812255859375,0.064849853515625,5.1879881501903924e-08,6.4849851877379905e-06,off
1781067216.0740426,2026-06-10T12:53:36.074,87921670105456,,1,cf_0V,frequency,frequency,715.0858470818457,181,181,0.0,0.1,715.0858470818457,0.099945068359375,715.0858471760557,0,Rp || Cp,Rp,Cp,71493.27696713315,2.054577455673522e-10,2.054577455673522e-10,71493.27696713315,9.94717174779703e-07,9.94717174779703e-07,1.0,71183.22875628066,-4697.896627065052,71338.0844212092,-0.06590166958788755,9.999999747378752e-05,0,9.999999747378752e-05,-0.063812255859375,0.064849853515625,5.1879881501903924e-08,6.4849851877379905e-06,off
1781067216.497854,2026-06-10T12:53:36.497,87921699064176,,1,cf_0V,frequency,frequency,641.0528556246055,182,182,0.0,0.1,641.0528556246055,0.099945068359375,641.0528555989004,0,Rp || Cp,Rp,Cp,71990.6678990607,2.0664749383071332e-10,2.0664749383071332e-10,71990.6678990607,9.971946491963163e-07,9.971946491963163e-07,1.0,71733.10710911186,-4298.329411818908,71861.7721132719,-0.05984957565744131,9.999999747378752e-05,0,9.999999747378752e-05,-0.063812255859375,0.062408447265625,-7.01904279143406e-08,6.381225424734183e-06,off
1781067216.9482856,2026-06-10T12:53:36.948,87921727162736,,1,cf_0V,frequency,frequency,574.6845156864445,183,183,0.0,0.1,574.6845156864445,0.099945068359375,574.6845156551217,0,Rp || Cp,Rp,Cp,71473.05901384207,2.0776388527876093e-10,2.0776388527876093e-10,71473.05901384207,9.858709783033523e-07,9.858709783033523e-07,1.0,71268.16034685029,-3821.35460982444,71370.5361495792,-0.05356808307914813,9.999999747378752e-05,0,9.999999747378752e-05,-0.063446044921875,0.062408447265625,-5.1879881501903924e-08,6.344604331909309e-06,off
1781067217.3579967,2026-06-10T12:53:37.357,87921751533936,,1,cf_0V,frequency,frequency,515.1873042480629,184,184,0.0,0.1,515.1873042480629,0.099945068359375,515.1873042308353,0,Rp || Cp,Rp,Cp,71991.87984696295,2.0692838281850642e-10,2.0692838281850642e-10,71991.87984696295,9.947716251927511e-07,9.947716251927511e-07,1.0,71824.858502441,-3463.565278318901,71908.3206821912,-0.048185048576673675,9.999999747378752e-05,0,9.999999747378752e-05,-0.0650634765625,0.069488525390625,2.212524358169432e-07,6.94885236351972e-06,off
1781067217.8074076,2026-06-10T12:53:37.807,87921775331696,,1,cf_0V,frequency,frequency,461.8498518989187,185,185,0.0,0.1,461.8498518989187,0.099945068359375,461.8498518027536,0,Rp || Cp,Rp,Cp,72707.40424400798,2.0506912833561766e-10,2.0506912833561766e-10,72707.40424400798,9.823506363580266e-07,9.823506363580266e-07,1.0,72571.54613026512,-3139.9734662350934,72639.44342508317,-0.04324031149637942,9.999999747378752e-05,0,9.999999747378752e-05,-0.0650634765625,0.069488525390625,2.212524358169432e-07,6.94885236351972e-06,off
1781067218.2578738,2026-06-10T12:53:38.257,87921802570096,,1,cf_0V,frequency,frequency,414.03443745645274,186,186,0.0,0.1,414.03443745645274,0.099945068359375,414.0344374548022,0,Rp || Cp,Rp,Cp,72663.44023437862,2.1083419334947416e-10,2.1083419334947416e-10,72663.44023437862,9.777007174953393e-07,9.777007174953393e-07,1.0,72548.20816474773,-2891.3457376861397,72605.80133908312,-0.0398330495458408,9.999999747378752e-05,0,9.999999747378752e-05,-0.0650634765625,0.069488525390625,2.212524358169432e-07,6.94885236351972e-06,off
1781067218.6744099,2026-06-10T12:53:38.674,87921828661616,,1,cf_0V,frequency,frequency,371.1693631492158,187,187,0.0,0.1,371.1693631492158,0.099945068359375,371.1693631913704,0,Rp || Cp,Rp,Cp,73080.05818869056,2.1134803720196436e-10,2.1134803720196436e-10,73080.05818869056,9.702906181056033e-07,9.702906181056033e-07,1.0,72985.36168349304,-2628.96532537093,73032.69458778237,-0.036004880233589706,9.999999747378752e-05,0,9.999999747378752e-05,-0.06298828125,0.065216064453125,1.1138915734232313e-07,6.521606280562864e-06,off
1781067219.123405,2026-06-10T12:53:39.123,87921855613296,,1,cf_0V,frequency,frequency,332.7421191989247,188,188,0.0,0.1,332.7421191989247,0.099945068359375,332.74211929779085,0,Rp || Cp,Rp,Cp,73271.8572028256,2.0542373963219356e-10,2.0542373963219356e-10,73271.8572028256,9.667428689961561e-07,9.667428689961561e-07,1.0,73199.37050742307,-2303.4713963122913,73235.60488694435,-0.03145807789868535,9.999999747378752e-05,0,9.999999747378752e-05,-0.06298828125,0.0604248046875,-1.2817382488705675e-07,6.298827965878218e-06,off
1781067219.6128886,2026-06-10T12:53:39.612,87921885145456,,1,cf_0V,frequency,frequency,298.2932560748046,189,189,0.0,0.1,298.2932560748046,0.099945068359375,298.2932561224061,0,Rp || Cp,Rp,Cp,71839.88351125995,2.0547956342324682e-10,2.0547956342324682e-10,71839.88351125995,9.68416509441507e-07,9.68416509441507e-07,1.0,71784.93594882429,-1986.053184078329,71812.40447462258,-0.027659656597385826,9.999999747378752e-05,0,9.999999747378752e-05,-0.0677490234375,0.06195068359375,-2.8991698486358075e-07,6.774902172601571e-06,off
1781067220.0292459,2026-06-10T12:53:40.029,87921912383856,,1,cf_0V,frequency,frequency,267.41089115476336,190,190,0.0,0.1,267.41089115476336,0.099945068359375,267.4108910838413,0,Rp || Cp,Rp,Cp,71597.35877501577,2.0299428999644022e-10,2.0299428999644022e-10,71597.35877501577,9.891034241637301e-07,9.891034241637301e-07,1.0,71554.68926400796,-1747.3418672974142,71576.02083987308,-0.024414817314757736,9.999999747378752e-05,0,9.999999747378752e-05,-0.0677490234375,0.06195068359375,-2.8991698486358075e-07,6.774902172601571e-06,off
1781067220.4186876,2026-06-10T12:53:40.418,87921936468336,,1,cf_0V,frequency,frequency,239.7257841131082,191,191,0.0,0.1,239.7257841131082,0.099945068359375,239.72578418351986,0,Rp || Cp,Rp,Cp,72618.93382520894,2.1328798594810973e-10,2.1328798594810973e-10,72618.93382520894,9.767351786190297e-07,9.767351786190297e-07,1.0,72579.43034926632,-1693.263057156469,72599.17940035362,-0.023325561342373013,9.999999747378752e-05,0,9.999999747378752e-05,-0.0677490234375,0.06195068359375,-2.8991698486358075e-07,6.774902172601571e-06,off
1781067220.833043,2026-06-10T12:53:40.833,87921959405936,,1,cf_0V,frequency,frequency,214.90692215443403,192,192,0.0,0.1,214.90692215443403,0.099945068359375,214.9069221246691,0,Rp || Cp,Rp,Cp,72627.0586934642,2.0936282425793977e-10,2.0936282425793977e-10,72627.0586934642,9.688451830749227e-07,9.688451830749227e-07,1.0,72596.45512928182,-1490.5402624428402,72611.75529906843,-0.02052897573832521,9.999999747378752e-05,0,9.999999747378752e-05,-0.061798095703125,0.062347412109375,2.746581961865502e-08,6.234741053434689e-06,off
1781067221.2263973,2026-06-10T12:53:41.226,87921983490416,,1,cf_0V,frequency,frequency,192.65756230919578,193,193,0.0,0.1,192.65756230919578,0.099945068359375,192.65756222353048,0,Rp || Cp,Rp,Cp,72316.28794728509,2.0547283124396583e-10,2.0547283124396583e-10,72316.28794728509,9.782061500346647e-07,9.782061500346647e-07,1.0,72292.89911388069,-1300.325564501336,72304.59258486578,-0.01798496639004537,9.999999747378752e-05,0,9.999999747378752e-05,-0.061798095703125,0.065338134765625,1.7700194865355456e-07,6.533813311504488e-06,off
1781067221.6750379,2026-06-10T12:53:41.675,87922011875696,,1,cf_0V,frequency,frequency,172.71168347127087,194,194,0.0,0.1,172.71168347127087,0.099945068359375,172.7116834615572,0,Rp || Cp,Rp,Cp,72295.6735805263,2.1296726772783808e-10,2.1296726772783808e-10,72295.6735805263,9.774794459770816e-07,9.774794459770816e-07,1.0,72275.49713802377,-1207.5853644143453,72285.58465531583,-0.016706533488116845,9.999999747378752e-05,0,9.999999747378752e-05,-0.06072998046875,0.065338134765625,2.3040770902316154e-07,6.533813311504488e-06,off
1781067222.1786437,2026-06-10T12:53:42.178,87922037680496,,1,cf_0V,frequency,frequency,154.83080575683516,195,195,0.0,0.1,154.83080575683516,0.099945068359375,154.83080566980334,0,Rp || Cp,Rp,Cp,71397.17891704143,2.1133557972833354e-10,2.1133557972833354e-10,71397.17891704143,9.869672350158498e-07,9.869672350158498e-07,1.0,71381.7984574528,-1047.80001266375,71389.48827304304,-0.014677758047662337,9.999999747378752e-05,0,9.999999747378752e-05,-0.06341552734375,0.065338134765625,9.613036866529256e-08,6.533813311504488e-06,off
1781067222.6762304,2026-06-10T12:53:42.676,87922064918896,,1,cf_0V,frequency,frequency,138.8011391556985,196,196,0.0,0.1,138.8011391556985,0.099945068359375,138.80113911568515,0,Rp || Cp,Rp,Cp,71934.94068863796,2.139480832674856e-10,2.139480832674856e-10,71934.94068863796,9.786868829715706e-07,9.786868829715706e-07,1.0,71921.98370129734,-965.345654327618,71928.46190321332,-0.013421316276713696,9.999999747378752e-05,0,9.999999747378752e-05,-0.06341552734375,0.06951904296875,3.051757735406113e-07,6.951904121255126e-06,off
1781067223.0908744,2026-06-10T12:53:43.090,87922095024496,,1,cf_0V,frequency,frequency,124.43102738338021,197,197,0.0,0.1,124.43102738338021,0.099945068359375,124.43102740178347,0,Rp || Cp,Rp,Cp,72961.48785237236,2.130050666511212e-10,2.130050666511212e-10,72961.48785237236,9.85686596475321e-07,9.85686596475321e-07,1.0,72950.71789679393,-886.3836591246792,72956.1026758473,-0.012149846754431174,9.999999747378752e-05,0,9.999999747378752e-05,-0.06341552734375,0.06951904296875,3.051757735406113e-07,6.951904121255126e-06,off
1781067223.4631026,2026-06-10T12:53:43.463,87922119108976,,1,cf_0V,frequency,frequency,111.54865637172875,198,198,0.0,0.1,111.54865637172875,0.099945068359375,111.54865639184663,0,Rp || Cp,Rp,Cp,70504.39827636612,1.986295300233927e-10,1.986295300233927e-10,70504.39827636612,1.0049405217040174e-06,1.0049405217040174e-06,1.0,70497.60650829341,-691.9562074907972,70501.00231054348,-0.009814999713212475,9.999999747378752e-05,0,9.999999747378752e-05,-0.06341552734375,0.06951904296875,3.051757735406113e-07,6.951904121255126e-06,off
1781067223.8930316,2026-06-10T12:53:43.893,87922141473136,,1,cf_0V,frequency,frequency,100.0,199,199,0.0,0.1,100.0,0.099945068359375,99.99999996068709,0,Rp || Cp,Rp,Cp,72734.1860707774,2.1915377179916077e-10,2.1915377179916077e-10,72734.1860707774,9.762933988320903e-07,9.762933988320903e-07,1.0,72726.89099471702,-728.3873979151124,72730.53844128264,-0.010015044436806396,9.999999747378752e-05,0,9.999999747378752e-05,-0.062408447265625,0.060577392578125,-9.15527320621834e-08,6.2408445689055014e-06,off
1781067224.8320432,2026-06-10T12:53:44.832,87922198530416,,1,cf_0V,frequency,frequency,0.0,200,200,0.0,0.1,0.0,0.099945068359375,0.0,0,Rp || Cp,Rp,Cp,100.27098654933863,nan,nan,100.27098654933863,8.577643416944728e-06,8.577643416944728e-06,1.0,-100.27098495481894,0.017882061433636066,100.27098654933863,3.1414143162447266,0.0010000000474974513,0,0.0010000000474974513,-0.023895263671875,0.01318359375,-5.35583521532601e-06,2.3895264806839123e-05,off
