timestamp_unix,timestamp_iso,sample_timestamp,sample_clockbase,block_index,block_name,mode,sweep_variable,sweep_value,point_index_block,point_index_total,set_bias_V,set_amplitude_V,set_frequency_Hz,measured_drive_V,measured_frequency_Hz,model,model_name,param0_name,param1_name,param0,param1,C_F,R_Ohm,demod_R_raw,demod_R,demod_R_gain,Z_real_Ohm,Z_imag_Ohm,Z_abs_Ohm,Z_phase_rad,imps_current_range_A,currin_index,currin_range_A,currin_norm_min,currin_norm_max,currin_est_A,currin_peak_A,iv_autorange_mode
1781066657.2623744,2026-06-10T12:44:17.262,87888120424816,,1,cf_0V,frequency,frequency,0.0,1,1,0.0,0.1,0.0,0.01007080078125,99999.99999990905,0,Rp || Cp,Rp,Cp,13227.172684867339,1.258691573324748e-09,1.258691573324748e-09,13227.172684867339,8.614248816501078e-06,8.614248816501078e-06,1.0,119.77988219043142,-1252.997193024928,1258.70933336728,-1.4754912398186937,0.0010000000474974513,0,0.0010000000474974513,-0.02374267578125,0.014923095703125,-4.409790248516288e-06,2.3742676908966587e-05,off
1781066657.67477,2026-06-10T12:44:17.674,87888169740656,,1,cf_0V,frequency,frequency,100.0,2,2,0.0,0.1,100.0,0.099945068359375,99.99999996068709,0,Rp || Cp,Rp,Cp,14941.054896982598,1.8012325291925504e-09,1.8012325291925504e-09,14941.054896982598,4.730063249380776e-06,4.730063249380776e-06,1.0,14936.784001701692,-252.57363343148563,14938.91929671609,-0.016907894271116174,0.0010000000474974513,0,0.0010000000474974513,-0.02764892578125,0.017333984375,-5.157470948091714e-06,2.7648927094503506e-05,off
1781066658.4702597,2026-06-10T12:44:18.470,87888216762736,,1,cf_0V,frequency,frequency,111.67312606580774,3,3,0.0,0.1,111.67312606580774,0.099945068359375,111.6731259998005,0,Rp || Cp,Rp,Cp,15084.819900508492,1.2725595329151166e-09,1.2725595329151166e-09,15084.819900508492,4.671240220672964e-06,4.671240220672964e-06,1.0,15082.08365598839,-203.14592970425358,15083.451716201682,-0.013468539926289819,9.999999747378752e-05,0,9.999999747378752e-05,-0.12689208984375,0.131134033203125,2.1209716261072487e-07,1.3113402989040068e-05,off
1781066658.9216595,2026-06-10T12:44:18.921,87888243140976,,1,cf_0V,frequency,frequency,124.70887085309788,4,4,0.0,0.1,124.70887085309788,0.099945068359375,124.70887085669347,0,Rp || Cp,Rp,Cp,15189.833189668248,1.2925001323037166e-09,1.2925001323037166e-09,15189.833189668248,4.653782439242874e-06,4.653782439242874e-06,1.0,15186.239241000445,-233.62055622133576,15188.03610902973,-0.015382487113538538,9.999999747378752e-05,0,9.999999747378752e-05,-0.12689208984375,0.131134033203125,2.1209716261072487e-07,1.3113402989040068e-05,off
1781066659.337659,2026-06-10T12:44:19.337,87888268945776,,1,cf_0V,frequency,frequency,139.2662945630255,5,5,0.0,0.1,139.2662945630255,0.099945068359375,139.26629449656502,0,Rp || Cp,Rp,Cp,15059.661835490662,1.2601036777981026e-09,1.2601036777981026e-09,15059.661835490662,4.716053001477756e-06,4.716053001477756e-06,1.0,15055.510476786538,-250.00164892019836,15057.586013073014,-0.01660379931227726,9.999999747378752e-05,0,9.999999747378752e-05,-0.12689208984375,0.131134033203125,2.1209716261072487e-07,1.3113402989040068e-05,off
1781066659.725003,2026-06-10T12:44:19.725,87888293316976,,1,cf_0V,frequency,frequency,155.52302469454662,6,6,0.0,0.1,155.52302469454662,0.099945068359375,155.52302464527656,0,Rp || Cp,Rp,Cp,14580.650086596852,1.2255961256842343e-09,1.2255961256842343e-09,14580.650086596852,4.970366830535081e-06,4.970366830535081e-06,1.0,14576.20538982224,-254.53253835654303,14578.427568821173,-0.01746042024624336,9.999999747378752e-05,0,9.999999747378752e-05,-0.12689208984375,0.13140869140625,2.2583007242005237e-07,1.3140868808658723e-05,off
1781066660.139631,2026-06-10T12:44:20.139,87888317114736,,1,cf_0V,frequency,frequency,173.67742342849834,7,7,0.0,0.1,173.67742342849834,0.099945068359375,173.6774233762617,0,Rp || Cp,Rp,Cp,14802.05262298011,1.2269265351612187e-09,1.2269265351612187e-09,14802.05262298011,4.72315850539847e-06,4.72315850539847e-06,1.0,14796.241248239054,-293.2345522830002,14799.146650356006,-0.019815584655641698,9.999999747378752e-05,0,9.999999747378752e-05,-0.129150390625,0.139801025390625,5.325317248283667e-07,1.3980102185895404e-05,off
1781066660.527963,2026-06-10T12:44:20.527,87888341485936,,1,cf_0V,frequency,frequency,193.95100801315368,8,8,0.0,0.1,193.95100801315368,0.099945068359375,193.9510080006812,0,Rp || Cp,Rp,Cp,14844.044096671314,1.239476048896633e-09,1.239476048896633e-09,14844.044096671314,4.770752426688594e-06,4.770752426688594e-06,1.0,14836.5854758096,-332.6566787943451,14840.314317660215,-0.02241762108680229,9.999999747378752e-05,0,9.999999747378752e-05,-0.131500244140625,0.139801025390625,4.150390520152314e-07,1.3980102185895404e-05,off
1781066660.9293234,2026-06-10T12:44:20.929,87888364423536,,1,cf_0V,frequency,frequency,216.59115368443398,9,9,0.0,0.1,216.59115368443398,0.099945068359375,216.5911537588272,0,Rp || Cp,Rp,Cp,14996.557957315612,1.1765309952849214e-09,1.1765309952849214e-09,14996.557957315612,4.727370047188211e-06,4.727370047188211e-06,1.0,14987.916790959214,-359.8792607618924,14992.236751567249,-0.024006680036747104,9.999999747378752e-05,0,9.999999747378752e-05,-0.131500244140625,0.139801025390625,4.150390520152314e-07,1.3980102185895404e-05,off
1781066661.332282,2026-06-10T12:44:21.332,87888389654896,,1,cf_0V,frequency,frequency,241.8741121014056,10,10,0.0,0.1,241.8741121014056,0.099945068359375,241.87411220566446,0,Rp || Cp,Rp,Cp,15011.12962010462,1.2813340426874262e-09,1.2813340426874262e-09,15011.12962010462,4.709762751615325e-06,4.709762751615325e-06,1.0,14998.314212004634,-438.4170587906472,15004.72054786289,-0.029222767780984694,9.999999747378752e-05,0,9.999999747378752e-05,-0.131500244140625,0.139801025390625,4.150390520152314e-07,1.3980102185895404e-05,off
1781066661.7326806,2026-06-10T12:44:21.732,87888412592496,,1,cf_0V,frequency,frequency,270.1083821275558,11,11,0.0,0.1,270.1083821275558,0.099945068359375,270.1083821676775,0,Rp || Cp,Rp,Cp,15042.440279697961,1.2585197405458743e-09,1.2585197405458743e-09,15042.440279697961,4.710181448601269e-06,4.710181448601269e-06,1.0,15026.928460466077,-482.7991278877876,15034.682369569855,-0.03211788130381455,9.999999747378752e-05,0,9.999999747378752e-05,-0.131500244140625,0.126312255859375,-2.593994075095196e-07,1.3150024081864942e-05,off
1781066662.1386113,2026-06-10T12:44:22.138,87888438970736,,1,cf_0V,frequency,frequency,301.6384740876191,12,12,0.0,0.1,301.6384740876191,0.099945068359375,301.6384739851219,0,Rp || Cp,Rp,Cp,15099.599557449432,1.2719369632712242e-09,1.2719369632712242e-09,15099.599557449432,4.699682322946102e-06,4.699682322946102e-06,1.0,15079.620010263121,-548.8934136485067,15089.606477091265,-0.03638362169596016,9.999999747378752e-05,0,9.999999747378752e-05,-0.13018798828125,0.130157470703125,-1.5258788677030566e-09,1.3018798499242479e-05,off
1781066662.544254,2026-06-10T12:44:22.544,87888461908336,,1,cf_0V,frequency,frequency,336.849113430846,13,13,0.0,0.1,336.849113430846,0.099945068359375,336.84911350917446,0,Rp || Cp,Rp,Cp,15114.25162886976,1.264040246372139e-09,1.264040246372139e-09,15114.25162886976,4.703309971827562e-06,4.703309971827562e-06,1.0,15089.579717384782,-610.1547140953905,15101.910634831707,-0.040413484735698786,9.999999747378752e-05,0,9.999999747378752e-05,-0.13018798828125,0.130157470703125,-1.5258788677030566e-09,1.3018798499242479e-05,off
1781066662.9803212,2026-06-10T12:44:22.980,87888487139696,,1,cf_0V,frequency,frequency,376.169935093184,14,14,0.0,0.1,376.169935093184,0.099945068359375,376.1699350945946,0,Rp || Cp,Rp,Cp,14898.017608870014,1.273000539598821e-09,1.273000539598821e-09,14898.017608870014,4.753282282372572e-06,4.753282282372572e-06,1.0,14868.143237226303,-666.4656305622999,14883.072927302313,-0.044795088643817774,9.999999747378752e-05,0,9.999999747378752e-05,-0.13018798828125,0.130157470703125,-1.5258788677030566e-09,1.3018798499242479e-05,off
1781066663.3810997,2026-06-10T12:44:23.381,87888516098416,,1,cf_0V,frequency,frequency,420.08072583827897,15,15,0.0,0.1,420.08072583827897,0.099945068359375,420.08072583143985,0,Rp || Cp,Rp,Cp,14955.618873195359,1.2665925144926699e-09,1.2665925144926699e-09,14955.618873195359,4.730908417913038e-06,4.730908417913038e-06,1.0,14918.325819336585,-745.8886835602557,14936.960707592018,-0.04995654976663595,9.999999747378752e-05,0,9.999999747378752e-05,-0.13116455078125,0.130157470703125,-5.035400263420087e-08,1.3116454746775474e-05,off
1781066663.8508,2026-06-10T12:44:23.850,87888535308656,,1,cf_0V,frequency,frequency,469.11727854354143,16,16,0.0,0.1,469.11727854354143,0.099945068359375,469.11727856979724,0,Rp || Cp,Rp,Cp,14933.1550349751,1.2638110388913165e-09,1.2638110388913165e-09,14933.1550349751,4.7532919334797384e-06,4.7532919334797384e-06,1.0,14887.086992555898,-828.1418689278934,14910.10322160777,-0.05557092696805827,9.999999747378752e-05,0,9.999999747378752e-05,-0.13116455078125,0.13507080078125,1.9531249506599124e-07,1.3507079736907457e-05,off
1781066664.3925805,2026-06-10T12:44:24.392,87888567421296,,1,cf_0V,frequency,frequency,523.8779298644155,17,17,0.0,0.1,523.8779298644155,0.099945068359375,523.877929836658,0,Rp || Cp,Rp,Cp,14858.53018149199,1.2620363454100105e-09,1.2620363454100105e-09,14858.53018149199,4.794670192918345e-06,4.794670192918345e-06,1.0,14802.135293593325,-913.6546177539359,14830.305931112285,-0.06164630502188374,9.999999747378752e-05,0,9.999999747378752e-05,-0.132171630859375,0.13507080078125,1.4495849243179038e-07,1.3507079736907457e-05,off
1781066664.807008,2026-06-10T12:44:24.807,87888597526896,,1,cf_0V,frequency,frequency,585.0308610484332,18,18,0.0,0.1,585.0308610484332,0.099945068359375,585.0308610888533,0,Rp || Cp,Rp,Cp,14892.868458752131,1.2701142789381715e-09,1.2701142789381715e-09,14892.868458752131,4.7472930740691885e-06,4.7472930740691885e-06,1.0,14821.213975112989,-1030.5369640590045,14856.998018791566,-0.06941948382865039,9.999999747378752e-05,0,9.999999747378752e-05,-0.132171630859375,0.13507080078125,1.4495849243179038e-07,1.3507079736907457e-05,off
1781066665.3239667,2026-06-10T12:44:25.323,87888621611376,,1,cf_0V,frequency,frequency,653.3222509824973,19,19,0.0,0.1,653.3222509824973,0.099945068359375,653.3222509119696,0,Rp || Cp,Rp,Cp,14884.845129977575,1.2673202429187709e-09,1.2673202429187709e-09,14884.845129977575,4.770028432741575e-06,4.770028432741575e-06,1.0,14796.124625763576,-1145.7397772666116,14840.418578272593,-0.07728090848983257,9.999999747378752e-05,0,9.999999747378752e-05,-0.132171630859375,0.132293701171875,6.103515470812226e-09,1.32293697829855e-05,off
1781066665.757775,2026-06-10T12:44:25.757,87888651716976,,1,cf_0V,frequency,frequency,729.585380955657,20,20,0.0,0.1,729.585380955657,0.099945068359375,729.5853809097252,0,Rp || Cp,Rp,Cp,14810.062611481624,1.2664410857416226e-09,1.2664410857416226e-09,14810.062611481624,4.794872480144919e-06,4.794872480144919e-06,1.0,14701.381541867258,-1264.026056210489,14755.622017059612,-0.08576914988179725,9.999999747378752e-05,0,9.999999747378752e-05,-0.13482666015625,0.132293701171875,-1.266479460193537e-07,1.3482665675024208e-05,off
1781066666.2548995,2026-06-10T12:44:26.254,87888681822576,,1,cf_0V,frequency,frequency,814.7508022323145,21,21,0.0,0.1,814.7508022323145,0.099945068359375,814.7508022915417,0,Rp || Cp,Rp,Cp,14968.000888451055,1.2626575359473076e-09,1.2626575359473076e-09,14968.000888451055,4.781058329423236e-06,4.781058329423236e-06,1.0,14829.189374041212,-1434.7342034262008,14898.433465490853,-0.09645048293134968,9.999999747378752e-05,0,9.999999747378752e-05,-0.13482666015625,0.134002685546875,-4.119872942798253e-08,1.3482665675024208e-05,off
1781066666.7121952,2026-06-10T12:44:26.712,87888708774256,,1,cf_0V,frequency,frequency,909.8576904990725,22,22,0.0,0.1,909.8576904990725,0.099945068359375,909.8576904165157,0,Rp || Cp,Rp,Cp,14655.865529216911,1.2662508425780666e-09,1.2662508425780666e-09,14655.865529216911,4.822840163071393e-06,4.822840163071393e-06,1.0,14492.740860798027,-1537.5706641967736,14574.074969123882,-0.10569709075172086,9.999999747378752e-05,0,9.999999747378752e-05,-0.13482666015625,0.14044189453125,2.807617116573624e-07,1.4044189098338933e-05,off
1781066667.1196434,2026-06-10T12:44:27.119,87888737159536,,1,cf_0V,frequency,frequency,1016.0665257304771,23,23,0.0,0.1,1016.0665257304771,0.099945068359375,1016.0665256364609,0,Rp || Cp,Rp,Cp,14736.231798988863,1.2662431016988558e-09,1.2662431016988558e-09,14736.231798988863,4.813945481519809e-06,4.813945481519809e-06,1.0,14530.036947901664,-1730.9011539553833,14632.771183619036,-0.11856697077536707,9.999999747378752e-05,0,9.999999747378752e-05,-0.13482666015625,0.14044189453125,2.807617116573624e-07,1.4044189098338933e-05,off
1781066667.5105634,2026-06-10T12:44:27.510,87888761817456,,1,cf_0V,frequency,frequency,1134.6732521914685,24,24,0.0,0.1,1134.6732521914685,0.099945068359375,1134.67325220995,0,Rp || Cp,Rp,Cp,14680.512288684255,1.2647346285231143e-09,1.2647346285231143e-09,14680.512288684255,4.887943280719575e-06,4.887943280719575e-06,1.0,14427.710563185197,-1909.803687653315,14553.562526763675,-0.13160542700957809,9.999999747378752e-05,0,9.999999747378752e-05,-0.130706787109375,0.14044189453125,4.86755358797275e-07,1.4044189098338933e-05,off
1781066667.960467,2026-06-10T12:44:27.960,87888787335536,,1,cf_0V,frequency,frequency,1267.1250913547792,25,25,0.0,0.1,1267.1250913547792,0.099945068359375,1267.1250913598442,0,Rp || Cp,Rp,Cp,14637.441520581617,1.2626128934162833e-09,1.2626128934162833e-09,14637.441520581617,4.884039342948453e-06,4.884039342948453e-06,1.0,14327.248307131837,-2108.1307341534043,14481.514397551598,-0.14609304148376728,9.999999747378752e-05,0,9.999999747378752e-05,-0.131622314453125,0.14044189453125,4.4097899276618335e-07,1.4044189098338933e-05,off
1781066668.4112737,2026-06-10T12:44:28.411,87888811133296,,1,cf_0V,frequency,frequency,1415.0382006801042,26,26,0.0,0.1,1415.0382006801042,0.099945068359375,1415.0382007471762,0,Rp || Cp,Rp,Cp,14666.00268424005,1.2622320641248265e-09,1.2622320641248265e-09,14666.00268424005,4.868268098474043e-06,4.868268098474043e-06,1.0,14279.189247566277,-2350.187708623779,14471.30359827955,-0.163125819145129,9.999999747378752e-05,0,9.999999747378752e-05,-0.1336669921875,0.141326904296875,3.829955957934672e-07,1.413269007266571e-05,off
1781066668.8254461,2026-06-10T12:44:28.825,87888838371696,,1,cf_0V,frequency,frequency,1580.2173937248301,27,27,0.0,0.1,1580.2173937248301,0.099945068359375,1580.217393737371,0,Rp || Cp,Rp,Cp,14623.401679054752,1.263153478113164e-09,1.263153478113164e-09,14623.401679054752,4.855301577958973e-06,4.855301577958973e-06,1.0,14147.537165735996,-2594.6697069245597,14383.501616223823,-0.18138505136784874,9.999999747378752e-05,0,9.999999747378752e-05,-0.13531494140625,0.141326904296875,3.0059813693750215e-07,1.413269007266571e-05,off
1781066669.2181046,2026-06-10T12:44:29.218,87888862742896,,1,cf_0V,frequency,frequency,1764.6781622081528,28,28,0.0,0.1,1764.6781622081528,0.099945068359375,1764.6781621039054,0,Rp || Cp,Rp,Cp,14677.312699122142,1.2620759791761417e-09,1.2620759791761417e-09,14677.312699122142,4.849547083338373e-06,4.849547083338373e-06,1.0,14083.21658262703,-2892.53941710364,14377.196305006035,-0.20257199205352155,9.999999747378752e-05,0,9.999999747378752e-05,-0.143524169921875,0.141326904296875,-1.0986327847462007e-07,1.435241662961495e-05,off
1781066669.6285968,2026-06-10T12:44:29.628,87888887974256,,1,cf_0V,frequency,frequency,1970.6712687384897,29,29,0.0,0.1,1970.6712687384897,0.099945068359375,1970.6712688360994,0,Rp || Cp,Rp,Cp,14795.479828494037,1.262703860638543e-09,1.262703860638543e-09,14795.479828494037,4.8873725667203556e-06,4.8873725667203556e-06,1.0,14043.96267464254,-3248.734962726882,14414.824538120361,-0.22732748619618415,9.999999747378752e-05,0,9.999999747378752e-05,-0.143524169921875,0.141326904296875,-1.0986327847462007e-07,1.435241662961495e-05,off
1781066670.0922465,2026-06-10T12:44:30.092,87888909764976,,1,cf_0V,frequency,frequency,2200.7102102809863,30,30,0.0,0.1,2200.7102102809863,0.099945068359375,2200.7102103316356,0,Rp || Cp,Rp,Cp,14899.520650487622,1.2610577180275928e-09,1.2610577180275928e-09,14899.520650487622,4.917516185194932e-06,4.917516185194932e-06,1.0,13957.404110872943,-3626.2241054489878,14420.770810783737,-0.2541867885507236,9.999999747378752e-05,0,9.999999747378752e-05,-0.143524169921875,0.138397216796875,-2.563476497741135e-07,1.435241662961495e-05,off
1781066670.4826646,2026-06-10T12:44:30.482,87888937863536,,1,cf_0V,frequency,frequency,2457.6018874701913,31,31,0.0,0.1,2457.6018874701913,0.099945068359375,2457.6018875421823,0,Rp || Cp,Rp,Cp,14958.519894081415,1.2596531289160513e-09,1.2596531289160513e-09,14958.519894081415,4.984162285375513e-06,4.984162285375513e-06,1.0,13791.016219713318,-4012.6128781363027,14362.91023721102,-0.2831413042391415,9.999999747378752e-05,0,9.999999747378752e-05,-0.143524169921875,0.138397216796875,-2.563476497741135e-07,1.435241662961495e-05,off
1781066670.9222424,2026-06-10T12:44:30.922,87888965101936,,1,cf_0V,frequency,frequency,2744.480853990254,32,32,0.0,0.1,2744.480853990254,0.099945068359375,2744.480853991149,0,Rp || Cp,Rp,Cp,14686.675217994314,1.2598343372853722e-09,1.2598343372853722e-09,14686.675217994314,5.009930631610709e-06,5.009930631610709e-06,1.0,13329.692994186493,-4253.017333838026,13991.742985103434,-0.3088531241439083,9.999999747378752e-05,0,9.999999747378752e-05,-0.138458251953125,0.138397216796875,-3.051757735406113e-09,1.3845824845537535e-05,off
1781066671.335075,2026-06-10T12:44:31.335,87888990333296,,1,cf_0V,frequency,frequency,3064.8475639284966,33,33,0.0,0.1,3064.8475639284966,0.099945068359375,3064.8475640049355,0,Rp || Cp,Rp,Cp,14700.21564061737,1.2582991595455011e-09,1.2582991595455011e-09,14700.21564061737,5.089246270303015e-06,5.089246270303015e-06,1.0,13045.060130911561,-4646.676570423409,13847.93114400921,-0.3421892707300844,9.999999747378752e-05,0,9.999999747378752e-05,-0.138458251953125,0.135498046875,-1.480102501671965e-07,1.3845824845537535e-05,off
1781066671.7560964,2026-06-10T12:44:31.756,87889013270896,,1,cf_0V,frequency,frequency,3422.6110837907077,34,34,0.0,0.1,3422.6110837907077,0.099945068359375,3422.6110837209944,0,Rp || Cp,Rp,Cp,14691.272383592635,1.258140907663433e-09,1.258140907663433e-09,14691.272383592635,5.16154506995977e-06,5.16154506995977e-06,1.0,12686.783074911527,-5042.868334114683,13652.2886661936,-0.3783406401171212,9.999999747378752e-05,0,9.999999747378752e-05,-0.138458251953125,0.13677978515625,-8.392333772366811e-08,1.3845824845537535e-05,off
1781066672.1583388,2026-06-10T12:44:32.158,87889039075696,,1,cf_0V,frequency,frequency,3822.1367903439054,35,35,0.0,0.1,3822.1367903439054,0.099945068359375,3822.136790319064,0,Rp || Cp,Rp,Cp,14939.062349079219,1.2575365710187544e-09,1.2575365710187544e-09,14939.062349079219,5.2070765032616846e-06,5.2070765032616846e-06,1.0,12412.55144271032,-5600.039874489522,13617.337475211616,-0.4238177067417299,9.999999747378752e-05,0,9.999999747378752e-05,-0.13397216796875,0.139129638671875,2.5787352864181656e-07,1.391296351571647e-05,off
1781066672.5576751,2026-06-10T12:44:32.557,87889063160176,,1,cf_0V,frequency,frequency,4268.299636288371,36,36,0.0,0.1,4268.299636288371,0.099945068359375,4268.299636294159,0,Rp || Cp,Rp,Cp,14702.721551349032,1.2569482379346536e-09,1.2569482379346536e-09,14702.721551349032,5.347767667870519e-06,5.347767667870519e-06,1.0,11803.343571906595,-5849.9875586345825,13173.506515451689,-0.46013845423766914,9.999999747378752e-05,0,9.999999747378752e-05,-0.1370849609375,0.139129638671875,1.0223388413610479e-07,1.391296351571647e-05,off
1781066672.9634702,2026-06-10T12:44:32.963,87889086671216,,1,cf_0V,frequency,frequency,4766.543633698721,37,37,0.0,0.1,4766.543633698721,0.099945068359375,4766.543633607512,0,Rp || Cp,Rp,Cp,14903.401621121784,1.2563128359935325e-09,1.2563128359935325e-09,14903.401621121784,5.467950728408842e-06,5.467950728408842e-06,1.0,11338.241811880685,-6357.880465624846,12999.168104146258,-0.5110564973751057,9.999999747378752e-05,0,9.999999747378752e-05,-0.140228271484375,0.141326904296875,5.493163923731004e-08,1.413269007266571e-05,off
1781066673.3729,2026-06-10T12:44:33.372,87889109608816,,1,cf_0V,frequency,frequency,5322.948281042111,38,38,0.0,0.1,5322.948281042111,0.099945068359375,5322.948280976902,0,Rp || Cp,Rp,Cp,14852.312648001945,1.2554506049145718e-09,1.2554506049145718e-09,14852.312648001945,5.592464873546035e-06,5.592464873546035e-06,1.0,10693.485015082177,-6668.760077625918,12602.499067277264,-0.5576123294098283,9.999999747378752e-05,0,9.999999747378752e-05,-0.140228271484375,0.141326904296875,5.493163923731004e-08,1.413269007266571e-05,off
1781066673.8167732,2026-06-10T12:44:33.816,87889138567536,,1,cf_0V,frequency,frequency,5944.302744305904,39,39,0.0,0.1,5944.302744305904,0.099945068359375,5944.302744325114,0,Rp || Cp,Rp,Cp,14759.415188669653,1.2550025464158331e-09,1.2550025464158331e-09,14759.415188669653,5.797850974336475e-06,5.797850974336475e-06,1.0,9981.898298895248,-6905.699654269831,12137.832646913133,-0.6052164513112213,9.999999747378752e-05,0,9.999999747378752e-05,-0.142578125,0.141326904296875,-6.256103357582532e-08,1.425781213981736e-05,off
1781066674.2170153,2026-06-10T12:44:34.217,87889162652016,,1,cf_0V,frequency,frequency,6638.188697382001,40,40,0.0,0.1,6638.188697382001,0.099945068359375,6638.188697394298,0,Rp || Cp,Rp,Cp,14829.81090822631,1.2542242340570106e-09,1.2542242340570106e-09,14829.81090822631,6.026373890510421e-06,6.026373890510421e-06,1.0,9257.989317594567,-7182.190805430571,11717.262093608155,-0.6597990721226223,9.999999747378752e-05,0,9.999999747378752e-05,-0.142578125,0.141326904296875,-6.256103357582532e-08,1.425781213981736e-05,off
1781066674.6198974,2026-06-10T12:44:34.619,87889186163056,,1,cf_0V,frequency,frequency,7413.07283251361,41,41,0.0,0.1,7413.07283251361,0.099945068359375,7413.072832491707,0,Rp || Cp,Rp,Cp,14672.959140740059,1.253726764546081e-09,1.253726764546081e-09,14672.959140740059,6.356947306196431e-06,6.356947306196431e-06,1.0,8461.077644411434,-7249.773214268097,11142.219104068907,-0.7084505295281245,9.999999747378752e-05,0,9.999999747378752e-05,-0.15325927734375,0.145751953125,-3.753662014549519e-07,1.53259273472095e-05,off
1781066675.0229547,2026-06-10T12:44:35.022,87889210247536,,1,cf_0V,frequency,frequency,8278.410169603068,42,42,0.0,0.1,8278.410169603068,0.099945068359375,8278.410169637595,0,Rp || Cp,Rp,Cp,14602.195593835375,1.2530998369148552e-09,1.2530998369148552e-09,14602.195593835375,6.6556223571276216e-06,6.6556223571276216e-06,1.0,7661.733980088033,-7292.185583454704,10577.2462467875,-0.760690715020644,9.999999747378752e-05,0,9.999999747378752e-05,-0.15325927734375,0.1483154296875,-2.4719237656789517e-07,1.53259273472095e-05,off
1781066675.5209994,2026-06-10T12:44:35.520,87889234905456,,1,cf_0V,frequency,frequency,9244.759424945483,43,43,0.0,0.1,9244.759424945483,0.099945068359375,9244.759424973381,0,Rp || Cp,Rp,Cp,14753.595449971415,1.252510147446419e-09,1.252510147446419e-09,14753.595449971415,6.99095093579372e-06,6.99095093579372e-06,1.0,6855.280545272281,-7358.339792821344,10056.840252336053,-0.8207761558695552,9.999999747378752e-05,0,9.999999747378752e-05,-0.1553955078125,0.150115966796875,-2.639770441126288e-07,1.5539550388687928e-05,off
1781066675.8783925,2026-06-10T12:44:35.878,87889264437616,,1,cf_0V,frequency,frequency,10323.911847100022,44,44,0.0,0.1,10323.911847100022,0.099945068359375,10323.911847009982,0,Rp || Cp,Rp,Cp,14696.854243828957,1.2518072732907872e-09,1.2518072732907872e-09,14696.854243828957,7.507197398316628e-06,7.507197398316628e-06,1.0,6062.549894183039,-7235.04671175591,9439.301464660868,-0.8733443081502953,9.999999747378752e-05,0,9.999999747378752e-05,-0.15972900390625,0.16290283203125,1.5869140224111788e-07,1.6290282791597832e-05,off
1781066676.2425406,2026-06-10T12:44:36.242,87889287375216,,1,cf_0V,frequency,frequency,11529.035091934857,45,45,0.0,0.1,11529.035091934857,0.099945068359375,11529.035091939477,0,Rp || Cp,Rp,Cp,14705.968522542176,1.2512272041585558e-09,1.2512272041585558e-09,14705.968522542176,8.025620734646828e-06,8.025620734646828e-06,1.0,5296.272440820536,-7059.483977892385,8825.350746656724,-0.9271447915807125,9.999999747378752e-05,0,9.999999747378752e-05,-0.16632080078125,0.16302490234375,-1.647949177119301e-07,1.6632079657963317e-05,off
1781066676.6486797,2026-06-10T12:44:36.648,87889310312816,,1,cf_0V,frequency,frequency,12874.833892387638,46,46,0.0,0.1,12874.833892387638,0.099945068359375,12874.83389234012,0,Rp || Cp,Rp,Cp,14625.24102223285,1.2505326448650014e-09,1.2505326448650014e-09,14625.24102223285,8.628145549401657e-06,8.628145549401657e-06,1.0,4586.200741991019,-6785.355847862573,8189.889573612198,-0.9764307792574407,9.999999747378752e-05,0,9.999999747378752e-05,-0.1693115234375,0.175994873046875,3.341674720269694e-07,1.7599486860087055e-05,off
1781066677.100301,2026-06-10T12:44:37.100,87889333823856,,1,cf_0V,frequency,frequency,14377.729483409405,47,47,0.0,0.1,14377.729483409405,0.099945068359375,14377.729483356916,0,Rp || Cp,Rp,Cp,14753.639472852055,1.2499060753791302e-09,1.2499060753791302e-09,14753.639472852055,9.321295966165185e-06,9.321295966165185e-06,1.0,3908.047392213276,-6510.383079953847,7593.281389987752,-1.0301715751633136,9.999999747378752e-05,0,9.999999747378752e-05,-0.179534912109375,0.178314208984375,-6.103515470812226e-08,1.7953490757394164e-05,off
1781066677.5560472,2026-06-10T12:44:37.556,87889361062256,,1,cf_0V,frequency,frequency,16056.059971408577,48,48,0.0,0.1,16056.059971408577,0.099945068359375,16056.059971489845,0,Rp || Cp,Rp,Cp,14738.726021031769,1.249407769908412e-09,1.249407769908412e-09,14738.726021031769,1.0151202953282882e-05,1.0151202953282882e-05,1.0,3311.204782423294,-6151.330179442829,6985.9101116223255,-1.076987286039281,9.999999747378752e-05,0,9.999999747378752e-05,-0.200225830078125,0.189605712890625,-5.310058459606637e-07,2.002258250199951e-05,off
1781066678.0034788,2026-06-10T12:44:38.003,87889390881136,,1,cf_0V,frequency,frequency,17930.304093072773,49,49,0.0,0.1,17930.304093072773,0.099945068359375,17930.304093098926,0,Rp || Cp,Rp,Cp,14635.739123534906,1.2488187130114725e-09,1.2488187130114725e-09,14635.739123534906,1.1089253768149432e-05,1.1089253768149432e-05,1.0,2793.0940072604135,-5751.314728336303,6393.668370956701,-1.1186989811340164,9.999999747378752e-05,0,9.999999747378752e-05,-0.202880859375,0.20709228515625,2.105712837430218e-07,2.0709227992465884e-05,off
1781066678.4147646,2026-06-10T12:44:38.414,87889414965616,,1,cf_0V,frequency,frequency,20023.331093839864,50,50,0.0,0.1,20023.331093839864,0.099945068359375,20023.331093881323,0,Rp || Cp,Rp,Cp,14445.933238404423,1.2482018180875768e-09,1.2482018180875768e-09,14445.933238404423,1.213016678262918e-05,1.213016678262918e-05,1.0,2350.354768472257,-5331.875892613727,5826.926125489811,-1.1556093778622176,9.999999747378752e-05,0,9.999999747378752e-05,-0.209228515625,0.214202880859375,2.487182554355982e-07,2.142028754481551e-05,off
1781066678.8078423,2026-06-10T12:44:38.807,87889439050096,,1,cf_0V,frequency,frequency,22360.679774997894,51,51,0.0,0.1,22360.679774997894,0.099945068359375,22360.6797749909,0,Rp || Cp,Rp,Cp,14457.809592446996,1.2476591190590653e-09,1.2476591190590653e-09,14457.809592446996,1.334428212207249e-05,1.334428212207249e-05,1.0,1947.748185306447,-4936.238386041564,5306.615908203154,-1.1949698085878702,9.999999747378752e-05,0,9.999999747378752e-05,-0.22674560546875,0.231689453125,2.4719237656789517e-07,2.316894472720321e-05,off
1781066679.2191777,2026-06-10T12:44:39.219,87889461987696,,1,cf_0V,frequency,frequency,24970.870114304947,52,52,0.0,0.1,24970.870114304947,0.099945068359375,24970.87011427368,0,Rp || Cp,Rp,Cp,14189.988225955412,1.2470070613747845e-09,1.2470070613747845e-09,14189.988225955412,1.4706204349954607e-05,1.4706204349954607e-05,1.0,1629.5769608908363,-4524.174711133839,4808.708546827222,-1.225069723860458,9.999999747378752e-05,0,9.999999747378752e-05,-0.2518310546875,0.24749755859375,-2.1667479921383404e-07,2.5183104832571246e-05,off
1781066679.6120427,2026-06-10T12:44:39.612,87889486072176,,1,cf_0V,frequency,frequency,27885.751262476904,53,53,0.0,0.1,27885.751262476904,0.099945068359375,27885.751262459737,0,Rp || Cp,Rp,Cp,14219.34529501775,1.2465385488634494e-09,1.2465385488634494e-09,14219.34529501775,1.6269429116585754e-05,1.6269429116585754e-05,1.0,1335.7968966046312,-4148.470075564703,4358.22869028627,-1.2592824995966638,9.999999747378752e-05,0,9.999999747378752e-05,-0.260833740234375,0.267059326171875,3.1127928901142354e-07,2.6705931942538896e-05,off
1781066680.0222986,2026-06-10T12:44:40.022,87889511590256,,1,cf_0V,frequency,frequency,31140.89016174344,54,54,0.0,0.1,31140.89016174344,0.099945068359375,31140.890161793777,0,Rp || Cp,Rp,Cp,14258.939407537533,1.245998562967052e-09,1.245998562967052e-09,14258.939407537533,1.7952221213810833e-05,1.7952221213810833e-05,1.0,1089.7519797532518,-3788.29091691353,3941.9167226801837,-1.2906957479934726,9.999999747378752e-05,0,9.999999747378752e-05,-0.29547119140625,0.2847900390625,-5.340576036960698e-07,2.9547118394201988e-05,off
1781066680.4626548,2026-06-10T12:44:40.462,87889534241136,,1,cf_0V,frequency,frequency,34776.005528338435,55,55,0.0,0.1,34776.005528338435,0.099945068359375,34776.005528271984,0,Rp || Cp,Rp,Cp,14125.63852880911,1.2455629523213024e-09,1.2455629523213024e-09,14125.63852880911,1.9899953708637746e-05,1.9899953708637746e-05,1.0,895.1758576800004,-3441.4518403039187,3555.97111705148,-1.3163198420635178,9.999999747378752e-05,0,9.999999747378752e-05,-0.308837890625,0.3079833984375,-4.2724608295685584e-08,3.0883788282309865e-05,off
1781066680.8741906,2026-06-10T12:44:40.874,87889560332656,,1,cf_0V,frequency,frequency,38835.452494313686,56,56,0.0,0.1,38835.452494313686,0.099945068359375,38835.45249436793,0,Rp || Cp,Rp,Cp,13986.705296133532,1.2450246302873814e-09,1.2450246302873814e-09,13986.705296133532,2.2089053785769907e-05,2.2089053785769907e-05,1.0,734.0084388176061,-3118.9086761816957,3204.1160588556895,-1.3396608263592829,9.999999747378752e-05,0,9.999999747378752e-05,-0.33953857421875,0.34576416015625,3.1127928901142354e-07,3.457641514215126e-05,off
1781066681.3733249,2026-06-10T12:44:41.373,87889587571056,,1,cf_0V,frequency,frequency,43368.76382220184,57,57,0.0,0.1,43368.76382220184,0.099945068359375,43368.763822186906,0,Rp || Cp,Rp,Cp,13797.750638126252,1.2445843670080638e-09,1.2445843670080638e-09,13797.750638126252,2.4537061155190713e-05,2.4537061155190713e-05,1.0,602.6081410466661,-2819.840472617377,2883.51120383929,-1.3602602688887353,9.999999747378752e-05,0,9.999999747378752e-05,-0.371490478515625,0.3651123046875,-3.189086833499388e-07,3.7149046913098616e-05,off
1781066681.867146,2026-06-10T12:44:41.867,87889618536816,,1,cf_0V,frequency,frequency,48431.254296349834,58,58,0.0,0.1,48431.254296349834,0.099945068359375,48431.25429637496,0,Rp || Cp,Rp,Cp,13606.67275637702,1.2441951432560887e-09,1.2441951432560887e-09,13606.67275637702,2.728410600129304e-05,2.728410600129304e-05,1.0,494.0791725351365,-2545.3210775252182,2592.831197056056,-1.379067978228623,9.999999747378752e-05,0,9.999999747378752e-05,-0.39886474609375,0.40814208984375,4.638671757817292e-07,4.081420795332136e-05,off
1781066682.2829783,2026-06-10T12:44:42.282,87889645775216,,1,cf_0V,frequency,frequency,54084.69566561462,59,59,0.0,0.1,54084.69566561462,0.099945068359375,54084.69566560825,0,Rp || Cp,Rp,Cp,13526.713428089442,1.243821177145765e-09,1.243821177145765e-09,13526.713428089442,3.036214685025587e-05,3.036214685025587e-05,1.0,401.5106167488058,-2295.6280787040696,2330.4761425718443,-1.3976454647471028,9.999999747378752e-05,0,9.999999747378752e-05,-0.438751220703125,0.448333740234375,4.791259644587598e-07,4.483337289085121e-05,off
1781066682.7221618,2026-06-10T12:44:42.722,87889670146416,,1,cf_0V,frequency,frequency,60398.07037297046,60,60,0.0,0.1,60398.07037297046,0.099945068359375,60398.070372897906,0,Rp || Cp,Rp,Cp,13218.209519035838,1.2435833242148193e-09,1.2435833242148193e-09,13218.209519035838,3.379403878340763e-05,3.379403878340763e-05,1.0,331.170940790548,-2065.8685074228656,2092.244460378776,-1.4118428000607781,9.999999747378752e-05,0,9.999999747378752e-05,-0.487548828125,0.49652099609375,4.4860838710469864e-07,4.965209835505746e-05,off
1781066683.124526,2026-06-10T12:44:43.124,87889697098096,,1,cf_0V,frequency,frequency,67448.41326892251,61,61,0.0,0.1,67448.41326892251,0.099945068359375,67448.4132688491,0,Rp || Cp,Rp,Cp,12892.206887939046,1.243284751457412e-09,1.243284751457412e-09,12892.206887939046,3.765554527328487e-05,3.765554527328487e-05,1.0,273.47445993161944,-1857.660096942103,1877.6818995787958,-1.424631713811748,9.999999747378752e-05,0,9.999999747378752e-05,-0.538299560546875,0.531494140625,-3.402709874977816e-07,5.382995469482843e-05,off
1781066683.531908,2026-06-10T12:44:43.531,87889720035696,,1,cf_0V,frequency,frequency,75321.75157919075,62,62,0.0,0.1,75321.75157919075,0.099945068359375,75321.7515791249,0,Rp || Cp,Rp,Cp,12544.393823991833,1.2432066509125449e-09,1.2432066509125449e-09,12544.393823991833,4.1961431791340984e-05,4.1961431791340984e-05,1.0,226.13242894159114,-1668.9992119830806,1684.2488667115579,-1.436126561931867,9.999999747378752e-05,0,9.999999747378752e-05,-0.59637451171875,0.59375,-1.3122558262246287e-07,5.9637449665306264e-05,off
1781066683.9475691,2026-06-10T12:44:43.947,87889746987376,,1,cf_0V,frequency,frequency,84114.1545960043,63,63,0.0,0.1,84114.1545960043,0.099945068359375,84114.15459598004,0,Rp || Cp,Rp,Cp,12120.425694997757,1.2431800327654209e-09,1.2431800327654209e-09,12120.425694997757,4.6779919484376666e-05,4.6779919484376666e-05,1.0,188.15740087948532,-1498.3806555138062,1510.1482696489466,-1.4458763682807334,9.999999747378752e-05,0,9.999999747378752e-05,-0.659423828125,0.653350830078125,-3.0364989467290826e-07,6.59423811466553e-05,off
1781066684.326743,2026-06-10T12:44:44.326,87889769351536,,1,cf_0V,frequency,frequency,93932.9059011844,64,64,0.0,0.1,93932.9059011844,0.099945068359375,93932.90590111291,0,Rp || Cp,Rp,Cp,11691.113698377652,1.2432763061708343e-09,1.2432763061708343e-09,11691.113698377652,5.2159884481141004e-05,5.2159884481141004e-05,1.0,156.7299736051104,-1344.5384549111325,1353.6424717631587,-1.4547521785117679,9.999999747378752e-05,0,9.999999747378752e-05,-0.724212646484375,0.719329833984375,-2.4414061883248905e-07,7.242126281892247e-05,off
1781066684.730353,2026-06-10T12:44:44.730,87889794582896,,1,cf_0V,frequency,frequency,104897.8124243061,65,65,0.0,0.1,104897.8124243061,0.099945068359375,104897.81242434049,0,Rp || Cp,Rp,Cp,11174.29676715371,1.243551836693214e-09,1.243551836693214e-09,11174.29676715371,5.8173366166019835e-05,5.8173366166019835e-05,1.0,131.64746222538292,-1205.7100635056104,1212.875843418891,-1.4620404810189054,9.999999747378752e-05,0,9.999999747378752e-05,-0.793914794921875,0.79534912109375,7.171630678204366e-08,7.953491010015412e-05,off
1781066685.109539,2026-06-10T12:44:45.109,87889818954096,,1,cf_0V,frequency,frequency,117142.66630887002,66,66,0.0,0.1,117142.66630887002,0.099945068359375,117142.66630889369,0,Rp || Cp,Rp,Cp,10667.012886904457,1.2441549158062033e-09,1.2441549158062033e-09,10667.012886904457,6.48968967234743e-05,6.48968967234743e-05,1.0,110.63446614380759,-1080.693893289337,1086.3421542459769,-1.4687781850891515,9.999999747378752e-05,0,9.999999747378752e-05,-0.88140869140625,0.879730224609375,-8.392333772366811e-08,8.814086691399936e-05,off
1781066685.5353541,2026-06-10T12:44:45.535,87889841604976,,1,cf_0V,frequency,frequency,130816.87742395303,67,67,0.0,0.1,130816.87742395303,0.099945068359375,130816.87742399595,0,Rp || Cp,Rp,Cp,10076.772331933365,1.2449946239995576e-09,1.2449946239995576e-09,10076.772331933365,7.24105577313796e-05,7.24105577313796e-05,1.0,93.88389070300562,-968.1076424224577,972.6492647662379,-1.4741219215415342,9.999999747378752e-05,0,9.999999747378752e-05,-0.975311279296875,0.978424072265625,1.5563964450571177e-07,9.78424047548554e-05,off
1781066686.3390803,2026-06-10T12:44:46.339,87889867409776,,1,cf_0V,frequency,frequency,146087.29644100412,68,68,0.0,0.1,146087.29644100412,0.099945068359375,146087.29644095319,0,Rp || Cp,Rp,Cp,9480.599521887749,1.2419072523457962e-09,1.2419072523457962e-09,9480.599521887749,8.026621800592617e-05,8.026621800592617e-05,1.0,80.48199135929747,-869.7931810886835,873.5087456926402,-1.478529020668205,0.0010000000474974513,0,0.0010000000474974513,-0.120635986328125,0.107940673828125,-6.347656551497494e-06,0.00012063599205802689,off
1781066686.70749,2026-06-10T12:44:46.707,87889913858416,,1,cf_0V,frequency,frequency,163140.25072069294,69,69,0.0,0.1,163140.25072069294,0.099945068359375,163140.25072077243,0,Rp || Cp,Rp,Cp,8708.899719964464,1.2477651732385462e-09,1.2477651732385462e-09,8708.899719964464,8.942597436918252e-05,8.942597436918252e-05,1.0,69.63101013898375,-775.6036404809245,778.722983287535,-1.4812598229668137,0.0010000000474974513,0,0.0010000000474974513,-0.133880615234375,0.12298583984375,-5.447387954049532e-06,0.000133880621593363,off
1781066687.0730767,2026-06-10T12:44:47.073,87889935075696,,1,cf_0V,frequency,frequency,182183.81785139444,70,70,0.0,0.1,182183.81785139444,0.099945068359375,182183.81785146677,0,Rp || Cp,Rp,Cp,7941.988037346746,1.248887912131444e-09,1.248887912131444e-09,7941.988037346746,9.961755885741962e-05,9.961755885741962e-05,1.0,61.13480392639392,-694.1141240443395,696.801177846995,-1.4829470070710318,0.0010000000474974513,0,0.0010000000474974513,-0.145751953125,0.134979248046875,-5.3863527949005174e-06,0.0001457519600478463,off
1781066687.442597,2026-06-10T12:44:47.442,87889957439856,,1,cf_0V,frequency,frequency,203450.36458068906,71,71,0.0,0.1,203450.36458068906,0.099945068359375,203450.36458074616,0,Rp || Cp,Rp,Cp,7199.3511843635415,1.2505738591927842e-09,1.2505738591927842e-09,7199.3511843635415,0.0001109153790239014,0.0001109153790239014,1.0,53.94421492494745,-620.8489101912098,623.1880515618715,-1.4841261641754602,0.0010000000474974513,0,0.0010000000474974513,-0.161834716796875,0.150543212890625,-5.6457522212838285e-06,0.00016183472448361158,off
1781066687.8956726,2026-06-10T12:44:47.895,87889980090736,,1,cf_0V,frequency,frequency,227199.38211953812,72,72,0.0,0.1,227199.38211953812,0.099945068359375,227199.38211963608,0,Rp || Cp,Rp,Cp,6451.227190366404,1.2528633481169128e-09,1.2528633481169128e-09,6451.227190366404,0.0001234423623271537,0.0001234423623271537,1.0,48.097905009263016,-554.9568488892969,557.0372632018598,-1.4843427334196924,0.0010000000474974513,0,0.0010000000474974513,-0.1773681640625,0.16741943359375,-4.9743654706446705e-06,0.00017736817248703574,off
1781066688.3090453,2026-06-10T12:44:48.309,87890007329136,,1,cf_0V,frequency,frequency,253720.6524150888,73,73,0.0,0.1,253720.6524150888,0.099945068359375,253720.65241505482,0,Rp || Cp,Rp,Cp,5669.77812180245,1.2558686335489432e-09,1.2558686335489432e-09,5669.77812180245,0.0001373045050002861,0.0001373045050002861,1.0,43.66331046524441,-495.6357510516431,497.55530587193084,-1.4829276067456274,0.0010000000474974513,0,0.0010000000474974513,-0.193084716796875,0.181610107421875,-5.73730496000735e-06,0.00019308472596790693,off
1781066688.7532268,2026-06-10T12:44:48.753,87890033420656,,1,cf_0V,frequency,frequency,283337.78402649175,74,74,0.0,0.1,283337.78402649175,0.099945068359375,283337.7840264717,0,Rp || Cp,Rp,Cp,4949.333294293727,1.2598404595063918e-09,1.2598404595063918e-09,4949.333294293727,0.00015260524342532544,0.00015260524342532544,1.0,39.842194374933946,-442.27242587004315,444.0633954038351,-1.480953650302272,0.0010000000474974513,0,0.0010000000474974513,-0.212432861328125,0.201141357421875,-5.6457522212838285e-06,0.0002124328714181445,off
1781066689.149256,2026-06-10T12:44:49.149,87890059798896,,1,cf_0V,frequency,frequency,316412.1607479698,75,75,0.0,0.1,316412.1607479698,0.099945068359375,316412.1607480297,0,Rp || Cp,Rp,Cp,4266.293281373312,1.2649935824581697e-09,1.2649935824581697e-09,4266.293281373312,0.00016944668736030522,0.00016944668736030522,1.0,36.74094099008487,-394.2051914327049,395.91366444887,-1.477862223551461,0.0010000000474974513,0,0.0010000000474974513,-0.2327880859375,0.22149658203125,-5.6457522212838285e-06,0.00023278809699434078,off
1781066689.5981584,2026-06-10T12:44:49.598,87890083883376,,1,cf_0V,frequency,frequency,353347.35115962697,76,76,0.0,0.1,353347.35115962697,0.099945068359375,353347.35115966963,0,Rp || Cp,Rp,Cp,3617.7828455758745,1.2716543817134731e-09,1.2716543817134731e-09,3617.7828455758745,0.00018792560125171077,0.00018792560125171077,1.0,34.34889832951037,-350.8375811176468,352.51504243213856,-1.4732019498644116,0.0010000000474974513,0,0.0010000000474974513,-0.255767822265625,0.24517822265625,-5.294800056176996e-06,0.0002557678344139447,off
1781066689.9538991,2026-06-10T12:44:49.953,87890108541296,,1,cf_0V,frequency,frequency,394594.03291068296,77,77,0.0,0.1,394594.03291068296,0.099945068359375,394594.0329106179,0,Rp || Cp,Rp,Cp,3043.938104073595,1.2803717809465044e-09,1.2803717809465044e-09,3043.938104073595,0.0002081300982829218,0.0002081300982829218,1.0,32.25556144974758,-311.6785384346114,313.3431546486599,-1.4676735963818601,0.0010000000474974513,0,0.0010000000474974513,-0.280426025390625,0.271392822265625,-4.516601777027063e-06,0.0002804260387101465,off
1781066690.3659806,2026-06-10T12:44:50.365,87890130905456,,1,cf_0V,frequency,frequency,440655.49182050145,78,78,0.0,0.1,440655.49182050145,0.099945068359375,440655.49182050745,0,Rp || Cp,Rp,Cp,2517.144742089048,1.2912681537851124e-09,1.2912681537851124e-09,2517.144742089048,0.0002300814702559751,0.0002300814702559751,1.0,30.70230904149849,-276.29608030755935,277.99668302661627,-1.4601292933585799,0.0010000000474974513,0,0.0010000000474974513,-0.309814453125,0.29803466796875,-5.889892857879886e-06,0.0003098144678403969,off
1781066690.8134336,2026-06-10T12:44:50.813,87890154989936,,1,cf_0V,frequency,frequency,492093.7628966142,79,79,0.0,0.1,492093.7628966142,0.099945068359375,492093.7628966726,0,Rp || Cp,Rp,Cp,2059.993620840939,1.3054280967766398e-09,1.3054280967766398e-09,2059.993620840939,0.00025380338431107085,0.00025380338431107085,1.0,29.372157737882674,-244.22066644777027,245.98060405318978,-1.4511022988517817,0.0010000000474974513,0,0.0010000000474974513,-0.338623046875,0.3280029296875,-5.3100588459642495e-06,0.0003386230629587317,off
1781066691.3050594,2026-06-10T12:44:51.305,87890185095536,,1,cf_0V,frequency,frequency,549536.4882015135,80,80,0.0,0.1,549536.4882015135,0.099945068359375,549536.4882015963,0,Rp || Cp,Rp,Cp,1661.01232365943,1.3234211221416428e-09,1.3234211221416428e-09,1661.01232365943,0.0002792281071788125,0.0002792281071788125,1.0,28.340291664497606,-215.10555915457962,216.9644526433608,-1.439800179404594,0.0010000000474974513,0,0.0010000000474974513,-0.371795654296875,0.359527587890625,-6.134033494475943e-06,0.000371795671956221,off
1781066691.7653875,2026-06-10T12:44:51.765,87890212333936,,1,cf_0V,frequency,frequency,613684.5752468883,81,81,0.0,0.1,613684.5752468883,0.099945068359375,613684.5752469356,0,Rp || Cp,Rp,Cp,1321.6285964516353,1.346481069250104e-09,1.346481069250104e-09,1321.6285964516353,0.0003062029804350906,0.0003062029804350906,1.0,27.486066952173324,-188.6024607778943,190.59478504926759,-1.4260796620892555,0.0010000000474974513,0,0.0010000000474974513,-0.40478515625,0.395904541015625,-4.440307828090795e-06,0.00040478517547626325,off
1781066692.261439,2026-06-10T12:44:52.261,87890242152816,,1,cf_0V,frequency,frequency,685320.749361875,82,82,0.0,0.1,685320.749361875,0.099945068359375,685320.7493619351,0,Rp || Cp,Rp,Cp,1034.442776919218,1.3761482753983978e-09,1.3761482753983978e-09,1034.442776919218,0.000334521364179484,0.000334521364179484,1.0,26.81689021842792,-164.38185053375318,166.55491102302685,-1.409083112877724,0.0010000000474974513,0,0.0010000000474974513,-0.4400634765625,0.428131103515625,-5.966186806816154e-06,0.00044006349746439355,off
1781066692.6746943,2026-06-10T12:44:52.674,87890269391216,,1,cf_0V,frequency,frequency,765319.1043900257,83,83,0.0,0.1,765319.1043900257,0.099945068359375,765319.1043900875,0,Rp || Cp,Rp,Cp,796.1964049391868,1.4146108502363507e-09,1.4146108502363507e-09,796.1964049391868,0.000363801217765261,0.000363801217765261,1.0,26.248360381458227,-142.16143551804166,144.56434612747785,-1.3882148945580064,0.0010000000474974513,0,0.0010000000474974513,-0.4771728515625,0.46343994140625,-6.866455404264116e-06,0.0004771728742269943,off
1781066693.1111922,2026-06-10T12:44:53.111,87890293475696,,1,cf_0V,frequency,frequency,854655.7682511833,84,84,0.0,0.1,854655.7682511833,0.099945068359375,854655.7682512201,0,Rp || Cp,Rp,Cp,599.0711818727739,1.4645979113685123e-09,1.4645979113685123e-09,599.0711818727739,0.00039355485477414714,0.00039355485477414714,1.0,25.823006820435257,-121.66754511445772,124.37772797179909,-1.3616574560545012,0.0010000000474974513,0,0.0010000000474974513,-0.513824462890625,0.50286865234375,-5.477905533624039e-06,0.0005138244872959774,off
1781066693.5681925,2026-06-10T12:44:53.568,87890321860976,,1,cf_0V,frequency,frequency,954420.8135078406,85,85,0.0,0.1,954420.8135078406,0.099945068359375,954420.8135078946,0,Rp || Cp,Rp,Cp,439.41179668059885,1.5302755929983544e-09,1.5302755929983544e-09,439.41179668059885,0.00042322348343401414,0.00042322348343401414,1.0,25.45829383516095,-102.65743962097093,105.76707727138293,-1.3277077941000786,0.0010000000474974513,0,0.0010000000474974513,-0.54998779296875,0.539276123046875,-5.35583521532601e-06,0.0005499878190917684,off
1781066694.030381,2026-06-10T12:44:54.030,87890347952496,,1,cf_0V,frequency,frequency,1065831.5582669198,86,86,0.0,0.1,1065831.5582669198,0.099945068359375,1065831.5582669075,0,Rp || Cp,Rp,Cp,311.86110454268527,1.6168669759686857e-09,1.6168669759686857e-09,311.86110454268527,0.0004520403167621251,0.0004520403167621251,1.0,25.14460362343671,-84.90802534456465,88.55294382059232,-1.282885206946412,0.0010000000474974513,0,0.0010000000474974513,-0.58642578125,0.576263427734375,-5.081176999155446e-06,0.00058642580910373,off
1781066694.4323962,2026-06-10T12:44:54.432,87890376051056,,1,cf_0V,frequency,frequency,1190247.4197125817,87,87,0.0,0.1,1190247.4197125817,0.099945068359375,1190247.4197125202,0,Rp || Cp,Rp,Cp,211.8379902884203,1.7301376035790166e-09,1.7301376035790166e-09,211.8379902884203,0.00047908823927687074,0.00047908823927687074,1.0,24.884572743788727,-68.20744767684312,72.60508163503573,-1.220965676569362,0.0010000000474974513,0,0.0010000000474974513,-0.62060546875,0.610076904296875,-5.264282476602489e-06,0.000620605498227178,off
1781066694.8356462,2026-06-10T12:44:54.835,87890398988656,,1,cf_0V,frequency,frequency,1329186.5015106536,88,88,0.0,0.1,1329186.5015106536,0.099945068359375,1329186.5015105486,0,Rp || Cp,Rp,Cp,135.8211796903213,1.8718495128019854e-09,1.8718495128019854e-09,135.8211796903213,0.0005036431139385526,0.0005036431139385526,1.0,24.65775247998902,-52.35494506710564,57.87093424461069,-1.1306389892255297,0.0010000000474974513,0,0.0010000000474974513,-0.652130126953125,0.6392822265625,-6.423950500433762e-06,0.000652130157927644,off
1781066695.2570732,2026-06-10T12:44:55.257,87890424793456,,1,cf_0V,frequency,frequency,1484344.1174816934,89,89,0.0,0.1,1484344.1174816934,0.099945068359375,1484344.1174816263,0,Rp || Cp,Rp,Cp,80.9265127541755,2.0140260962238563e-09,2.0140260962238563e-09,80.9265127541755,0.0005247485276416888,0.0005247485276416888,1.0,24.444037952629966,-37.15723022114868,44.47663149494416,-0.9889195384544555,0.0010000000474974513,0,0.0010000000474974513,-0.67694091796875,0.66558837890625,-5.676269800858336e-06,0.0006769409501217183,off
1781066695.6561873,2026-06-10T12:44:55.656,87890448591216,,1,cf_0V,frequency,frequency,1657613.4775657344,90,90,0.0,0.1,1657613.4775657344,0.099945068359375,1657613.477565718,0,Rp || Cp,Rp,Cp,44.98824436415075,1.9805476014769176e-09,1.9805476014769176e-09,44.98824436415075,0.0005417698577817526,0.0005417698577817526,1.0,24.171867526777824,-22.431466811166512,32.976505015428195,-0.7480705271948143,0.0010000000474974513,0,0.0010000000474974513,-0.703125,0.68853759765625,-7.293701518307216e-06,0.0007031250333966454,off
1781066696.0681918,2026-06-10T12:44:56.068,87890472962416,,1,cf_0V,frequency,frequency,1851108.7884858004,91,91,0.0,0.1,1851108.7884858004,0.099945068359375,1851108.7884859024,0,Rp || Cp,Rp,Cp,26.558328814946254,1.0830223745113685e-09,1.0830223745113685e-09,26.558328814946254,0.0005539597739449738,0.0005539597739449738,1.0,23.885150390397722,-7.990573739770391,25.186299407865075,-0.32283749872207773,0.0010000000474974513,0,0.0010000000474974513,-0.718017578125,0.704925537109375,-6.54602081873179e-06,0.000718017612229005,off
1781066696.490953,2026-06-10T12:44:56.490,87890497333616,,1,cf_0V,frequency,frequency,2067191.0509809963,92,92,0.0,0.1,2067191.0509809963,0.099945068359375,2067191.0509810941,0,Rp || Cp,Rp,Cp,25.249106045048958,-8.212515370732265e-10,-8.212515370732265e-10,25.249106045048958,0.0005609892710621294,0.0005609892710621294,1.0,23.54145666540938,6.340390671756614,24.380335022305292,0.26308607121738,0.0010000000474974513,0,0.0010000000474974513,-0.722747802734375,0.713134765625,-4.806518782984881e-06,0.0007227478370630536,off
1781066696.915774,2026-06-10T12:44:56.915,87890522564976,,1,cf_0V,frequency,frequency,2308496.8683831017,93,93,0.0,0.1,2308496.8683831017,0.099945068359375,2308496.8683831166,0,Rp || Cp,Rp,Cp,41.73104070863448,-1.4824929352626764e-09,-1.4824929352626764e-09,41.73104070863448,0.0005624743042207185,0.0005624743042207185,1.0,23.11669548438623,20.743725561966585,31.05935865899405,0.7313480970751002,0.0010000000474974513,0,0.0010000000474974513,-0.72564697265625,0.713134765625,-6.256103812773972e-06,0.0007256470071226317,off
1781066697.3627915,2026-06-10T12:44:57.362,87890547796336,,1,cf_0V,frequency,frequency,2577970.6180546875,94,94,0.0,0.1,2577970.6180546875,0.099945068359375,2577970.6180546926,0,Rp || Cp,Rp,Cp,78.0811225322425,-1.2396038413695996e-09,-1.2396038413695996e-09,78.0811225322425,0.0005584169997055452,0.0005584169997055452,1.0,22.58015679838083,35.400854632793234,41.98909370028867,1.0030154687868071,0.0010000000474974513,0,0.0010000000474974513,-0.72564697265625,0.713134765625,-6.256103812773972e-06,0.0007256470071226317,off
1781066697.7371747,2026-06-10T12:44:57.737,87890575034736,,1,cf_0V,frequency,frequency,2878900.378239697,95,95,0.0,0.1,2878900.378239697,0.099945068359375,2878900.378239635,0,Rp || Cp,Rp,Cp,138.40917182710731,-9.216849014369956e-10,-9.216849014369956e-10,138.40917182710731,0.0005488831150182808,0.0005488831150182808,1.0,21.88337848366513,50.497307243494596,55.035082381179635,1.1618682909521638,0.0010000000474974513,0,0.0010000000474974513,-0.72564697265625,0.713134765625,-6.256103812773972e-06,0.0007256470071226317,off
1781066698.1584957,2026-06-10T12:44:58.158,87890599119216,,1,cf_0V,frequency,frequency,3214958.0487006293,96,96,0.0,0.1,3214958.0487006293,0.099945068359375,3214958.048700538,0,Rp || Cp,Rp,Cp,229.42662574506238,-6.790020388936404e-10,-6.790020388936404e-10,229.42662574506238,0.0005339354512156592,0.0005339354512156592,1.0,21.043694708168125,66.22044082557632,69.48369499461178,1.2631062301565543,0.0010000000474974513,0,0.0010000000474974513,-0.72564697265625,0.713104248046875,-6.271362602561226e-06,0.0007256470071226317,off
1781066698.5968504,2026-06-10T12:44:58.596,87890622056816,,1,cf_0V,frequency,frequency,3590244.1546882903,97,97,0.0,0.1,3590244.1546882903,0.099945068359375,3590244.154688378,0,Rp || Cp,Rp,Cp,363.8147021812386,-5.063947231699765e-10,-5.063947231699765e-10,363.8147021812386,0.0005143346008436824,0.0005143346008436824,1.0,19.910880411504657,82.74918651150949,85.11093365178074,1.3346678098235754,0.0010000000474974513,0,0.0010000000474974513,-0.723541259765625,0.71282958984375,-5.35583521532601e-06,0.0007235412941319908,off
1781066698.9507856,2026-06-10T12:44:58.950,87890647861616,,1,cf_0V,frequency,frequency,4009337.880935344,98,98,0.0,0.1,4009337.880935344,0.099945068359375,4009337.8809352485,0,Rp || Cp,Rp,Cp,564.4155551275551,-3.8248316012182424e-10,-3.8248316012182424e-10,564.4155551275551,0.000490169942643082,0.000490169942643082,1.0,18.45991591698646,100.39071268913122,102.07381490810414,1.3889470230979553,0.0010000000474974513,0,0.0010000000474974513,-0.71868896484375,0.70831298828125,-5.187988527666221e-06,0.0007186889989796441,off
1781066699.443302,2026-06-10T12:44:59.443,87890674526576,,1,cf_0V,frequency,frequency,4477352.946181116,99,99,0.0,0.1,4477352.946181116,0.099945068359375,4477352.946181128,0,Rp || Cp,Rp,Cp,874.1522312326273,-2.9223884411861956e-10,-2.9223884411861956e-10,874.1522312326273,0.0004620565099755678,0.0004620565099755678,1.0,16.60375278788053,119.3252820642787,120.47492496930937,1.4325371040836539,0.0010000000474974513,0,0.0010000000474974513,-0.68994140625,0.67919921875,-5.371094005113264e-06,0.0006899414390204583,off
1781066699.8951273,2026-06-10T12:44:59.895,87890700331376,,1,cf_0V,frequency,frequency,4999999.999999999,100,100,0.0,0.1,4999999.999999999,0.099945068359375,4999999.999999929,0,Rp || Cp,Rp,Cp,1379.8508688807499,-2.253883385691691e-10,-2.253883385691691e-10,1379.8508688807499,0.0004305573756528065,0.0004305573756528065,1.0,14.304722863607811,139.7632254072685,140.49336024327826,1.4688017933610278,0.0010000000474974513,0,0.0010000000474974513,-0.664825439453125,0.65234375,-6.2408450229867185e-06,0.0006648254710306389,off
1781066700.3146973,2026-06-10T12:45:00.314,87890728716656,,1,cf_0V,frequency,frequency,4482348.925241931,101,101,0.0,0.1,4482348.925241931,0.099945068359375,4482348.925241979,0,Rp || Cp,Rp,Cp,877.9877125786994,-2.914575819802372e-10,-2.914575819802372e-10,877.9877125786994,0.0004617475157749112,0.0004617475157749112,1.0,16.58470437473668,119.5245340445701,120.66965922620733,1.4329210231535736,0.0010000000474974513,0,0.0010000000474974513,-0.635955810546875,0.624542236328125,-5.706787380432843e-06,0.0006359558407531551,off
1781066700.7316513,2026-06-10T12:45:00.731,87890753374576,,1,cf_0V,frequency,frequency,4018290.377523501,102,102,0.0,0.1,4018290.377523501,0.099945068359375,4018290.3775235703,0,Rp || Cp,Rp,Cp,569.2891870283654,-3.803752137389805e-10,-3.803752137389805e-10,569.2891870283654,0.0004896262146138173,0.0004896262146138173,1.0,18.429285576600957,100.75690763691007,102.42847750219047,1.3898876908543347,0.0010000000474974513,0,0.0010000000474974513,-0.632598876953125,0.621337890625,-5.630493431496575e-06,0.0006325989069999594,off
1781066701.1360552,2026-06-10T12:45:01.136,87890776885616,,1,cf_0V,frequency,frequency,3602275.9110004925,103,103,0.0,0.1,3602275.9110004925,0.099945068359375,3602275.9110004897,0,Rp || Cp,Rp,Cp,368.76181943457215,-5.020053921735485e-10,-5.020053921735485e-10,368.76181943457215,0.0005136525839006853,0.0005136525839006853,1.0,19.873055107254494,83.26755454424436,85.60621448863793,1.3365139721684391,0.0010000000474974513,0,0.0010000000474974513,-0.6636962890625,0.65130615234375,-6.195068653624958e-06,0.0006636963205863822,off
1781066701.5985425,2026-06-10T12:45:01.598,87890803837296,,1,cf_0V,frequency,frequency,3229331.511619592,104,104,0.0,0.1,3229331.511619592,0.099945068359375,3229331.5116196196,0,Rp || Cp,Rp,Cp,233.9010469926116,-6.708192477821106e-10,-6.708192477821106e-10,233.9010469926116,0.0005332272372905398,0.0005332272372905398,1.0,21.00431995016878,66.87115200999023,70.09231361363582,1.266453231849001,0.0010000000474974513,0,0.0010000000474974513,-0.68951416015625,0.677154541015625,-6.179809863837704e-06,0.0006895141929064152,off
1781066702.0145206,2026-06-10T12:45:02.014,87890829642096,,1,cf_0V,frequency,frequency,2894998.1260715965,105,105,0.0,0.1,2894998.1260715965,0.099945068359375,2894998.126071542,0,Rp || Cp,Rp,Cp,142.163173018341,-9.073080815873958e-10,-9.073080815873958e-10,142.163173018341,0.0005482059771183995,0.0005482059771183995,1.0,21.85518037496819,51.27721599084001,55.74048608501412,1.1678959943985834,0.0010000000474974513,0,0.0010000000474974513,-0.7069091796875,0.696807861328125,-5.0506594195809384e-06,0.0007069092132638843,off
1781066702.409835,2026-06-10T12:45:02.409,87890854013296,,1,cf_0V,frequency,frequency,2595278.3477948857,106,106,0.0,0.1,2595278.3477948857,0.099945068359375,2595278.3477949738,0,Rp || Cp,Rp,Cp,80.98513970003314,-1.2189302885854716e-09,-1.2189302885854716e-09,80.98513970003314,0.0005579658102546566,0.0005579658102546566,1.0,22.551180476920262,36.300892005864235,42.735354231877466,1.0149130677782903,0.0010000000474974513,0,0.0010000000474974513,-0.7178955078125,0.707550048828125,-5.172729737878967e-06,0.0007178955419107069,off
1781066702.919994,2026-06-10T12:45:02.919,87890880964976,,1,cf_0V,frequency,frequency,2326588.622588413,107,107,0.0,0.1,2326588.622588413,0.099945068359375,2326588.6225883747,0,Rp || Cp,Rp,Cp,43.61192681037963,-1.4791652959183469e-09,-1.4791652959183469e-09,43.61192681037963,0.0005623300837804268,0.0005623300837804268,1.0,23.08377786688193,21.768491684771544,31.728977778011,0.7560817126533845,0.0010000000474974513,0,0.0010000000474974513,-0.725433349609375,0.71258544921875,-6.423950500433762e-06,0.0007254333840656102,off
1781066703.301006,2026-06-10T12:45:03.301,87890908203376,,1,cf_0V,frequency,frequency,2085716.402387856,108,108,0.0,0.1,2085716.402387856,0.099945068359375,2085716.4023878027,0,Rp || Cp,Rp,Cp,25.909942127108227,-9.389060392078184e-10,-9.389060392078184e-10,25.909942127108227,0.0005612583986077301,0.0005612583986077301,1.0,23.519513731580215,7.498113994397549,24.685810491919657,0.30861762157033834,0.0010000000474974513,0,0.0010000000474974513,-0.725433349609375,0.71258544921875,-6.423950500433762e-06,0.0007254333840656102,off
1781066703.7386642,2026-06-10T12:45:03.738,87890935441776,,1,cf_0V,frequency,frequency,1869781.7349205392,109,109,0.0,0.1,1869781.7349205392,0.099945068359375,1869781.734920437,0,Rp || Cp,Rp,Cp,25.742688924359296,9.264378699209963e-10,9.264378699209963e-10,25.742688924359296,0.0005547551584241027,0.0005547551584241027,1.0,23.868925137872314,-6.687654861437895,24.788108334099775,-0.2731779173175238,0.0010000000474974513,0,0.0010000000474974513,-0.725433349609375,0.71258544921875,-6.423950500433762e-06,0.0007254333840656102,off
1781066704.1575675,2026-06-10T12:45:04.157,87890959239536,,1,cf_0V,frequency,frequency,1676202.829991615,110,110,0.0,0.1,1676202.829991615,0.099945068359375,1676202.8299915243,0,Rp || Cp,Rp,Cp,42.354098095912,1.9454619151425732e-09,1.9454619151425732e-09,42.354098095912,0.0005431207919495612,0.0005431207919495612,1.0,24.159626799340245,-20.965963758827826,31.988422959250133,-0.7147432014427861,0.0010000000474974513,0,0.0010000000474974513,-0.725433349609375,0.71258544921875,-6.423950500433762e-06,0.0007254333840656102,off
1781066704.5639455,2026-06-10T12:45:04.563,87890982177136,,1,cf_0V,frequency,frequency,1502665.19070008,111,111,0.0,0.1,1502665.19070008,0.099945068359375,1502665.1907001564,0,Rp || Cp,Rp,Cp,76.05296107011384,2.0254430231875564e-09,2.0254430231875564e-09,76.05296107011384,0.0005267604823587618,0.0005267604823587618,1.0,24.41331486710598,-35.50626624104518,43.089498548723476,-0.9684562592173875,0.0010000000474974513,0,0.0010000000474974513,-0.725067138671875,0.7122802734375,-6.393432920859254e-06,0.0007250671731107161,off
1781066704.9752784,2026-06-10T12:45:04.975,87891007408496,,1,cf_0V,frequency,frequency,1347093.9405065936,112,112,0.0,0.1,1347093.9405065936,0.099945068359375,1347093.940506525,0,Rp || Cp,Rp,Cp,128.06333607169418,1.8895140563207618e-09,1.8895140563207618e-09,128.06333607169418,0.0005062780419351042,0.0005062780419351042,1.0,24.652486421995476,-50.49093549218723,56.18789597113318,-1.1165882329682921,0.0010000000474974513,0,0.0010000000474974513,-0.725067138671875,0.710052490234375,-7.5073245753287665e-06,0.0007250671731107161,off
1781066705.3687718,2026-06-10T12:45:05.368,87891032926576,,1,cf_0V,frequency,frequency,1207629.01528593,113,113,0.0,0.1,1207629.01528593,0.099945068359375,1207629.0152859315,0,Rp || Cp,Rp,Cp,200.50454166226098,1.7465716735167725e-09,1.7465716735167725e-09,200.50454166226098,0.0004824082506666413,0.0004824082506666413,1.0,24.874318195180503,-66.09600640894136,70.62162394681891,-1.2108547308644066,0.0010000000474974513,0,0.0010000000474974513,-0.71417236328125,0.703155517578125,-5.508423113198546e-06,0.000714172397202617,off
1781066705.7802343,2026-06-10T12:45:05.780,87891057011056,,1,cf_0V,frequency,frequency,1082602.9237515721,114,114,0.0,0.1,1082602.9237515721,0.099945068359375,1082602.9237515656,0,Rp || Cp,Rp,Cp,295.9584370579738,1.6306244763531356e-09,1.6306244763531356e-09,295.9584370579738,0.00045587159111441355,0.00045587159111441355,1.0,25.13181534500692,-82.50069482981537,86.24368260886041,-1.2751013759809569,0.0010000000474974513,0,0.0010000000474974513,-0.7001953125,0.690704345703125,-4.745483623835867e-06,0.0007001953457574928,off
1781066706.234335,2026-06-10T12:45:06.234,87891081095536,,1,cf_0V,frequency,frequency,970520.8103483266,115,115,0.0,0.1,970520.8103483266,0.099945068359375,970520.8103482476,0,Rp || Cp,Rp,Cp,417.8774478740924,1.5414790586326619e-09,1.5414790586326619e-09,417.8774478740924,0.00042758902434102147,0.00042758902434102147,1.0,25.4350917124166,-99.90899519467246,103.09583508186995,-1.3215093010383494,0.0010000000474974513,0,0.0010000000474974513,-0.67950439453125,0.64520263671875,-1.7150879720873036e-05,0.0006795044268059769,off
1781066706.7051961,2026-06-10T12:45:06.705,87891108907376,,1,cf_0V,frequency,frequency,870042.5822379502,116,116,0.0,0.1,870042.5822379502,0.099945068359375,870042.5822379998,0,Rp || Cp,Rp,Cp,570.6255032125855,1.4737376204906547e-09,1.4737376204906547e-09,570.6255032125855,0.0003983253160947735,0.0003983253160947735,1.0,25.780397208870273,-118.51718546305767,121.28871394458734,-1.3566084158118414,0.0010000000474974513,0,0.0010000000474974513,-0.626007080078125,0.613616943359375,-6.195068653624958e-06,0.0006260071098118658,off
1781066707.204894,2026-06-10T12:45:07.204,87891135285616,,1,cf_0V,frequency,frequency,779966.8866817983,117,117,0.0,0.1,779966.8866817983,0.099945068359375,779966.88668172,0,Rp || Cp,Rp,Cp,758.9958307737514,1.4219362392733106e-09,1.4219362392733106e-09,758.9958307737514,0.00036882624608564974,0.00036882624608564974,1.0,26.195958386990863,-138.55105543818783,141.00575590680245,-1.383931361036465,0.0010000000474974513,0,0.0010000000474974513,-0.594024658203125,0.58087158203125,-6.5765383983062975e-06,0.0005940246864177823,off
1781066707.6077554,2026-06-10T12:45:07.607,87891165391216,,1,cf_0V,frequency,frequency,699216.7472484909,118,118,0.0,0.1,699216.7472484909,0.099945068359375,699216.7472483857,0,Rp || Cp,Rp,Cp,988.0404220517577,1.3820819752795778e-09,1.3820819752795778e-09,988.0404220517577,0.00033970248146043055,0.00033970248146043055,1.0,26.709903464640167,-160.24058583603087,162.45142133008494,-1.4056285886236548,0.0010000000474974513,0,0.0010000000474974513,-0.5589599609375,0.544464111328125,-7.2479251489454555e-06,0.0005589599874866735,off
1781066708.007959,2026-06-10T12:45:08.007,87891190049136,,1,cf_0V,frequency,frequency,626826.6871080867,119,119,0.0,0.1,626826.6871080867,0.099945068359375,626826.687107993,0,Rp || Cp,Rp,Cp,1261.9902503911453,1.3512151609153452e-09,1.3512151609153452e-09,1261.9902503911453,0.000311469349762226,0.000311469349762226,1.0,27.37264432000677,-183.8334806345229,185.86019008726183,-1.4229832035309702,0.0010000000474974513,0,0.0010000000474974513,-0.5589599609375,0.54248046875,-8.239746485116939e-06,0.0005589599874866735,off
1781066708.4263914,2026-06-10T12:45:08.426,87891214133616,,1,cf_0V,frequency,frequency,561931.1854543786,120,120,0.0,0.1,561931.1854543786,0.099945068359375,561931.1854543696,0,Rp || Cp,Rp,Cp,1590.211788674746,1.3272320491229011e-09,1.3272320491229011e-09,1590.211788674746,0.0002844760625134705,0.0002844760625134705,1.0,28.130278242601833,-209.62296516860923,211.50200963604613,-1.43739862865562,0.0010000000474974513,0,0.0010000000474974513,-0.520172119140625,0.506256103515625,-6.958008142987637e-06,0.0005201721438474749,off
1781066708.8288052,2026-06-10T12:45:08.828,87891238218096,,1,cf_0V,frequency,frequency,503754.32903627184,121,121,0.0,0.1,503754.32903627184,0.099945068359375,503754.3290362123,0,Rp || Cp,Rp,Cp,1964.4746048151965,1.3083084120783084e-09,1.3083084120783084e-09,1964.4746048151965,0.00025895015459874096,0.00025895015459874096,1.0,29.24303972632842,-237.89084374464372,239.68147385639577,-1.4484836537892793,0.0010000000474974513,0,0.0010000000474974513,-0.44720458984375,0.43560791015625,-5.798340119156364e-06,0.00044720461108482823,off
1781066709.2923667,2026-06-10T12:45:09.292,87891262589296,,1,cf_0V,frequency,frequency,451600.5350683417,122,122,0.0,0.1,451600.5350683417,0.099945068359375,451600.5350683372,0,Rp || Cp,Rp,Cp,2407.721706319125,1.2936122843123736e-09,1.2936122843123736e-09,2407.721706319125,0.0002351199612410118,0.0002351199612410118,1.0,30.436299835583263,-268.9902812863125,270.70674127950906,-1.4581253528258222,0.0010000000474974513,0,0.0010000000474974513,-0.443572998046875,0.431121826171875,-6.225586233199465e-06,0.0004435730191154619,off
1781066709.6865957,2026-06-10T12:45:09.686,87891290687856,,1,cf_0V,frequency,frequency,404846.2346004526,123,123,0.0,0.1,404846.2346004526,0.099945068359375,404846.23460045556,0,Rp || Cp,Rp,Cp,2910.4213506878723,1.282140847752505e-09,1.282140847752505e-09,2910.4213506878723,0.00021300324891809102,0.00021300324891809102,1.0,31.947664111977712,-303.2499142520784,304.92812880432115,-1.4658325668225338,0.0010000000474974513,0,0.0010000000474974513,-0.40142822265625,0.394317626953125,-3.5552980204300866e-06,0.00040142824172306746,off
1781066710.0845978,2026-06-10T12:45:10.084,87891315919216,,1,cf_0V,frequency,frequency,362932.4169099164,124,124,0.0,0.1,362932.4169099164,0.099945068359375,362932.41690984246,0,Rp || Cp,Rp,Cp,3478.7957787652776,1.2731121056297261e-09,1.2731121056297261e-09,3478.7957787652776,0.00019260388037540359,0.00019260388037540359,1.0,33.77454294150773,-341.10704722086285,342.77505366441665,-1.472103514065452,0.0010000000474974513,0,0.0010000000474974513,-0.376190185546875,0.365203857421875,-5.4931643234112926e-06,0.00037619020341495,off
1781066710.4875095,2026-06-10T12:45:10.487,87891339143536,,1,cf_0V,frequency,frequency,325357.9457743241,125,125,0.0,0.1,325357.9457743241,0.099945068359375,325357.9457742717,0,Rp || Cp,Rp,Cp,4094.9925791552682,1.2660313757813377e-09,1.2660313757813377e-09,4094.9925791552682,0.00017389964121065888,0.00017389964121065888,1.0,36.13483558001844,-382.97017796008123,384.6711368808053,-1.4767206671942454,0.0010000000474974513,0,0.0010000000474974513,-0.34552001953125,0.332763671875,-6.378174131072001e-06,0.0003455200359425703,off
1781066710.8463964,2026-06-10T12:45:10.846,87891362941296,,1,cf_0V,frequency,frequency,291673.56771209295,126,126,0.0,0.1,291673.56771209295,0.099945068359375,291673.56771218067,0,Rp || Cp,Rp,Cp,4774.851447453701,1.2606512830501008e-09,1.2606512830501008e-09,4774.851447453701,0.0001568217398437427,0.0001568217398437427,1.0,38.91724655537043,-429.3128450982705,431.0731620570029,-1.4803933269827692,0.0010000000474974513,0,0.0010000000474974513,-0.313720703125,0.304534912109375,-4.592895725963331e-06,0.0003137207180259338,off
1781066711.3400936,2026-06-10T12:45:11.340,87891387312496,,1,cf_0V,frequency,frequency,261476.54055115595,127,127,0.0,0.1,261476.54055115595,0.099945068359375,261476.54055115767,0,Rp || Cp,Rp,Cp,5461.340615797775,1.2562847147492834e-09,1.2562847147492834e-09,5461.340615797775,0.00014127085103321572,0.00014127085103321572,1.0,42.647607316019325,-480.72267638607326,482.61072304868105,-1.4823123642608709,0.0010000000474974513,0,0.0010000000474974513,-0.287109375,0.279296875,-3.906250185536919e-06,0.00028710938863696356,off
1781066711.7542593,2026-06-10T12:45:11.754,87891415411056,,1,cf_0V,frequency,frequency,234405.81810309048,128,128,0.0,0.1,234405.81810309048,0.099945068359375,234405.81810305617,0,Rp || Cp,Rp,Cp,6247.226733262461,1.253100424862525e-09,1.253100424862525e-09,6247.226733262461,0.0001271784993827185,0.0001271784993827185,1.0,46.64335169577423,-537.7880543349656,539.8069966597354,-1.4842809802356478,0.0010000000474974513,0,0.0010000000474974513,-0.261322021484375,0.24835205078125,-6.484985659582776e-06,0.000261322033896505,off
1781066712.2020533,2026-06-10T12:45:12.202,87891442649456,,1,cf_0V,frequency,frequency,210137.7333689687,129,129,0.0,0.1,210137.7333689687,0.099945068359375,210137.7333689669,0,Rp || Cp,Rp,Cp,7008.661679875516,1.2505448566167166e-09,1.2505448566167166e-09,7008.661679875516,0.00011440002438909461,0.00011440002438909461,1.0,51.94784950093712,-601.1541591650068,603.3944830284399,-1.4845969358010154,0.0010000000474974513,0,0.0010000000474974513,-0.218841552734375,0.20660400390625,-6.11877470468869e-06,0.000218841563128791,off
1781066712.7039332,2026-06-10T12:45:12.703,87891468454256,,1,cf_0V,frequency,frequency,188382.12866383453,130,130,0.0,0.1,188382.12866383453,0.099945068359375,188382.12866391757,0,Rp || Cp,Rp,Cp,7700.015787686415,1.2485547165333857e-09,1.2485547165333857e-09,7700.015787686415,0.00010284965672432869,0.00010284965672432869,1.0,59.00829934447826,-671.478113690596,674.0658992687647,-1.4831432829727023,0.0010000000474974513,0,0.0010000000474974513,-0.19915771484375,0.18896484375,-5.096435788942699e-06,0.00019915772430323386,off
1781066713.1052604,2026-06-10T12:45:13.105,87891498559856,,1,cf_0V,frequency,frequency,168878.88639022523,131,131,0.0,0.1,168878.88639022523,0.099945068359375,168878.88639026016,0,Rp || Cp,Rp,Cp,8398.876507266432,1.2471394864937875e-09,1.2471394864937875e-09,8398.876507266432,9.243949296332302e-05,9.243949296332302e-05,1.0,67.44299250237236,-749.5977641843966,752.6256475220077,-1.4810656862365261,0.0010000000474974513,0,0.0010000000474974513,-0.181640625,0.16790771484375,-6.866455404264116e-06,0.00018164063362746674,off
1781066713.552981,2026-06-10T12:45:13.552,87891524077936,,1,cf_0V,frequency,frequency,151394.81898145608,132,132,0.0,0.1,151394.81898145608,0.099945068359375,151394.81898145846,0,Rp || Cp,Rp,Cp,9065.560377127562,1.2461507358645201e-09,1.2461507358645201e-09,9065.560377127562,8.30590654898689e-05,8.30590654898689e-05,1.0,77.82836124790433,-836.3614374965152,839.9748257809704,-1.478007648554182,0.0010000000474974513,0,0.0010000000474974513,-0.165924072265625,0.15460205078125,-5.661011011071082e-06,0.00016592408014659554,off
1781066713.907938,2026-06-10T12:45:13.907,87891545581936,,1,cf_0V,frequency,frequency,135720.88082974532,133,133,0.0,0.1,135720.88082974532,0.099945068359375,135720.88082980827,0,Rp || Cp,Rp,Cp,9692.631158394748,1.2455104882895697e-09,1.2455104882895697e-09,9692.631158394748,7.460878365527065e-05,7.460878365527065e-05,1.0,90.60076184386317,-932.7117824791545,937.101791281038,-1.473963190381893,0.0010000000474974513,0,0.0010000000474974513,-0.1529541015625,0.1402587890625,-6.347656551497494e-06,0.00015295410882743,off
1781066714.4003963,2026-06-10T12:45:14.400,87891572246896,,1,cf_0V,frequency,frequency,121669.66886401946,134,134,0.0,0.1,121669.66886401946,0.099945068359375,121669.66886411501,0,Rp || Cp,Rp,Cp,10332.001057214422,1.2450396625285408e-09,1.2450396625285408e-09,10332.001057214422,6.70059856519835e-05,6.70059856519835e-05,1.0,105.74431922955775,-1039.8887233857704,1045.2513659757685,-1.4694565588076736,0.0010000000474974513,0,0.0010000000474974513,-0.149505615234375,0.13818359375,-5.661011011071082e-06,0.00014950562233551068,off
1781066714.817031,2026-06-10T12:45:14.817,87891598051696,,1,cf_0V,frequency,frequency,109073.18189343589,135,135,0.0,0.1,109073.18189343589,0.099945068359375,109073.18189339321,0,Rp || Cp,Rp,Cp,10909.601308255993,1.2447606043389783e-09,1.2447606043389783e-09,10909.601308255993,6.017686548697089e-05,6.017686548697089e-05,1.0,124.51976783401226,-1158.8597195019922,1165.53036085109,-1.4637567588151879,0.0010000000474974513,0,0.0010000000474974513,-0.13702392578125,0.117706298828125,-9.658813935331523e-06,0.00013702393228953724,off
1781066715.2407987,2026-06-10T12:45:15.240,87891622136176,,1,cf_0V,frequency,frequency,97780.81192655204,136,136,0.0,0.1,97780.81192655204,0.099945068359375,97780.81192649779,0,Rp || Cp,Rp,Cp,11240.69261380347,1.2446234698457233e-09,1.2446234698457233e-09,11240.69261380347,5.404558728567273e-05,5.404558728567273e-05,1.0,150.11532187570873,-1290.2967022995765,1298.9996881550856,-1.454975307134631,0.0010000000474974513,0,0.0010000000474974513,-0.114654541015625,0.104278564453125,-5.187988527666221e-06,0.00011465454646142348,off
1781066715.5982044,2026-06-10T12:45:15.598,87891647367536,,1,cf_0V,frequency,frequency,87657.5434496528,137,137,0.0,0.1,87657.5434496528,0.099945068359375,87657.54344956634,0,Rp || Cp,Rp,Cp,11780.17759555646,1.2447139032471529e-09,1.2447139032471529e-09,11780.17759555646,4.8540041403854425e-05,4.8540041403854425e-05,1.0,177.89444033136346,-1436.6564197694502,1447.6284400237457,-1.4475981073694186,0.0010000000474974513,0,0.0010000000474974513,-0.106475830078125,0.094696044921875,-5.889892857879886e-06,0.00010647583513545555,off
1781066716.0573688,2026-06-10T12:45:16.057,87891669158256,,1,cf_0V,frequency,frequency,78582.33913417984,138,138,0.0,0.1,78582.33913417984,0.099945068359375,78582.33913417223,0,Rp || Cp,Rp,Cp,12072.879951054834,1.2448187737131167e-09,1.2448187737131167e-09,12072.879951054834,4.3602629390834806e-05,4.3602629390834806e-05,1.0,215.35277106309303,-1597.9835218697233,1612.4292704400145,-1.4368380791388136,0.0010000000474974513,0,0.0010000000474974513,-0.106475830078125,0.085357666015625,-1.0559082532779485e-05,0.00010647583513545555,off
1781066716.511883,2026-06-10T12:45:16.511,87891696396656,,1,cf_0V,frequency,frequency,70446.69267221761,139,139,0.0,0.1,70446.69267221761,0.099945068359375,70446.69267216364,0,Rp || Cp,Rp,Cp,12574.339531667516,1.2452218749016291e-09,1.2452218749016291e-09,12574.339531667516,3.917722989138094e-05,3.917722989138094e-05,1.0,256.44352069841005,-1777.313877920785,1795.7193266092604,-1.4274981650249088,0.0010000000474974513,0,0.0010000000474974513,-0.09228515625,0.083892822265625,-4.196167191494737e-06,9.228516063330972e-05,off
1781066716.9136229,2026-06-10T12:45:16.913,87891724495216,,1,cf_0V,frequency,frequency,63153.33143723267,140,140,0.0,0.1,63153.33143723267,0.099945068359375,63153.33143732005,0,Rp || Cp,Rp,Cp,12900.434075706722,1.2455367270960542e-09,1.2455367270960542e-09,12900.434075706722,3.5205728042763763e-05,3.5205728042763763e-05,1.0,309.72495593598273,-1974.7548777819916,1998.8962893690396,-1.4152215226917415,0.0010000000474974513,0,0.0010000000474974513,-0.08782958984375,0.075653076171875,-6.088257125114183e-06,8.782959401543167e-05,off
1781066717.4154196,2026-06-10T12:45:17.415,87891750013296,,1,cf_0V,frequency,frequency,56615.05345862548,141,141,0.0,0.1,56615.05345862548,0.099945068359375,56615.05345855744,0,Rp || Cp,Rp,Cp,13120.020401178412,1.245882892817876e-09,1.245882892817876e-09,13120.020401178412,3.164150424794906e-05,3.164150424794906e-05,1.0,376.90219409070187,-2191.554063172645,2223.727608255767,-1.4004829805898424,0.0010000000474974513,0,0.0010000000474974513,-0.07806396484375,0.064971923828125,-6.54602081873179e-06,7.806396855158937e-05,off
1781066717.8203807,2026-06-10T12:45:17.820,87891778685296,,1,cf_0V,frequency,frequency,50753.68480455689,142,142,0.0,0.1,50753.68480455689,0.099945068359375,50753.68480454756,0,Rp || Cp,Rp,Cp,13654.158919803625,1.2463703907447649e-09,1.2463703907447649e-09,13654.158919803625,2.8451184151496822e-05,2.8451184151496822e-05,1.0,448.3787454802681,-2433.3497791421814,2474.314985415107,-1.388576305370864,0.0010000000474974513,0,0.0010000000474974513,-0.074737548828125,0.059844970703125,-7.446289416179752e-06,7.473755237796809e-05,off
1781066718.2300062,2026-06-10T12:45:18.230,87891802769776,,1,cf_0V,frequency,frequency,45499.144907154674,143,143,0.0,0.1,45499.144907154674,0.099945068359375,45499.14490716844,0,Rp || Cp,Rp,Cp,13741.589146887476,1.2467135856212055e-09,1.2467135856212055e-09,13741.589146887476,2.5609258853457086e-05,2.5609258853457086e-05,1.0,549.9524880722394,-2693.4686562609936,2749.040039977092,-1.3693847654005211,0.0010000000474974513,0,0.0010000000474974513,-0.0672607421875,0.0550537109375,-6.103515914901436e-06,6.726074538221383e-05,off
1781066718.7224007,2026-06-10T12:45:18.722,87891830008176,,1,cf_0V,frequency,frequency,40788.608654802425,144,144,0.0,0.1,40788.608654802425,0.099945068359375,40788.608654906966,0,Rp || Cp,Rp,Cp,14013.54338702421,1.2471885355099013e-09,1.2471885355099013e-09,14013.54338702421,2.305507271573239e-05,2.305507271573239e-05,1.0,665.3130291908208,-2980.058988293186,3053.423161063345,-1.3511434328282286,0.0010000000474974513,0,0.0010000000474974513,-0.0628662109375,0.05078125,-6.042480755752422e-06,6.286621392348479e-05,off
1781066719.1740506,2026-06-10T12:45:19.174,87891856959856,,1,cf_0V,frequency,frequency,36565.755233193486,145,145,0.0,0.1,36565.755233193486,0.099945068359375,36565.755233297634,0,Rp || Cp,Rp,Cp,14100.67720987304,1.2476662532683758e-09,1.2476662532683758e-09,14100.67720987304,2.079213180530489e-05,2.079213180530489e-05,1.0,813.3050482434937,-3287.3525604874467,3386.465998418074,-1.3282621953236164,0.0010000000474974513,0,0.0010000000474974513,-0.05908203125,0.047088623046875,-5.996704386390661e-06,5.90820340562459e-05,off
1781066719.626972,2026-06-10T12:45:19.626,87891884198256,,1,cf_0V,frequency,frequency,32780.09473403288,146,146,0.0,0.1,32780.09473403288,0.099945068359375,32780.09473397958,0,Rp || Cp,Rp,Cp,14102.47683879745,1.2482109944431902e-09,1.2482109944431902e-09,14102.47683879745,1.8773343721982085e-05,1.8773343721982085e-05,1.0,997.0228830286793,-3614.7527559129394,3749.732272531335,-1.3016674712824126,0.0010000000474974513,0,0.0010000000474974513,-0.053955078125,0.044647216796875,-4.653930885112345e-06,5.3955080687728696e-05,off
1781066720.4479475,2026-06-10T12:45:20.447,87891916024176,,1,cf_0V,frequency,frequency,29386.364480084198,147,147,0.0,0.1,29386.364480084198,0.099945068359375,29386.3644801462,0,Rp || Cp,Rp,Cp,14312.327933273918,1.2486711712005785e-09,1.2486711712005785e-09,14312.327933273918,4150.942217472647,4150.942217472647,1.0,1203.879716362489,-3972.5300403304323,4150.942217472647,-1.2765426867657697,9.999999747378752e-05,0,9.999999747378752e-05,-0.2767333984375,0.270111083984375,-3.311157142915633e-07,2.7673339144662634e-05,off
1781066720.9071429,2026-06-10T12:45:20.907,87891959605616,,1,cf_0V,frequency,frequency,26343.98784881462,148,148,0.0,0.1,26343.98784881462,0.099945068359375,26343.987848775898,0,Rp || Cp,Rp,Cp,14585.351075093777,1.2469178787620646e-09,1.2469178787620646e-09,14585.351075093777,1.5404729855723005e-05,1.5404729855723005e-05,1.0,1449.5232849667154,-4363.563709756287,4598.021966320163,-1.2500769710528483,9.999999747378752e-05,0,9.999999747378752e-05,-0.2767333984375,0.27337646484375,-1.6784667544733622e-07,2.7673339144662634e-05,off
1781066721.2636943,2026-06-10T12:45:21.263,87891987990896,,1,cf_0V,frequency,frequency,23616.58912414415,149,149,0.0,0.1,23616.58912414415,0.099945068359375,23616.589124202394,0,Rp || Cp,Rp,Cp,14479.693462647952,1.2474475917833448e-09,1.2474475917833448e-09,14479.693462647952,1.3991264668793995e-05,1.3991264668793995e-05,1.0,1769.3002828374492,-4742.204365905576,5061.514174519576,-1.2136954420087547,9.999999747378752e-05,0,9.999999747378752e-05,-0.2767333984375,0.27337646484375,-1.6784667544733622e-07,2.7673339144662634e-05,off
1781066721.6684377,2026-06-10T12:45:21.668,87892007774576,,1,cf_0V,frequency,frequency,21171.558575697567,150,150,0.0,0.1,21171.558575697567,0.099945068359375,21171.5585756167,0,Rp || Cp,Rp,Cp,14372.749003135283,1.2479610354552383e-09,1.2479610354552383e-09,14372.749003135283,1.2749787172816104e-05,1.2749787172816104e-05,1.0,2147.404985261553,-5123.745182044044,5555.547935284667,-1.1739264254908013,9.999999747378752e-05,0,9.999999747378752e-05,-0.2767333984375,0.27337646484375,-1.6784667544733622e-07,2.7673339144662634e-05,off
1781066722.1445596,2026-06-10T12:45:22.144,87892034726256,,1,cf_0V,frequency,frequency,18979.66256549492,151,151,0.0,0.1,18979.66256549492,0.099945068359375,18979.662565428156,0,Rp || Cp,Rp,Cp,14488.816588374732,1.24850881091522e-09,1.24850881091522e-09,14488.816588374732,1.159337624847422e-05,1.159337624847422e-05,1.0,2562.7753756756474,-5528.450483562112,6093.568935801712,-1.1367222742546839,9.999999747378752e-05,0,9.999999747378752e-05,-0.271087646484375,0.26904296875,-1.0223388413610479e-07,2.7108763963612503e-05,off
1781066722.5873468,2026-06-10T12:45:22.587,87892061964656,,1,cf_0V,frequency,frequency,17014.69402038014,152,152,0.0,0.1,17014.69402038014,0.099945068359375,17014.694020431874,0,Rp || Cp,Rp,Cp,14511.981869739657,1.2490614810493934e-09,1.2490614810493934e-09,14511.981869739657,1.0623375241383264e-05,1.0623375241383264e-05,1.0,3051.83513748993,-5913.9224274816215,6654.936226943748,-1.0943972632483345,9.999999747378752e-05,0,9.999999747378752e-05,-0.2547607421875,0.253204345703125,-7.781982225285589e-08,2.5476073575170233e-05,off
1781066723.0025601,2026-06-10T12:45:23.002,87892090349936,,1,cf_0V,frequency,frequency,15253.159091114281,153,153,0.0,0.1,15253.159091114281,0.099945068359375,15253.159091201951,0,Rp || Cp,Rp,Cp,14698.103578729195,1.2496947696681575e-09,1.2496947696681575e-09,14698.103578729195,9.737846052260482e-06,9.737846052260482e-06,1.0,3585.8511020174105,-6312.438735505688,7259.835460625271,-1.0541924250613357,9.999999747378752e-05,0,9.999999747378752e-05,-0.2352294921875,0.22772216796875,-3.753662014549519e-07,2.352294862451032e-05,off
1781066723.3920276,2026-06-10T12:45:23.392,87892112140656,,1,cf_0V,frequency,frequency,13673.996251720062,154,154,0.0,0.1,13673.996251720062,0.099945068359375,13673.996251668541,0,Rp || Cp,Rp,Cp,14497.86204959609,1.2501445564783278e-09,1.2501445564783278e-09,14497.86204959609,8.998077364500988e-06,8.998077364500988e-06,1.0,4233.178080276437,-6591.830942908721,7834.030370072724,-0.9999342522677449,9.999999747378752e-05,0,9.999999747378752e-05,-0.21875,0.204315185546875,-7.217407044235458e-07,2.187499944739102e-05,off
1781066723.8457718,2026-06-10T12:45:23.845,87892137085296,,1,cf_0V,frequency,frequency,12258.324480531926,155,155,0.0,0.1,12258.324480531926,0.099945068359375,12258.324480498573,0,Rp || Cp,Rp,Cp,14749.874945532636,1.2507932563139422e-09,1.2507932563139422e-09,14749.874945532636,8.344942311094751e-06,8.344942311094751e-06,1.0,4885.4311808870125,-6942.050212286439,8488.78666083023,-0.9575615466411086,9.999999747378752e-05,0,9.999999747378752e-05,-0.19744873046875,0.19232177734375,-2.563476497741135e-07,1.9744872548077552e-05,off
1781066724.2151203,2026-06-10T12:45:24.215,87892164323696,,1,cf_0V,frequency,frequency,10989.217512115829,156,156,0.0,0.1,10989.217512115829,0.099945068359375,10989.217512076266,0,Rp || Cp,Rp,Cp,14733.322390662153,1.251379008475484e-09,1.251379008475484e-09,14733.322390662153,7.770471320884798e-06,7.770471320884798e-06,1.0,5622.1455519487035,-7157.119695575229,9101.257217774226,-0.9049398921455762,9.999999747378752e-05,0,9.999999747378752e-05,-0.186248779296875,0.182647705078125,-1.8005370638896068e-07,1.862487745918351e-05,off
1781066724.6069796,2026-06-10T12:45:24.606,87892185540976,,1,cf_0V,frequency,frequency,9851.501460936432,157,157,0.0,0.1,9851.501460936432,0.099945068359375,9851.501461000113,0,Rp || Cp,Rp,Cp,14711.220682624189,1.2520785241464669e-09,1.2520785241464669e-09,14711.220682624189,7.289780209341066e-06,7.289780209341066e-06,1.0,6396.334489900888,-7292.7905039234965,9700.406601829245,-0.850791518664203,9.999999747378752e-05,0,9.999999747378752e-05,-0.186248779296875,0.182647705078125,-1.8005370638896068e-07,1.862487745918351e-05,off
1781066725.0111413,2026-06-10T12:45:25.011,87892210772336,,1,cf_0V,frequency,frequency,8831.573397089549,158,158,0.0,0.1,8831.573397089549,0.099945068359375,8831.57339707452,0,Rp || Cp,Rp,Cp,14703.251429050395,1.2527104869404635e-09,1.2527104869404635e-09,14703.251429050395,6.840828588422351e-06,6.840828588422351e-06,1.0,7191.141536976049,-7349.8738407692745,10282.663180326716,-0.7963139072515395,9.999999747378752e-05,0,9.999999747378752e-05,-0.175933837890625,0.17059326171875,-2.670288018480349e-07,1.7593383344616242e-05,off
1781066725.412541,2026-06-10T12:45:25.412,87892234856816,,1,cf_0V,frequency,frequency,7917.238704927916,159,159,0.0,0.1,7917.238704927916,0.099945068359375,7917.238704848728,0,Rp || Cp,Rp,Cp,14680.272798898053,1.2535042028268204e-09,1.2535042028268204e-09,14680.272798898053,6.524970491341935e-06,6.524970491341935e-06,1.0,7987.23298291015,-7311.5571784804815,10828.423666327304,-0.741261536117522,9.999999747378752e-05,0,9.999999747378752e-05,-0.1705322265625,0.16748046875,-1.5258788677030566e-07,1.705322222544936e-05,off
1781066725.814444,2026-06-10T12:45:25.814,87892259514736,,1,cf_0V,frequency,frequency,7097.565279983502,160,160,0.0,0.1,7097.565279983502,0.099945068359375,7097.565280034246,0,Rp || Cp,Rp,Cp,14947.935189618427,1.2539605465260803e-09,1.2539605465260803e-09,14947.935189618427,6.180347289353114e-06,6.180347289353114e-06,1.0,8799.482653138752,-7355.487845031073,11468.831518567602,-0.6962511392382081,9.999999747378752e-05,0,9.999999747378752e-05,-0.1705322265625,0.159027099609375,-5.752563331240523e-07,1.705322222544936e-05,off
1781066726.251678,2026-06-10T12:45:26.251,87892281878896,,1,cf_0V,frequency,frequency,6362.752820913701,161,161,0.0,0.1,6362.752820913701,0.099945068359375,6362.7528208343165,0,Rp || Cp,Rp,Cp,14900.2800770428,1.2546013911120295e-09,1.2546013911120295e-09,14900.2800770428,5.935023332916753e-06,5.935023332916753e-06,1.0,9560.441073553247,-7145.013375433469,11935.37806925307,-0.6418041408892484,9.999999747378752e-05,0,9.999999747378752e-05,-0.1563720703125,0.1500244140625,-3.1738280448223577e-07,1.5637206636220924e-05,off
1781066726.7137153,2026-06-10T12:45:26.713,87892310264176,,1,cf_0V,frequency,frequency,5704.01565368052,162,162,0.0,0.1,5704.01565368052,0.099945068359375,5704.015653620331,0,Rp || Cp,Rp,Cp,14864.223340472536,1.2552363912923725e-09,1.2552363912923725e-09,14864.223340472536,5.735743015813606e-06,5.735743015813606e-06,1.0,10271.352185040796,-6868.405723161281,12356.199775298915,-0.5894057806612647,9.999999747378752e-05,0,9.999999747378752e-05,-0.150360107421875,0.143951416015625,-3.204345622176419e-07,1.503601036234592e-05,off
1781066727.1587217,2026-06-10T12:45:27.158,87892339222896,,1,cf_0V,frequency,frequency,5113.477686967608,163,163,0.0,0.1,5113.477686967608,0.099945068359375,5113.477686933265,0,Rp || Cp,Rp,Cp,14863.915266933753,1.2555395581812545e-09,1.2555395581812545e-09,14863.915266933753,5.5689543776229855e-06,5.5689543776229855e-06,1.0,10933.23050914789,-6555.538308611045,12747.965009436966,-0.5401235341106468,9.999999747378752e-05,0,9.999999747378752e-05,-0.150360107421875,0.142486572265625,-3.936767478673886e-07,1.503601036234592e-05,off
1781066727.5708826,2026-06-10T12:45:27.570,87892363307376,,1,cf_0V,frequency,frequency,4584.078242885572,164,164,0.0,0.1,4584.078242885572,0.099945068359375,4584.078242970691,0,Rp || Cp,Rp,Cp,14703.115760156603,1.256632863979804e-09,1.256632863979804e-09,14703.115760156603,5.428020138020877e-06,5.428020138020877e-06,1.0,11458.128195213158,-6097.6621348673125,12979.606513640287,-0.4890505029413762,9.999999747378752e-05,0,9.999999747378752e-05,-0.147705078125,0.142486572265625,-2.609252863772227e-07,1.4770507439365588e-05,off
1781066728.014246,2026-06-10T12:45:28.014,87892389112176,,1,cf_0V,frequency,frequency,4109.487637044614,165,165,0.0,0.1,4109.487637044614,0.099945068359375,4109.487637009579,0,Rp || Cp,Rp,Cp,14861.757838462721,1.2572499348567598e-09,1.2572499348567598e-09,14861.757838462721,5.298364590083617e-06,5.298364590083617e-06,1.0,12055.623940277555,-5816.3300286852245,13385.356311730322,-0.44951563591786375,9.999999747378752e-05,0,9.999999747378752e-05,-0.147705078125,0.14215087890625,-2.777099539219563e-07,1.4770507439365588e-05,off
1781066728.415513,2026-06-10T12:45:28.415,87892414630256,,1,cf_0V,frequency,frequency,3684.0314986403864,166,166,0.0,0.1,3684.0314986403864,0.099945068359375,3684.0314986363865,0,Rp || Cp,Rp,Cp,14952.620206876692,1.2578908959684098e-09,1.2578908959684098e-09,14952.620206876692,5.113026742287715e-06,5.113026742287715e-06,1.0,12569.96579711186,-5472.648758789632,13709.628900070333,-0.4106254373546504,9.999999747378752e-05,0,9.999999747378752e-05,-0.139129638671875,0.14215087890625,1.510620079026026e-07,1.4215087531521675e-05,off
1781066728.8220124,2026-06-10T12:45:28.822,87892441581936,,1,cf_0V,frequency,frequency,3302.622925697632,167,167,0.0,0.1,3302.622925697632,0.099945068359375,3302.6229256449824,0,Rp || Cp,Rp,Cp,14879.25640945695,1.2586926094203064e-09,1.2586926094203064e-09,14879.25640945695,5.119684936443057e-06,5.119684936443057e-06,1.0,12926.842094306929,-5023.798518512534,13868.734552429585,-0.3706690697270104,9.999999747378752e-05,0,9.999999747378752e-05,-0.139129638671875,0.140472412109375,6.713867017893449e-08,1.4047240856074339e-05,off
1781066729.2820208,2026-06-10T12:45:29.282,87892465666416,,1,cf_0V,frequency,frequency,2960.70166429603,168,168,0.0,0.1,2960.70166429603,0.099945068359375,2960.701664207477,0,Rp || Cp,Rp,Cp,14906.053833518521,1.2587695348111829e-09,1.2587695348111829e-09,14906.053833518521,5.034029766953461e-06,5.034029766953461e-06,1.0,13287.224309037105,-4637.860606990734,14073.381997535029,-0.33582522219540767,9.999999747378752e-05,0,9.999999747378752e-05,-0.139129638671875,0.136627197265625,-1.2512206715165064e-07,1.391296351571647e-05,off
1781066729.6796265,2026-06-10T12:45:29.679,87892489750896,,1,cf_0V,frequency,frequency,2654.1795845838647,169,169,0.0,0.1,2654.1795845838647,0.099945068359375,2654.179584595795,0,Rp || Cp,Rp,Cp,14979.5238596709,1.2596115901257867e-09,1.2596115901257867e-09,14979.5238596709,4.971553354011016e-06,4.971553354011016e-06,1.0,13629.986009139511,-4288.843902679026,14288.83132488049,-0.3048536556214313,9.999999747378752e-05,0,9.999999747378752e-05,-0.139129638671875,0.132781982421875,-3.1738280448223577e-07,1.391296351571647e-05,off
1781066730.0794628,2026-06-10T12:45:30.079,87892513835376,,1,cf_0V,frequency,frequency,2379.391801671713,170,170,0.0,0.1,2379.391801671713,0.099945068359375,2379.391801667907,0,Rp || Cp,Rp,Cp,14818.816941633302,1.2603639246557367e-09,1.2603639246557367e-09,14818.816941633302,4.94180077728392e-06,4.94180077728392e-06,1.0,13747.004652530044,-3838.5164484395987,14272.853444270491,-0.27229051365267787,9.999999747378752e-05,0,9.999999747378752e-05,-0.1363525390625,0.132781982421875,-1.7852782752125762e-07,1.3635253561794514e-05,off
1781066730.4733794,2026-06-10T12:45:30.473,87892537919856,,1,cf_0V,frequency,frequency,2133.052856990533,171,171,0.0,0.1,2133.052856990533,0.099945068359375,2133.0528569052376,0,Rp || Cp,Rp,Cp,14876.084381006416,1.2607909312633498e-09,1.2607909312633498e-09,14876.084381006416,4.910243088076516e-06,4.910243088076516e-06,1.0,13991.976125688774,-3517.161014359277,14427.25952850275,-0.24626752258476856,9.999999747378752e-05,0,9.999999747378752e-05,-0.140289306640625,0.133026123046875,-3.6315917051332747e-07,1.4028930309661902e-05,off
1781066730.9313595,2026-06-10T12:45:30.931,87892563437936,,1,cf_0V,frequency,frequency,1912.21743620315,172,172,0.0,0.1,1912.21743620315,0.099945068359375,1912.2174361285715,0,Rp || Cp,Rp,Cp,14838.05903657855,1.260877590805976e-09,1.260877590805976e-09,14838.05903657855,4.862292588580773e-06,4.862292588580773e-06,1.0,14124.378780745888,-3174.947284872642,14476.821688606406,-0.22110971200278298,9.999999747378752e-05,0,9.999999747378752e-05,-0.141632080078125,0.133026123046875,-4.3029784069226196e-07,1.4163207650019771e-05,off
1781066731.337422,2026-06-10T12:45:31.337,87892590389616,,1,cf_0V,frequency,frequency,1714.2451539988147,173,173,0.0,0.1,1714.2451539988147,0.099945068359375,1714.2451539342574,0,Rp || Cp,Rp,Cp,14972.275930124371,1.2622505261952923e-09,1.2622505261952923e-09,14972.275930124371,4.801301020669304e-06,4.801301020669304e-06,1.0,14376.575633381897,-2926.45354840056,14671.402704352993,-0.20081346383440415,9.999999747378752e-05,0,9.999999747378752e-05,-0.141632080078125,0.133026123046875,-4.3029784069226196e-07,1.4163207650019771e-05,off
1781066731.773912,2026-06-10T12:45:31.773,87892613327216,,1,cf_0V,frequency,frequency,1536.7689847255556,174,174,0.0,0.1,1536.7689847255556,0.099945068359375,1536.7689847067822,0,Rp || Cp,Rp,Cp,14822.0424136836,1.2631758542238542e-09,1.2631758542238542e-09,14822.0424136836,4.861368019797141e-06,4.861368019797141e-06,1.0,14352.946436018992,-2594.785047122805,14585.608689252651,-0.1788523633725195,9.999999747378752e-05,0,9.999999747378752e-05,-0.141632080078125,0.1346435546875,-3.4942626070399996e-07,1.4163207650019771e-05,off
1781066732.2276585,2026-06-10T12:45:32.227,87892640565616,,1,cf_0V,frequency,frequency,1377.6669614059458,175,175,0.0,0.1,1377.6669614059458,0.099945068359375,1377.6669614173898,0,Rp || Cp,Rp,Cp,14705.324990234485,1.2622754016566605e-09,1.2622754016566605e-09,14705.324990234485,4.84380442767203e-06,4.84380442767203e-06,1.0,14335.232347075571,-2303.3375848160817,14519.099506314713,-0.15931498484784393,9.999999747378752e-05,0,9.999999747378752e-05,-0.141632080078125,0.1346435546875,-3.4942626070399996e-07,1.4163207650019771e-05,off
1781066732.6386793,2026-06-10T12:45:32.638,87892667517296,,1,cf_0V,frequency,frequency,1235.0368047598533,176,176,0.0,0.1,1235.0368047598533,0.099945068359375,1235.036804771994,0,Rp || Cp,Rp,Cp,14831.195144452886,1.2637900462694e-09,1.2637900462694e-09,14831.195144452886,4.7875805311821006e-06,4.7875805311821006e-06,1.0,14523.935164583874,-2112.4923730723576,14676.761110385523,-0.14443618336500982,9.999999747378752e-05,0,9.999999747378752e-05,-0.13604736328125,0.1346435546875,-7.01904279143406e-08,1.3604735984440453e-05,off
1781066733.0852172,2026-06-10T12:45:33.085,87892695902576,,1,cf_0V,frequency,frequency,1107.1731788899117,177,177,0.0,0.1,1107.1731788899117,0.099945068359375,1107.1731789513706,0,Rp || Cp,Rp,Cp,14903.628372754774,1.2641350665757915e-09,1.2641350665757915e-09,14903.628372754774,4.777180939791194e-06,4.777180939791194e-06,1.0,14651.943526027302,-1920.3312632480238,14777.25012478645,-0.13032043629756765,9.999999747378752e-05,0,9.999999747378752e-05,-0.132049560546875,0.1346435546875,1.296997037547598e-07,1.3464355128611771e-05,off
1781066733.4969869,2026-06-10T12:45:33.496,87892718553456,,1,cf_0V,frequency,frequency,992.547301690778,178,178,0.0,0.1,992.547301690778,0.099945068359375,992.5473017347031,0,Rp || Cp,Rp,Cp,14909.051471520888,1.2641459252583109e-09,1.2641459252583109e-09,14909.051471520888,4.740301444109015e-06,4.740301444109015e-06,1.0,14705.886967234388,-1728.500574426135,14807.120777817196,-0.11700117539119467,9.999999747378752e-05,0,9.999999747378752e-05,-0.12896728515625,0.133819580078125,2.42614739964786e-07,1.3381957669755806e-05,off
1781066733.9839127,2026-06-10T12:45:33.983,87892744071536,,1,cf_0V,frequency,frequency,889.7886661970878,179,179,0.0,0.1,889.7886661970878,0.099945068359375,889.7886662140309,0,Rp || Cp,Rp,Cp,14874.973441438955,1.2616861382805111e-09,1.2616861382805111e-09,14874.973441438955,4.737693911454201e-06,4.737693911454201e-06,1.0,14712.997800487534,-1543.7445543388283,14793.763940464976,-0.1045413495411709,9.999999747378752e-05,0,9.999999747378752e-05,-0.13189697265625,0.133819580078125,9.613036866529256e-08,1.3381957669755806e-05,off
1781066734.3986084,2026-06-10T12:45:34.398,87892773030256,,1,cf_0V,frequency,frequency,797.6686543241938,180,180,0.0,0.1,797.6686543241938,0.099945068359375,797.6686543287315,0,Rp || Cp,Rp,Cp,14770.655445466313,1.2666946940167236e-09,1.2666946940167236e-09,14770.655445466313,4.80645887561283e-06,4.80645887561283e-06,1.0,14641.90586076363,-1373.0037504788788,14706.139756383842,-0.0934987894373904,9.999999747378752e-05,0,9.999999747378752e-05,-0.13189697265625,0.138580322265625,3.341674720269694e-07,1.385803187647916e-05,off
1781066734.7819889,2026-06-10T12:45:34.781,87892797114736,,1,cf_0V,frequency,frequency,715.0858470818457,181,181,0.0,0.1,715.0858470818457,0.099945068359375,715.0858471760557,0,Rp || Cp,Rp,Cp,14787.166088472406,1.262293136388856e-09,1.262293136388856e-09,14787.166088472406,4.791573742693248e-06,4.791573742693248e-06,1.0,14683.888161174735,-1231.4712883201757,14735.43664313496,-0.08366968251148263,9.999999747378752e-05,0,9.999999747378752e-05,-0.13555908203125,0.138580322265625,1.510620079026026e-07,1.385803187647916e-05,off
1781066735.1718261,2026-06-10T12:45:35.171,87892821199216,,1,cf_0V,frequency,frequency,641.0528556246055,182,182,0.0,0.1,641.0528556246055,0.099945068359375,641.0528555989004,0,Rp || Cp,Rp,Cp,14860.248461857987,1.264759579651901e-09,1.264759579651901e-09,14860.248461857987,4.766398957349624e-06,4.766398957349624e-06,1.0,14775.572560027733,-1118.541430425683,14817.850026512726,-0.07555795413773674,9.999999747378752e-05,0,9.999999747378752e-05,-0.13555908203125,0.138580322265625,1.510620079026026e-07,1.385803187647916e-05,off
1781066735.5859318,2026-06-10T12:45:35.585,87892844136816,,1,cf_0V,frequency,frequency,574.6845156864445,183,183,0.0,0.1,574.6845156864445,0.099945068359375,574.6845156551217,0,Rp || Cp,Rp,Cp,14824.055701379293,1.266175213055904e-09,1.266175213055904e-09,14824.055701379293,4.717270046885337e-06,4.717270046885337e-06,1.0,14756.273275380547,-1000.1079948214445,14790.125657986004,-0.06767161751781287,9.999999747378752e-05,0,9.999999747378752e-05,-0.13555908203125,0.138580322265625,1.510620079026026e-07,1.385803187647916e-05,off
1781066736.0236087,2026-06-10T12:45:36.023,87892870515056,,1,cf_0V,frequency,frequency,515.1873042480629,184,184,0.0,0.1,515.1873042480629,0.099945068359375,515.1873042308353,0,Rp || Cp,Rp,Cp,14848.725767723088,1.2698801409468972e-09,1.2698801409468972e-09,14848.725767723088,4.737067257104276e-06,4.737067257104276e-06,1.0,14793.6109885578,-902.9654493343153,14821.142759027376,-0.060961897225222446,9.999999747378752e-05,0,9.999999747378752e-05,-0.1358642578125,0.13641357421875,2.746581961865502e-08,1.3641357077265326e-05,off
1781066736.4306352,2026-06-10T12:45:36.430,87892894599536,,1,cf_0V,frequency,frequency,461.8498518989187,185,185,0.0,0.1,461.8498518989187,0.099945068359375,461.8498518027536,0,Rp || Cp,Rp,Cp,14984.439567508985,1.2673687833127925e-09,1.2673687833127925e-09,14984.439567508985,4.741047575317673e-06,4.741047575317673e-06,1.0,14939.069239952654,-823.2803075522801,14961.737205983232,-0.055053522330648315,9.999999747378752e-05,0,9.999999747378752e-05,-0.1358642578125,0.133056640625,-1.403808558286812e-07,1.3586425438028016e-05,off
1781066736.838762,2026-06-10T12:45:36.838,87892918684016,,1,cf_0V,frequency,frequency,414.03443745645274,186,186,0.0,0.1,414.03443745645274,0.099945068359375,414.0344374548022,0,Rp || Cp,Rp,Cp,14951.113987745935,1.2621826686488538e-09,1.2621826686488538e-09,14951.113987745935,4.698494047792157e-06,4.698494047792157e-06,1.0,14915.167841069264,-732.2177346406455,14933.130098481999,-0.04905277412617584,9.999999747378752e-05,0,9.999999747378752e-05,-0.1358642578125,0.133056640625,-1.403808558286812e-07,1.3586425438028016e-05,off
1781066737.2057648,2026-06-10T12:45:37.205,87892943341936,,1,cf_0V,frequency,frequency,371.1693631492158,187,187,0.0,0.1,371.1693631492158,0.099945068359375,371.1693631913704,0,Rp || Cp,Rp,Cp,14994.06912214573,1.3099920691407306e-09,1.3099920691407306e-09,14994.06912214573,4.740168949048968e-06,4.740168949048968e-06,1.0,14962.672025719507,-685.4082406751966,14978.36234725394,-0.0457758768445504,9.999999747378752e-05,0,9.999999747378752e-05,-0.1358642578125,0.133056640625,-1.403808558286812e-07,1.3586425438028016e-05,off
1781066737.6526759,2026-06-10T12:45:37.652,87892967139696,,1,cf_0V,frequency,frequency,332.7421191989247,188,188,0.0,0.1,332.7421191989247,0.099945068359375,332.74211929779085,0,Rp || Cp,Rp,Cp,14892.007613413203,1.2654169210039734e-09,1.2654169210039734e-09,14892.007613413203,4.7384326237521065e-06,4.7384326237521065e-06,1.0,14868.927989597147,-585.8065077719413,14880.463326938896,-0.039377666829393344,9.999999747378752e-05,0,9.999999747378752e-05,-0.130401611328125,0.139373779296875,4.4860838710469864e-07,1.3937377577599719e-05,off
1781066738.0661833,2026-06-10T12:45:38.066,87892992657776,,1,cf_0V,frequency,frequency,298.2932560748046,189,189,0.0,0.1,298.2932560748046,0.099945068359375,298.2932561224061,0,Rp || Cp,Rp,Cp,15001.237859722232,1.2721294264427635e-09,1.2721294264427635e-09,15001.237859722232,4.7323695549090435e-06,4.7323695549090435e-06,1.0,14982.071692663345,-535.862751970873,14991.651713305446,-0.035751692635538075,9.999999747378752e-05,0,9.999999747378752e-05,-0.140869140625,0.139373779296875,-7.476806451744977e-08,1.4086913706634618e-05,off
1781066738.4637327,2026-06-10T12:45:38.463,87893018749296,,1,cf_0V,frequency,frequency,267.41089115476336,190,190,0.0,0.1,267.41089115476336,0.099945068359375,267.4108910838413,0,Rp || Cp,Rp,Cp,14884.606123459724,1.2766796013471133e-09,1.2766796013471133e-09,14884.606123459724,4.730985832913468e-06,4.730985832913468e-06,1.0,14869.447795749664,-474.758846737602,14877.025028986141,-0.03191763570607062,9.999999747378752e-05,0,9.999999747378752e-05,-0.140869140625,0.139373779296875,-7.476806451744977e-08,1.4086913706634618e-05,off
1781066738.906243,2026-06-10T12:45:38.906,87893041113456,,1,cf_0V,frequency,frequency,239.7257841131082,191,191,0.0,0.1,239.7257841131082,0.099945068359375,239.72578418351986,0,Rp || Cp,Rp,Cp,14999.735536231867,1.2679526531328493e-09,1.2679526531328493e-09,14999.735536231867,4.7240974173823e-06,4.7240974173823e-06,1.0,14987.435968433636,-429.3471611823961,14993.584491131987,-0.028639306332399327,9.999999747378752e-05,0,9.999999747378752e-05,-0.140869140625,0.133697509765625,-3.585815339102183e-07,1.4086913706634618e-05,off
1781066739.3750265,2026-06-10T12:45:39.375,87893068065136,,1,cf_0V,frequency,frequency,214.90692215443403,192,192,0.0,0.1,214.90692215443403,0.099945068359375,214.9069221246691,0,Rp || Cp,Rp,Cp,14988.950178510502,1.244655435519675e-09,1.244655435519675e-09,14988.950178510502,4.708771447800881e-06,4.708771447800881e-06,1.0,14979.444197181203,-377.35171506394084,14984.196434020989,-0.025185976047744932,9.999999747378752e-05,0,9.999999747378752e-05,-0.1390380859375,0.135833740234375,-1.6021728110882094e-07,1.3903808242510252e-05,off
1781066739.773258,2026-06-10T12:45:39.773,87893095303536,,1,cf_0V,frequency,frequency,192.65756230919578,193,193,0.0,0.1,192.65756230919578,0.099945068359375,192.65756222353048,0,Rp || Cp,Rp,Cp,14976.71180549908,1.279751774827661e-09,1.279751774827661e-09,14976.71180549908,4.698995310543451e-06,4.698995310543451e-06,1.0,14968.654329063298,-347.28889923493955,14972.682525269718,-0.02319691521204686,9.999999747378752e-05,0,9.999999747378752e-05,-0.1390380859375,0.135833740234375,-1.6021728110882094e-07,1.3903808242510252e-05,off
1781066740.1889353,2026-06-10T12:45:40.188,87893119388016,,1,cf_0V,frequency,frequency,172.71168347127087,194,194,0.0,0.1,172.71168347127087,0.099945068359375,172.7116834615572,0,Rp || Cp,Rp,Cp,14931.366379636076,1.2788558595597726e-09,1.2788558595597726e-09,14931.366379636076,4.693587914636822e-06,4.693587914636822e-06,1.0,14924.957847236205,-309.2686145258047,14928.161769545113,-0.020718608664256503,9.999999747378752e-05,0,9.999999747378752e-05,-0.1390380859375,0.135833740234375,-1.6021728110882094e-07,1.3903808242510252e-05,off
1781066740.6153252,2026-06-10T12:45:40.615,87893146626416,,1,cf_0V,frequency,frequency,154.83080575683516,195,195,0.0,0.1,154.83080575683516,0.099945068359375,154.83080566980334,0,Rp || Cp,Rp,Cp,14989.724787940713,1.2836926005441719e-09,1.2836926005441719e-09,14989.724787940713,4.724629878150027e-06,4.724629878150027e-06,1.0,14984.473989102737,-280.5003718529878,14987.09915856655,-0.018717214565432176,9.999999747378752e-05,0,9.999999747378752e-05,-0.130401611328125,0.134063720703125,1.831054641243668e-07,1.3406371731639055e-05,off
1781066741.0279026,2026-06-10T12:45:41.027,87893170424176,,1,cf_0V,frequency,frequency,138.8011391556985,196,196,0.0,0.1,138.8011391556985,0.099945068359375,138.80113911568515,0,Rp || Cp,Rp,Cp,14954.554804368434,1.3081833070983767e-09,1.3081833070983767e-09,14954.554804368434,4.706665434420223e-06,4.706665434420223e-06,1.0,14950.202922797345,-255.07158325410302,14952.3787052563,-0.01705975759283293,9.999999747378752e-05,0,9.999999747378752e-05,-0.12933349609375,0.139373779296875,5.020141474743056e-07,1.3937377577599719e-05,off
1781066741.4645796,2026-06-10T12:45:41.464,87893196515696,,1,cf_0V,frequency,frequency,124.43102738338021,197,197,0.0,0.1,124.43102738338021,0.099945068359375,124.43102740178347,0,Rp || Cp,Rp,Cp,15008.883691127745,1.3495468819771574e-09,1.3495468819771574e-09,15008.883691127745,4.740986372957451e-06,4.740986372957451e-06,1.0,15005.120733383867,-237.62078036553152,15007.002094312104,-0.01583465566202273,9.999999747378752e-05,0,9.999999747378752e-05,-0.12933349609375,0.139373779296875,5.020141474743056e-07,1.3937377577599719e-05,off
1781066741.8708222,2026-06-10T12:45:41.870,87893223180656,,1,cf_0V,frequency,frequency,111.54865637172875,198,198,0.0,0.1,111.54865637172875,0.099945068359375,111.54865639184663,0,Rp || Cp,Rp,Cp,14910.33903577659,1.3410811454228e-09,1.3410811454228e-09,14910.33903577659,4.732950300015104e-06,4.732950300015104e-06,1.0,14907.41100390347,-208.92432736550626,14908.874947958595,-0.014013878756852805,9.999999747378752e-05,0,9.999999747378752e-05,-0.13092041015625,0.139373779296875,4.226684463537467e-07,1.3937377577599719e-05,off
1781066742.2856119,2026-06-10T12:45:42.285,87893244684656,,1,cf_0V,frequency,frequency,100.0,199,199,0.0,0.1,100.0,0.099945068359375,99.99999996068709,0,Rp || Cp,Rp,Cp,14955.8093219675,1.3392080092517295e-09,1.3392080092517295e-09,14955.8093219675,4.7014075902018964e-06,4.7014075902018964e-06,1.0,14953.441130583684,-188.18238611471156,14954.625179397697,-0.012583889634807947,9.999999747378752e-05,0,9.999999747378752e-05,-0.13092041015625,0.139373779296875,4.226684463537467e-07,1.3937377577599719e-05,off
1781066742.7063873,2026-06-10T12:45:42.706,87893271349616,,1,cf_0V,frequency,frequency,0.0,200,200,0.0,0.1,0.0,0.099945068359375,0.0,0,Rp || Cp,Rp,Cp,108.61696845122093,nan,nan,108.61696845122093,1.0038610249483471e-07,1.0038610249483471e-07,1.0,-108.61696845029894,-0.0004475333132156692,108.61696845122091,-3.1415885333006743,9.999999747378752e-05,0,9.999999747378752e-05,-0.19781494140625,0.999969482421875,4.010772603757484e-05,9.999694571605211e-05,off
