timestamp_unix,timestamp_iso,sample_timestamp,sample_clockbase,block_index,block_name,mode,sweep_variable,sweep_value,point_index_block,point_index_total,set_bias_V,set_amplitude_V,set_frequency_Hz,measured_drive_V,measured_frequency_Hz,model,model_name,param0_name,param1_name,param0,param1,C_F,R_Ohm,demod_R_raw,demod_R,demod_R_gain,Z_real_Ohm,Z_imag_Ohm,Z_abs_Ohm,Z_phase_rad,imps_current_range_A,currin_index,currin_range_A,currin_norm_min,currin_norm_max,currin_est_A,currin_peak_A,iv_autorange_mode
1781065032.3849752,2026-06-10T12:17:12.384,87790627309936,,1,cf_0V,frequency,frequency,0.0,1,1,0.0,0.1,0.0,0.01007080078125,99999.99999990905,0,Rp || Cp,Rp,Cp,450735.2281080627,1.7530553929589988e-10,1.7530553929589988e-10,450735.2281080627,8.577582176605671e-06,8.577582176605671e-06,1.0,182.789533531516,-9075.035541446963,9076.876229854312,-1.5506570315360528,0.0010000000474974513,0,0.0010000000474974513,-0.020904541015625,0.009918212890625,-5.4931643234112926e-06,2.090454200853742e-05,off
1781065032.808945,2026-06-10T12:17:12.808,87790673758576,,1,cf_0V,frequency,frequency,100.0,2,2,0.0,0.1,100.0,0.099945068359375,99.99999996068709,0,Rp || Cp,Rp,Cp,1455450.408823412,-3.4336028946653886e-10,-3.4336028946653886e-10,1455450.408823412,5.785148317134895e-08,5.785148317134895e-08,1.0,1324828.9571309735,415994.0884491355,1388604.6403772999,0.3042493178690106,0.0010000000474974513,0,0.0010000000474974513,-0.023651123046875,0.014556884765625,-4.54711935660157e-06,2.3651124170243065e-05,off
1781065033.9326785,2026-06-10T12:17:13.932,87790741137776,,1,cf_0V,frequency,frequency,111.67312606580774,3,3,0.0,0.1,111.67312606580774,0.099945068359375,111.6731259998005,0,Rp || Cp,Rp,Cp,1171297.309760791,1.7698591908379405e-10,1.7698591908379405e-10,1171297.309760791,6.206719352285542e-08,6.206719352285542e-08,1.0,1147028.7989334667,-166843.28223266802,1159099.5411995128,-0.14444390883457928,9.999999747378752e-05,0,9.999999747378752e-05,-0.05242919921875,0.049072265625,-1.6784667544733622e-07,5.2429197894277024e-06,off
1781065034.3308575,2026-06-10T12:17:14.330,87790768089456,,1,cf_0V,frequency,frequency,124.70887085309788,4,4,0.0,0.1,124.70887085309788,0.099945068359375,124.70887085669347,0,Rp || Cp,Rp,Cp,1167308.64660954,1.7131389631507315e-10,1.7131389631507315e-10,1167308.64660954,6.197316671090534e-08,6.197316671090534e-08,1.0,1139334.1590680853,-178528.11890120854,1153236.5825179955,-0.15543123801486977,9.999999747378752e-05,0,9.999999747378752e-05,-0.055908203125,0.0509033203125,-2.502441343033013e-07,5.590820171263999e-06,off
1781065034.7878492,2026-06-10T12:17:14.787,87790791313776,,1,cf_0V,frequency,frequency,139.2662945630255,5,5,0.0,0.1,139.2662945630255,0.099945068359375,139.26629449656502,0,Rp || Cp,Rp,Cp,1168936.243330401,1.7170557427433327e-10,1.7170557427433327e-10,1168936.243330401,6.20348321022405e-08,6.20348321022405e-08,1.0,1133957.90707029,-199158.13058551287,1151314.2472781048,-0.17385782446250625,9.999999747378752e-05,0,9.999999747378752e-05,-0.055908203125,0.05303955078125,-1.4343261356408732e-07,5.590820171263999e-06,off
1781065035.2679956,2026-06-10T12:17:15.267,87790822279536,,1,cf_0V,frequency,frequency,155.52302469454662,6,6,0.0,0.1,155.52302469454662,0.099945068359375,155.52302464527656,0,Rp || Cp,Rp,Cp,1189583.618414939,1.7626931320250047e-10,1.7626931320250047e-10,1189583.618414939,6.135059694662412e-08,6.135059694662412e-08,1.0,1141651.5606663674,-233926.71616257765,1165371.1831457647,-0.20210457102626608,9.999999747378752e-05,0,9.999999747378752e-05,-0.055908203125,0.05303955078125,-1.4343261356408732e-07,5.590820171263999e-06,off
1781065035.7375429,2026-06-10T12:17:15.737,87790848371056,,1,cf_0V,frequency,frequency,173.67742342849834,7,7,0.0,0.1,173.67742342849834,0.099945068359375,173.6774233762617,0,Rp || Cp,Rp,Cp,1179753.2547720177,1.7473690833177833e-10,1.7473690833177833e-10,1179753.2547720177,6.193625298411862e-08,6.193625298411862e-08,1.0,1122926.9221823565,-252610.01317014138,1150989.4401408553,-0.22127329486943575,9.999999747378752e-05,0,9.999999747378752e-05,-0.055908203125,0.05303955078125,-1.4343261356408732e-07,5.590820171263999e-06,off
1781065036.1513038,2026-06-10T12:17:16.151,87790876469616,,1,cf_0V,frequency,frequency,193.95100801315368,8,8,0.0,0.1,193.95100801315368,0.099945068359375,193.9510080006812,0,Rp || Cp,Rp,Cp,1172593.9636532683,1.7701911653003638e-10,1.7701911653003638e-10,1172593.9636532683,6.226193946998958e-08,6.226193946998958e-08,1.0,1102077.335747105,-278773.7028643383,1136789.0003761172,-0.24775596451307927,9.999999747378752e-05,0,9.999999747378752e-05,-0.0513916015625,0.0540771484375,1.3427734035786898e-07,5.4077147071396325e-06,off
1781065036.5724907,2026-06-10T12:17:16.572,87790900840816,,1,cf_0V,frequency,frequency,216.59115368443398,9,9,0.0,0.1,216.59115368443398,0.099945068359375,216.5911537588272,0,Rp || Cp,Rp,Cp,1181341.9380971682,1.776708361294747e-10,1.776708361294747e-10,1181341.9380971682,5.9156722360150656e-08,5.9156722360150656e-08,1.0,1092229.4471792208,-311979.6254438309,1135912.1673692465,-0.2782269204483867,9.999999747378752e-05,0,9.999999747378752e-05,-0.0513916015625,0.0540771484375,1.3427734035786898e-07,5.4077147071396325e-06,off
1781065036.9744663,2026-06-10T12:17:16.974,87790926072176,,1,cf_0V,frequency,frequency,241.8741121014056,10,10,0.0,0.1,241.8741121014056,0.099945068359375,241.87411220566446,0,Rp || Cp,Rp,Cp,1172094.6562962085,1.750187792517463e-10,1.750187792517463e-10,1172094.6562962085,6.324836188746222e-08,6.324836188746222e-08,1.0,1068267.0113660132,-333040.0095285118,1118977.236372405,-0.30220807662604776,9.999999747378752e-05,0,9.999999747378752e-05,-0.0513916015625,0.0540771484375,1.3427734035786898e-07,5.4077147071396325e-06,off
1781065037.3857532,2026-06-10T12:17:17.385,87790950730096,,1,cf_0V,frequency,frequency,270.1083821275558,11,11,0.0,0.1,270.1083821275558,0.099945068359375,270.1083821676775,0,Rp || Cp,Rp,Cp,1183919.7535762265,1.7610349905237703e-10,1.7610349905237703e-10,1183919.7535762265,6.405651713733417e-08,6.405651713733417e-08,1.0,1052182.814561394,-372305.4435196039,1116109.321945062,-0.3400925596168816,9.999999747378752e-05,0,9.999999747378752e-05,-0.050048828125,0.0540771484375,2.0141601053680347e-07,5.4077147071396325e-06,off
1781065037.8025053,2026-06-10T12:17:17.802,87790975101296,,1,cf_0V,frequency,frequency,301.6384740876191,12,12,0.0,0.1,301.6384740876191,0.099945068359375,301.6384739851219,0,Rp || Cp,Rp,Cp,1181481.228680327,1.7586291691366258e-10,1.7586291691366258e-10,1181481.228680327,6.44251471177327e-08,6.44251471177327e-08,1.0,1022863.0706639418,-402796.0478600779,1099315.0219567486,-0.3751438612286233,9.999999747378752e-05,0,9.999999747378752e-05,-0.0615234375,0.052734375,-4.394531138984803e-07,6.152343594578724e-06,off
1781065038.2091277,2026-06-10T12:17:18.209,87791000045936,,1,cf_0V,frequency,frequency,336.849113430846,13,13,0.0,0.1,336.849113430846,0.099945068359375,336.84911350917446,0,Rp || Cp,Rp,Cp,1173116.874404707,1.7821402424674893e-10,1.7821402424674893e-10,1173116.874404707,6.618272482303526e-08,6.618272482303526e-08,1.0,981036.853456795,-434093.97526647954,1072786.505882258,-0.4165868035707186,9.999999747378752e-05,0,9.999999747378752e-05,-0.0615234375,0.055419921875,-3.051757735406113e-07,6.152343594578724e-06,off
1781065038.6617448,2026-06-10T12:17:18.661,87791024417136,,1,cf_0V,frequency,frequency,376.169935093184,14,14,0.0,0.1,376.169935093184,0.099945068359375,376.1699350945946,0,Rp || Cp,Rp,Cp,1172424.734932616,1.7692188756929608e-10,1.7692188756929608e-10,1172424.734932616,6.698310379655607e-08,6.698310379655607e-08,1.0,945229.912180623,-463412.7127709796,1052715.9774786108,-0.4558289564116905,9.999999747378752e-05,0,9.999999747378752e-05,-0.0615234375,0.059295654296875,-1.1138915734232313e-07,6.152343594578724e-06,off
1781065039.0552168,2026-06-10T12:17:19.055,87791051368816,,1,cf_0V,frequency,frequency,420.08072583827897,15,15,0.0,0.1,420.08072583827897,0.099945068359375,420.08072583143985,0,Rp || Cp,Rp,Cp,1354996.7106746773,1.7520949811053676e-10,1.7520949811053676e-10,1354996.7106746773,6.917775571372732e-08,6.917775571372732e-08,1.0,972955.6352578851,-609679.43808755,1148194.968377246,-0.5597678228448942,9.999999747378752e-05,0,9.999999747378752e-05,-0.0615234375,0.059295654296875,-1.1138915734232313e-07,6.152343594578724e-06,off
1781065039.502728,2026-06-10T12:17:19.502,87791077460336,,1,cf_0V,frequency,frequency,469.11727854354143,16,16,0.0,0.1,469.11727854354143,0.099945068359375,469.11727856979724,0,Rp || Cp,Rp,Cp,1198798.8131250157,1.7674464880505978e-10,1.7674464880505978e-10,1198798.8131250157,6.432208182178662e-08,6.432208182178662e-08,1.0,862421.1495564396,-538608.588215896,1016793.7108883844,-0.5582618567475657,9.999999747378752e-05,0,9.999999747378752e-05,-0.04974365234375,0.059295654296875,4.776000855910567e-07,5.929565279894078e-06,off
1781065039.953458,2026-06-10T12:17:19.953,87791102691696,,1,cf_0V,frequency,frequency,523.8779298644155,17,17,0.0,0.1,523.8779298644155,0.099945068359375,523.877929836658,0,Rp || Cp,Rp,Cp,1351083.6958119448,1.7718667962696414e-10,1.7718667962696414e-10,1351083.6958119448,6.705626652469026e-08,6.705626652469026e-08,1.0,833520.8766482696,-656810.0294224018,1061205.195312554,-0.6673776456488566,9.999999747378752e-05,0,9.999999747378752e-05,-0.054779052734375,0.059295654296875,2.2583007242005237e-07,5.929565279894078e-06,off
1781065040.4038796,2026-06-10T12:17:20.403,87791131076976,,1,cf_0V,frequency,frequency,585.0308610484332,18,18,0.0,0.1,585.0308610484332,0.099945068359375,585.0308610888533,0,Rp || Cp,Rp,Cp,1344241.4015391883,1.7639485980253191e-10,1.7639485980253191e-10,1344241.4015391883,7.5962053582845e-08,7.5962053582845e-08,1.0,763902.5587913911,-665824.5466645678,1013345.6696848869,-0.7169063524361787,9.999999747378752e-05,0,9.999999747378752e-05,-0.056793212890625,0.056549072265625,-1.2207030941624453e-08,5.679321145590777e-06,off
1781065040.820788,2026-06-10T12:17:20.820,87791155734896,,1,cf_0V,frequency,frequency,653.3222509824973,19,19,0.0,0.1,653.3222509824973,0.099945068359375,653.3222509119696,0,Rp || Cp,Rp,Cp,1192759.084764309,1.768003504886195e-10,1.768003504886195e-10,1192759.084764309,7.745996978632399e-08,7.745996978632399e-08,1.0,681828.772167339,-590226.2173955565,901807.8854480525,-0.7135107790528681,9.999999747378752e-05,0,9.999999747378752e-05,-0.056793212890625,0.056610107421875,-9.15527320621834e-09,5.679321145590777e-06,off
1781065041.2134175,2026-06-10T12:17:21.213,87791182686576,,1,cf_0V,frequency,frequency,729.585380955657,20,20,0.0,0.1,729.585380955657,0.099945068359375,729.5853809097252,0,Rp || Cp,Rp,Cp,1174557.5474746383,1.766349758086777e-10,1.766349758086777e-10,1174557.5474746383,8.428753355062123e-08,8.428753355062123e-08,1.0,616723.8583044582,-586540.1478818337,851103.7906619736,-0.7603185618961485,9.999999747378752e-05,0,9.999999747378752e-05,-0.056793212890625,0.056610107421875,-9.15527320621834e-09,5.679321145590777e-06,off
1781065041.5618927,2026-06-10T12:17:21.561,87791203903856,,1,cf_0V,frequency,frequency,814.7508022323145,21,21,0.0,0.1,814.7508022323145,0.099945068359375,814.7508022915417,0,Rp || Cp,Rp,Cp,1202156.4652633527,1.7630689422085235e-10,1.7630689422085235e-10,1202156.4652633527,8.668342583825552e-08,8.668342583825552e-08,1.0,552143.5976377779,-599083.0019635289,814716.5124471346,-0.8261489751764899,9.999999747378752e-05,0,9.999999747378752e-05,-0.052276611328125,0.056610107421875,2.1667479921383404e-07,5.66101059917834e-06,off
1781065042.0188735,2026-06-10T12:17:22.018,87791227414896,,1,cf_0V,frequency,frequency,909.8576904990725,22,22,0.0,0.1,909.8576904990725,0.099945068359375,909.8576904165157,0,Rp || Cp,Rp,Cp,1174000.8653986163,1.7669746185229311e-10,1.7669746185229311e-10,1174000.8653986163,9.429040700758686e-08,9.429040700758686e-08,1.0,487869.15263924,-578569.3539264133,756808.3029405514,-0.8702436125344692,9.999999747378752e-05,0,9.999999747378752e-05,-0.0562744140625,0.056915283203125,3.204345622176419e-08,5.691528176532401e-06,off
1781065042.4315104,2026-06-10T12:17:22.431,87791256373616,,1,cf_0V,frequency,frequency,1016.0665257304771,23,23,0.0,0.1,1016.0665257304771,0.099945068359375,1016.0665256364609,0,Rp || Cp,Rp,Cp,1179871.1840438242,1.7632172773701357e-10,1.7632172773701357e-10,1179871.1840438242,9.669018200525477e-08,9.669018200525477e-08,1.0,426879.5012625203,-566953.8905418225,709692.061811774,-0.9254193798215132,9.999999747378752e-05,0,9.999999747378752e-05,-0.0562744140625,0.056915283203125,3.204345622176419e-08,5.691528176532401e-06,off
1781065042.8272297,2026-06-10T12:17:22.827,87791279024496,,1,cf_0V,frequency,frequency,1134.6732521914685,24,24,0.0,0.1,1134.6732521914685,0.099945068359375,1134.67325220995,0,Rp || Cp,Rp,Cp,1332792.5838036428,1.763143444678809e-10,1.763143444678809e-10,1332792.5838036428,1.0701746697897439e-07,1.0701746697897439e-07,1.0,350114.1273071071,-586557.4227812479,683102.856354588,-1.0326618679663762,9.999999747378752e-05,0,9.999999747378752e-05,-0.0562744140625,0.05767822265625,7.01904279143406e-08,5.767822119917554e-06,off
1781065043.2689967,2026-06-10T12:17:23.268,87791304542576,,1,cf_0V,frequency,frequency,1267.1250913547792,25,25,0.0,0.1,1267.1250913547792,0.099945068359375,1267.1250913598442,0,Rp || Cp,Rp,Cp,1168146.113789309,1.7633548330355625e-10,1.7633548330355625e-10,1168146.113789309,1.1688021248874878e-07,1.1688021248874878e-07,1.0,316613.16899238375,-519236.501176074,608153.305452639,-1.023226304281649,9.999999747378752e-05,0,9.999999747378752e-05,-0.0562744140625,0.05767822265625,7.01904279143406e-08,5.767822119917554e-06,off
1781065043.680362,2026-06-10T12:17:23.680,87791328627056,,1,cf_0V,frequency,frequency,1415.0382006801042,26,26,0.0,0.1,1415.0382006801042,0.099945068359375,1415.0382007471762,0,Rp || Cp,Rp,Cp,1179514.6277933086,1.7598794944439757e-10,1.7598794944439757e-10,1179514.6277933086,1.2562068246941366e-07,1.2562068246941366e-07,1.0,267695.041538253,-494054.2298350858,561916.5572236744,-1.0742447368753183,9.999999747378752e-05,0,9.999999747378752e-05,-0.055816650390625,0.05767822265625,9.307861092988645e-08,5.767822119917554e-06,off
1781065044.0272474,2026-06-10T12:17:24.027,87791352711536,,1,cf_0V,frequency,frequency,1580.2173937248301,27,27,0.0,0.1,1580.2173937248301,0.099945068359375,1580.217393737371,0,Rp || Cp,Rp,Cp,1152165.2106817672,1.7597923760236615e-10,1.7597923760236615e-10,1152165.2106817672,1.389502930370952e-07,1.389502930370952e-07,1.0,228029.0477792942,-459053.25316902134,512569.1522869799,-1.109761978312502,9.999999747378752e-05,0,9.999999747378752e-05,-0.055816650390625,0.05767822265625,9.307861092988645e-08,5.767822119917554e-06,off
1781065044.4244094,2026-06-10T12:17:24.424,87791375649136,,1,cf_0V,frequency,frequency,1764.6781622081528,28,28,0.0,0.1,1764.6781622081528,0.099945068359375,1764.6781621039054,0,Rp || Cp,Rp,Cp,1149053.8534679026,1.7596453819261888e-10,1.7596453819261888e-10,1149053.8534679026,1.5210876650016774e-07,1.5210876650016774e-07,1.0,190682.92186099716,-427486.80618874147,468086.47294586257,-1.1512273298866413,9.999999747378752e-05,0,9.999999747378752e-05,-0.05645751953125,0.054779052734375,-8.392333772366811e-08,5.645751810501309e-06,off
1781065044.837368,2026-06-10T12:17:24.837,87791397726576,,1,cf_0V,frequency,frequency,1970.6712687384897,29,29,0.0,0.1,1970.6712687384897,0.099945068359375,1970.6712688360994,0,Rp || Cp,Rp,Cp,1145618.8518504628,1.759150214120572e-10,1.759150214120572e-10,1145618.8518504628,1.6729666666258292e-07,1.6729666666258292e-07,1.0,158520.7303841366,-395569.86130853195,426150.6038211976,-1.189652041715015,9.999999747378752e-05,0,9.999999747378752e-05,-0.05645751953125,0.0556640625,-3.967285056027947e-08,5.645751810501309e-06,off
1781065045.2563052,2026-06-10T12:17:25.256,87791422097776,,1,cf_0V,frequency,frequency,2200.7102102809863,30,30,0.0,0.1,2200.7102102809863,0.099945068359375,2200.7102103316356,0,Rp || Cp,Rp,Cp,1145947.9801311188,1.75803736124897e-10,1.75803736124897e-10,1145947.9801311188,1.8175060839021702e-07,1.8175060839021702e-07,1.0,130813.38062640322,-364407.9976510419,387176.0959859867,-1.2261483955107912,9.999999747378752e-05,0,9.999999747378752e-05,-0.058563232421875,0.0556640625,-1.4495849243179038e-07,5.856323094244331e-06,off
1781065045.6748164,2026-06-10T12:17:25.674,87791449049456,,1,cf_0V,frequency,frequency,2457.6018874701913,31,31,0.0,0.1,2457.6018874701913,0.099945068359375,2457.6018875421823,0,Rp || Cp,Rp,Cp,1158569.6350288154,1.7568845329581785e-10,1.7568845329581785e-10,1158569.6350288154,2.0317985302462173e-07,2.0317985302462173e-07,1.0,106495.84816918948,-334725.99281828554,351258.95852698473,-1.262764914687644,9.999999747378752e-05,0,9.999999747378752e-05,-0.058563232421875,0.0556640625,-1.4495849243179038e-07,5.856323094244331e-06,off
1781065046.1318364,2026-06-10T12:17:26.131,87791471987056,,1,cf_0V,frequency,frequency,2744.480853990254,32,32,0.0,0.1,2744.480853990254,0.099945068359375,2744.480853991149,0,Rp || Cp,Rp,Cp,1137043.81050096,1.7563753587886002e-10,1.7563753587886002e-10,1137043.81050096,2.247211530267977e-07,2.247211530267977e-07,1.0,88419.99788639476,-304498.4651767609,317076.34935648093,-1.2881892262288155,9.999999747378752e-05,0,9.999999747378752e-05,-0.058563232421875,0.0556640625,-1.4495849243179038e-07,5.856323094244331e-06,off
1781065046.5839262,2026-06-10T12:17:26.583,87791500372336,,1,cf_0V,frequency,frequency,3064.8475639284966,33,33,0.0,0.1,3064.8475639284966,0.099945068359375,3064.8475640049355,0,Rp || Cp,Rp,Cp,1136738.6961293458,1.7568829061955282e-10,1.7568829061955282e-10,1136738.6961293458,2.491249713908058e-07,2.491249713908058e-07,1.0,71988.52897760777,-276856.9996621281,286063.1863177705,-1.3164089530612644,9.999999747378752e-05,0,9.999999747378752e-05,-0.058563232421875,0.053741455078125,-2.4108886109708294e-07,5.856323094244331e-06,off
1781065046.994724,2026-06-10T12:17:26.994,87791528757616,,1,cf_0V,frequency,frequency,3422.6110837907077,34,34,0.0,0.1,3422.6110837907077,0.099945068359375,3422.6110837209944,0,Rp || Cp,Rp,Cp,1147463.823176781,1.756084493251112e-10,1.756084493251112e-10,1147463.823176781,2.7497761631710296e-07,2.7497761631710296e-07,1.0,58017.90140820636,-251410.75171667113,258018.29966603918,-1.3439973441960575,9.999999747378752e-05,0,9.999999747378752e-05,-0.0555419921875,0.053741455078125,-9.002685319448034e-08,5.554199078439126e-06,off
1781065047.3895423,2026-06-10T12:17:27.389,87791551408496,,1,cf_0V,frequency,frequency,3822.1367903439054,35,35,0.0,0.1,3822.1367903439054,0.099945068359375,3822.136790319064,0,Rp || Cp,Rp,Cp,1210096.5087474005,1.755516946733531e-10,1.755516946733531e-10,1210096.5087474005,3.070849676008367e-07,3.070849676008367e-07,1.0,44773.79976892066,-228420.50178996337,232767.30608856145,-1.3772356068524605,9.999999747378752e-05,0,9.999999747378752e-05,-0.05755615234375,0.05511474609375,-1.2207030941624453e-07,5.7556150889759294e-06,off
1781065047.8387346,2026-06-10T12:17:27.838,87791575492976,,1,cf_0V,frequency,frequency,4268.299636288371,36,36,0.0,0.1,4268.299636288371,0.099945068359375,4268.299636294159,0,Rp || Cp,Rp,Cp,1111638.0232076417,1.7543235193357034e-10,1.7543235193357034e-10,1111638.0232076417,3.4135286666992587e-07,3.4135286666992587e-07,1.0,39206.13450301958,-205050.990911726,208765.49009965608,-1.381874634691475,9.999999747378752e-05,0,9.999999747378752e-05,-0.05755615234375,0.060455322265625,1.4495849243179038e-07,6.04553207383951e-06,off
1781065048.2902513,2026-06-10T12:17:28.290,87791604738416,,1,cf_0V,frequency,frequency,4766.543633698721,37,37,0.0,0.1,4766.543633698721,0.099945068359375,4766.543633607512,0,Rp || Cp,Rp,Cp,1116897.2752956278,1.7529693855074407e-10,1.7529693855074407e-10,1116897.2752956278,3.800648207817546e-07,3.800648207817546e-07,1.0,31566.05348357441,-185093.55308900535,187765.91577717275,-1.4018803397421435,9.999999747378752e-05,0,9.999999747378752e-05,-0.05804443359375,0.060455322265625,1.2054443054854147e-07,6.04553207383951e-06,off
1781065048.7055767,2026-06-10T12:17:28.705,87791629683056,,1,cf_0V,frequency,frequency,5322.948281042111,38,38,0.0,0.1,5322.948281042111,0.099945068359375,5322.948280976902,0,Rp || Cp,Rp,Cp,1118560.8379463523,1.7525077008646685e-10,1.7525077008646685e-10,1118560.8379463523,4.22919504006408e-07,4.22919504006408e-07,1.0,25431.285618570066,-166732.38996472,168660.72498231693,-1.4194353532423931,9.999999747378752e-05,0,9.999999747378752e-05,-0.05804443359375,0.060455322265625,1.2054443054854147e-07,6.04553207383951e-06,off
1781065049.139649,2026-06-10T12:17:29.139,87791654054256,,1,cf_0V,frequency,frequency,5944.302744305904,39,39,0.0,0.1,5944.302744305904,0.099945068359375,5944.302744325114,0,Rp || Cp,Rp,Cp,1125121.362849942,1.752590064294224e-10,1.752590064294224e-10,1125121.362849942,4.71123738171576e-07,4.71123738171576e-07,1.0,20367.81290242199,-150004.7119547169,151381.17918369398,-1.435840506103422,9.999999747378752e-05,0,9.999999747378752e-05,-0.05804443359375,0.057586669921875,-2.288818301554585e-08,5.804443212742427e-06,off
1781065049.5478048,2026-06-10T12:17:29.547,87791679859056,,1,cf_0V,frequency,frequency,6638.188697382001,40,40,0.0,0.1,6638.188697382001,0.099945068359375,6638.188697394298,0,Rp || Cp,Rp,Cp,1109975.5326023928,1.7519427967425142e-10,1.7519427967425142e-10,1109975.5326023928,5.249518234479672e-07,5.249518234479672e-07,1.0,16620.181275002113,-134802.68594154515,135823.39475461797,-1.4481227605067988,9.999999747378752e-05,0,9.999999747378752e-05,-0.05450439453125,0.057586669921875,1.5411376563800872e-07,5.7586668467113356e-06,off
1781065049.9550278,2026-06-10T12:17:29.955,87791706524016,,1,cf_0V,frequency,frequency,7413.07283251361,41,41,0.0,0.1,7413.07283251361,0.099945068359375,7413.072832491707,0,Rp || Cp,Rp,Cp,1097097.389801789,1.7513456539611036e-10,1.7513456539611036e-10,1097097.389801789,5.852355683630779e-07,5.852355683630779e-07,1.0,13529.007940126909,-121076.85675585113,121830.37099886427,-1.4595189082244688,9.999999747378752e-05,0,9.999999747378752e-05,-0.054931640625,0.057586669921875,1.3275146149016592e-07,5.7586668467113356e-06,off
1781065050.3973308,2026-06-10T12:17:30.397,87791729174896,,1,cf_0V,frequency,frequency,8278.410169603068,42,42,0.0,0.1,8278.410169603068,0.099945068359375,8278.410169637595,0,Rp || Cp,Rp,Cp,1082471.4717538408,1.7505484753270077e-10,1.7505484753270077e-10,1082471.4717538408,6.527086412260393e-07,6.527086412260393e-07,1.0,11028.947243490296,-108705.48779733577,109263.53808364623,-1.4696851764701995,9.999999747378752e-05,0,9.999999747378752e-05,-0.05670166015625,0.059906005859375,1.6021728110882094e-07,5.9906004346022e-06,off
1781065050.8608856,2026-06-10T12:17:30.860,87791757560176,,1,cf_0V,frequency,frequency,9244.759424945483,43,43,0.0,0.1,9244.759424945483,0.099945068359375,9244.759424973381,0,Rp || Cp,Rp,Cp,1067424.7483835605,1.7495457483117907e-10,1.7495457483117907e-10,1067424.7483835605,7.279660660493123e-07,7.279660660493123e-07,1.0,8994.687085340323,-97571.75412533623,97985.46626341202,-1.4788707800221954,9.999999747378752e-05,0,9.999999747378752e-05,-0.060089111328125,0.059906005859375,-9.15527320621834e-09,6.008910981014637e-06,off
1781065051.316105,2026-06-10T12:17:31.316,87791786518896,,1,cf_0V,frequency,frequency,10323.911847100022,44,44,0.0,0.1,10323.911847100022,0.099945068359375,10323.911847009982,0,Rp || Cp,Rp,Cp,1131423.4246381517,1.7486984040124417e-10,1.7486984040124417e-10,1131423.4246381517,8.117692388603434e-07,8.117692388603434e-07,1.0,6827.598841030595,-87625.84753849899,87891.44021333539,-1.493035802893908,9.999999747378752e-05,0,9.999999747378752e-05,-0.060333251953125,0.06060791015625,1.373290980932751e-08,6.060790862516541e-06,off
1781065051.707407,2026-06-10T12:17:31.707,87791809456496,,1,cf_0V,frequency,frequency,11529.035091934857,45,45,0.0,0.1,11529.035091934857,0.099945068359375,11529.035091939477,0,Rp || Cp,Rp,Cp,1059665.9146926582,1.747941460348051e-10,1.747941460348051e-10,1059665.9146926582,9.057401062174416e-07,9.057401062174416e-07,1.0,5853.638482145739,-78540.66521862066,78758.49907446883,-1.4964038322409878,9.999999747378752e-05,0,9.999999747378752e-05,-0.060333251953125,0.06060791015625,1.373290980932751e-08,6.060790862516541e-06,off
1781065052.1174378,2026-06-10T12:17:32.117,87791835834736,,1,cf_0V,frequency,frequency,12874.833892387638,46,46,0.0,0.1,12874.833892387638,0.099945068359375,12874.83389234012,0,Rp || Cp,Rp,Cp,1117019.4795420382,1.7470478222783972e-10,1.7470478222783972e-10,1117019.4795420382,1.0106440062516582e-06,1.0106440062516582e-06,1.0,4464.239622015161,-70474.91173269783,70616.16400750128,-1.5075357596354138,9.999999747378752e-05,0,9.999999747378752e-05,-0.060333251953125,0.062835693359375,1.2512206715165064e-07,6.283569177201187e-06,off
1781065052.5404596,2026-06-10T12:17:32.540,87791858772336,,1,cf_0V,frequency,frequency,14377.729483409405,47,47,0.0,0.1,14377.729483409405,0.099945068359375,14377.729483356916,0,Rp || Cp,Rp,Cp,1033686.3742813125,1.746331873309612e-10,1.746331873309612e-10,1033686.3742813125,1.1277050598198826e-06,1.1277050598198826e-06,1.0,3872.462821590645,-63149.94921046741,63268.57081987244,-1.5095513083744243,9.999999747378752e-05,0,9.999999747378752e-05,-0.060333251953125,0.062835693359375,1.2512206715165064e-07,6.283569177201187e-06,off
1781065052.9406846,2026-06-10T12:17:32.940,87791884863856,,1,cf_0V,frequency,frequency,16056.059971408577,48,48,0.0,0.1,16056.059971408577,0.099945068359375,16056.059971489845,0,Rp || Cp,Rp,Cp,1007534.2663633124,1.7454664048110738e-10,1.7454664048110738e-10,1007534.2663633124,1.258465650485234e-06,1.258465650485234e-06,1.0,3190.8171065306306,-56609.860083915744,56699.71404273434,-1.5144908627971725,9.999999747378752e-05,0,9.999999747378752e-05,-0.063446044921875,0.066497802734375,1.5258788677030566e-07,6.649780105449921e-06,off
1781065053.3020132,2026-06-10T12:17:33.302,87791909808496,,1,cf_0V,frequency,frequency,17930.304093072773,49,49,0.0,0.1,17930.304093072773,0.099945068359375,17930.304093098926,0,Rp || Cp,Rp,Cp,1008470.0757537091,1.7448248147993382e-10,1.7448248147993382e-10,1008470.0757537091,1.404227254892318e-06,1.404227254892318e-06,1.0,2559.732229980703,-50743.08944860027,50807.611200270476,-1.520394108024242,9.999999747378752e-05,0,9.999999747378752e-05,-0.063812255859375,0.067596435546875,1.8920897959517902e-07,6.759643383924541e-06,off
1781065053.7211275,2026-06-10T12:17:33.721,87791929305456,,1,cf_0V,frequency,frequency,20023.331093839864,50,50,0.0,0.1,20023.331093839864,0.099945068359375,20023.331093881323,0,Rp || Cp,Rp,Cp,1007997.703533041,1.7440892764554496e-10,1.7440892764554496e-10,1007997.703533041,1.5671843173486023e-06,1.5671843173486023e-06,1.0,2056.287266066078,-45480.814907807624,45527.275802521304,-1.5256149053170645,9.999999747378752e-05,0,9.999999747378752e-05,-0.073883056640625,0.067596435546875,-3.1433104674682966e-07,7.3883054774182e-06,off
1781065054.1730294,2026-06-10T12:17:34.173,87791955110256,,1,cf_0V,frequency,frequency,22360.679774997894,51,51,0.0,0.1,22360.679774997894,0.099945068359375,22360.6797749909,0,Rp || Cp,Rp,Cp,942582.4146875094,1.7431244435255483e-10,1.7431244435255483e-10,942582.4146875094,1.7489467533288542e-06,1.7489467533288542e-06,1.0,1765.549510845792,-40756.0885771455,40794.312363163786,-1.5275034987444376,9.999999747378752e-05,0,9.999999747378752e-05,-0.073883056640625,0.070404052734375,-1.7395019091814845e-07,7.3883054774182e-06,off
1781065054.6393,2026-06-10T12:17:34.639,87791985215856,,1,cf_0V,frequency,frequency,24970.870114304947,52,52,0.0,0.1,24970.870114304947,0.099945068359375,24970.87011427368,0,Rp || Cp,Rp,Cp,915864.7373881746,1.7423011902146717e-10,1.7423011902146717e-10,915864.7373881746,1.952114185019452e-06,1.952114185019452e-06,1.0,1458.823649331146,-36523.375693526476,36552.49838917072,-1.5308753564194502,9.999999747378752e-05,0,9.999999747378752e-05,-0.073883056640625,0.0704345703125,-1.724243120504454e-07,7.3883054774182e-06,off
1781065055.095143,2026-06-10T12:17:35.095,87792010733936,,1,cf_0V,frequency,frequency,27885.751262476904,53,53,0.0,0.1,27885.751262476904,0.099945068359375,27885.751262459737,0,Rp || Cp,Rp,Cp,893469.511414939,1.7415202111412279e-10,1.7415202111412279e-10,893469.511414939,2.1788380612506626e-06,2.1788380612506626e-06,1.0,1200.479842760034,-32728.443084287053,32750.452494191435,-1.5341327467640646,9.999999747378752e-05,0,9.999999747378752e-05,-0.073883056640625,0.075103759765625,6.103515470812226e-08,7.5103757868344445e-06,off
1781065055.5008655,2026-06-10T12:17:35.500,87792039405936,,1,cf_0V,frequency,frequency,31140.89016174344,54,54,0.0,0.1,31140.89016174344,0.099945068359375,31140.890161793777,0,Rp || Cp,Rp,Cp,864287.2015070663,1.7406323553364043e-10,1.7406323553364043e-10,864287.2015070663,2.4317255770840234e-06,2.4317255770840234e-06,1.0,996.3343337089879,-29327.910442822573,29344.82940905857,-1.536837163319785,9.999999747378752e-05,0,9.999999747378752e-05,-0.07720947265625,0.080810546875,1.8005370638896068e-07,8.081054483355388e-06,off
1781065055.9177094,2026-06-10T12:17:35.917,87792063777136,,1,cf_0V,frequency,frequency,34776.005528338435,55,55,0.0,0.1,34776.005528338435,0.099945068359375,34776.005528271984,0,Rp || Cp,Rp,Cp,827864.7925975637,1.7399459165448232e-10,1.7399459165448232e-10,827864.7925975637,2.714541422156443e-06,2.714541422156443e-06,1.0,834.8563907742672,-26276.438640041626,26289.697845298437,-1.53903495862545,9.999999747378752e-05,0,9.999999747378752e-05,-0.07720947265625,0.080810546875,1.8005370638896068e-07,8.081054483355388e-06,off
1781065056.3350592,2026-06-10T12:17:36.335,87792089008496,,1,cf_0V,frequency,frequency,38835.452494313686,56,56,0.0,0.1,38835.452494313686,0.099945068359375,38835.45249436793,0,Rp || Cp,Rp,Cp,780974.4374944859,1.7391151231000598e-10,1.7391151231000598e-10,780974.4374944859,3.0298672349126525e-06,3.0298672349126525e-06,1.0,710.3866978524112,-23543.347308706263,23554.06231966902,-1.540631914864064,9.999999747378752e-05,0,9.999999747378752e-05,-0.0841064453125,0.0863037109375,1.0986327847462007e-07,8.630370875728488e-06,off
1781065056.7848237,2026-06-10T12:17:36.784,87792111946096,,1,cf_0V,frequency,frequency,43368.76382220184,57,57,0.0,0.1,43368.76382220184,0.099945068359375,43368.763822186906,0,Rp || Cp,Rp,Cp,741494.639112177,1.738199237544306e-10,1.738199237544306e-10,741494.639112177,3.3816349421108214e-06,3.3816349421108214e-06,1.0,600.6577741773233,-21095.585550817454,21104.13512782596,-1.5423308675247012,9.999999747378752e-05,0,9.999999747378752e-05,-0.0888671875,0.0863037109375,-1.2817382488705675e-07,8.886718525502602e-06,off
1781065057.1773412,2026-06-10T12:17:37.177,87792139184496,,1,cf_0V,frequency,frequency,48431.254296349834,58,58,0.0,0.1,48431.254296349834,0.099945068359375,48431.25429637496,0,Rp || Cp,Rp,Cp,746175.0538874076,1.7371423754356837e-10,1.7371423754356837e-10,746175.0538874076,3.7749120909165723e-06,3.7749120909165723e-06,1.0,479.2898429743606,-18905.1423072005,18911.21689392517,-1.5454494032843396,9.999999747378752e-05,0,9.999999747378752e-05,-0.091400146484375,0.08892822265625,-1.2359618828394758e-07,9.140014417541309e-06,off
1781065057.5908778,2026-06-10T12:17:37.590,87792164415856,,1,cf_0V,frequency,frequency,54084.69566561462,59,59,0.0,0.1,54084.69566561462,0.099945068359375,54084.69566560825,0,Rp || Cp,Rp,Cp,664304.5216570752,1.7362995920808585e-10,1.7362995920808585e-10,664304.5216570752,4.2136162990607735e-06,4.2136162990607735e-06,1.0,432.108054566283,-16937.07817547061,16942.58936800464,-1.5452893098789533,9.999999747378752e-05,0,9.999999747378752e-05,-0.099761962890625,0.09527587890625,-2.2430419355234932e-07,9.976196037042584e-06,off
1781065058.0302186,2026-06-10T12:17:38.030,87792186206576,,1,cf_0V,frequency,frequency,60398.07037297046,60,60,0.0,0.1,60398.07037297046,0.099945068359375,60398.070372897906,0,Rp || Cp,Rp,Cp,620589.3789704493,1.735520009465601e-10,1.735520009465601e-10,620589.3789704493,4.703734244964722e-06,4.703734244964722e-06,1.0,371.25359014209107,-15174.261290706596,15178.802157839398,-1.546335199234916,9.999999747378752e-05,0,9.999999747378752e-05,-0.10107421875,0.106353759765625,2.639770441126288e-07,1.0635375707890304e-05,off
1781065058.4440098,2026-06-10T12:17:38.444,87792216025456,,1,cf_0V,frequency,frequency,67448.41326892251,61,61,0.0,0.1,67448.41326892251,0.099945068359375,67448.4132688491,0,Rp || Cp,Rp,Cp,613382.9449162842,1.7350681632576756e-10,1.7350681632576756e-10,613382.9449162842,5.250552322359448e-06,5.250552322359448e-06,1.0,301.3828735589856,-13593.096883877053,13596.437567647738,-1.5486281994430446,9.999999747378752e-05,0,9.999999747378752e-05,-0.11346435546875,0.108612060546875,-2.42614739964786e-07,1.1346435260239929e-05,off
1781065058.8848474,2026-06-10T12:17:38.884,87792241543536,,1,cf_0V,frequency,frequency,75321.75157919075,62,62,0.0,0.1,75321.75157919075,0.099945068359375,75321.7515791249,0,Rp || Cp,Rp,Cp,556552.3696474322,1.734512979571148e-10,1.734512979571148e-10,556552.3696474322,5.861105654852311e-06,5.861105654852311e-06,1.0,266.520287905687,-12176.26645278267,12179.182969026535,-1.548911314892145,9.999999747378752e-05,0,9.999999747378752e-05,-0.11871337890625,0.118133544921875,-2.8991698486358075e-08,1.187133759072978e-05,off
1781065059.3347855,2026-06-10T12:17:39.334,87792265341296,,1,cf_0V,frequency,frequency,84114.1545960043,63,63,0.0,0.1,84114.1545960043,0.099945068359375,84114.15459598004,0,Rp || Cp,Rp,Cp,501251.57770210016,1.7337986006999256e-10,1.7337986006999256e-10,501251.57770210016,6.542862083618295e-06,6.542862083618295e-06,1.0,237.4888540602567,-10908.03657073832,10910.621558113335,-1.5490278500705716,9.999999747378752e-05,0,9.999999747378752e-05,-0.12579345703125,0.123779296875,-1.0070800526840173e-07,1.2579345385343998e-05,off
1781065059.694916,2026-06-10T12:17:39.694,87792291432816,,1,cf_0V,frequency,frequency,93932.9059011844,64,64,0.0,0.1,93932.9059011844,0.099945068359375,93932.90590111291,0,Rp || Cp,Rp,Cp,449966.9331174123,1.7330574024491664e-10,1.7330574024491664e-10,449966.9331174123,7.303876585451242e-06,7.303876585451242e-06,1.0,212.32115992328616,-9772.022354234641,9774.328681122437,-1.549072291516136,9.999999747378752e-05,0,9.999999747378752e-05,-0.139923095703125,0.13360595703125,-3.158569256145327e-07,1.3992309216837029e-05,off
1781065060.1422985,2026-06-10T12:17:40.142,87792316950896,,1,cf_0V,frequency,frequency,104897.8124243061,65,65,0.0,0.1,104897.8124243061,0.099945068359375,104897.81242434049,0,Rp || Cp,Rp,Cp,384706.86266748345,1.7323889970102655e-10,1.7323889970102655e-10,384706.86266748345,8.154111231578148e-06,8.154111231578148e-06,1.0,199.27903417936704,-8753.530710581133,8755.798766220618,-1.5480346978434567,9.999999747378752e-05,0,9.999999747378752e-05,-0.14520263671875,0.14434814453125,-4.2724608295685584e-08,1.4520263305062286e-05,off
1781065060.591037,2026-06-10T12:17:40.591,87792342755696,,1,cf_0V,frequency,frequency,117142.66630887002,66,66,0.0,0.1,117142.66630887002,0.099945068359375,117142.66630889369,0,Rp || Cp,Rp,Cp,340388.47148434806,1.731881175426633e-10,1.731881175426633e-10,340388.47148434806,9.103226604934774e-06,9.103226604934774e-06,1.0,180.70426771263678,-7840.726716640065,7842.808774756839,-1.5477535285660629,9.999999747378752e-05,0,9.999999747378752e-05,-0.156036376953125,0.159881591796875,1.9226073733058513e-07,1.5988158775792627e-05,off
1781065061.000735,2026-06-10T12:17:41.000,87792367987056,,1,cf_0V,frequency,frequency,130816.87742395303,67,67,0.0,0.1,130816.87742395303,0.099945068359375,130816.87742399595,0,Rp || Cp,Rp,Cp,299254.92529166583,1.731382734901674e-10,1.731382734901674e-10,299254.92529166583,1.0163685777790893e-05,1.0163685777790893e-05,1.0,164.90956388837995,-7023.019582561085,7024.955460449434,-1.5473193503763145,9.999999747378752e-05,0,9.999999747378752e-05,-0.171234130859375,0.17022705078125,-5.035400263420087e-08,1.71234126533637e-05,off
1781065061.5086915,2026-06-10T12:17:41.508,87792393791856,,1,cf_0V,frequency,frequency,146087.29644100412,68,68,0.0,0.1,146087.29644100412,0.099945068359375,146087.29644095319,0,Rp || Cp,Rp,Cp,260596.14329613748,1.7310571336859205e-10,1.7310571336859205e-10,260596.14329613748,1.1347801457488122e-05,1.1347801457488122e-05,1.0,151.9047456518654,-6289.88996831465,6291.723997860749,-1.5466503999490666,9.999999747378752e-05,0,9.999999747378752e-05,-0.18707275390625,0.1856689453125,-7.01904279143406e-08,1.8707274918039474e-05,off
1781065061.909217,2026-06-10T12:17:41.909,87792423324016,,1,cf_0V,frequency,frequency,163140.25072069294,69,69,0.0,0.1,163140.25072069294,0.099945068359375,163140.25072077243,0,Rp || Cp,Rp,Cp,226986.58925192538,1.7308731142365353e-10,1.7308731142365353e-10,226986.58925192538,1.267245116721577e-05,1.267245116721577e-05,1.0,139.86841578214106,-5632.82269104265,5634.558957226232,-1.5459704646039265,9.999999747378752e-05,0,9.999999747378752e-05,-0.204986572265625,0.20660400390625,8.0871579988262e-08,2.0660399868699386e-05,off
1781065062.3091688,2026-06-10T12:17:42.309,87792447981936,,1,cf_0V,frequency,frequency,182183.81785139444,70,70,0.0,0.1,182183.81785139444,0.099945068359375,182183.81785146677,0,Rp || Cp,Rp,Cp,195648.8356479009,1.7307601813412946e-10,1.7307601813412946e-10,195648.8356479009,1.4152108915960792e-05,1.4152108915960792e-05,1.0,130.13096529690574,-5044.109215109037,5045.787534377267,-1.5450034462399749,9.999999747378752e-05,0,9.999999747378752e-05,-0.218719482421875,0.225494384765625,3.3874510863007856e-07,2.254943790691577e-05,off
1781065062.7500982,2026-06-10T12:17:42.750,87792474646896,,1,cf_0V,frequency,frequency,203450.36458068906,71,71,0.0,0.1,203450.36458068906,0.099945068359375,203450.36458074616,0,Rp || Cp,Rp,Cp,167259.86495334748,1.7309217607503333e-10,1.7309217607503333e-10,167259.86495334748,1.580674656577553e-05,1.580674656577553e-05,1.0,122.02806827522016,-4516.138546455833,4517.786871935327,-1.5437824559226423,9.999999747378752e-05,0,9.999999747378752e-05,-0.252410888671875,0.2403564453125,-6.027221527427074e-07,2.5241088229543962e-05,off
1781065063.1023781,2026-06-10T12:17:43.102,87792496437616,,1,cf_0V,frequency,frequency,227199.38211953812,72,72,0.0,0.1,227199.38211953812,0.099945068359375,227199.38211963608,0,Rp || Cp,Rp,Cp,142366.68763762314,1.7313562549534551e-10,1.7313562549534551e-10,142366.68763762314,1.76589576025231e-05,1.76589576025231e-05,1.0,114.89313587303769,-4042.740995150816,4044.373274877549,-1.5423843610247323,9.999999747378752e-05,0,9.999999747378752e-05,-0.261993408203125,0.264556884765625,1.2817382488705675e-07,2.6455687808235595e-05,off
1781065063.5153637,2026-06-10T12:17:43.515,87792519661936,,1,cf_0V,frequency,frequency,253720.6524150888,73,73,0.0,0.1,253720.6524150888,0.099945068359375,253720.65241505482,0,Rp || Cp,Rp,Cp,120195.43474077535,1.732026202581121e-10,1.732026202581121e-10,120195.43474077535,1.9731907065931167e-05,1.9731907065931167e-05,1.0,109.02789160233556,-3618.3929787774023,3620.035197344475,-1.5406738624043563,9.999999747378752e-05,0,9.999999747378752e-05,-0.28912353515625,0.29498291015625,2.9296874259898686e-07,2.949829027043549e-05,off
1781065063.9161596,2026-06-10T12:17:43.916,87792542886256,,1,cf_0V,frequency,frequency,283337.78402649175,74,74,0.0,0.1,283337.78402649175,0.099945068359375,283337.7840264717,0,Rp || Cp,Rp,Cp,100943.01523298505,1.7332533562695388e-10,1.7332533562695388e-10,100943.01523298505,2.205451872921343e-05,2.205451872921343e-05,1.0,103.94018478593217,-3237.473103232257,3239.1411911439786,-1.5387020077621938,9.999999747378752e-05,0,9.999999747378752e-05,-0.3184814453125,0.319671630859375,5.950927584041921e-08,3.1967162278379035e-05,off
1781065064.3578057,2026-06-10T12:17:44.357,87792569837936,,1,cf_0V,frequency,frequency,316412.1607479698,75,75,0.0,0.1,316412.1607479698,0.099945068359375,316412.1607480297,0,Rp || Cp,Rp,Cp,84448.89367083926,1.7348549712097224e-10,1.7348549712097224e-10,84448.89367083926,2.466059593447162e-05,2.466059593447162e-05,1.0,99.42646420228309,-2895.9574032955566,2897.663697444221,-1.5364769595399734,9.999999747378752e-05,0,9.999999747378752e-05,-0.351837158203125,0.352447509765625,3.051757735406113e-08,3.52447500862052e-05,off
1781065064.7105691,2026-06-10T12:17:44.710,87792592775536,,1,cf_0V,frequency,frequency,353347.35115962697,76,76,0.0,0.1,353347.35115962697,0.099945068359375,353347.35115966963,0,Rp || Cp,Rp,Cp,70157.43964359515,1.737316250160682e-10,1.737316250160682e-10,70157.43964359515,2.7586892001937523e-05,2.7586892001937523e-05,1.0,95.6780707230473,-2589.0875185575583,2590.8547763176184,-1.5338587755362016,9.999999747378752e-05,0,9.999999747378752e-05,-0.389312744140625,0.38861083984375,-3.50952139571703e-08,3.8931273430575786e-05,off
1781065065.1230276,2026-06-10T12:17:45.123,87792614852976,,1,cf_0V,frequency,frequency,394594.03291068296,77,77,0.0,0.1,394594.03291068296,0.099945068359375,394594.0329106179,0,Rp || Cp,Rp,Cp,58032.38755028293,1.7404622048311225e-10,1.7404622048311225e-10,58032.38755028293,3.0877695064273386e-05,3.0877695064273386e-05,1.0,92.39481538868375,-2313.731819455797,2315.575896893242,-1.530884290033635,9.999999747378752e-05,0,9.999999747378752e-05,-0.43487548828125,0.432952880859375,-9.613036866529256e-08,4.348754772953711e-05,off
1781065065.514034,2026-06-10T12:17:45.514,87792639224176,,1,cf_0V,frequency,frequency,440655.49182050145,78,78,0.0,0.1,440655.49182050145,0.099945068359375,440655.49182050745,0,Rp || Cp,Rp,Cp,47708.1787040936,1.7448009224233497e-10,1.7448009224233497e-10,47708.1787040936,3.458609870484722e-05,3.458609870484722e-05,1.0,89.64796619445163,-2066.1327241541476,2068.0766890189157,-1.5274342665100835,9.999999747378752e-05,0,9.999999747378752e-05,-0.473358154296875,0.477783203125,2.212524358169432e-07,4.777831910551811e-05,off
1781065065.9710972,2026-06-10T12:17:45.971,87792664455536,,1,cf_0V,frequency,frequency,492093.7628966142,79,79,0.0,0.1,492093.7628966142,0.099945068359375,492093.7628966726,0,Rp || Cp,Rp,Cp,39032.77361188067,1.7505642138411366e-10,1.7505642138411366e-10,39032.77361188067,3.877700681917988e-05,3.877700681917988e-05,1.0,87.25435714765842,-1843.4115781217938,1845.4754317505103,-1.5234985429067238,9.999999747378752e-05,0,9.999999747378752e-05,-0.533599853515625,0.530242919921875,-1.6784667544733622e-07,5.335998400357589e-05,off
1781065066.376374,2026-06-10T12:17:46.376,87792690260336,,1,cf_0V,frequency,frequency,549536.4882015135,80,80,0.0,0.1,549536.4882015135,0.099945068359375,549536.4882015963,0,Rp || Cp,Rp,Cp,31935.398795231886,1.7579473999277715e-10,1.7579473999277715e-10,31935.398795231886,4.352211137758769e-05,4.352211137758769e-05,1.0,84.76349478357363,-1643.098036984725,1645.2829571812204,-1.519254410516925,9.999999747378752e-05,0,9.999999747378752e-05,-0.592559814453125,0.58685302734375,-2.853393482604716e-07,5.92559799483805e-05,off
1781065066.7723017,2026-06-10T12:17:46.772,87792714344816,,1,cf_0V,frequency,frequency,613684.5752468883,81,81,0.0,0.1,613684.5752468883,0.099945068359375,613684.5752469356,0,Rp || Cp,Rp,Cp,25839.060475106595,1.7674997159629618e-10,1.7674997159629618e-10,25839.060475106595,4.891882033361777e-05,4.891882033361777e-05,1.0,83.05317614022967,-1462.5724634595356,1464.9286811777135,-1.5140715633636246,9.999999747378752e-05,0,9.999999747378752e-05,-0.656097412109375,0.66143798828125,2.670288018480349e-07,6.61437971571921e-05,off
1781065067.281241,2026-06-10T12:17:47.281,87792741583216,,1,cf_0V,frequency,frequency,685320.749361875,82,82,0.0,0.1,685320.749361875,0.099945068359375,685320.7493619351,0,Rp || Cp,Rp,Cp,20929.47743385827,1.7798542350644058e-10,1.7798542350644058e-10,20929.47743385827,5.508617064183668e-05,5.508617064183668e-05,1.0,81.02902212581,-1299.7420465781192,1302.265368528912,-1.5085345177071559,9.999999747378752e-05,0,9.999999747378752e-05,-0.7353515625,0.734649658203125,-3.50952139571703e-08,7.35351543923457e-05,off
1781065067.6724641,2026-06-10T12:17:47.672,87792768821616,,1,cf_0V,frequency,frequency,765319.1043900257,83,83,0.0,0.1,765319.1043900257,0.099945068359375,765319.1043900875,0,Rp || Cp,Rp,Cp,16823.19552147965,1.7958482293061003e-10,1.7958482293061003e-10,16823.19552147965,6.216460501245265e-05,6.216460501245265e-05,1.0,79.333123565285,-1152.5375935620798,1155.2647528027912,-1.5020712939286114,9.999999747378752e-05,0,9.999999747378752e-05,-0.82379150390625,0.822235107421875,-7.781982225285589e-08,8.237914830955262e-05,off
1781065068.5239449,2026-06-10T12:17:48.523,87792796346736,,1,cf_0V,frequency,frequency,854655.7682511833,84,84,0.0,0.1,854655.7682511833,0.099945068359375,854655.7682512201,0,Rp || Cp,Rp,Cp,13449.439193946375,1.8167088653997082e-10,1.8167088653997082e-10,13449.439193946375,1022.0823167893677,1022.0823167893677,1.0,77.6725517866739,-1019.1267031102992,1022.0823167893677,-1.494728570541346,0.0010000000474974513,0,0.0010000000474974513,-0.101470947265625,0.09063720703125,-5.416870374475025e-06,0.00010147095208523638,off
1781065068.9841647,2026-06-10T12:17:48.984,87792846809456,,1,cf_0V,frequency,frequency,954420.8135078406,85,85,0.0,0.1,954420.8135078406,0.099945068359375,954420.8135078946,0,Rp || Cp,Rp,Cp,11204.653006143466,1.7624051699045554e-10,1.7624051699045554e-10,11204.653006143466,7.335438726971322e-05,7.335438726971322e-05,1.0,79.33495072735352,-939.4820699473587,942.82585569101,-1.4865507875516246,0.0010000000474974513,0,0.0010000000474974513,-0.11334228515625,0.1031494140625,-5.096435788942699e-06,0.00011334229053971967,off
1781065069.4401028,2026-06-10T12:17:49.440,87792874047856,,1,cf_0V,frequency,frequency,1065831.5582669198,86,86,0.0,0.1,1065831.5582669198,0.099945068359375,1065831.5582669075,0,Rp || Cp,Rp,Cp,8968.482275632938,1.772881909655565e-10,1.772881909655565e-10,8968.482275632938,8.189102775129427e-05,8.189102775129427e-05,1.0,78.40989717882208,-834.9069775171803,838.5808089161515,-1.477156450657333,0.0010000000474974513,0,0.0010000000474974513,-0.124481201171875,0.113525390625,-5.477905533624039e-06,0.0001244812070844148,off
1781065069.8399227,2026-06-10T12:17:49.839,87792898132336,,1,cf_0V,frequency,frequency,1190247.4197125817,87,87,0.0,0.1,1190247.4197125817,0.099945068359375,1190247.4197125202,0,Rp || Cp,Rp,Cp,7143.756238050092,1.7862464508481715e-10,1.7862464508481715e-10,7143.756238050092,9.143403911160326e-05,9.143403911160326e-05,1.0,77.59138773237837,-740.4549525000863,744.5092075536348,-1.4663885682406381,0.0010000000474974513,0,0.0010000000474974513,-0.136749267578125,0.126922607421875,-4.913330311495656e-06,0.00013674927407336668,off
1781065070.3314974,2026-06-10T12:17:50.331,87792926517616,,1,cf_0V,frequency,frequency,1329186.5015106536,88,88,0.0,0.1,1329186.5015106536,0.099945068359375,1329186.5015105486,0,Rp || Cp,Rp,Cp,5657.772019308521,1.8035147486362432e-10,1.8035147486362432e-10,5657.772019308521,0.00010209804293004922,0.00010209804293004922,1.0,76.85003804037368,-654.9000431827858,659.3936570119716,-1.4539843341851932,0.0010000000474974513,0,0.0010000000474974513,-0.1470947265625,0.139312744140625,-3.8909913957496656e-06,0.0001470947335491246,off
1781065070.7339313,2026-06-10T12:17:50.733,87792953756016,,1,cf_0V,frequency,frequency,1484344.1174816934,89,89,0.0,0.1,1484344.1174816934,0.099945068359375,1484344.1174816263,0,Rp || Cp,Rp,Cp,4452.242570017661,1.8257034787415033e-10,1.8257034787415033e-10,4452.242570017661,0.00011402936423808928,0.00011402936423808928,1.0,76.14475108686649,-577.2494081021346,582.2498624064634,-1.4396438977795594,0.0010000000474974513,0,0.0010000000474974513,-0.16729736328125,0.152069091796875,-7.614136103839542e-06,0.00016729737122744837,off
1781065071.1486712,2026-06-10T12:17:51.148,87792978127216,,1,cf_0V,frequency,frequency,1657613.4775657344,90,90,0.0,0.1,1657613.4775657344,0.099945068359375,1657613.477565718,0,Rp || Cp,Rp,Cp,3477.388228839161,1.8541639747379752e-10,1.8541639747379752e-10,3477.388228839161,0.00012737765184281944,0.00012737765184281944,1.0,75.43950862394108,-506.5978087367546,512.1840091981622,-1.4229686458186708,0.0010000000474974513,0,0.0010000000474974513,-0.185821533203125,0.17041015625,-7.705688842563063e-06,0.00018582154202917422,off
1781065071.5700006,2026-06-10T12:17:51.570,87793000778096,,1,cf_0V,frequency,frequency,1851108.7884858004,91,91,0.0,0.1,1851108.7884858004,0.099945068359375,1851108.7884859024,0,Rp || Cp,Rp,Cp,2690.4689941670053,1.8908691344769314e-10,1.8908691344769314e-10,2690.4689941670053,0.00014231756898457694,0.00014231756898457694,1.0,74.7127496918718,-442.0750406304582,448.34399350826766,-1.4033736940477046,0.0010000000474974513,0,0.0010000000474974513,-0.198699951171875,0.190155029296875,-4.272461140431005e-06,0.00019869996060961626,off
1781065071.9721534,2026-06-10T12:17:51.972,87793026009456,,1,cf_0V,frequency,frequency,2067191.0509809963,92,92,0.0,0.1,2067191.0509809963,0.099945068359375,2067191.0509810941,0,Rp || Cp,Rp,Cp,2055.1267962208203,1.9383937845342354e-10,1.9383937845342354e-10,2055.1267962208203,0.00015904413352537915,0.00015904413352537915,1.0,73.99972442565335,-382.887525737055,389.9728408237125,-1.3798826020817965,0.0010000000474974513,0,0.0010000000474974513,-0.219329833984375,0.2076416015625,-5.844116488518125e-06,0.0002193298444019831,off
1781065072.4128437,2026-06-10T12:17:52.412,87793050093936,,1,cf_0V,frequency,frequency,2308496.8683831017,93,93,0.0,0.1,2308496.8683831017,0.099945068359375,2308496.8683831166,0,Rp || Cp,Rp,Cp,1544.8883641243253,2.0004902914234597e-10,2.0004902914234597e-10,1544.8883641243253,0.0001777722435841419,0.0001777722435841419,1.0,73.23522891777462,-328.2938534977657,336.36327534237637,-1.3513117540932076,0.0010000000474974513,0,0.0010000000474974513,-0.2427978515625,0.23193359375,-5.432129164262278e-06,0.00024279786309477913,off
1781065072.864833,2026-06-10T12:17:52.864,87793077045616,,1,cf_0V,frequency,frequency,2577970.6180546875,94,94,0.0,0.1,2577970.6180546875,0.099945068359375,2577970.6180546926,0,Rp || Cp,Rp,Cp,1137.5658949445888,2.0821055588184496e-10,2.0821055588184496e-10,1137.5658949445888,0.00019872095699614592,0.00019872095699614592,1.0,72.36947489377027,-277.6467280156597,286.92341569520215,-1.315816638073211,0.0010000000474974513,0,0.0010000000474974513,-0.2674560546875,0.258453369140625,-4.501342987239809e-06,0.00026745606739098093,off
1781065073.2333007,2026-06-10T12:17:53.233,87793104857456,,1,cf_0V,frequency,frequency,2878900.378239697,95,95,0.0,0.1,2878900.378239697,0.099945068359375,2878900.378239635,0,Rp || Cp,Rp,Cp,814.2832143174132,2.189605725060507e-10,2.189605725060507e-10,814.2832143174132,0.00022206706870868655,0.00022206706870868655,1.0,71.41897870592648,-230.3358526685134,241.15404940396232,-1.270131782268554,0.0010000000474974513,0,0.0010000000474974513,-0.29827880859375,0.287353515625,-5.462646743836785e-06,0.0002982788227612332,off
1781065073.6623542,2026-06-10T12:17:53.662,87793127221616,,1,cf_0V,frequency,frequency,3214958.0487006293,96,96,0.0,0.1,3214958.0487006293,0.099945068359375,3214958.048700538,0,Rp || Cp,Rp,Cp,561.9556901168952,2.3309257219824813e-10,2.3309257219824813e-10,561.9556901168952,0.00024794302181371737,0.00024794302181371737,1.0,70.23408353070919,-185.8376075793829,198.66666272987865,-1.209457123515956,0.0010000000474974513,0,0.0010000000474974513,-0.329376220703125,0.3203125,-4.531860566814316e-06,0.000329376236347656,off
1781065074.0519948,2026-06-10T12:17:54.051,87793151306096,,1,cf_0V,frequency,frequency,3590244.1546882903,97,97,0.0,0.1,3590244.1546882903,0.099945068359375,3590244.154688378,0,Rp || Cp,Rp,Cp,367.56632985646485,2.513350147723095e-10,2.513350147723095e-10,367.56632985646485,0.0002765067259686279,0.0002765067259686279,1.0,68.79460134846359,-143.3662511084786,159.01754347113206,-1.1233965368226395,0.0010000000474974513,0,0.0010000000474974513,-0.367523193359375,0.355224609375,-6.149292284263197e-06,0.00036752321081579,off
1781065074.548438,2026-06-10T12:17:54.548,87793176537456,,1,cf_0V,frequency,frequency,4009337.880935344,98,98,0.0,0.1,4009337.880935344,0.099945068359375,4009337.8809352485,0,Rp || Cp,Rp,Cp,223.81796370375673,2.7079619111495274e-10,2.7079619111495274e-10,223.81796370375673,0.00030705452902054944,0.00030705452902054944,1.0,67.18833551571757,-102.58500870205192,122.62934575285273,-0.9909472462654031,0.0010000000474974513,0,0.0010000000474974513,-0.405120849609375,0.393402099609375,-5.859375278305379e-06,0.00040512086885158283,off
1781065074.9650054,2026-06-10T12:17:54.965,87793204349296,,1,cf_0V,frequency,frequency,4477352.946181116,99,99,0.0,0.1,4477352.946181116,0.099945068359375,4477352.946181128,0,Rp || Cp,Rp,Cp,125.86696284912011,2.726728347542726e-10,2.726728347542726e-10,125.86696284912011,0.0003386936988655571,0.0003386936988655571,1.0,65.1417481059478,-62.8947266667033,90.549400819542,-0.7678501108317956,0.0010000000474974513,0,0.0010000000474974513,-0.4478759765625,0.4326171875,-7.629394893626795e-06,0.0004478759978354674,off
1781065075.3544905,2026-06-10T12:17:55.354,87793230727536,,1,cf_0V,frequency,frequency,4999999.999999999,100,100,0.0,0.1,4999999.999999999,0.099945068359375,4999999.999999929,0,Rp || Cp,Rp,Cp,71.63180505105362,1.6919067228570323e-10,1.6919067228570323e-10,71.63180505105362,0.00036894630465386636,0.00036894630465386636,1.0,62.56241878677254,-23.820217077200518,66.94370012224051,-0.36379629452650813,0.0010000000474974513,0,0.0010000000474974513,-0.48565673828125,0.472137451171875,-6.759643875753341e-06,0.0004856567613487073,off
1781065075.806343,2026-06-10T12:17:55.806,87793253665136,,1,cf_0V,frequency,frequency,4482348.925241931,101,101,0.0,0.1,4482348.925241931,0.099945068359375,4482348.925241979,0,Rp || Cp,Rp,Cp,125.09578878337307,2.7239516638340465e-10,2.7239516638340465e-10,125.09578878337307,0.0003390026882710393,0.0003390026882710393,1.0,65.12045611475573,-62.49496794954431,90.25682701939171,-0.7648276261639587,0.0010000000474974513,0,0.0010000000474974513,-0.48565673828125,0.473114013671875,-6.271362602561226e-06,0.0004856567613487073,off
1781065076.2678435,2026-06-10T12:17:56.267,87793280903536,,1,cf_0V,frequency,frequency,4018290.377523501,102,102,0.0,0.1,4018290.377523501,0.099945068359375,4018290.3775235703,0,Rp || Cp,Rp,Cp,221.38744892101226,2.7113401280545113e-10,2.7113401280545113e-10,221.38744892101226,0.00030769349715093766,0.00030769349715093766,1.0,67.15295694317014,-101.77083176892951,121.92957731884015,-0.9875314163955209,0.0010000000474974513,0,0.0010000000474974513,-0.48565673828125,0.473114013671875,-6.271362602561226e-06,0.0004856567613487073,off
1781065076.7196882,2026-06-10T12:17:56.719,87793307855216,,1,cf_0V,frequency,frequency,3602275.9110004925,103,103,0.0,0.1,3602275.9110004925,0.099945068359375,3602275.9110004897,0,Rp || Cp,Rp,Cp,362.48310877926167,2.519250782005054e-10,2.519250782005054e-10,362.48310877926167,0.0002773951292358226,0.0002773951292358226,1.0,68.75617847845258,-142.1110173198772,157.8700520132025,-1.1201761513204287,0.0010000000474974513,0,0.0010000000474974513,-0.48565673828125,0.473114013671875,-6.271362602561226e-06,0.0004856567613487073,off
1781065077.109168,2026-06-10T12:17:57.109,87793335093616,,1,cf_0V,frequency,frequency,3229331.511619592,104,104,0.0,0.1,3229331.511619592,0.099945068359375,3229331.5116196196,0,Rp || Cp,Rp,Cp,553.0475783748251,2.3370363952490407e-10,2.3370363952490407e-10,553.0475783748251,0.00024903240914666717,0.00024903240914666717,1.0,70.2045169684549,-184.1134538745179,197.0442541673781,-1.206504086760427,0.0010000000474974513,0,0.0010000000474974513,-0.444610595703125,0.4345703125,-5.020141840006431e-06,0.0004446106168209951,off
1781065077.5245068,2026-06-10T12:17:57.524,87793359178096,,1,cf_0V,frequency,frequency,2894998.1260715965,105,105,0.0,0.1,2894998.1260715965,0.099945068359375,2894998.126071542,0,Rp || Cp,Rp,Cp,799.9149246810717,2.195734215991693e-10,2.195734215991693e-10,799.9149246810717,0.00022330463051454546,0.00022330463051454546,1.0,71.37556668549936,-228.03488665031907,238.94430532929638,-1.2674534224959932,0.0010000000474974513,0,0.0010000000474974513,-0.408294677734375,0.396697998046875,-5.798340119156364e-06,0.0004082946971273316,off
1781065077.9127092,2026-06-10T12:17:57.912,87793384409456,,1,cf_0V,frequency,frequency,2595278.3477948857,106,106,0.0,0.1,2595278.3477948857,0.099945068359375,2595278.3477949738,0,Rp || Cp,Rp,Cp,1115.4423856656124,2.0875037501578296e-10,2.0875037501578296e-10,1115.4423856656124,0.0002000478001510708,0.0002000478001510708,1.0,72.3512152871362,-274.71606038265037,284.0838119036168,-1.3132768193487159,0.0010000000474974513,0,0.0010000000474974513,-0.40447998046875,0.3931884765625,-5.6457522212838285e-06,0.0004044799996805182,off
1781065078.328826,2026-06-10T12:17:58.328,87793407347056,,1,cf_0V,frequency,frequency,2326588.622588413,107,107,0.0,0.1,2326588.622588413,0.099945068359375,2326588.6225883747,0,Rp || Cp,Rp,Cp,1512.949439290272,2.005401486967865e-10,2.005401486967865e-10,1512.949439290272,0.00017916353606019377,0.00017916353606019377,1.0,73.18803640024072,-324.6125536118054,332.76087305225684,-1.3490414836943911,0.0010000000474974513,0,0.0010000000474974513,-0.368408203125,0.3546142578125,-6.896972983838623e-06,0.0003684082206234507,off
1781065078.7518535,2026-06-10T12:17:58.751,87793431431536,,1,cf_0V,frequency,frequency,2085716.402387856,108,108,0.0,0.1,2085716.402387856,0.099945068359375,2085716.4023878027,0,Rp || Cp,Rp,Cp,2009.4306271753721,1.942634730899783e-10,1.942634730899783e-10,2009.4306271753721,0.00016047288357138732,0.00016047288357138732,1.0,73.95854015007318,-378.3446709782054,385.5055845493506,-1.3777513774342571,0.0010000000474974513,0,0.0010000000474974513,-0.332733154296875,0.320831298828125,-5.9509280170289e-06,0.0003327331701008518,off
1781065079.1607878,2026-06-10T12:17:59.160,87793458669936,,1,cf_0V,frequency,frequency,1869781.7349205392,109,109,0.0,0.1,1869781.7349205392,0.099945068359375,1869781.734920437,0,Rp || Cp,Rp,Cp,2626.885285173043,1.8944241938080392e-10,1.8944241938080392e-10,2626.885285173043,0.00014374529542793705,0.00014374529542793705,1.0,74.66881610180496,-436.5443645050046,442.88419962685896,-1.4013905077602855,0.0010000000474974513,0,0.0010000000474974513,-0.300933837890625,0.2886962890625,-6.11877470468869e-06,0.0003009338521842153,off
1781065079.603344,2026-06-10T12:17:59.603,87793483614576,,1,cf_0V,frequency,frequency,1676202.829991615,110,110,0.0,0.1,1676202.829991615,0.099945068359375,1676202.8299915243,0,Rp || Cp,Rp,Cp,3390.0033142285683,1.8571199643859524e-10,1.8571199643859524e-10,3390.0033142285683,0.0001287919325688598,0.0001287919325688598,1.0,75.39442812316871,-499.90303201710014,505.5564866678199,-1.4211063723851585,0.0010000000474974513,0,0.0010000000474974513,-0.270843505859375,0.25872802734375,-6.057739545539675e-06,0.00027084351872375123,off
1781065079.9303179,2026-06-10T12:17:59.930,87793507985776,,1,cf_0V,frequency,frequency,1502665.19070008,111,111,0.0,0.1,1502665.19070008,0.099945068359375,1502665.1907001564,0,Rp || Cp,Rp,Cp,4334.110461436791,1.8282004346580068e-10,1.8282004346580068e-10,4334.110461436791,0.00011542020179896858,0.00011542020179896858,1.0,76.08111936831044,-569.1710100204335,574.2333805797217,-1.4379139704976287,0.0010000000474974513,0,0.0010000000474974513,-0.24530029296875,0.233489990234375,-5.9051516476671395e-06,0.0002453003046198887,off
1781065080.3255606,2026-06-10T12:18:00.325,87793529776496,,1,cf_0V,frequency,frequency,1347093.9405065936,112,112,0.0,0.1,1347093.9405065936,0.099945068359375,1347093.940506525,0,Rp || Cp,Rp,Cp,5497.805983203575,1.8055199972347626e-10,1.8055199972347626e-10,5497.805983203575,0.00010345448803981366,0.00010345448803981366,1.0,76.79646733861107,-645.2242867619162,649.7784835027348,-1.452330738912866,0.0010000000474974513,0,0.0010000000474974513,-0.221923828125,0.208160400390625,-6.881714194051369e-06,0.00022192383866581622,off
1781065080.74058,2026-06-10T12:18:00.740,87793553000816,,1,cf_0V,frequency,frequency,1207629.01528593,113,113,0.0,0.1,1207629.01528593,0.099945068359375,1207629.0152859315,0,Rp || Cp,Rp,Cp,6929.335043249389,1.78772973975377e-10,1.78772973975377e-10,6929.335043249389,9.27407935564739e-05,9.27407935564739e-05,1.0,77.55145873007115,-728.9484288221141,733.0620987565724,-1.464806877183703,0.0010000000474974513,0,0.0010000000474974513,-0.199737548828125,0.188751220703125,-5.4931643234112926e-06,0.0001997375583151495,off
1781065081.1297486,2026-06-10T12:18:01.129,87793577372016,,1,cf_0V,frequency,frequency,1082602.9237515721,114,114,0.0,0.1,1082602.9237515721,0.099945068359375,1082602.9237515656,0,Rp || Cp,Rp,Cp,8684.56654344577,1.7738766558222427e-10,1.7738766558222427e-10,8684.56654344577,8.314809376173079e-05,8.314809376173079e-05,1.0,78.37360411979888,-821.2784901635632,825.009563719154,-1.475655653399373,0.0010000000474974513,0,0.0010000000474974513,-0.180877685546875,0.16961669921875,-5.630493431496575e-06,0.00018087769413810406,off
1781065081.5755677,2026-06-10T12:18:01.575,87793598876016,,1,cf_0V,frequency,frequency,970520.8103483266,115,115,0.0,0.1,970520.8103483266,0.099945068359375,970520.8103482476,0,Rp || Cp,Rp,Cp,10835.44738471979,1.7629657252260662e-10,1.7629657252260662e-10,10835.44738471979,7.455749460079664e-05,7.455749460079664e-05,1.0,79.26967806834062,-923.3843966908488,926.7806784310845,-1.4851593981589155,0.0010000000474974513,0,0.0010000000474974513,-0.163726806640625,0.15447998046875,-4.623413305537838e-06,0.00016372681441723103,off
1781065082.0359268,2026-06-10T12:18:02.035,87793626114416,,1,cf_0V,frequency,frequency,870042.5822379502,116,116,0.0,0.1,870042.5822379502,0.099945068359375,870042.5822379998,0,Rp || Cp,Rp,Cp,13462.458494069746,1.7545409081942243e-10,1.7545409081942243e-10,13462.458494069746,6.685828096313537e-05,6.685828096313537e-05,1.0,80.26216886464921,-1036.3802879414002,1039.4835818734018,-1.4935058935126444,0.0010000000474974513,0,0.0010000000474974513,-0.148345947265625,0.13873291015625,-4.806518782984881e-06,0.0001483459543116794,off
1781065082.4446652,2026-06-10T12:18:02.444,87793654212976,,1,cf_0V,frequency,frequency,779966.8866817983,117,117,0.0,0.1,779966.8866817983,0.099945068359375,779966.88668172,0,Rp || Cp,Rp,Cp,16652.28105859239,1.747906867827539e-10,1.747906867827539e-10,16652.28105859239,5.995682714768008e-05,5.995682714768008e-05,1.0,81.44199247993593,-1161.7065682041052,1164.5578340072516,-1.500805363778395,0.0010000000474974513,0,0.0010000000474974513,-0.138885498046875,0.11395263671875,-1.2466431256186183e-05,0.00013888550464358218,off
1781065082.8368783,2026-06-10T12:18:02.836,87793678584176,,1,cf_0V,frequency,frequency,699216.7472484909,118,118,0.0,0.1,699216.7472484909,0.099945068359375,699216.7472483857,0,Rp || Cp,Rp,Cp,20526.219797536985,1.742776140658732e-10,1.742776140658732e-10,20526.219797536985,5.377233858126496e-05,5.377233858126496e-05,1.0,82.76937120063975,-1300.8041885538769,1303.4348107090968,-1.5072526053435094,0.0010000000474974513,0,0.0010000000474974513,-0.114715576171875,0.10302734375,-5.844116488518125e-06,0.00011471558162057249,off
1781065083.232553,2026-06-10T12:18:03.232,87793702381936,,1,cf_0V,frequency,frequency,626826.6871080867,119,119,0.0,0.1,626826.6871080867,0.099945068359375,626826.687107993,0,Rp || Cp,Rp,Cp,25214.34325251286,1.7389840625972875e-10,1.7389840625972875e-10,25214.34325251286,4.822603952471301e-05,4.822603952471301e-05,1.0,84.26604376463317,-1455.2017680998704,1457.6395137388163,-1.512954144470937,0.0010000000474974513,0,0.0010000000474974513,-0.114715576171875,0.10302734375,-5.844116488518125e-06,0.00011471558162057249,off
1781065083.7355368,2026-06-10T12:18:03.735,87793728473456,,1,cf_0V,frequency,frequency,561931.1854543786,120,120,0.0,0.1,561931.1854543786,0.099945068359375,561931.1854543696,0,Rp || Cp,Rp,Cp,30881.164422549467,1.7360091136491612e-10,1.7360091136491612e-10,30881.164422549467,4.325226368768978e-05,4.325226368768978e-05,1.0,85.95394880555857,-1626.9511192769698,1629.220066728818,-1.5180140941753448,0.0010000000474974513,0,0.0010000000474974513,-0.103240966796875,0.091796875,-5.7220461702200964e-06,0.00010324097170055779,off
1781065084.1466954,2026-06-10T12:18:04.146,87793756858736,,1,cf_0V,frequency,frequency,503754.32903627184,121,121,0.0,0.1,503754.32903627184,0.099945068359375,503754.3290362123,0,Rp || Cp,Rp,Cp,37691.073699749955,1.7337495775194195e-10,1.7337495775194195e-10,37691.073699749955,3.8793013233123845e-05,3.8793013233123845e-05,1.0,87.89768825722992,-1818.0297694317146,1820.1533578632593,-1.522486173422987,0.0010000000474974513,0,0.0010000000474974513,-0.096099853515625,0.082366943359375,-6.866455404264116e-06,9.609985808012311e-05,off
1781065084.5468826,2026-06-10T12:18:04.546,87793784957296,,1,cf_0V,frequency,frequency,451600.5350683417,122,122,0.0,0.1,451600.5350683417,0.099945068359375,451600.5350683372,0,Rp || Cp,Rp,Cp,45945.22963400506,1.7321440734203428e-10,1.7321440734203428e-10,45945.22963400506,3.4795299960361123e-05,3.4795299960361123e-05,1.0,89.92326964874037,-2030.630217205391,2032.6202974121688,-1.5265418104157686,0.0010000000474974513,0,0.0010000000474974513,-0.0848388671875,0.074737548828125,-5.0506594195809384e-06,8.483887121712996e-05,off
1781065084.9952056,2026-06-10T12:18:04.995,87793808181616,,1,cf_0V,frequency,frequency,404846.2346004526,123,123,0.0,0.1,404846.2346004526,0.099945068359375,404846.23460045556,0,Rp || Cp,Rp,Cp,55883.79256068554,1.731040410386014e-10,1.731040410386014e-10,55883.79256068554,3.1211089530093717e-05,3.1211089530093717e-05,1.0,92.13892307366142,-2267.28535536846,2269.156773740734,-1.5301802432808997,0.0010000000474974513,0,0.0010000000474974513,-0.0767822265625,0.06561279296875,-5.584717062134814e-06,7.678223020946007e-05,off
1781065085.4058123,2026-06-10T12:18:05.405,87793833126256,,1,cf_0V,frequency,frequency,362932.4169099164,124,124,0.0,0.1,362932.4169099164,0.099945068359375,362932.41690984246,0,Rp || Cp,Rp,Cp,67216.28689727526,1.730306298142999e-10,1.730306298142999e-10,67216.28689727526,2.7996066920268535e-05,2.7996066920268535e-05,1.0,95.42260506809266,-2530.7800625863024,2532.57836971382,-1.5331093599500507,0.0010000000474974513,0,0.0010000000474974513,-0.076324462890625,0.064971923828125,-5.676269800858336e-06,7.632446651584246e-05,off
1781065085.7964594,2026-06-10T12:18:05.796,87793856350576,,1,cf_0V,frequency,frequency,325357.9457743241,125,125,0.0,0.1,325357.9457743241,0.099945068359375,325357.9457742717,0,Rp || Cp,Rp,Cp,80742.28023192995,1.729954367419721e-10,1.729954367419721e-10,80742.28023192995,2.5107632465491287e-05,2.5107632465491287e-05,1.0,98.90421809123757,-2824.17599467285,2825.907304432086,-1.5357900755343468,0.0010000000474974513,0,0.0010000000474974513,-0.069183349609375,0.057586669921875,-5.798340119156364e-06,6.918335289540778e-05,off
1781065086.2095928,2026-06-10T12:18:06.209,87793882155376,,1,cf_0V,frequency,frequency,291673.56771209295,126,126,0.0,0.1,291673.56771209295,0.099945068359375,291673.56771218067,0,Rp || Cp,Rp,Cp,96662.55936973977,1.7298006897309976e-10,1.7298006897309976e-10,96662.55936973977,2.2520614801421264e-05,2.2520614801421264e-05,1.0,102.8332186114012,-3151.118440864452,3152.795917785672,-1.5381740248783162,0.0010000000474974513,0,0.0010000000474974513,-0.06591796875,0.049407958984375,-8.255005274904192e-06,6.591797188093551e-05,off
1781065086.6012442,2026-06-10T12:18:06.601,87793904519536,,1,cf_0V,frequency,frequency,261476.54055115595,127,127,0.0,0.1,261476.54055115595,0.099945068359375,261476.54055115767,0,Rp || Cp,Rp,Cp,116159.14315671848,1.729982206622406e-10,1.729982206622406e-10,116159.14315671848,2.0198360830071363e-05,2.0198360830071363e-05,1.0,106.47309220124176,-3515.179460565226,3516.791600214964,-1.5405160666012703,0.0010000000474974513,0,0.0010000000474974513,-0.060302734375,0.049102783203125,-5.599975851922068e-06,6.030273723922619e-05,off
1781065087.0210218,2026-06-10T12:18:07.021,87793929750896,,1,cf_0V,frequency,frequency,234405.81810309048,128,128,0.0,0.1,234405.81810309048,0.099945068359375,234405.81810305617,0,Rp || Cp,Rp,Cp,135400.709980669,1.7303729427868026e-10,1.7303729427868026e-10,135400.709980669,1.8115884681866215e-05,1.8115884681866215e-05,1.0,113.61575110100941,-3920.5541477150146,3922.200066807359,-1.5418249218504596,0.0010000000474974513,0,0.0010000000474974513,-0.0565185546875,0.04266357421875,-6.92749056341313e-06,5.65185573719873e-05,off
1781065087.915145,2026-06-10T12:18:07.915,87793983940976,,1,cf_0V,frequency,frequency,210137.7333689687,129,129,0.0,0.1,210137.7333689687,0.099945068359375,210137.7333689669,0,Rp || Cp,Rp,Cp,159563.30374583811,1.7309716728829276e-10,1.7309716728829276e-10,159563.30374583811,1.6328214948161328e-05,1.6328214948161328e-05,1.0,119.892714196316,-4372.196622900481,4373.840140222289,-1.5433815769182384,9.999999747378752e-05,0,9.999999747378752e-05,-0.2529296875,0.25146484375,-7.324218564974672e-08,2.5292968111045866e-05,off
1781065088.293956,2026-06-10T12:18:08.293,87794006878576,,1,cf_0V,frequency,frequency,188382.12866383453,130,130,0.0,0.1,188382.12866383453,0.099945068359375,188382.12866391757,0,Rp || Cp,Rp,Cp,186333.26443572613,1.7308420931964027e-10,1.7308420931964027e-10,186333.26443572613,1.4634087426586e-05,1.4634087426586e-05,1.0,127.77846103242136,-4877.812053948008,4879.485399992944,-1.5446064606252108,9.999999747378752e-05,0,9.999999747378752e-05,-0.2529296875,0.2518310546875,-5.493163923731004e-08,2.5292968111045866e-05,off
1781065088.7592125,2026-06-10T12:18:08.759,87794029816176,,1,cf_0V,frequency,frequency,168878.88639022523,131,131,0.0,0.1,168878.88639022523,0.099945068359375,168878.88639026016,0,Rp || Cp,Rp,Cp,217137.5717138573,1.7308944379492945e-10,1.7308944379492945e-10,217137.5717138573,1.311822137369272e-05,1.311822137369272e-05,1.0,136.43959816360606,-5441.281766910517,5442.992102773977,-1.5457266797346012,9.999999747378752e-05,0,9.999999747378752e-05,-0.2529296875,0.2518310546875,-5.493163923731004e-08,2.5292968111045866e-05,off
1781065089.1759486,2026-06-10T12:18:09.175,87794057914736,,1,cf_0V,frequency,frequency,151394.81898145608,132,132,0.0,0.1,151394.81898145608,0.099945068359375,151394.81898145846,0,Rp || Cp,Rp,Cp,249474.50150613693,1.730951889494612e-10,1.730951889494612e-10,249474.50150613693,1.1760330565575612e-05,1.1760330565575612e-05,1.0,147.76268443512498,-6069.694245161773,6071.4925710785,-1.5464567969134018,9.999999747378752e-05,0,9.999999747378752e-05,-0.2529296875,0.2518310546875,-5.493163923731004e-08,2.5292968111045866e-05,off
1781065089.564348,2026-06-10T12:18:09.564,87794082285936,,1,cf_0V,frequency,frequency,135720.88082974532,133,133,0.0,0.1,135720.88082974532,0.099945068359375,135720.88082980827,0,Rp || Cp,Rp,Cp,286933.2074746466,1.7314052229792736e-10,1.7314052229792736e-10,286933.2074746466,1.0544848350731757e-05,1.0544848350731757e-05,1.0,159.78159640641096,-6769.129618626074,6771.015134550428,-1.547196257045309,9.999999747378752e-05,0,9.999999747378752e-05,-0.247955322265625,0.246124267578125,-9.15527320621834e-08,2.479553160017467e-05,off
1781065090.063312,2026-06-10T12:18:10.063,87794107517296,,1,cf_0V,frequency,frequency,121669.66886401946,134,134,0.0,0.1,121669.66886401946,0.099945068359375,121669.66886411501,0,Rp || Cp,Rp,Cp,326382.5056692326,1.7317639873142778e-10,1.7317639873142778e-10,326382.5056692326,9.454657057764701e-06,9.454657057764701e-06,1.0,174.71845586093914,-7549.471562416412,7551.493058366175,-1.5476573201651604,9.999999747378752e-05,0,9.999999747378752e-05,-0.2244873046875,0.211517333984375,-6.48498518773799e-07,2.244872990164737e-05,off
1781065090.4666488,2026-06-10T12:18:10.466,87794136476016,,1,cf_0V,frequency,frequency,109073.18189343589,135,135,0.0,0.1,109073.18189343589,0.099945068359375,109073.18189339321,0,Rp || Cp,Rp,Cp,367960.10108098097,1.7321103056849487e-10,1.7321103056849487e-10,367960.10108098097,8.477926952394258e-06,8.477926952394258e-06,1.0,192.76354451534664,-8419.746762254848,8421.95305879789,-1.5479061043405924,9.999999747378752e-05,0,9.999999747378752e-05,-0.1917724609375,0.193115234375,6.713867017893449e-08,1.9311522949649884e-05,off
1781065090.8765092,2026-06-10T12:18:10.876,87794162280816,,1,cf_0V,frequency,frequency,97780.81192655204,136,136,0.0,0.1,97780.81192655204,0.099945068359375,97780.81192649779,0,Rp || Cp,Rp,Cp,412038.011464243,1.7327735602444476e-10,1.7327735602444476e-10,412038.011464243,7.602862227454439e-06,7.602862227454439e-06,1.0,214.03580066109706,-9388.560824886363,9391.00024952377,-1.548002765972212,9.999999747378752e-05,0,9.999999747378752e-05,-0.181854248046875,0.17724609375,-2.3040770902316154e-07,1.818542434528503e-05,off
1781065091.2699287,2026-06-10T12:18:11.269,87794186365296,,1,cf_0V,frequency,frequency,87657.5434496528,137,137,0.0,0.1,87657.5434496528,0.099945068359375,87657.54344956634,0,Rp || Cp,Rp,Cp,454682.310589746,1.7335440054514651e-10,1.7335440054514651e-10,454682.310589746,6.817844451816555e-06,6.817844451816555e-06,1.0,241.13124722156175,-10468.045107072301,10470.821965924497,-1.547765416113194,9.999999747378752e-05,0,9.999999747378752e-05,-0.162445068359375,0.16754150390625,2.5482177090641045e-07,1.675414996737956e-05,off
1781065091.682099,2026-06-10T12:18:11.682,87794208729456,,1,cf_0V,frequency,frequency,78582.33913417984,138,138,0.0,0.1,78582.33913417984,0.099945068359375,78582.33913417223,0,Rp || Cp,Rp,Cp,507158.21275269357,1.7342785928873843e-10,1.7342785928873843e-10,507158.21275269357,6.114036527477834e-06,6.114036527477834e-06,1.0,268.7688628068951,-11672.02207859051,11675.116106691137,-1.5477736343389152,9.999999747378752e-05,0,9.999999747378752e-05,-0.15936279296875,0.15850830078125,-4.2724608295685584e-08,1.5936278894290723e-05,off
1781065092.184183,2026-06-10T12:18:12.184,87794233960816,,1,cf_0V,frequency,frequency,70446.69267221761,139,139,0.0,0.1,70446.69267221761,0.099945068359375,70446.69267216364,0,Rp || Cp,Rp,Cp,550072.2827363719,1.7347640875721527e-10,1.7347640875721527e-10,550072.2827363719,5.483531199632593e-06,5.483531199632593e-06,1.0,308.15915252948594,-13015.945851712522,13019.593253170397,-1.547125239196843,9.999999747378752e-05,0,9.999999747378752e-05,-0.148956298828125,0.147979736328125,-4.882812376649781e-08,1.4895629506517238e-05,off
1781065092.576214,2026-06-10T12:18:12.576,87794264066416,,1,cf_0V,frequency,frequency,63153.33143723267,140,140,0.0,0.1,63153.33143723267,0.099945068359375,63153.33143732005,0,Rp || Cp,Rp,Cp,601102.0495605583,1.7352943107972078e-10,1.7352943107972078e-10,601102.0495605583,4.917357643487329e-06,4.917357643487329e-06,1.0,350.67096262031606,-14514.339951524522,14518.575493224049,-1.5466407154210118,9.999999747378752e-05,0,9.999999747378752e-05,-0.142120361328125,0.143402099609375,6.408691244352838e-08,1.4340209598673326e-05,off
1781065092.9799988,2026-06-10T12:18:12.979,87794285857136,,1,cf_0V,frequency,frequency,56615.05345862548,141,141,0.0,0.1,56615.05345862548,0.099945068359375,56615.05345855744,0,Rp || Cp,Rp,Cp,647065.1407645909,1.7359220962535983e-10,1.7359220962535983e-10,647065.1407645909,4.410180628403064e-06,4.410180628403064e-06,1.0,405.03823001597715,-16184.006406095943,16189.074072359079,-1.545774482028457,9.999999747378752e-05,0,9.999999747378752e-05,-0.131011962890625,0.13427734375,1.6326903884422705e-07,1.3427734035786898e-05,off
1781065093.3885334,2026-06-10T12:18:13.388,87794311088496,,1,cf_0V,frequency,frequency,50753.68480455689,142,142,0.0,0.1,50753.68480455689,0.099945068359375,50753.68480454756,0,Rp || Cp,Rp,Cp,680995.8433762065,1.7367942841135989e-10,1.7367942841135989e-10,680995.8433762065,3.955525704937139e-06,3.955525704937139e-06,1.0,478.36424022287764,-18042.594793024444,18048.935126804485,-1.5442894853156313,9.999999747378752e-05,0,9.999999747378752e-05,-0.126678466796875,0.119415283203125,-3.6315917051332747e-07,1.2667846359670776e-05,off
1781065093.781725,2026-06-10T12:18:13.781,87794335172976,,1,cf_0V,frequency,frequency,45499.144907154674,143,143,0.0,0.1,45499.144907154674,0.099945068359375,45499.14490716844,0,Rp || Cp,Rp,Cp,729580.0661790655,1.737752148472424e-10,1.737752148472424e-10,729580.0661790655,3.5473110072763374e-06,3.5473110072763374e-06,1.0,554.951074379588,-20114.00683297707,20121.661004300895,-1.5432130446906946,9.999999747378752e-05,0,9.999999747378752e-05,-0.117706298828125,0.11383056640625,-1.9378661619828819e-07,1.1770629585461378e-05,off
1781065094.1947463,2026-06-10T12:18:14.194,87794360404336,,1,cf_0V,frequency,frequency,40788.608654802425,144,144,0.0,0.1,40788.608654802425,0.099945068359375,40788.608654906966,0,Rp || Cp,Rp,Cp,766582.58676181,1.7387377750545165e-10,1.7387377750545165e-10,766582.58676181,3.1816287208741377e-06,3.1816287208741377e-06,1.0,656.3920684733206,-22422.040032803852,22431.645721618668,-1.541530271768514,9.999999747378752e-05,0,9.999999747378752e-05,-0.10687255859375,0.1090087890625,1.0681152073921396e-07,1.0900878630870636e-05,off
1781065094.6364083,2026-06-10T12:18:14.636,87794383341936,,1,cf_0V,frequency,frequency,36565.755233193486,145,145,0.0,0.1,36565.755233193486,0.099945068359375,36565.755233297634,0,Rp || Cp,Rp,Cp,801377.6098783086,1.7395626900833165e-10,1.7395626900833165e-10,801377.6098783086,2.853713379942992e-06,2.853713379942992e-06,1.0,780.4599647858363,-24996.680248167933,25008.86125327945,-1.5395839219669865,9.999999747378752e-05,0,9.999999747378752e-05,-0.101348876953125,0.098419189453125,-1.4648437129949343e-07,1.0134887439283702e-05,off
1781065095.1296825,2026-06-10T12:18:15.129,87794413447536,,1,cf_0V,frequency,frequency,32780.09473403288,146,146,0.0,0.1,32780.09473403288,0.099945068359375,32780.09473397958,0,Rp || Cp,Rp,Cp,845880.9299463658,1.7401431469340604e-10,1.7401431469340604e-10,845880.9299463658,2.5593947753172585e-06,2.5593947753172585e-06,1.0,919.3236045950667,-27871.00912573053,27886.166921549477,-1.5378233401350179,9.999999747378752e-05,0,9.999999747378752e-05,-0.091552734375,0.094696044921875,1.5716552337341483e-07,9.46960425296517e-06,off
1781065095.5465364,2026-06-10T12:18:15.546,87794440685936,,1,cf_0V,frequency,frequency,29386.364480084198,147,147,0.0,0.1,29386.364480084198,0.099945068359375,29386.3644801462,0,Rp || Cp,Rp,Cp,879910.1742873249,1.740966051599413e-10,1.740966051599413e-10,879910.1742873249,2.2955999927966426e-06,2.2955999927966426e-06,1.0,1098.467194476107,-31070.014972044024,31089.426828752894,-1.5354564705540659,9.999999747378752e-05,0,9.999999747378752e-05,-0.091552734375,0.094696044921875,1.5716552337341483e-07,9.46960425296517e-06,off
1781065095.9907718,2026-06-10T12:18:15.990,87794468784496,,1,cf_0V,frequency,frequency,26343.98784881462,148,148,0.0,0.1,26343.98784881462,0.099945068359375,26343.987848775898,0,Rp || Cp,Rp,Cp,901428.4716287388,1.7417896321975918e-10,1.7417896321975918e-10,901428.4716287388,2.0590752104905655e-06,2.0590752104905655e-06,1.0,1332.637517206213,-34633.81985311537,34659.448933448344,-1.5323373746106386,9.999999747378752e-05,0,9.999999747378752e-05,-0.083465576171875,0.083343505859375,-6.103515470812226e-09,8.34655740633572e-06,off
1781065096.4414566,2026-06-10T12:18:16.441,87794492008816,,1,cf_0V,frequency,frequency,23616.58912414415,149,149,0.0,0.1,23616.58912414415,0.099945068359375,23616.589124202394,0,Rp || Cp,Rp,Cp,933763.6897835641,1.7427322376489333e-10,1.7427322376489333e-10,933763.6897835641,1.846637634545112e-06,1.846637634545112e-06,1.0,1598.6868962949986,-38603.62645271383,38636.71537660845,-1.5294071089226358,9.999999747378752e-05,0,9.999999747378752e-05,-0.07928466796875,0.083343505859375,2.0294188940450653e-07,8.334350375394095e-06,off
1781065096.901409,2026-06-10T12:18:16.901,87794517813616,,1,cf_0V,frequency,frequency,21171.558575697567,150,150,0.0,0.1,21171.558575697567,0.099945068359375,21171.5585756167,0,Rp || Cp,Rp,Cp,953047.4274330653,1.7436179507683026e-10,1.7436179507683026e-10,953047.4274330653,1.6566728400361007e-06,1.6566728400361007e-06,1.0,1946.388673461624,-43025.71660250736,43069.71927035811,-1.525589350118943,9.999999747378752e-05,0,9.999999747378752e-05,-0.074371337890625,0.075927734375,7.781982225285589e-08,7.5927732456904096e-06,off
1781065097.304973,2026-06-10T12:18:17.304,87794546198896,,1,cf_0V,frequency,frequency,18979.66256549492,151,151,0.0,0.1,18979.66256549492,0.099945068359375,18979.662565428156,0,Rp || Cp,Rp,Cp,986615.2954705514,1.7444838053426016e-10,1.7444838053426016e-10,986615.2954705514,1.4860125994980369e-06,1.4860125994980369e-06,1.0,2336.4251864401913,-47955.12426230064,48012.00709889691,-1.52211374782497,9.999999747378752e-05,0,9.999999747378752e-05,-0.071502685546875,0.072479248046875,4.882812376649781e-08,7.247924621589519e-06,off
1781065097.7771082,2026-06-10T12:18:17.777,87794575157616,,1,cf_0V,frequency,frequency,17014.69402038014,152,152,0.0,0.1,17014.69402038014,0.099945068359375,17014.694020431874,0,Rp || Cp,Rp,Cp,991380.9440773888,1.7452271233381137e-10,1.7452271233381137e-10,991380.9440773888,1.3330749871722986e-06,1.3330749871722986e-06,1.0,2889.215754509158,-53441.23758552426,53519.2810335542,-1.516785493704297,9.999999747378752e-05,0,9.999999747378752e-05,-0.071502685546875,0.072479248046875,4.882812376649781e-08,7.247924621589519e-06,off
1781065098.1821976,2026-06-10T12:18:18.182,87794598381936,,1,cf_0V,frequency,frequency,15253.159091114281,153,153,0.0,0.1,15253.159091114281,0.099945068359375,15253.159091201951,0,Rp || Cp,Rp,Cp,1015882.446395664,1.7458100966909685e-10,1.7458100966909685e-10,1015882.446395664,1.1958491270070707e-06,1.1958491270070707e-06,1.0,3504.1490906054096,-59561.0987965314,59664.089289113974,-1.512031217321279,9.999999747378752e-05,0,9.999999747378752e-05,-0.071502685546875,0.068572998046875,-1.4648437129949343e-07,7.150268374056523e-06,off
1781065098.5973608,2026-06-10T12:18:18.597,87794622753136,,1,cf_0V,frequency,frequency,13673.996251720062,154,154,0.0,0.1,13673.996251720062,0.099945068359375,13673.996251668541,0,Rp || Cp,Rp,Cp,1059825.1016530832,1.7466073275460485e-10,1.7466073275460485e-10,1059825.1016530832,1.0726688010238695e-06,1.0726688010238695e-06,1.0,4173.601319358744,-66376.71650944983,66507.79986248848,-1.5080015046241444,9.999999747378752e-05,0,9.999999747378752e-05,-0.068450927734375,0.0631103515625,-2.670288018480349e-07,6.845092600515912e-06,off
1781065099.0034192,2026-06-10T12:18:19.003,87794648557936,,1,cf_0V,frequency,frequency,12258.324480531926,155,155,0.0,0.1,12258.324480531926,0.099945068359375,12258.324480498573,0,Rp || Cp,Rp,Cp,1059231.9149512216,1.7473512121130497e-10,1.7473512121130497e-10,1059231.9149512216,9.625212163564446e-07,9.625212163564446e-07,1.0,5186.743052821649,-73939.57987914339,74121.27748629417,-1.5007626526220292,9.999999747378752e-05,0,9.999999747378752e-05,-0.0623779296875,0.062744140625,1.831054641243668e-08,6.274413903994969e-06,off
1781065099.415082,2026-06-10T12:18:19.415,87794672642416,,1,cf_0V,frequency,frequency,10989.217512115829,156,156,0.0,0.1,10989.217512115829,0.099945068359375,10989.217512076266,0,Rp || Cp,Rp,Cp,1073804.6360367092,1.74814129697643e-10,1.74814129697643e-10,1073804.6360367092,8.633155342100549e-07,8.633155342100549e-07,1.0,6354.053811043203,-82356.7753138215,82601.52807257813,-1.493796091957923,9.999999747378752e-05,0,9.999999747378752e-05,-0.0623779296875,0.067108154296875,2.3651122449397377e-07,6.710815260158043e-06,off
1781065099.86568,2026-06-10T12:18:19.865,87794696726896,,1,cf_0V,frequency,frequency,9851.501460936432,157,157,0.0,0.1,9851.501460936432,0.099945068359375,9851.501461000113,0,Rp || Cp,Rp,Cp,1066526.74830712,1.7490076521790045e-10,1.7490076521790045e-10,1066526.74830712,7.749068754785532e-07,7.749068754785532e-07,1.0,7940.262014439428,-91681.26344083984,92024.46319847036,-1.4844046500777122,9.999999747378752e-05,0,9.999999747378752e-05,-0.0623779296875,0.067108154296875,2.3651122449397377e-07,6.710815260158043e-06,off
1781065100.3181562,2026-06-10T12:18:20.318,87794726832496,,1,cf_0V,frequency,frequency,8831.573397089549,158,158,0.0,0.1,8831.573397089549,0.099945068359375,8831.57339707452,0,Rp || Cp,Rp,Cp,1093314.3748491663,1.749931237061238e-10,1.749931237061238e-10,1093314.3748491663,6.956584151737154e-07,6.956584151737154e-07,1.0,9614.814541892796,-102076.29642324022,102528.11785144695,-1.476880987037976,9.999999747378752e-05,0,9.999999747378752e-05,-0.060516357421875,0.067108154296875,3.295898354238602e-07,6.710815260158043e-06,off
1781065100.7194765,2026-06-10T12:18:20.719,87794750916976,,1,cf_0V,frequency,frequency,7917.238704927916,159,159,0.0,0.1,7917.238704927916,0.099945068359375,7917.238704848728,0,Rp || Cp,Rp,Cp,1099210.807920479,1.7506375249556743e-10,1.7506375249556743e-10,1099210.807920479,6.245007867421947e-07,6.245007867421947e-07,1.0,11866.034584136423,-113589.04298077796,114207.15153632432,-1.4667092545287352,9.999999747378752e-05,0,9.999999747378752e-05,-0.060516357421875,0.062255859375,8.697509545907423e-08,6.225585780228471e-06,off
1781065101.0964112,2026-06-10T12:18:21.096,87794776721776,,1,cf_0V,frequency,frequency,7097.565279983502,160,160,0.0,0.1,7097.565279983502,0.099945068359375,7097.565280034246,0,Rp || Cp,Rp,Cp,1135982.0542932125,1.7514347578425423e-10,1.7514347578425423e-10,1135982.0542932125,5.60572308590526e-07,5.60572308590526e-07,1.0,14248.86176917863,-126425.5559694099,127225.9850183584,-1.4585643883790163,9.999999747378752e-05,0,9.999999747378752e-05,-0.060516357421875,0.061187744140625,3.3569335089467245e-08,6.118774259489257e-06,off
1781065101.566639,2026-06-10T12:18:21.566,87794797939056,,1,cf_0V,frequency,frequency,6362.752820913701,161,161,0.0,0.1,6362.752820913701,0.099945068359375,6362.7528208343165,0,Rp || Cp,Rp,Cp,1108707.3673993465,1.7522209696135878e-10,1.7522209696135878e-10,1108707.3673993465,5.03633475940504e-07,5.03633475940504e-07,1.0,18080.67614545118,-140425.31110931054,141584.5289924833,-1.4427443186109978,9.999999747378752e-05,0,9.999999747378752e-05,-0.054901123046875,0.0609130859375,3.0059813693750215e-07,6.091308439870602e-06,off
1781065101.9758227,2026-06-10T12:18:21.975,87794826324336,,1,cf_0V,frequency,frequency,5704.01565368052,162,162,0.0,0.1,5704.01565368052,0.099945068359375,5704.015653620331,0,Rp || Cp,Rp,Cp,1116976.7030527785,1.7526521023702195e-10,1.7526521023702195e-10,1116976.7030527785,4.524712192085138e-07,4.524712192085138e-07,1.0,22238.69888694333,-156030.60223794985,157607.4508483703,-1.4292220404406588,9.999999747378752e-05,0,9.999999747378752e-05,-0.055084228515625,0.0609130859375,2.914428637312838e-07,6.091308439870602e-06,off
1781065102.3782635,2026-06-10T12:18:22.378,87794850408816,,1,cf_0V,frequency,frequency,5113.477686967608,163,163,0.0,0.1,5113.477686967608,0.099945068359375,5113.477686933265,0,Rp || Cp,Rp,Cp,1134086.3755872345,1.7524301010986435e-10,1.7524301010986435e-10,1134086.3755872345,4.0668295030036306e-07,4.0668295030036306e-07,1.0,27149.187451081725,-173356.4109494706,175469.4377848624,-1.415449085020613,9.999999747378752e-05,0,9.999999747378752e-05,-0.06207275390625,0.056488037109375,-2.7923583278965936e-07,6.207275233816034e-06,off
1781065102.81653,2026-06-10T12:18:22.816,87794874493296,,1,cf_0V,frequency,frequency,4584.078242885572,164,164,0.0,0.1,4584.078242885572,0.099945068359375,4584.078242970691,0,Rp || Cp,Rp,Cp,1264890.5538819553,1.7534170170788853e-10,1.7534170170788853e-10,1264890.5538819553,3.647012841155733e-07,3.647012841155733e-07,1.0,30255.10260438656,-193271.88687808672,195625.64630185356,-1.415514885413188,9.999999747378752e-05,0,9.999999747378752e-05,-0.06207275390625,0.056488037109375,-2.7923583278965936e-07,6.207275233816034e-06,off
1781065103.2294157,2026-06-10T12:18:23.229,87794902878576,,1,cf_0V,frequency,frequency,4109.487637044614,165,165,0.0,0.1,4109.487637044614,0.099945068359375,4109.487637009579,0,Rp || Cp,Rp,Cp,1274957.176953217,1.754779893600117e-10,1.754779893600117e-10,1274957.176953217,3.290796022614961e-07,3.290796022614961e-07,1.0,37093.78339732056,-214282.60917777393,217469.5044431792,-1.3993881625535178,9.999999747378752e-05,0,9.999999747378752e-05,-0.06207275390625,0.056488037109375,-2.7923583278965936e-07,6.207275233816034e-06,off
1781065103.687093,2026-06-10T12:18:23.687,87794929830256,,1,cf_0V,frequency,frequency,3684.0314986403864,166,166,0.0,0.1,3684.0314986403864,0.099945068359375,3684.0314986363865,0,Rp || Cp,Rp,Cp,1130555.1495498335,1.7557195504146255e-10,1.7557195504146255e-10,1130555.1495498335,2.96456857217025e-07,2.96456857217025e-07,1.0,51131.85903669473,-234931.73376843537,240431.6670906547,-1.3564928322533596,9.999999747378752e-05,0,9.999999747378752e-05,-0.056854248046875,0.05633544921875,-2.5939940750951962e-08,5.685424661061589e-06,off
1781065104.1568093,2026-06-10T12:18:24.156,87794953914736,,1,cf_0V,frequency,frequency,3302.622925697632,167,167,0.0,0.1,3302.622925697632,0.099945068359375,3302.6229256449824,0,Rp || Cp,Rp,Cp,1141318.5021744838,1.7566854379598638e-10,1.7566854379598638e-10,1141318.5021744838,2.6729243941729275e-07,2.6729243941729275e-07,1.0,62335.461788659326,-259343.2206258379,266729.4807121767,-1.334911981988861,9.999999747378752e-05,0,9.999999747378752e-05,-0.056854248046875,0.05633544921875,-2.5939940750951962e-08,5.685424661061589e-06,off
1781065104.5760438,2026-06-10T12:18:24.576,87794981153136,,1,cf_0V,frequency,frequency,2960.70166429603,168,168,0.0,0.1,2960.70166429603,0.099945068359375,2960.701664207477,0,Rp || Cp,Rp,Cp,1142744.2530243148,1.757534261583027e-10,1.757534261583027e-10,1142744.2530243148,2.4099728377137103e-07,2.4099728377137103e-07,1.0,76391.68592972757,-285412.8069933941,295459.23589394626,-1.309273010290532,9.999999747378752e-05,0,9.999999747378752e-05,-0.068023681640625,0.05633544921875,-5.844116063302707e-07,6.802367992220226e-06,off
1781065104.970475,2026-06-10T12:18:24.970,87795005811056,,1,cf_0V,frequency,frequency,2654.1795845838647,169,169,0.0,0.1,2654.1795845838647,0.099945068359375,2654.179584595795,0,Rp || Cp,Rp,Cp,1161245.9056236513,1.7573846381029577e-10,1.7573846381029577e-10,1161245.9056236513,2.1772734596798526e-07,2.1772734596798526e-07,1.0,92290.53922460001,-314093.08679434244,327371.3652755319,-1.2850079876227516,9.999999747378752e-05,0,9.999999747378752e-05,-0.068023681640625,0.05975341796875,-4.1351317314752833e-07,6.802367992220226e-06,off
1781065105.3692927,2026-06-10T12:18:25.369,87795034196336,,1,cf_0V,frequency,frequency,2379.391801671713,170,170,0.0,0.1,2379.391801671713,0.099945068359375,2379.391801667907,0,Rp || Cp,Rp,Cp,1161495.7871687387,1.757465203329476e-10,1.757465203329476e-10,1161495.7871687387,1.972288265369958e-07,1.972288265369958e-07,1.0,112621.90400419242,-343694.8847193715,361676.4673624641,-1.2541424662938012,9.999999747378752e-05,0,9.999999747378752e-05,-0.068023681640625,0.05975341796875,-4.1351317314752833e-07,6.802367992220226e-06,off
1781065105.741289,2026-06-10T12:18:25.741,87795053406576,,1,cf_0V,frequency,frequency,2133.052856990533,171,171,0.0,0.1,2133.052856990533,0.099945068359375,2133.0528569052376,0,Rp || Cp,Rp,Cp,1145410.6523593885,1.75851449977403e-10,1.75851449977403e-10,1145410.6523593885,1.7922464430125703e-07,1.7922464430125703e-07,1.0,138209.78094220706,-373101.8785846149,397878.065934102,-1.2160343455132785,9.999999747378752e-05,0,9.999999747378752e-05,-0.068023681640625,0.05975341796875,-4.1351317314752833e-07,6.802367992220226e-06,off
1781065106.1014898,2026-06-10T12:18:26.101,87795078064496,,1,cf_0V,frequency,frequency,1912.21743620315,172,172,0.0,0.1,1912.21743620315,0.099945068359375,1912.2174361285715,0,Rp || Cp,Rp,Cp,1163009.7953643177,1.7591190213062742e-10,1.7591190213062742e-10,1163009.7953643177,1.6272390152439045e-07,1.6272390152439045e-07,1.0,165149.82640367965,-405951.22939711675,438258.90271641494,-1.1844229213062598,9.999999747378752e-05,0,9.999999747378752e-05,-0.05694580078125,0.053253173828125,-1.8463134299206985e-07,5.694579934267807e-06,off
1781065106.4713445,2026-06-10T12:18:26.471,87795098995056,,1,cf_0V,frequency,frequency,1714.2451539988147,173,173,0.0,0.1,1714.2451539988147,0.099945068359375,1714.2451539342574,0,Rp || Cp,Rp,Cp,1166227.380776452,1.7588039497301485e-10,1.7588039497301485e-10,1166227.380776452,1.4899421565039457e-07,1.4899421565039457e-07,1.0,198304.97658019327,-438113.9460181374,480904.0376541399,-1.1457546763082276,9.999999747378752e-05,0,9.999999747378752e-05,-0.05694580078125,0.053497314453125,-1.724243120504454e-07,5.694579934267807e-06,off
1781065106.881991,2026-06-10T12:18:26.881,87795119638896,,1,cf_0V,frequency,frequency,1536.7689847255556,174,174,0.0,0.1,1536.7689847255556,0.099945068359375,1536.7689847067822,0,Rp || Cp,Rp,Cp,1172127.3798209832,1.760222830771601e-10,1.760222830771601e-10,1172127.3798209832,1.3554665961865526e-07,1.3554665961865526e-07,1.0,235896.34060889945,-469950.50389865274,525833.2051394887,-1.1055819717775968,9.999999747378752e-05,0,9.999999747378752e-05,-0.05694580078125,0.053497314453125,-1.724243120504454e-07,5.694579934267807e-06,off
1781065107.3387887,2026-06-10T12:18:27.338,87795145443696,,1,cf_0V,frequency,frequency,1377.6669614059458,175,175,0.0,0.1,1377.6669614059458,0.099945068359375,1377.6669614173898,0,Rp || Cp,Rp,Cp,1183659.540294973,1.762103782094669e-10,1.762103782094669e-10,1183659.540294973,1.215020307527632e-07,1.215020307527632e-07,1.0,277880.2058150279,-501695.2739345729,573511.6011660866,-1.064977238176166,9.999999747378752e-05,0,9.999999747378752e-05,-0.0533447265625,0.054443359375,5.493163923731004e-08,5.444335799964506e-06,off
1781065107.7737782,2026-06-10T12:18:27.773,87795172682096,,1,cf_0V,frequency,frequency,1235.0368047598533,176,176,0.0,0.1,1235.0368047598533,0.099945068359375,1235.036804771994,0,Rp || Cp,Rp,Cp,1166377.43054713,1.7594945077303733e-10,1.7594945077303733e-10,1166377.43054713,1.1503306134280634e-07,1.1503306134280634e-07,1.0,329844.6156960697,-525286.4407460938,620260.6833706191,-1.01009076982912,9.999999747378752e-05,0,9.999999747378752e-05,-0.058441162109375,0.054443359375,-1.998901316691004e-07,5.844116063302707e-06,off
1781065108.2663782,2026-06-10T12:18:28.266,87795202787696,,1,cf_0V,frequency,frequency,1107.1731788899117,177,177,0.0,0.1,1107.1731788899117,0.099945068359375,1107.1731789513706,0,Rp || Cp,Rp,Cp,1235161.5403767638,1.762776472950919e-10,1.762776472950919e-10,1235161.5403767638,1.0578111885985932e-07,1.0578111885985932e-07,1.0,374949.4257719948,-567922.5637471816,680531.4910420532,-0.9872754962828603,9.999999747378752e-05,0,9.999999747378752e-05,-0.058441162109375,0.055389404296875,-1.5258788677030566e-07,5.844116063302707e-06,off
1781065108.7468827,2026-06-10T12:18:28.746,87795231172976,,1,cf_0V,frequency,frequency,992.547301690778,178,178,0.0,0.1,992.547301690778,0.099945068359375,992.5473017347031,0,Rp || Cp,Rp,Cp,1178608.6182500336,1.7642599158837732e-10,1.7642599158837732e-10,1178608.6182500336,9.82866656749787e-08,9.82866656749787e-08,1.0,439514.51076596574,-569949.6337930819,719732.9992675856,-0.9138984211858171,9.999999747378752e-05,0,9.999999747378752e-05,-0.0596923828125,0.058258056640625,-7.171630678204366e-08,5.969238130454357e-06,off
1781065109.2013476,2026-06-10T12:18:29.201,87795260131696,,1,cf_0V,frequency,frequency,889.7886661970878,179,179,0.0,0.1,889.7886661970878,0.099945068359375,889.7886662140309,0,Rp || Cp,Rp,Cp,1163072.0825662273,1.7672037643283394e-10,1.7672037643283394e-10,1163072.0825662273,9.344988595441855e-08,9.344988595441855e-08,1.0,501228.2441662492,-575964.2567325439,763521.1704880572,-0.8546675282995418,9.999999747378752e-05,0,9.999999747378752e-05,-0.071380615234375,0.058258056640625,-6.561279131123143e-07,7.138061343114899e-06,off
1781065109.6497562,2026-06-10T12:18:29.649,87795287370096,,1,cf_0V,frequency,frequency,797.6686543241938,180,180,0.0,0.1,797.6686543241938,0.099945068359375,797.6686543287315,0,Rp || Cp,Rp,Cp,1175150.8679990137,1.7624156673357847e-10,1.7624156673357847e-10,1175150.8679990137,8.678162910073437e-08,8.678162910073437e-08,1.0,565662.0290769788,-587166.6657129049,815314.800837011,-0.8040498008627017,9.999999747378752e-05,0,9.999999747378752e-05,-0.071380615234375,0.058258056640625,-6.561279131123143e-07,7.138061343114899e-06,off
1781065110.114032,2026-06-10T12:18:30.114,87795312601456,,1,cf_0V,frequency,frequency,715.0858470818457,181,181,0.0,0.1,715.0858470818457,0.099945068359375,715.0858471760557,0,Rp || Cp,Rp,Cp,1182887.2809524394,1.7696746205775712e-10,1.7696746205775712e-10,1182887.2809524394,8.246207951145973e-08,8.246207951145973e-08,1.0,627657.7431423299,-590333.9043523184,861654.4325623673,-0.7547639939527623,9.999999747378752e-05,0,9.999999747378752e-05,-0.071380615234375,0.057861328125,-6.759643383924541e-07,7.138061343114899e-06,off
1781065110.531838,2026-06-10T12:18:30.531,87795339553136,,1,cf_0V,frequency,frequency,641.0528556246055,182,182,0.0,0.1,641.0528556246055,0.099945068359375,641.0528555989004,0,Rp || Cp,Rp,Cp,1194169.560697771,1.770685842634717e-10,1.770685842634717e-10,1194169.560697771,7.869699613888558e-08,7.869699613888558e-08,1.0,692121.8450412223,-589472.8079046066,909126.4156552745,-0.7054740047271425,9.999999747378752e-05,0,9.999999747378752e-05,-0.054962158203125,0.053985595703125,-4.882812376649781e-08,5.49621568146641e-06,off
1781065110.956068,2026-06-10T12:18:30.956,87795363637616,,1,cf_0V,frequency,frequency,574.6845156864445,183,183,0.0,0.1,574.6845156864445,0.099945068359375,574.6845156551217,0,Rp || Cp,Rp,Cp,1163944.8245511262,1.774329995506325e-10,1.774329995506325e-10,1163944.8245511262,7.440807349719942e-08,7.440807349719942e-08,1.0,747988.8121641142,-557790.6808273895,933068.9721240147,-0.6407566751794646,9.999999747378752e-05,0,9.999999747378752e-05,-0.054962158203125,0.053985595703125,-4.882812376649781e-08,5.49621568146641e-06,off
1781065111.416579,2026-06-10T12:18:31.416,87795393743216,,1,cf_0V,frequency,frequency,515.1873042480629,184,184,0.0,0.1,515.1873042480629,0.099945068359375,515.1873042308353,0,Rp || Cp,Rp,Cp,1292402.9194318033,1.767954429252421e-10,1.767954429252421e-10,1292402.9194318033,6.758832329463435e-08,6.758832329463435e-08,1.0,835397.5981071052,-617884.4129421122,1039071.8428866885,-0.636830655775453,9.999999747378752e-05,0,9.999999747378752e-05,-0.054962158203125,0.052520751953125,-1.2207030941624453e-07,5.49621568146641e-06,off
1781065111.8077347,2026-06-10T12:18:31.807,87795416680816,,1,cf_0V,frequency,frequency,461.8498518989187,185,185,0.0,0.1,461.8498518989187,0.099945068359375,461.8498518027536,0,Rp || Cp,Rp,Cp,1287031.6511447,1.7677935031099678e-10,1.7677935031099678e-10,1287031.6511447,6.848835336912745e-08,6.848835336912745e-08,1.0,896313.9849048192,-591781.8081017518,1074050.4959898929,-0.5835397485694442,9.999999747378752e-05,0,9.999999747378752e-05,-0.054962158203125,0.052520751953125,-1.2207030941624453e-07,5.49621568146641e-06,off
1781065112.2169013,2026-06-10T12:18:32.216,87795441912176,,1,cf_0V,frequency,frequency,414.03443745645274,186,186,0.0,0.1,414.03443745645274,0.099945068359375,414.0344374548022,0,Rp || Cp,Rp,Cp,1197914.7663571974,1.786941510073915e-10,1.786941510073915e-10,1197914.7663571974,6.958327614128235e-08,6.958327614128235e-08,1.0,914367.2531183255,-509182.24714610726,1046582.0724548607,-0.5081011714931744,9.999999747378752e-05,0,9.999999747378752e-05,-0.05108642578125,0.0555419921875,2.2277831468464626e-07,5.554199078439126e-06,off
1781065112.6103532,2026-06-10T12:18:32.610,87795466283376,,1,cf_0V,frequency,frequency,371.1693631492158,187,187,0.0,0.1,371.1693631492158,0.099945068359375,371.1693631913704,0,Rp || Cp,Rp,Cp,1271651.5698227396,1.7679306566055834e-10,1.7679306566055834e-10,1271651.5698227396,6.660172480747546e-08,6.660172480747546e-08,1.0,997454.0138256588,-522971.75144597824,1126238.8567739045,-0.4829032924219686,9.999999747378752e-05,0,9.999999747378752e-05,-0.05108642578125,0.0555419921875,2.2277831468464626e-07,5.554199078439126e-06,off
1781065113.0200436,2026-06-10T12:18:33.020,87795488934256,,1,cf_0V,frequency,frequency,332.7421191989247,188,188,0.0,0.1,332.7421191989247,0.099945068359375,332.74211929779085,0,Rp || Cp,Rp,Cp,1269768.2258671639,1.7467619534954488e-10,1.7467619534954488e-10,1269768.2258671639,6.238906976041994e-08,6.238906976041994e-08,1.0,1045054.0780132054,-484601.3171691154,1151944.64388445,-0.43419593222586605,9.999999747378752e-05,0,9.999999747378752e-05,-0.05108642578125,0.0555419921875,2.2277831468464626e-07,5.554199078439126e-06,off
1781065113.472465,2026-06-10T12:18:33.472,87795515025776,,1,cf_0V,frequency,frequency,298.2932560748046,189,189,0.0,0.1,298.2932560748046,0.099945068359375,298.2932561224061,0,Rp || Cp,Rp,Cp,1210355.8202812122,1.7849246413017917e-10,1.7849246413017917e-10,1210355.8202812122,6.354981360260074e-08,6.354981360260074e-08,1.0,1039868.8910327174,-421051.1299749778,1121878.4981408725,-0.3847301528508464,9.999999747378752e-05,0,9.999999747378752e-05,-0.05108642578125,0.0555419921875,2.2277831468464626e-07,5.554199078439126e-06,off
1781065113.8447444,2026-06-10T12:18:33.844,87795540257136,,1,cf_0V,frequency,frequency,267.41089115476336,190,190,0.0,0.1,267.41089115476336,0.099945068359375,267.4108910838413,0,Rp || Cp,Rp,Cp,1200632.1366241726,1.78195130426509e-10,1.78195130426509e-10,1200632.1366241726,6.11500498998342e-08,6.11500498998342e-08,1.0,1063240.2971226126,-382204.84069914767,1129849.7553565442,-0.3450878504829388,9.999999747378752e-05,0,9.999999747378752e-05,-0.051239013671875,0.058135986328125,3.448486241008908e-07,5.813598485948646e-06,off
1781065114.2497334,2026-06-10T12:18:34.249,87795562621296,,1,cf_0V,frequency,frequency,239.7257841131082,191,191,0.0,0.1,239.7257841131082,0.099945068359375,239.72578418351986,0,Rp || Cp,Rp,Cp,1286157.7390548708,1.782698887011877e-10,1.782698887011877e-10,1286157.7390548708,6.316180849335395e-08,6.316180849335395e-08,1.0,1149103.3971841054,-396849.6060758136,1215700.7145110099,-0.33253153580349704,9.999999747378752e-05,0,9.999999747378752e-05,-0.051239013671875,0.058135986328125,3.448486241008908e-07,5.813598485948646e-06,off
1781065114.6075845,2026-06-10T12:18:34.607,87795588426096,,1,cf_0V,frequency,frequency,214.90692215443403,192,192,0.0,0.1,214.90692215443403,0.099945068359375,214.9069221246691,0,Rp || Cp,Rp,Cp,1223381.1006672229,1.7951225048797253e-10,1.7951225048797253e-10,1223381.1006672229,5.868768513603477e-08,5.868768513603477e-08,1.0,1124496.1428531895,-333460.27296828193,1172896.9813840352,-0.2882812549639477,9.999999747378752e-05,0,9.999999747378752e-05,-0.061126708984375,0.058135986328125,-1.4953612903489955e-07,6.112670744018445e-06,off
1781065115.080329,2026-06-10T12:18:35.080,87795610790256,,1,cf_0V,frequency,frequency,192.65756230919578,193,193,0.0,0.1,192.65756230919578,0.099945068359375,192.65756222353048,0,Rp || Cp,Rp,Cp,1264393.745725044,1.7675280242406268e-10,1.7675280242406268e-10,1264393.745725044,5.9579208065056366e-08,5.9579208065056366e-08,1.0,1178168.107995671,-318729.18985297764,1220519.720103872,-0.2642052598009697,9.999999747378752e-05,0,9.999999747378752e-05,-0.061126708984375,0.057098388671875,-2.0141601053680347e-07,6.112670744018445e-06,off
1781065115.481094,2026-06-10T12:18:35.481,87795636595056,,1,cf_0V,frequency,frequency,172.71168347127087,194,194,0.0,0.1,172.71168347127087,0.099945068359375,172.7116834615572,0,Rp || Cp,Rp,Cp,1261584.5428053017,1.8468680318716523e-10,1.8468680318716523e-10,1261584.5428053017,6.03172903352536e-08,6.03172903352536e-08,1.0,1185777.2919586122,-299817.4721723447,1223093.7424189998,-0.24765420562395352,9.999999747378752e-05,0,9.999999747378752e-05,-0.061126708984375,0.057098388671875,-2.0141601053680347e-07,6.112670744018445e-06,off
1781065115.924662,2026-06-10T12:18:35.924,87795663833456,,1,cf_0V,frequency,frequency,154.83080575683516,195,195,0.0,0.1,154.83080575683516,0.099945068359375,154.83080566980334,0,Rp || Cp,Rp,Cp,1218586.5197144554,1.7562171380696376e-10,1.7562171380696376e-10,1218586.5197144554,6.093876056969099e-08,6.093876056969099e-08,1.0,1167960.7216235048,-243164.43751312027,1193005.109346297,-0.20526350818757655,9.999999747378752e-05,0,9.999999747378752e-05,-0.061126708984375,0.057098388671875,-2.0141601053680347e-07,6.112670744018445e-06,off
1781065116.337749,2026-06-10T12:18:36.337,87795687917936,,1,cf_0V,frequency,frequency,138.8011391556985,196,196,0.0,0.1,138.8011391556985,0.099945068359375,138.80113911568515,0,Rp || Cp,Rp,Cp,1197926.9288238047,1.8434915432189364e-10,1.8434915432189364e-10,1197926.9288238047,5.994547486027854e-08,5.994547486027854e-08,1.0,1155081.796177068,-222462.65478735336,1176309.308232609,-0.19026506423489867,9.999999747378752e-05,0,9.999999747378752e-05,-0.052947998046875,0.057098388671875,2.075195260076157e-07,5.709838722944838e-06,off
1781065116.7480779,2026-06-10T12:18:36.748,87795713722736,,1,cf_0V,frequency,frequency,124.43102738338021,197,197,0.0,0.1,124.43102738338021,0.099945068359375,124.43102740178347,0,Rp || Cp,Rp,Cp,1206605.9419783223,1.793099839707189e-10,1.793099839707189e-10,1206605.9419783223,5.893137657788137e-08,5.893137657788137e-08,1.0,1173042.1822782275,-198423.04786506333,1189705.7061845704,-0.16756637173730676,9.999999747378752e-05,0,9.999999747378752e-05,-0.052825927734375,0.052337646484375,-2.4414061883248905e-08,5.282592639987982e-06,off
1781065117.1600306,2026-06-10T12:18:37.160,87795738093936,,1,cf_0V,frequency,frequency,111.54865637172875,198,198,0.0,0.1,111.54865637172875,0.099945068359375,111.54865639184663,0,Rp || Cp,Rp,Cp,1270781.8209404126,1.8363344691689967e-10,1.8363344691689967e-10,1270781.8209404126,5.72747162155467e-08,5.72747162155467e-08,1.0,1237673.2832589305,-202429.1296630548,1254118.2992959965,-0.16212075199393144,9.999999747378752e-05,0,9.999999747378752e-05,-0.0545654296875,0.052337646484375,-1.1138915734232313e-07,5.45654283090613e-06,off
1781065117.6095636,2026-06-10T12:18:37.609,87795761318256,,1,cf_0V,frequency,frequency,100.0,199,199,0.0,0.1,100.0,0.099945068359375,99.99999996068709,0,Rp || Cp,Rp,Cp,1272262.4118259891,1.852597501016995e-10,1.852597501016995e-10,1272262.4118259891,5.6399508974875263e-08,5.6399508974875263e-08,1.0,1244958.1752370452,-184370.91028687858,1258536.2492393954,-0.1470254281244279,9.999999747378752e-05,0,9.999999747378752e-05,-0.0545654296875,0.056243896484375,8.392333772366811e-08,5.6243895063534666e-06,off
1781065118.0297747,2026-06-10T12:18:38.029,87795788556656,,1,cf_0V,frequency,frequency,0.0,200,200,0.0,0.1,0.0,0.099945068359375,0.0,0,Rp || Cp,Rp,Cp,108.61696845122093,nan,nan,108.61696845122093,8.620053110633175e-08,8.620053110633175e-08,1.0,-108.61696845029894,-0.0004475333132156692,108.61696845122091,-3.1415885333006743,9.999999747378752e-05,0,9.999999747378752e-05,-0.201690673828125,0.917999267578125,3.5815428782726144e-05,9.179992443875129e-05,off
