timestamp_unix,timestamp_iso,sample_timestamp,sample_clockbase,block_index,block_name,mode,sweep_variable,sweep_value,point_index_block,point_index_total,set_bias_V,set_amplitude_V,set_frequency_Hz,measured_drive_V,measured_frequency_Hz,model,model_name,param0_name,param1_name,param0,param1,C_F,R_Ohm,demod_R_raw,demod_R,demod_R_gain,Z_real_Ohm,Z_imag_Ohm,Z_abs_Ohm,Z_phase_rad,imps_current_range_A,currin_index,currin_range_A,currin_norm_min,currin_norm_max,currin_est_A,currin_peak_A,iv_autorange_mode
1781065283.6231434,2026-06-10T12:21:23.623,87805727132016,,1,cf_0V,frequency,frequency,0.0,1,1,0.0,0.1,0.0,0.099945068359375,0.0,0,Rp || Cp,Rp,Cp,108.61696845122093,nan,nan,108.61696845122093,8.528514239947442e-08,8.528514239947442e-08,1.0,-108.61696845029894,-0.0004475333132156692,108.61696845122091,-3.1415885333006743,9.999999747378752e-05,0,9.999999747378752e-05,-0.1312255859375,0.503662109375,1.8621825701448103e-05,5.036620966514249e-05,off
1781065284.4376476,2026-06-10T12:21:24.437,87805750929776,,1,cf_0V,frequency,frequency,100.0,2,2,0.0,0.1,100.0,0.099945068359375,99.99999996068709,0,Rp || Cp,Rp,Cp,1749480.7767970772,4.114686367418584e-11,4.114686367418584e-11,1749480.7767970772,4.045268382715832e-08,4.045268382715832e-08,1.0,1745909.0914840156,-78967.3214690377,1747694.021728785,-0.04519911079305124,9.999999747378752e-06,0,9.999999747378752e-06,-0.21795654296875,0.249481201171875,1.5762328703372575e-07,2.4948119486944975e-06,off
1781065284.8129413,2026-06-10T12:21:24.812,87805798238576,,1,cf_0V,frequency,frequency,111.67312606580774,3,3,0.0,0.1,111.67312606580774,0.099945068359375,111.6731259998005,0,Rp || Cp,Rp,Cp,1792839.3681459127,4.167652366052727e-11,4.167652366052727e-11,1792839.3681459127,3.9922127723243154e-08,3.9922127723243154e-08,1.0,1787924.950057189,-93736.92290576416,1790380.4729031322,-0.05237981620381684,9.999999747378752e-06,0,9.999999747378752e-06,-0.255462646484375,0.256256103515625,3.967285056027947e-09,2.5625609704205132e-06,off
1781065285.212379,2026-06-10T12:21:25.212,87805820602736,,1,cf_0V,frequency,frequency,124.70887085309788,4,4,0.0,0.1,124.70887085309788,0.099945068359375,124.70887085669347,0,Rp || Cp,Rp,Cp,1792584.3821754914,4.089983148735768e-11,4.089983148735768e-11,1792584.3821754914,4.026336745428095e-08,4.026336745428095e-08,1.0,1786687.7323169238,-102642.44718473584,1789633.628644663,-0.05738537887654781,9.999999747378752e-06,0,9.999999747378752e-06,-0.255462646484375,0.276031494140625,1.0284423568318601e-07,2.7603148716748294e-06,off
1781065285.6138012,2026-06-10T12:21:25.613,87805844687216,,1,cf_0V,frequency,frequency,139.2662945630255,5,5,0.0,0.1,139.2662945630255,0.099945068359375,139.26629449656502,0,Rp || Cp,Rp,Cp,1759560.827892553,4.039363810076094e-11,4.039363810076094e-11,1759560.827892553,4.058376645651249e-08,4.058376645651249e-08,1.0,1752781.0734752389,-109011.12431985297,1756167.6789983609,-0.062113232303892735,9.999999747378752e-06,0,9.999999747378752e-06,-0.25677490234375,0.276031494140625,9.628295655206287e-08,2.7603148716748294e-06,off
1781065286.0242076,2026-06-10T12:21:26.024,87805868771696,,1,cf_0V,frequency,frequency,155.52302469454662,6,6,0.0,0.1,155.52302469454662,0.099945068359375,155.52302464527656,0,Rp || Cp,Rp,Cp,1665263.5675893307,4.0203048816123375e-11,4.0203048816123375e-11,1665263.5675893307,4.0932518702981136e-08,4.0932518702981136e-08,1.0,1658166.788658018,-108478.76810856005,1661711.3895435617,-0.06532781009883164,9.999999747378752e-06,0,9.999999747378752e-06,-0.2581787109375,0.276031494140625,8.926391376062881e-08,2.7603148716748294e-06,off
1781065286.4246924,2026-06-10T12:21:26.424,87805892856176,,1,cf_0V,frequency,frequency,173.67742342849834,7,7,0.0,0.1,173.67742342849834,0.099945068359375,173.6774233762617,0,Rp || Cp,Rp,Cp,1778970.280984599,4.0687004599251214e-11,4.0687004599251214e-11,1778970.280984599,4.1056127460885415e-08,4.1056127460885415e-08,1.0,1767940.5997110736,-139641.76067830998,1773446.8656918055,-0.07882190597866123,9.999999747378752e-06,0,9.999999747378752e-06,-0.267425537109375,0.276031494140625,4.3029784069226196e-08,2.7603148716748294e-06,off
1781065286.7852516,2026-06-10T12:21:26.785,87805916940656,,1,cf_0V,frequency,frequency,193.95100801315368,8,8,0.0,0.1,193.95100801315368,0.099945068359375,193.9510080006812,0,Rp || Cp,Rp,Cp,1819465.937528245,3.9723449932357526e-11,3.9723449932357526e-11,1819465.937528245,3.807119826499358e-08,3.807119826499358e-08,1.0,1805459.958947895,-159019.60103302696,1812449.4191223206,-0.08785035739284794,9.999999747378752e-06,0,9.999999747378752e-06,-0.2760009765625,0.2689208984375,-3.540038973071091e-08,2.7600096959012888e-06,off
1781065287.2381825,2026-06-10T12:21:27.238,87805939878256,,1,cf_0V,frequency,frequency,216.59115368443398,9,9,0.0,0.1,216.59115368443398,0.099945068359375,216.5911537588272,0,Rp || Cp,Rp,Cp,1769232.7945400903,4.1322505120631656e-11,4.1322505120631656e-11,1769232.7945400903,3.816015229187797e-08,3.816015229187797e-08,1.0,1751891.1005393183,-174300.7727700265,1760540.5952539386,-0.0991665745075836,9.999999747378752e-06,0,9.999999747378752e-06,-0.2760009765625,0.2689208984375,-3.540038973071091e-08,2.7600096959012888e-06,off
1781065287.6534944,2026-06-10T12:21:27.653,87805966829936,,1,cf_0V,frequency,frequency,241.8741121014056,10,10,0.0,0.1,241.8741121014056,0.099945068359375,241.87411220566446,0,Rp || Cp,Rp,Cp,1864023.405811882,4.1706137104099385e-11,4.1706137104099385e-11,1864023.405811882,3.8099518264295656e-08,3.8099518264295656e-08,1.0,1838362.480247583,-217195.95476397176,1851148.4790658685,-0.11760126480728342,9.999999747378752e-06,0,9.999999747378752e-06,-0.2760009765625,0.270050048828125,-2.9754637920209603e-08,2.7600096959012888e-06,off
1781065288.1021671,2026-06-10T12:21:28.102,87805991201136,,1,cf_0V,frequency,frequency,270.1083821275558,11,11,0.0,0.1,270.1083821275558,0.099945068359375,270.1083821676775,0,Rp || Cp,Rp,Cp,1882573.9216351681,4.1243757290207324e-11,4.1243757290207324e-11,1882573.9216351681,3.837521411231218e-08,3.837521411231218e-08,1.0,1850442.351998795,-243839.326793984,1866438.9932066293,-0.13101866560074346,9.999999747378752e-06,0,9.999999747378752e-06,-0.2626953125,0.270050048828125,3.6773680711643664e-08,2.7005004200608695e-06,off
1781065288.5054424,2026-06-10T12:21:28.505,87806018152816,,1,cf_0V,frequency,frequency,301.6384740876191,12,12,0.0,0.1,301.6384740876191,0.099945068359375,301.6384739851219,0,Rp || Cp,Rp,Cp,1891335.124465346,4.145717781686801e-11,4.145717781686801e-11,1891335.124465346,3.813289927150024e-08,3.813289927150024e-08,1.0,1850470.103659431,-274989.9985213404,1870791.0369210432,-0.14752583593756283,9.999999747378752e-06,0,9.999999747378752e-06,-0.2626953125,0.273834228515625,5.5694578671161565e-08,2.7383422159799053e-06,off
1781065288.9545944,2026-06-10T12:21:28.954,87806042237296,,1,cf_0V,frequency,frequency,336.849113430846,13,13,0.0,0.1,336.849113430846,0.099945068359375,336.84911350917446,0,Rp || Cp,Rp,Cp,1870130.6441482839,4.127446611455034e-11,4.127446611455034e-11,1870130.6441482839,3.8173298055766204e-08,3.8173298055766204e-08,1.0,1821515.645046973,-297578.52988242015,1845663.0858848188,-0.16193807852837863,9.999999747378752e-06,0,9.999999747378752e-06,-0.2626953125,0.273834228515625,5.5694578671161565e-08,2.7383422159799053e-06,off
1781065289.4005697,2026-06-10T12:21:29.400,87806072342896,,1,cf_0V,frequency,frequency,376.169935093184,14,14,0.0,0.1,376.169935093184,0.099945068359375,376.1699350945946,0,Rp || Cp,Rp,Cp,1917810.198587607,4.139792094299539e-11,4.139792094299539e-11,1917810.198587607,3.791869018114785e-08,3.791869018114785e-08,1.0,1852576.4479963265,-347635.5993851499,1884911.1399826142,-0.1854926582258884,9.999999747378752e-06,0,9.999999747378752e-06,-0.27142333984375,0.273834228515625,1.2054443054854147e-08,2.7383422159799053e-06,off
1781065289.8487873,2026-06-10T12:21:29.848,87806097860976,,1,cf_0V,frequency,frequency,420.08072583827897,15,15,0.0,0.1,420.08072583827897,0.099945068359375,420.08072583143985,0,Rp || Cp,Rp,Cp,1899875.1048781397,4.1432781444498145e-11,4.1432781444498145e-11,1899875.1048781397,3.830337339634791e-08,3.830337339634791e-08,1.0,1821254.8839904878,-378401.1908967078,1860149.6750883386,-0.20485493549334993,9.999999747378752e-06,0,9.999999747378752e-06,-0.27142333984375,0.26690673828125,-2.2583007242005237e-08,2.714233329870197e-06,off
1781065290.2640722,2026-06-10T12:21:30.264,87806124812656,,1,cf_0V,frequency,frequency,469.11727854354143,16,16,0.0,0.1,469.11727854354143,0.099945068359375,469.11727856979724,0,Rp || Cp,Rp,Cp,1950328.2066932872,4.1460412218461266e-11,4.1460412218461266e-11,1950328.2066932872,3.784211545993202e-08,3.784211545993202e-08,1.0,1845490.6069264447,-439859.9841113325,1897185.3852157302,-0.23397774868067853,9.999999747378752e-06,0,9.999999747378752e-06,-0.27142333984375,0.26690673828125,-2.2583007242005237e-08,2.714233329870197e-06,off
1781065290.70457,2026-06-10T12:21:30.704,87806149470576,,1,cf_0V,frequency,frequency,523.8779298644155,17,17,0.0,0.1,523.8779298644155,0.099945068359375,523.877929836658,0,Rp || Cp,Rp,Cp,1922058.4375037958,4.1359018772356667e-11,4.1359018772356667e-11,1922058.4375037958,3.858957063715972e-08,3.858957063715972e-08,1.0,1798890.3327614376,-470707.8849196989,1859454.8508173388,-0.2559276462930976,9.999999747378752e-06,0,9.999999747378752e-06,-0.269287109375,0.26422119140625,-2.532958920387074e-08,2.6928710257223543e-06,off
1781065291.1077433,2026-06-10T12:21:31.107,87806176135536,,1,cf_0V,frequency,frequency,585.0308610484332,18,18,0.0,0.1,585.0308610484332,0.099945068359375,585.0308610888533,0,Rp || Cp,Rp,Cp,1912800.0601399618,4.130381060503025e-11,4.130381060503025e-11,1912800.0601399618,3.889147444255942e-08,3.889147444255942e-08,1.0,1764021.4347048616,-512297.45684850216,1836905.08910821,-0.2826397525535931,9.999999747378752e-06,0,9.999999747378752e-06,-0.281646728515625,0.26422119140625,-8.712768334584453e-08,2.816467214006302e-06,off
1781065291.566635,2026-06-10T12:21:31.566,87806201940336,,1,cf_0V,frequency,frequency,653.3222509824973,19,19,0.0,0.1,653.3222509824973,0.099945068359375,653.3222509119696,0,Rp || Cp,Rp,Cp,1886111.6515140396,4.142336067720114e-11,4.142336067720114e-11,1886111.6515140396,3.928089921897069e-08,3.928089921897069e-08,1.0,1710202.7953911773,-548488.6666790697,1796004.8493362095,-0.31035191285247077,9.999999747378752e-06,0,9.999999747378752e-06,-0.281646728515625,0.261016845703125,-1.0314941145672663e-07,2.816467214006302e-06,off
1781065292.0081823,2026-06-10T12:21:32.008,87806229178736,,1,cf_0V,frequency,frequency,729.585380955657,20,20,0.0,0.1,729.585380955657,0.099945068359375,729.5853809097252,0,Rp || Cp,Rp,Cp,1918182.334992542,4.135705330300557e-11,4.135705330300557e-11,1918182.334992542,3.9665058942603354e-08,3.9665058942603354e-08,1.0,1694135.3803769492,-616089.1759152927,1802681.4914801049,-0.34879182902323463,9.999999747378752e-06,0,9.999999747378752e-06,-0.281646728515625,0.276397705078125,-2.6245116524492573e-08,2.816467214006302e-06,off
1781065292.4214456,2026-06-10T12:21:32.421,87806252976496,,1,cf_0V,frequency,frequency,814.7508022323145,21,21,0.0,0.1,814.7508022323145,0.099945068359375,814.7508022915417,0,Rp || Cp,Rp,Cp,1896223.7449545623,4.126746475703128e-11,4.126746475703128e-11,1896223.7449545623,4.053394949950853e-08,4.053394949950853e-08,1.0,1634008.2692814183,-654570.2831503103,1760240.1198880605,-0.38101642922593004,9.999999747378752e-06,0,9.999999747378752e-06,-0.27874755859375,0.276397705078125,-1.1749267281313536e-08,2.7874755155199438e-06,off
1781065292.9109836,2026-06-10T12:21:32.910,87806277347696,,1,cf_0V,frequency,frequency,909.8576904990725,22,22,0.0,0.1,909.8576904990725,0.099945068359375,909.8576904165157,0,Rp || Cp,Rp,Cp,1900342.6481534385,4.1314754768341054e-11,4.1314754768341054e-11,1900342.6481534385,4.1632890445426553e-08,4.1632890445426553e-08,1.0,1581699.3418665777,-709928.1004750538,1733715.869427653,-0.4218878864288742,9.999999747378752e-06,0,9.999999747378752e-06,-0.265655517578125,0.276397705078125,5.371093614314759e-08,2.7639769809573167e-06,off
1781065293.3249536,2026-06-10T12:21:33.324,87806307453296,,1,cf_0V,frequency,frequency,1016.0665257304771,23,23,0.0,0.1,1016.0665257304771,0.099945068359375,1016.0665256364609,0,Rp || Cp,Rp,Cp,1869306.3075018674,4.134579138670151e-11,4.134579138670151e-11,1869306.3075018674,4.17978103564946e-08,4.17978103564946e-08,1.0,1503310.3879350668,-741758.362154832,1676349.4833417344,-0.4583670653525313,9.999999747378752e-06,0,9.999999747378752e-06,-0.279296875,0.276397705078125,-1.4495849243179038e-08,2.7929686794436748e-06,off
1781065293.7767699,2026-06-10T12:21:33.776,87806332684656,,1,cf_0V,frequency,frequency,1134.6732521914685,24,24,0.0,0.1,1134.6732521914685,0.099945068359375,1134.67325220995,0,Rp || Cp,Rp,Cp,1904456.1319657639,4.123438674426836e-11,4.123438674426836e-11,1904456.1319657639,4.2983880499415103e-08,4.2983880499415103e-08,1.0,1449969.3794327201,-811783.1450151758,1661746.9951298954,-0.5103834648191874,9.999999747378752e-06,0,9.999999747378752e-06,-0.279296875,0.289276123046875,4.989623897388995e-08,2.8927611573914547e-06,off
1781065294.229948,2026-06-10T12:21:34.229,87806359923056,,1,cf_0V,frequency,frequency,1267.1250913547792,25,25,0.0,0.1,1267.1250913547792,0.099945068359375,1267.1250913598442,0,Rp || Cp,Rp,Cp,1889109.9669533302,4.1231017984593195e-11,4.1231017984593195e-11,1889109.9669533302,4.4555791995343005e-08,4.4555791995343005e-08,1.0,1364414.2153916848,-846110.124148348,1605468.309668316,-0.5550874744938805,9.999999747378752e-06,0,9.999999747378752e-06,-0.279296875,0.289276123046875,4.989623897388995e-08,2.8927611573914547e-06,off
1781065294.6033065,2026-06-10T12:21:34.603,87806385727856,,1,cf_0V,frequency,frequency,1415.0382006801042,26,26,0.0,0.1,1415.0382006801042,0.099945068359375,1415.0382007471762,0,Rp || Cp,Rp,Cp,1850097.083059272,4.11918878595132e-11,4.11918878595132e-11,1850097.083059272,4.609622449999478e-08,4.609622449999478e-08,1.0,1267970.304470538,-859138.7947750995,1531622.7217257908,-0.5955132119751387,9.999999747378752e-06,0,9.999999747378752e-06,-0.279296875,0.289276123046875,4.989623897388995e-08,2.8927611573914547e-06,off
1781065294.9595182,2026-06-10T12:21:34.959,87806408665456,,1,cf_0V,frequency,frequency,1580.2173937248301,27,27,0.0,0.1,1580.2173937248301,0.099945068359375,1580.217393737371,0,Rp || Cp,Rp,Cp,1867140.8302450506,4.117721026700556e-11,4.117721026700556e-11,1867140.8302450506,4.8313941501989414e-08,4.8313941501989414e-08,1.0,1179702.3393527097,-900540.2799801856,1484139.6178732803,-0.6519982690171434,9.999999747378752e-06,0,9.999999747378752e-06,-0.26416015625,0.289276123046875,1.2557983081196156e-07,2.8927611573914547e-06,off
1781065295.3251266,2026-06-10T12:21:35.325,87806429022576,,1,cf_0V,frequency,frequency,1764.6781622081528,28,28,0.0,0.1,1764.6781622081528,0.099945068359375,1764.6781621039054,0,Rp || Cp,Rp,Cp,1859829.140221355,4.11886577240113e-11,4.11886577240113e-11,1859829.140221355,5.0181334102722814e-08,5.0181334102722814e-08,1.0,1080399.926179701,-917657.4880165831,1417518.7003359105,-0.7041272366885877,9.999999747378752e-06,0,9.999999747378752e-06,-0.295745849609375,0.261688232421875,-1.7028808163566111e-07,2.9574584213820643e-06,off
1781065295.774992,2026-06-10T12:21:35.774,87806453967216,,1,cf_0V,frequency,frequency,1970.6712687384897,29,29,0.0,0.1,1970.6712687384897,0.099945068359375,1970.6712688360994,0,Rp || Cp,Rp,Cp,1884190.369996486,4.115863491355676e-11,4.115863491355676e-11,1884190.369996486,5.233114855310897e-08,5.233114855310897e-08,1.0,980296.9313156472,-941320.3302676376,1359068.076926998,-0.7651177162794915,9.999999747378752e-06,0,9.999999747378752e-06,-0.295745849609375,0.261688232421875,-1.7028808163566111e-07,2.9574584213820643e-06,off
1781065296.224565,2026-06-10T12:21:36.224,87806478911856,,1,cf_0V,frequency,frequency,2200.7102102809863,30,30,0.0,0.1,2200.7102102809863,0.099945068359375,2200.7102103316356,0,Rp || Cp,Rp,Cp,1830437.077059456,4.111202151396326e-11,4.111202151396326e-11,1830437.077059456,6.045660662162391e-08,6.045660662162391e-08,1.0,878851.1074054851,-914495.6988536986,1268338.1458466672,-0.8052715635482913,9.999999747378752e-06,0,9.999999747378752e-06,-0.295745849609375,0.261688232421875,-1.7028808163566111e-07,2.9574584213820643e-06,off
1781065296.6637087,2026-06-10T12:21:36.663,87806506150256,,1,cf_0V,frequency,frequency,2457.6018874701913,31,31,0.0,0.1,2457.6018874701913,0.099945068359375,2457.6018875421823,0,Rp || Cp,Rp,Cp,1644895.175123385,4.108223229667483e-11,4.108223229667483e-11,1644895.175123385,6.320342892521798e-08,6.320342892521798e-08,1.0,787465.1714996209,-821703.2705621342,1138111.444972519,-0.8066718430028338,9.999999747378752e-06,0,9.999999747378752e-06,-0.28216552734375,0.28045654296875,-8.544921659137117e-09,2.8216552021564922e-06,off
1781065297.0903366,2026-06-10T12:21:37.090,87806533388656,,1,cf_0V,frequency,frequency,2744.480853990254,32,32,0.0,0.1,2744.480853990254,0.099945068359375,2744.480853991149,0,Rp || Cp,Rp,Cp,1624858.6854643954,4.1076132706079734e-11,4.1076132706079734e-11,1624858.6854643954,6.685929694823213e-08,6.685929694823213e-08,1.0,698978.9916039783,-804469.0514626119,1065712.0086894343,-0.8554487741908618,9.999999747378752e-06,0,9.999999747378752e-06,-0.28216552734375,0.28045654296875,-8.544921659137117e-09,2.8216552021564922e-06,off
1781065297.5451324,2026-06-10T12:21:37.545,87806557473136,,1,cf_0V,frequency,frequency,3064.8475639284966,33,33,0.0,0.1,3064.8475639284966,0.099945068359375,3064.8475640049355,0,Rp || Cp,Rp,Cp,1609042.7165027638,4.111249770666317e-11,4.111249770666317e-11,1609042.7165027638,7.132122335482163e-08,7.132122335482163e-08,1.0,613486.8596340808,-781511.635371275,993542.4314866331,-0.9052687042491572,9.999999747378752e-06,0,9.999999747378752e-06,-0.28216552734375,0.28045654296875,-8.544921659137117e-09,2.8216552021564922e-06,off
1781065297.9851358,2026-06-10T12:21:37.985,87806585858416,,1,cf_0V,frequency,frequency,3422.6110837907077,34,34,0.0,0.1,3422.6110837907077,0.099945068359375,3422.6110837209944,0,Rp || Cp,Rp,Cp,1641345.0984018403,4.1116791201698724e-11,4.1116791201698724e-11,1641345.0984018403,7.664192821760227e-08,7.664192821760227e-08,1.0,528398.2316119967,-766863.192681632,931280.7565178995,-0.9674650486066513,9.999999747378752e-06,0,9.999999747378752e-06,-0.28216552734375,0.28045654296875,-8.544921659137117e-09,2.8216552021564922e-06,off
1781065298.396224,2026-06-10T12:21:38.396,87806611663216,,1,cf_0V,frequency,frequency,3822.1367903439054,35,35,0.0,0.1,3822.1367903439054,0.099945068359375,3822.136790319064,0,Rp || Cp,Rp,Cp,1641599.8923904155,4.1087377863622664e-11,4.1087377863622664e-11,1641599.8923904155,8.309300961306125e-08,8.309300961306125e-08,1.0,453010.43277306214,-733787.043692349,862358.3232577943,-1.0177101497986285,9.999999747378752e-06,0,9.999999747378752e-06,-0.279876708984375,0.265411376953125,-7.232665832912488e-08,2.7987670191409464e-06,off
1781065298.803199,2026-06-10T12:21:38.803,87806635747696,,1,cf_0V,frequency,frequency,4268.299636288371,36,36,0.0,0.1,4268.299636288371,0.099945068359375,4268.299636294159,0,Rp || Cp,Rp,Cp,1624097.9113003458,4.1045206579434754e-11,4.1045206579434754e-11,1624097.9113003458,9.029861345558238e-08,9.029861345558238e-08,1.0,387050.411131891,-691953.5703570568,792847.8821862641,-1.0607961608744414,9.999999747378752e-06,0,9.999999747378752e-06,-0.279876708984375,0.279815673828125,-3.051757735406113e-10,2.7987670191409464e-06,off
1781065299.1897407,2026-06-10T12:21:39.189,87806660979056,,1,cf_0V,frequency,frequency,4766.543633698721,37,37,0.0,0.1,4766.543633698721,0.099945068359375,4766.543633607512,0,Rp || Cp,Rp,Cp,1601313.3952968386,4.093196111690481e-11,4.093196111690481e-11,1601313.3952968386,9.86509445661746e-08,9.86509445661746e-08,1.0,329936.07174308185,-647667.5380444505,726863.846448436,-1.099639585509819,9.999999747378752e-06,0,9.999999747378752e-06,-0.279876708984375,0.279815673828125,-3.051757735406113e-10,2.7987670191409464e-06,off
1781065299.5923061,2026-06-10T12:21:39.592,87806682769776,,1,cf_0V,frequency,frequency,5322.948281042111,38,38,0.0,0.1,5322.948281042111,0.099945068359375,5322.948280976902,0,Rp || Cp,Rp,Cp,1611998.9755841119,4.09403367304632e-11,4.09403367304632e-11,1611998.9755841119,1.0791714033140793e-07,1.0791714033140793e-07,1.0,274528.6013859572,-605948.7364651999,665236.6678128183,-1.145404086754848,9.999999747378752e-06,0,9.999999747378752e-06,-0.26849365234375,0.279815673828125,5.66101059917834e-08,2.798156667593865e-06,off
1781065300.0005248,2026-06-10T12:21:40.000,87806710008176,,1,cf_0V,frequency,frequency,5944.302744305904,39,39,0.0,0.1,5944.302744305904,0.099945068359375,5944.302744325114,0,Rp || Cp,Rp,Cp,1614946.8661519554,4.10218879804126e-11,4.10218879804126e-11,1614946.8661519554,1.1837141700287977e-07,1.1837141700287977e-07,1.0,226747.4967669843,-561044.3226889907,605132.348591316,-1.1867152943059214,9.999999747378752e-06,0,9.999999747378752e-06,-0.28009033203125,0.279815673828125,-1.373290980932751e-09,2.8009032495557307e-06,off
1781065300.4435732,2026-06-10T12:21:40.443,87806734092656,,1,cf_0V,frequency,frequency,6638.188697382001,40,40,0.0,0.1,6638.188697382001,0.099945068359375,6638.188697394298,0,Rp || Cp,Rp,Cp,1603545.3076457921,4.1011803964376986e-11,4.1011803964376986e-11,1603545.3076457921,1.3052820207805364e-07,1.3052820207805364e-07,1.0,188124.91186175396,-516019.22173907544,549242.0410594894,-1.2212013411945593,9.999999747378752e-06,0,9.999999747378752e-06,-0.28009033203125,0.2816162109375,7.629394338515283e-09,2.8161620382327612e-06,off
1781065300.8583837,2026-06-10T12:21:40.858,87806759324016,,1,cf_0V,frequency,frequency,7413.07283251361,41,41,0.0,0.1,7413.07283251361,0.099945068359375,7413.072832491707,0,Rp || Cp,Rp,Cp,1577948.4629978167,4.0991904829703177e-11,4.0991904829703177e-11,1577948.4629978167,1.4406189699409627e-07,1.4406189699409627e-07,1.0,156590.48582329592,-471774.45477110706,497083.20875377714,-1.250320012851676,9.999999747378752e-06,0,9.999999747378752e-06,-0.28009033203125,0.2816162109375,7.629394338515283e-09,2.8161620382327612e-06,off
1781065301.2944305,2026-06-10T12:21:41.294,87806783408496,,1,cf_0V,frequency,frequency,8278.410169603068,42,42,0.0,0.1,8278.410169603068,0.099945068359375,8278.410169637595,0,Rp || Cp,Rp,Cp,1586585.5089441314,4.09589423873914e-11,4.09589423873914e-11,1586585.5089441314,1.592653647763428e-07,1.592653647763428e-07,1.0,127687.09311343436,-431604.5619142783,450096.0915326581,-1.2831578466897573,9.999999747378752e-06,0,9.999999747378752e-06,-0.264617919921875,0.287841796875,1.161193818322026e-07,2.878417896035046e-06,off
1781065301.762165,2026-06-10T12:21:41.762,87806811793776,,1,cf_0V,frequency,frequency,9244.759424945483,43,43,0.0,0.1,9244.759424945483,0.099945068359375,9244.759424973381,0,Rp || Cp,Rp,Cp,1598206.8722478875,4.0930974248338414e-11,4.0930974248338414e-11,1598206.8722478875,1.76175945340343e-07,1.76175945340343e-07,1.0,103521.07907521552,-393359.2330016284,406753.11922654806,-1.3134595556611175,9.999999747378752e-06,0,9.999999747378752e-06,-0.27105712890625,0.287841796875,8.392333772366811e-08,2.878417896035046e-06,off
1781065302.1517498,2026-06-10T12:21:42.151,87806837598576,,1,cf_0V,frequency,frequency,10323.911847100022,44,44,0.0,0.1,10323.911847100022,0.099945068359375,10323.911847009982,0,Rp || Cp,Rp,Cp,1609601.9053696876,4.090075021030141e-11,4.090075021030141e-11,1609601.9053696876,1.953664777501587e-07,1.953664777501587e-07,1.0,83673.20906931603,-357322.4745666158,366988.4967493767,-1.3407737130673172,9.999999747378752e-06,0,9.999999747378752e-06,-0.27105712890625,0.287841796875,8.392333772366811e-08,2.878417896035046e-06,off
1781065302.5588355,2026-06-10T12:21:42.558,87806862829936,,1,cf_0V,frequency,frequency,11529.035091934857,45,45,0.0,0.1,11529.035091934857,0.099945068359375,11529.035091939477,0,Rp || Cp,Rp,Cp,1585049.0675958602,4.0894734241764355e-11,4.0894734241764355e-11,1585049.0675958602,2.1703751952192155e-07,2.1703751952192155e-07,1.0,68772.15918066705,-322920.4807804847,330162.4551427227,-1.3609619220348457,9.999999747378752e-06,0,9.999999747378752e-06,-0.292877197265625,0.27911376953125,-6.881713693340785e-08,2.928771898669247e-06,off
1781065303.0078957,2026-06-10T12:21:43.007,87806888921456,,1,cf_0V,frequency,frequency,12874.833892387638,46,46,0.0,0.1,12874.833892387638,0.099945068359375,12874.83389234012,0,Rp || Cp,Rp,Cp,1577643.362600316,4.086636354991317e-11,4.086636354991317e-11,1577643.362600316,2.412813800905824e-07,2.412813800905824e-07,1.0,55941.848051010624,-291764.9651790118,297079.5941650526,-1.3813593988547446,9.999999747378752e-06,0,9.999999747378752e-06,-0.292877197265625,0.27911376953125,-6.881713693340785e-08,2.928771898669247e-06,off
1781065303.4545302,2026-06-10T12:21:43.454,87806914726256,,1,cf_0V,frequency,frequency,14377.729483409405,47,47,0.0,0.1,14377.729483409405,0.099945068359375,14377.729483356916,0,Rp || Cp,Rp,Cp,1603045.902890898,4.0848501760686413e-11,4.0848501760686413e-11,1603045.902890898,2.685497901849363e-07,2.685497901849363e-07,1.0,44537.378232159805,-263461.35132267803,267199.2921034149,-1.4033324468666393,9.999999747378752e-06,0,9.999999747378752e-06,-0.292877197265625,0.27911376953125,-6.881713693340785e-08,2.928771898669247e-06,off
1781065303.907809,2026-06-10T12:21:43.907,87806940244336,,1,cf_0V,frequency,frequency,16056.059971408577,48,48,0.0,0.1,16056.059971408577,0.099945068359375,16056.059971489845,0,Rp || Cp,Rp,Cp,1560043.561165592,4.081757883009777e-11,4.081757883009777e-11,1560043.561165592,2.9910525284113343e-07,2.9910525284113343e-07,1.0,36909.03012022165,-237102.12627368665,239957.69374604075,-1.4163685212227937,9.999999747378752e-06,0,9.999999747378752e-06,-0.276611328125,0.295135498046875,9.262084726957553e-08,2.951354905911252e-06,off
1781065304.3674035,2026-06-10T12:21:44.367,87806968342896,,1,cf_0V,frequency,frequency,17930.304093072773,49,49,0.0,0.1,17930.304093072773,0.099945068359375,17930.304093098926,0,Rp || Cp,Rp,Cp,1528596.2507504427,4.079779891220346e-11,4.079779891220346e-11,1528596.2507504427,3.3319390327597996e-07,3.3319390327597996e-07,1.0,30352.08310087762,-213248.28599992266,215397.49402086224,-1.4294138210229268,9.999999747378752e-06,0,9.999999747378752e-06,-0.27899169921875,0.295135498046875,8.071899210149169e-08,2.951354905911252e-06,off
1781065304.8701482,2026-06-10T12:21:44.870,87806998448496,,1,cf_0V,frequency,frequency,20023.331093839864,50,50,0.0,0.1,20023.331093839864,0.099945068359375,20023.331093881323,0,Rp || Cp,Rp,Cp,1504692.2011118894,4.0794517013569515e-11,4.0794517013569515e-11,1504692.2011118894,3.713537126307876e-07,3.713537126307876e-07,1.0,24813.880290672474,-191628.60824422608,193228.49725829493,-1.4420234349212124,9.999999747378752e-06,0,9.999999747378752e-06,-0.27899169921875,0.295135498046875,8.071899210149169e-08,2.951354905911252e-06,off
1781065305.2649438,2026-06-10T12:21:45.264,87807026260336,,1,cf_0V,frequency,frequency,22360.679774997894,51,51,0.0,0.1,22360.679774997894,0.099945068359375,22360.6797749909,0,Rp || Cp,Rp,Cp,1506732.2748805094,4.075956216087225e-11,4.075956216087225e-11,1506732.2748805094,4.138175938946017e-07,4.138175938946017e-07,1.0,19970.114531551913,-172310.2162477496,173463.58723879064,-1.4554148004490226,9.999999747378752e-06,0,9.999999747378752e-06,-0.291473388671875,0.295135498046875,1.831054641243668e-08,2.951354905911252e-06,off
1781065305.6776564,2026-06-10T12:21:45.677,87807048337776,,1,cf_0V,frequency,frequency,24970.870114304947,52,52,0.0,0.1,24970.870114304947,0.099945068359375,24970.87011427368,0,Rp || Cp,Rp,Cp,1490261.542567321,4.073072747758485e-11,4.073072747758485e-11,1490261.542567321,4.6138777496743736e-07,4.6138777496743736e-07,1.0,16251.89158606263,-154775.46654608226,155626.37637843582,-1.4661766809657952,9.999999747378752e-06,0,9.999999747378752e-06,-0.291473388671875,0.30938720703125,8.956908953416942e-08,3.0938719921547175e-06,off
1781065306.0791864,2026-06-10T12:21:46.079,87807073855856,,1,cf_0V,frequency,frequency,27885.751262476904,53,53,0.0,0.1,27885.751262476904,0.099945068359375,27885.751262459737,0,Rp || Cp,Rp,Cp,1434351.3111439915,4.0709471168845624e-11,4.0709471168845624e-11,1434351.3111439915,5.146379916521953e-07,5.146379916521953e-07,1.0,13573.74434257851,-138871.42059989573,139533.21466558,-1.4733625733168154,9.999999747378752e-06,0,9.999999747378752e-06,-0.321563720703125,0.33099365234375,4.714965701202445e-08,3.3099364398214703e-06,off
1781065306.5408943,2026-06-10T12:21:46.540,87807096506736,,1,cf_0V,frequency,frequency,31140.89016174344,54,54,0.0,0.1,31140.89016174344,0.099945068359375,31140.890161793777,0,Rp || Cp,Rp,Cp,1409104.2128506557,4.0691134076529076e-11,4.0691134076529076e-11,1409104.2128506557,5.742144214167312e-07,5.742144214167312e-07,1.0,11107.049147377355,-124609.8840587955,125103.9157896695,-1.4818966893840182,9.999999747378752e-06,0,9.999999747378752e-06,-0.362457275390625,0.33099365234375,-1.5731811126018513e-07,3.6245726623418406e-06,off
1781065306.9025447,2026-06-10T12:21:46.902,87807123745136,,1,cf_0V,frequency,frequency,34776.005528338435,55,55,0.0,0.1,34776.005528338435,0.099945068359375,34776.005528271984,0,Rp || Cp,Rp,Cp,1373235.8773079715,4.0672141013128075e-11,4.0672141013128075e-11,1373235.8773079715,6.407315080122463e-07,6.407315080122463e-07,1.0,9158.734104861625,-111773.07302349944,112147.68059804043,-1.4890385467044351,9.999999747378752e-06,0,9.999999747378752e-06,-0.362457275390625,0.33099365234375,-1.5731811126018513e-07,3.6245726623418406e-06,off
1781065307.326661,2026-06-10T12:21:47.326,87807146109296,,1,cf_0V,frequency,frequency,38835.452494313686,56,56,0.0,0.1,38835.452494313686,0.099945068359375,38835.45249436793,0,Rp || Cp,Rp,Cp,1312148.652204664,4.064937729770314e-11,4.064937729770314e-11,1312148.652204664,7.148291740220548e-07,7.148291740220548e-07,1.0,7700.809342402156,-100226.26469638608,100521.67228771152,-1.494112745851466,9.999999747378752e-06,0,9.999999747378752e-06,-0.362457275390625,0.33099365234375,-1.5731811126018513e-07,3.6245726623418406e-06,off
1781065307.833625,2026-06-10T12:21:47.833,87807175068016,,1,cf_0V,frequency,frequency,43368.76382220184,57,57,0.0,0.1,43368.76382220184,0.099945068359375,43368.763822186906,0,Rp || Cp,Rp,Cp,1252584.828157929,4.061419363511463e-11,4.061419363511463e-11,1252584.828157929,7.977886718756875e-07,7.977886718756875e-07,1.0,6484.391989779853,-89889.95320251273,90123.53203368722,-1.4987840603011753,9.999999747378752e-06,0,9.999999747378752e-06,-0.362457275390625,0.34735107421875,-7.55310039513013e-08,3.6245726623418406e-06,off
1781065308.2869222,2026-06-10T12:21:48.286,87807202306416,,1,cf_0V,frequency,frequency,48431.254296349834,58,58,0.0,0.1,48431.254296349834,0.099945068359375,48431.25429637496,0,Rp || Cp,Rp,Cp,1221271.5643754979,4.057497399150123e-11,4.057497399150123e-11,1221271.5643754979,8.90522586151074e-07,8.90522586151074e-07,1.0,5347.542900115671,-80636.25653588325,80813.3781201439,-1.5045764353174833,9.999999747378752e-06,0,9.999999747378752e-06,-0.378570556640625,0.34735107421875,-1.560974081660227e-07,3.7857054707712834e-06,off
1781065308.659342,2026-06-10T12:21:48.659,87807229258096,,1,cf_0V,frequency,frequency,54084.69566561462,59,59,0.0,0.1,54084.69566561462,0.099945068359375,54084.69566560825,0,Rp || Cp,Rp,Cp,1164917.6044424425,4.0553957934554764e-11,4.0553957934554764e-11,1164917.6044424425,9.93730468463155e-07,9.93730468463155e-07,1.0,4502.440357728427,-72282.08676079483,72422.17916957465,-1.5085868516138639,9.999999747378752e-06,0,9.999999747378752e-06,-0.38555908203125,0.34735107421875,-1.9104003423642268e-07,3.855590722912083e-06,off
1781065309.0289674,2026-06-10T12:21:49.028,87807251622256,,1,cf_0V,frequency,frequency,60398.07037297046,60,60,0.0,0.1,60398.07037297046,0.099945068359375,60398.070372897906,0,Rp || Cp,Rp,Cp,1105172.6958987704,4.0525287999734994e-11,4.0525287999734994e-11,1105172.6958987704,1.109100177239897e-06,1.109100177239897e-06,1.0,3812.510030312257,-64799.28051768838,64911.33944343854,-1.5120283908222156,9.999999747378752e-06,0,9.999999747378752e-06,-0.038116455078125,0.03582763671875,-1.1444091507772924e-08,3.8116454115222353e-07,off
1781065309.9977014,2026-06-10T12:21:49.997,87807305812336,,1,cf_0V,frequency,frequency,67448.41326892251,61,61,0.0,0.1,67448.41326892251,0.099945068359375,67448.4132688491,0,Rp || Cp,Rp,Cp,1245810.6973502615,4.053825681314157e-11,4.053825681314157e-11,1245810.6973502615,1.2312326931216747e-06,1.2312326931216747e-06,1.0,2713.7356688263653,-58081.29272601112,58144.65518003226,-1.5241072227981818,9.999999747378752e-05,0,9.999999747378752e-05,-0.046417236328125,0.04345703125,-1.480102501671965e-07,4.641723515552698e-06,off
1781065310.4174109,2026-06-10T12:21:50.417,87807333337456,,1,cf_0V,frequency,frequency,75321.75157919075,62,62,0.0,0.1,75321.75157919075,0.099945068359375,75321.7515791249,0,Rp || Cp,Rp,Cp,1186898.0667368143,4.0531023440615554e-11,4.0531023440615554e-11,1186898.0667368143,1.373919373566353e-06,1.373919373566353e-06,1.0,2285.46095520463,-52032.54613755782,52082.71488060936,-1.5269008603676846,9.999999747378752e-05,0,9.999999747378752e-05,-0.046417236328125,0.04345703125,-1.480102501671965e-07,4.641723515552698e-06,off
1781065310.8190053,2026-06-10T12:21:50.819,87807357135216,,1,cf_0V,frequency,frequency,84114.1545960043,63,63,0.0,0.1,84114.1545960043,0.099945068359375,84114.15459598004,0,Rp || Cp,Rp,Cp,1118460.7156634324,4.052015059538127e-11,4.052015059538127e-11,1118460.7156634324,1.5334964624732001e-06,1.5334964624732001e-06,1.0,1946.1795520242529,-46614.780485569885,46655.3895554049,-1.5290702921000292,9.999999747378752e-05,0,9.999999747378752e-05,-0.046417236328125,0.04345703125,-1.480102501671965e-07,4.641723515552698e-06,off
1781065311.2329652,2026-06-10T12:21:51.232,87807381793136,,1,cf_0V,frequency,frequency,93932.9059011844,64,64,0.0,0.1,93932.9059011844,0.099945068359375,93932.90590111291,0,Rp || Cp,Rp,Cp,1062341.4803556527,4.048288183878196e-11,4.048288183878196e-11,1062341.4803556527,1.7113076896109298e-06,1.7113076896109298e-06,1.0,1646.357699292449,-41788.55802474222,41820.97650057046,-1.5314193592336336,9.999999747378752e-05,0,9.999999747378752e-05,-0.04742431640625,0.044158935546875,-1.6326903884422705e-07,4.7424315208211e-06,off
1781065311.6381307,2026-06-10T12:21:51.638,87807407024496,,1,cf_0V,frequency,frequency,104897.8124243061,65,65,0.0,0.1,104897.8124243061,0.099945068359375,104897.81242434049,0,Rp || Cp,Rp,Cp,1008188.7427723473,4.0465904095961835e-11,4.0465904095961835e-11,1008188.7427723473,1.910173957509316e-06,1.910173957509316e-06,1.0,1392.4731017675208,-37442.44549273139,37468.32937048712,-1.5336237636381833,9.999999747378752e-05,0,9.999999747378752e-05,-0.050933837890625,0.047454833984375,-1.7395019091814845e-07,5.093383660392803e-06,off
1781065312.09439,2026-06-10T12:21:52.094,87807433116016,,1,cf_0V,frequency,frequency,117142.66630887002,66,66,0.0,0.1,117142.66630887002,0.099945068359375,117142.66630889369,0,Rp || Cp,Rp,Cp,995476.7299819908,4.044323744298641e-11,4.044323744298641e-11,995476.7299819908,2.1318098486446562e-06,2.1318098486446562e-06,1.0,1132.3816205102403,-33555.58469976007,33574.68618881257,-1.5370626856260396,9.999999747378752e-05,0,9.999999747378752e-05,-0.054962158203125,0.05255126953125,-1.2054443054854147e-07,5.49621568146641e-06,off
1781065312.5069788,2026-06-10T12:21:52.506,87807458060656,,1,cf_0V,frequency,frequency,130816.87742395303,67,67,0.0,0.1,130816.87742395303,0.099945068359375,130816.87742399595,0,Rp || Cp,Rp,Cp,916243.7044968411,4.042606912129627e-11,4.042606912129627e-11,916243.7044968411,2.3797610922492547e-06,2.3797610922492547e-06,1.0,987.4392389769795,-30062.600520166878,30078.812913507896,-1.5379620294760015,9.999999747378752e-05,0,9.999999747378752e-05,-0.055084228515625,0.053497314453125,-7.934570112055894e-08,5.508422712408034e-06,off
1781065312.9581857,2026-06-10T12:21:52.958,87807482431856,,1,cf_0V,frequency,frequency,146087.29644100412,68,68,0.0,0.1,146087.29644100412,0.099945068359375,146087.29644095319,0,Rp || Cp,Rp,Cp,780974.0875113443,4.041459654097758e-11,4.041459654097758e-11,780974.0875113443,2.6563574715587843e-06,2.6563574715587843e-06,1.0,929.3624471998716,-26924.789221291303,26940.82383983886,-1.5362930437585254,9.999999747378752e-05,0,9.999999747378752e-05,-0.059967041015625,0.05645751953125,-1.754760697858515e-07,5.996703950073012e-06,off
1781065313.3501592,2026-06-10T12:21:53.350,87807510530416,,1,cf_0V,frequency,frequency,163140.25072069294,69,69,0.0,0.1,163140.25072069294,0.099945068359375,163140.25072077243,0,Rp || Cp,Rp,Cp,763535.8105812066,4.040059676498467e-11,4.040059676498467e-11,763535.8105812066,2.9651699002547008e-06,2.9651699002547008e-06,1.0,762.9197895461003,-24123.319284755242,24135.380252225677,-1.5391810429483805,9.999999747378752e-05,0,9.999999747378752e-05,-0.066192626953125,0.060577392578125,-2.807617116573624e-07,6.6192625280958595e-06,off
1781065313.7611902,2026-06-10T12:21:53.761,87807534901616,,1,cf_0V,frequency,frequency,182183.81785139444,70,70,0.0,0.1,182183.81785139444,0.099945068359375,182183.81785146677,0,Rp || Cp,Rp,Cp,698894.5177744982,4.038874483646599e-11,4.038874483646599e-11,698894.5177744982,3.310391183768295e-06,3.310391183768295e-06,1.0,668.7634785775963,-21608.97693726859,21619.323043649747,-1.5398577919285366,9.999999747378752e-05,0,9.999999747378752e-05,-0.069183349609375,0.064361572265625,-2.4108886109708294e-07,6.9183347861656586e-06,off
1781065314.1467547,2026-06-10T12:21:54.146,87807557552496,,1,cf_0V,frequency,frequency,203450.36458068906,71,71,0.0,0.1,203450.36458068906,0.099945068359375,203450.36458074616,0,Rp || Cp,Rp,Cp,608080.9351148134,4.0375153562053026e-11,4.0375153562053026e-11,608080.9351148134,3.695957195117645e-06,3.695957195117645e-06,1.0,616.7268604845216,-19355.6062682988,19365.42914664818,-1.5389441456370434,9.999999747378752e-05,0,9.999999747378752e-05,-0.072479248046875,0.0703125,-1.0833739960691702e-07,7.247924621589519e-06,off
1781065314.6324673,2026-06-10T12:21:54.632,87807583070576,,1,cf_0V,frequency,frequency,227199.38211953812,72,72,0.0,0.1,227199.38211953812,0.099945068359375,227199.38211963608,0,Rp || Cp,Rp,Cp,540906.6970459109,4.0368753026720786e-11,4.0368753026720786e-11,540906.6970459109,4.126609864458477e-06,4.126609864458477e-06,1.0,556.1170462115151,-17334.8829955126,17343.801043519812,-1.5387265180229348,9.999999747378752e-05,0,9.999999747378752e-05,-0.080780029296875,0.07470703125,-3.0364989467290826e-07,8.078002725619982e-06,off
1781065315.0369332,2026-06-10T12:21:55.036,87807610022256,,1,cf_0V,frequency,frequency,253720.6524150888,73,73,0.0,0.1,253720.6524150888,0.099945068359375,253720.65241505482,0,Rp || Cp,Rp,Cp,476736.26226213464,4.036775166727963e-11,4.036775166727963e-11,476736.26226213464,4.608392201431899e-06,4.608392201431899e-06,1.0,505.9646189987949,-15522.747215061254,15530.99099537343,-1.5382128194443052,9.999999747378752e-05,0,9.999999747378752e-05,-0.082733154296875,0.083404541015625,3.3569335089467245e-08,8.340453890864907e-06,off
1781065315.437365,2026-06-10T12:21:55.437,87807634106736,,1,cf_0V,frequency,frequency,283337.78402649175,74,74,0.0,0.1,283337.78402649175,0.099945068359375,283337.7840264717,0,Rp || Cp,Rp,Cp,416876.607791254,4.036962329406913e-11,4.036962329406913e-11,416876.607791254,5.14711682154677e-06,5.14711682154677e-06,1.0,463.9068641336998,-13898.802476204364,13906.542339889344,-1.537431243197029,9.999999747378752e-05,0,9.999999747378752e-05,-0.09002685546875,0.087921142578125,-1.052856418715109e-07,9.002685319448034e-06,off
1781065315.8400679,2026-06-10T12:21:55.840,87807658191216,,1,cf_0V,frequency,frequency,316412.1607479698,75,75,0.0,0.1,316412.1607479698,0.099945068359375,316412.1607480297,0,Rp || Cp,Rp,Cp,364024.1483537155,4.037551577788454e-11,4.037551577788454e-11,364024.1483537155,5.749922332240054e-06,5.749922332240054e-06,1.0,425.8525123945824,-12443.44195897643,12450.726812067156,-1.5365866302096491,9.999999747378752e-05,0,9.999999747378752e-05,-0.098114013671875,0.10028076171875,1.0833739960691702e-07,1.0028075918544488e-05,off
1781065316.2427876,2026-06-10T12:21:56.242,87807682849136,,1,cf_0V,frequency,frequency,353347.35115962697,76,76,0.0,0.1,353347.35115962697,0.099945068359375,353347.35115966963,0,Rp || Cp,Rp,Cp,312701.8447962404,4.0398745097067884e-11,4.0398745097067884e-11,312701.8447962404,6.424562273061357e-06,6.424562273061357e-06,1.0,397.0257113204825,-11135.216340332367,11142.292060498794,-1.5351564627562908,9.999999747378752e-05,0,9.999999747378752e-05,-0.10870361328125,0.1058349609375,-1.4343261356408732e-07,1.0870361053516575e-05,off
1781065316.656052,2026-06-10T12:21:56.656,87807707220336,,1,cf_0V,frequency,frequency,394594.03291068296,77,77,0.0,0.1,394594.03291068296,0.099945068359375,394594.0329106179,0,Rp || Cp,Rp,Cp,264791.49715560983,4.043108382688358e-11,4.043108382688358e-11,264791.49715560983,7.1808730043859455e-06,7.1808730043859455e-06,1.0,375.308533978045,-9961.809680557386,9968.876998304451,-1.5331394022099318,9.999999747378752e-05,0,9.999999747378752e-05,-0.115631103515625,0.1126708984375,-1.480102501671965e-07,1.1563110059453763e-05,off
1781065317.115405,2026-06-10T12:21:57.115,87807732451696,,1,cf_0V,frequency,frequency,440655.49182050145,78,78,0.0,0.1,440655.49182050145,0.099945068359375,440655.49182050745,0,Rp || Cp,Rp,Cp,222549.8656376844,4.0483511224016714e-11,4.0483511224016714e-11,222549.8656376844,8.029288613842215e-06,8.029288613842215e-06,1.0,357.07614059009546,-8907.285991847906,8914.440370025965,-1.5307296841885676,9.999999747378752e-05,0,9.999999747378752e-05,-0.126983642578125,0.126190185546875,-3.967285056027947e-08,1.2698363937024837e-05,off
1781065317.626101,2026-06-10T12:21:57.626,87807763704176,,1,cf_0V,frequency,frequency,492093.7628966142,79,79,0.0,0.1,492093.7628966142,0.099945068359375,492093.7628966726,0,Rp || Cp,Rp,Cp,184562.91268538876,4.055105967587816e-11,4.055105967587816e-11,184562.91268538876,8.98243350995708e-06,8.98243350995708e-06,1.0,344.02136950048515,-7960.856441260131,7968.286263747425,-1.5276090814304983,9.999999747378752e-05,0,9.999999747378752e-05,-0.137298583984375,0.139495849609375,1.0986327847462007e-07,1.3949584608541343e-05,off
1781065318.0188336,2026-06-10T12:21:58.018,87807789795696,,1,cf_0V,frequency,frequency,549536.4882015135,80,80,0.0,0.1,549536.4882015135,0.099945068359375,549536.4882015963,0,Rp || Cp,Rp,Cp,152399.91972544426,4.064139724111416e-11,4.064139724111416e-11,152399.91972544426,1.0055107346724459e-05,1.0055107346724459e-05,1.0,332.48852965294327,-7110.603111297154,7118.372372160615,-1.524070821494358,9.999999747378752e-05,0,9.999999747378752e-05,-0.15167236328125,0.152130126953125,2.288818301554585e-08,1.5213012310999474e-05,off
1781065318.428805,2026-06-10T12:21:58.428,87807815027056,,1,cf_0V,frequency,frequency,613684.5752468883,81,81,0.0,0.1,613684.5752468883,0.099945068359375,613684.5752469356,0,Rp || Cp,Rp,Cp,125606.43727803425,4.075454162936063e-11,4.075454162936063e-11,125606.43727803425,1.1264049475062245e-05,1.1264049475062245e-05,1.0,321.56787231016733,-6347.250498243777,6355.391001658195,-1.5201770589324102,9.999999747378752e-05,0,9.999999747378752e-05,-0.16796875,0.164520263671875,-1.724243120504454e-07,1.6796874575675247e-05,off
1781065318.8223555,2026-06-10T12:21:58.822,87807837964656,,1,cf_0V,frequency,frequency,685320.749361875,82,82,0.0,0.1,685320.749361875,0.099945068359375,685320.7493619351,0,Rp || Cp,Rp,Cp,102978.86018619637,4.0905842043908364e-11,4.0905842043908364e-11,102978.86018619637,1.2631209358045638e-05,1.2631209358045638e-05,1.0,312.0439454642508,-5660.084664385443,5668.679725642663,-1.515721465075154,9.999999747378752e-05,0,9.999999747378752e-05,-0.18280029296875,0.180328369140625,-1.2359618828394758e-07,1.8280028835082618e-05,off
1781065319.2357862,2026-06-10T12:21:59.235,87807861762416,,1,cf_0V,frequency,frequency,765319.1043900257,83,83,0.0,0.1,765319.1043900257,0.099945068359375,765319.1043900875,0,Rp || Cp,Rp,Cp,83778.15440398897,4.1105095305645395e-11,4.1105095305645395e-11,83778.15440398897,1.4181706500218973e-05,1.4181706500218973e-05,1.0,304.40527727228624,-5040.818360928655,5050.0012198718,-1.510481505622993,9.999999747378752e-05,0,9.999999747378752e-05,-0.20147705078125,0.200836181640625,-3.204345622176419e-08,2.014770456915116e-05,off
1781065319.6331391,2026-06-10T12:21:59.633,87807886133616,,1,cf_0V,frequency,frequency,854655.7682511833,84,84,0.0,0.1,854655.7682511833,0.099945068359375,854655.7682512201,0,Rp || Cp,Rp,Cp,67570.60423209833,4.1358887076850136e-11,4.1358887076850136e-11,67570.60423209833,1.5946230021549906e-05,1.5946230021549906e-05,1.0,298.70206310359237,-4482.661705592087,4492.602685446834,-1.5042597117654972,9.999999747378752e-05,0,9.999999747378752e-05,-0.223358154296875,0.2279052734375,2.2735595128775543e-07,2.2790526768012853e-05,off
1781065320.0450191,2026-06-10T12:22:00.045,87807914805616,,1,cf_0V,frequency,frequency,954420.8135078406,85,85,0.0,0.1,954420.8135078406,0.099945068359375,954420.8135078946,0,Rp || Cp,Rp,Cp,53987.855828563755,4.168474413372046e-11,4.168474413372046e-11,53987.855828563755,1.7963960899846543e-05,1.7963960899846543e-05,1.0,294.80314824459816,-3978.5526223767793,3989.459846299505,-1.4968334048182759,9.999999747378752e-05,0,9.999999747378752e-05,-0.250946044921875,0.2515869140625,3.204345622176419e-08,2.5158690770687997e-05,off
1781065320.5557213,2026-06-10T12:22:00.555,87807936022896,,1,cf_0V,frequency,frequency,1065831.5582669198,86,86,0.0,0.1,1065831.5582669198,0.099945068359375,1065831.5582669075,0,Rp || Cp,Rp,Cp,42630.572781002156,4.210042825624557e-11,4.210042825624557e-11,42630.572781002156,2.028484136029287e-05,2.028484136029287e-05,1.0,293.07108834773675,-3522.484591732145,3534.6553384758327,-1.4877874057535492,9.999999747378752e-05,0,9.999999747378752e-05,-0.2796630859375,0.27655029296875,-1.5563964450571177e-07,2.796630788726162e-05,off
1781065320.964037,2026-06-10T12:22:00.964,87807965555056,,1,cf_0V,frequency,frequency,1190247.4197125817,87,87,0.0,0.1,1190247.4197125817,0.099945068359375,1190247.4197125202,0,Rp || Cp,Rp,Cp,33261.63786795289,4.2630204698533484e-11,4.2630204698533484e-11,33261.63786795289,2.297251019773385e-05,2.297251019773385e-05,1.0,293.1853266985039,-3108.9976727318062,3122.7910856865046,-1.476772182786856,9.999999747378752e-05,0,9.999999747378752e-05,-0.3143310546875,0.30908203125,-2.6245116524492573e-07,3.1433104674682966e-05,off
1781065321.814733,2026-06-10T12:22:01.814,87808018598256,,1,cf_0V,frequency,frequency,1329186.5015106536,88,88,0.0,0.1,1329186.5015106536,0.099945068359375,1329186.5015105486,0,Rp || Cp,Rp,Cp,32758.073967215147,4.025483606278134e-11,4.025483606278134e-11,32758.073967215147,2.3623078451797837e-05,2.3623078451797837e-05,1.0,267.88464321931735,-2950.190294741459,2962.327624902323,-1.4802421615273447,0.0010000000474974513,0,0.0010000000474974513,-0.050689697265625,0.043060302734375,-3.814697446813398e-06,5.068969967325643e-05,off
1781065322.2477698,2026-06-10T12:22:02.247,87808041535856,,1,cf_0V,frequency,frequency,1484344.1174816934,89,89,0.0,0.1,1484344.1174816934,0.099945068359375,1484344.1174816263,0,Rp || Cp,Rp,Cp,26537.147687371955,4.029890897396726e-11,4.029890897396726e-11,26537.147687371955,2.6315624737919855e-05,2.6315624737919855e-05,1.0,264.1108764162112,-2634.1971790769385,2647.404263292299,-1.4708678996869238,0.0010000000474974513,0,0.0010000000474974513,-0.056182861328125,0.0452880859375,-5.447387954049532e-06,5.618286399666772e-05,off
1781065322.6891794,2026-06-10T12:22:02.689,87808069921136,,1,cf_0V,frequency,frequency,1657613.4775657344,90,90,0.0,0.1,1657613.4775657344,0.099945068359375,1657613.477565718,0,Rp || Cp,Rp,Cp,21425.272946836372,4.0359231764049625e-11,4.0359231764049625e-11,21425.272946836372,2.9307541979092586e-05,2.9307541979092586e-05,1.0,260.9394916414805,-2350.0234919526515,2364.4660773687256,-1.4602123416269701,0.0010000000474974513,0,0.0010000000474974513,-0.06097412109375,0.0487060546875,-6.134033494475943e-06,6.097412398986535e-05,off
1781065323.1407123,2026-06-10T12:22:03.140,87808093718896,,1,cf_0V,frequency,frequency,1851108.7884858004,91,91,0.0,0.1,1851108.7884858004,0.099945068359375,1851108.7884859024,0,Rp || Cp,Rp,Cp,17257.653808805968,4.043760074822141e-11,4.043760074822141e-11,17257.653808805968,3.2625729598003514e-05,3.2625729598003514e-05,1.0,258.0365670631661,-2094.4027488635325,2110.2383145959757,-1.4482111390619425,0.0010000000474974513,0,0.0010000000474974513,-0.06219482421875,0.053863525390625,-4.16564961192023e-06,6.219482717284563e-05,off
1781065323.5542448,2026-06-10T12:22:03.554,87808120957296,,1,cf_0V,frequency,frequency,2067191.0509809963,92,92,0.0,0.1,2067191.0509809963,0.099945068359375,2067191.0509810941,0,Rp || Cp,Rp,Cp,13857.724460185062,4.054871068557883e-11,4.054871068557883e-11,13857.724460185062,3.6305409908093795e-05,3.6305409908093795e-05,1.0,255.36151525117484,-1863.7381824212193,1881.151114633305,-1.434628443856204,0.0010000000474974513,0,0.0010000000474974513,-0.068389892578125,0.056121826171875,-6.134033494475943e-06,6.838989582647059e-05,off
1781065323.9438913,2026-06-10T12:22:03.943,87808146475376,,1,cf_0V,frequency,frequency,2308496.8683831017,93,93,0.0,0.1,2308496.8683831017,0.099945068359375,2308496.8683831166,0,Rp || Cp,Rp,Cp,11092.294642167857,4.069640621905723e-11,4.069640621905723e-11,11092.294642167857,4.038335928569263e-05,4.038335928569263e-05,1.0,252.83341262305143,-1655.4691098480425,1674.664954013097,-1.4192412964364927,0.0010000000474974513,0,0.0010000000474974513,-0.0755615234375,0.060546875,-7.5073245753287665e-06,7.556152702647978e-05,off
1781065324.3433344,2026-06-10T12:22:04.343,87808167979376,,1,cf_0V,frequency,frequency,2577970.6180546875,94,94,0.0,0.1,2577970.6180546875,0.099945068359375,2577970.6180546926,0,Rp || Cp,Rp,Cp,8848.879703789018,4.0888930207534856e-11,4.0888930207534856e-11,8848.879703789018,4.489420664214493e-05,4.489420664214493e-05,1.0,250.33479731393612,-1467.1451858480868,1488.3489198112877,-1.4017967013257773,0.0010000000474974513,0,0.0010000000474974513,-0.079864501953125,0.07080078125,-4.531860566814316e-06,7.986450574648529e-05,off
1781065324.7562027,2026-06-10T12:22:04.756,87808192063856,,1,cf_0V,frequency,frequency,2878900.378239697,95,95,0.0,0.1,2878900.378239697,0.099945068359375,2878900.378239635,0,Rp || Cp,Rp,Cp,7030.1797041266145,4.113080388322235e-11,4.113080388322235e-11,7030.1797041266145,4.987594610267032e-05,4.987594610267032e-05,1.0,247.91041410849343,-1296.686233552169,1320.1722469841404,-1.3818883455867697,0.0010000000474974513,0,0.0010000000474974513,-0.0836181640625,0.074127197265625,-4.745483623835867e-06,8.361816803414968e-05,off
1781065325.198091,2026-06-10T12:22:05.198,87808220449136,,1,cf_0V,frequency,frequency,3214958.0487006293,96,96,0.0,0.1,3214958.0487006293,0.099945068359375,3214958.048700538,0,Rp || Cp,Rp,Cp,5569.303056665601,4.145857574196379e-11,4.145857574196379e-11,5569.303056665601,5.539208495800869e-05,5.539208495800869e-05,1.0,244.7605835053689,-1141.5945526454734,1167.5383787557937,-1.3595914571042709,0.0010000000474974513,0,0.0010000000474974513,-0.092620849609375,0.08270263671875,-4.959106680857417e-06,9.26208540086293e-05,off
1781065325.6002297,2026-06-10T12:22:05.600,87808245680496,,1,cf_0V,frequency,frequency,3590244.1546882903,97,97,0.0,0.1,3590244.1546882903,0.099945068359375,3590244.154688378,0,Rp || Cp,Rp,Cp,4359.354257371145,4.189854925549418e-11,4.189854925549418e-11,4359.354257371145,6.151647875841776e-05,6.151647875841776e-05,1.0,242.50197653412565,-999.1720648627045,1028.1789843334466,-1.3326972083466624,0.0010000000474974513,0,0.0010000000474974513,-0.10369873046875,0.088653564453125,-7.52258336511602e-06,0.0001036987353941754,off
1781065326.0044618,2026-06-10T12:22:06.004,87808268618096,,1,cf_0V,frequency,frequency,4009337.880935344,98,98,0.0,0.1,4009337.880935344,0.099945068359375,4009337.8809352485,0,Rp || Cp,Rp,Cp,3389.018218279177,4.2414021098944476e-11,4.2414021098944476e-11,3389.018218279177,6.820771693045277e-05,6.820771693045277e-05,1.0,240.1500720064975,-869.5981325108456,902.1490836613847,-1.301350014761859,0.0010000000474974513,0,0.0010000000474974513,-0.10528564453125,0.095977783203125,-4.653930885112345e-06,0.00010528564953204977,off
1781065326.4154015,2026-06-10T12:22:06.415,87808294709616,,1,cf_0V,frequency,frequency,4477352.946181116,99,99,0.0,0.1,4477352.946181116,0.099945068359375,4477352.946181128,0,Rp || Cp,Rp,Cp,2606.1984974599413,4.307767356647567e-11,4.307767356647567e-11,2606.1984974599413,7.559401351849829e-05,7.559401351849829e-05,1.0,237.46238267331964,-749.9904811006425,786.6855184420667,-1.2641619409338876,0.0010000000474974513,0,0.0010000000474974513,-0.119598388671875,0.10687255859375,-6.362915341284747e-06,0.00011959839435249364,off
1781065326.7871377,2026-06-10T12:22:06.787,87808316787056,,1,cf_0V,frequency,frequency,4999999.999999999,100,100,0.0,0.1,4999999.999999999,0.099945068359375,4999999.999999929,0,Rp || Cp,Rp,Cp,1973.4084485248084,4.3881214714750855e-11,4.3881214714750855e-11,1973.4084485248084,8.36912613557787e-05,8.36912613557787e-05,1.0,234.90133167645382,-639.0443152682534,680.8496695306844,-1.2185447168140888,0.0010000000474974513,0,0.0010000000474974513,-0.123291015625,0.112274169921875,-5.508423113198546e-06,0.000123291021481009,off
1781065327.2056153,2026-06-10T12:22:07.205,87808340871536,,1,cf_0V,frequency,frequency,4482348.925241931,101,101,0.0,0.1,4482348.925241931,0.099945068359375,4482348.925241979,0,Rp || Cp,Rp,Cp,2598.628758821601,4.308458560758079e-11,4.308458560758079e-11,2598.628758821601,7.567344308042926e-05,7.567344308042926e-05,1.0,237.47648716806242,-748.8111558605233,785.5655472962493,-1.2636916708657193,0.0010000000474974513,0,0.0010000000474974513,-0.125,0.1160888671875,-4.455566617878048e-06,0.0001250000059371814,off
1781065327.6144493,2026-06-10T12:22:07.614,87808364956016,,1,cf_0V,frequency,frequency,4018290.377523501,102,102,0.0,0.1,4018290.377523501,0.099945068359375,4018290.3775235703,0,Rp || Cp,Rp,Cp,3370.9674795471387,4.2422260155950803e-11,4.2422260155950803e-11,3370.9674795471387,6.835290291464596e-05,6.835290291464596e-05,1.0,240.16851794281624,-867.1328309927021,899.77789681469,-1.3006008985590838,0.0010000000474974513,0,0.0010000000474974513,-0.125,0.1160888671875,-4.455566617878048e-06,0.0001250000059371814,off
1781065328.1177893,2026-06-10T12:22:08.117,87808392194416,,1,cf_0V,frequency,frequency,3602275.9110004925,103,103,0.0,0.1,3602275.9110004925,0.099945068359375,3602275.9110004897,0,Rp || Cp,Rp,Cp,4329.468119280112,4.191431776522494e-11,4.191431776522494e-11,4329.468119280112,6.170903162872763e-05,6.170903162872763e-05,1.0,242.27972750113187,-995.1094863410763,1024.178869223547,-1.3319725265204891,0.0010000000474974513,0,0.0010000000474974513,-0.125,0.1160888671875,-4.455566617878048e-06,0.0001250000059371814,off
1781065328.573626,2026-06-10T12:22:08.573,87808421153136,,1,cf_0V,frequency,frequency,3229331.511619592,104,104,0.0,0.1,3229331.511619592,0.099945068359375,3229331.5116196196,0,Rp || Cp,Rp,Cp,5523.638853130692,4.147470878455118e-11,4.147470878455118e-11,5523.638853130692,5.562477294407861e-05,5.562477294407861e-05,1.0,244.32894362451773,-1135.732456723894,1161.7163362666313,-1.358896906683482,0.0010000000474974513,0,0.0010000000474974513,-0.116485595703125,0.1114501953125,-2.5177003148968424e-06,0.00011648560123589391,off
1781065328.972928,2026-06-10T12:22:08.972,87808447531376,,1,cf_0V,frequency,frequency,2894998.1260715965,105,105,0.0,0.1,2894998.1260715965,0.099945068359375,2894998.126071542,0,Rp || Cp,Rp,Cp,6961.356994617582,4.114287679155828e-11,4.114287679155828e-11,6961.356994617582,5.0136301827977436e-05,5.0136301827977436e-05,1.0,247.3700185409812,-1288.7354587951613,1312.2617912706826,-1.381155057674691,0.0010000000474974513,0,0.0010000000474974513,-0.1082763671875,0.097808837890625,-5.2337648970279815e-06,0.00010827637233035148,off
1781065329.3628707,2026-06-10T12:22:09.362,87808471615856,,1,cf_0V,frequency,frequency,2595278.3477948857,106,106,0.0,0.1,2595278.3477948857,0.099945068359375,2595278.3477949738,0,Rp || Cp,Rp,Cp,8749.45211790616,4.08979022168259e-11,4.08979022168259e-11,8749.45211790616,4.517765387951988e-05,4.517765387951988e-05,1.0,249.64209209822263,-1456.6778495192893,1477.9145886780193,-1.4010674772876734,0.0010000000474974513,0,0.0010000000474974513,-0.10162353515625,0.088623046875,-6.5002444493700295e-06,0.00010162353998310891,off
1781065329.7235117,2026-06-10T12:22:09.723,87808494553456,,1,cf_0V,frequency,frequency,2326588.622588413,107,107,0.0,0.1,2326588.622588413,0.099945068359375,2326588.6225883747,0,Rp || Cp,Rp,Cp,10955.948848197948,4.0706453440054375e-11,4.0706453440054375e-11,10955.948848197948,4.068386403648807e-05,4.068386403648807e-05,1.0,251.84019572193742,-1641.8662607132294,1661.0684219049215,-1.4185960098662707,0.0010000000474974513,0,0.0010000000474974513,-0.097991943359375,0.086517333984375,-5.73730496000735e-06,9.799194801374256e-05,off
1781065330.1838965,2026-06-10T12:22:10.183,87808518637936,,1,cf_0V,frequency,frequency,2085716.402387856,108,108,0.0,0.1,2085716.402387856,0.099945068359375,2085716.4023878027,0,Rp || Cp,Rp,Cp,13649.55778561444,4.0553034642513664e-11,4.0553034642513664e-11,13649.55778561444,3.661451948668289e-05,3.661451948668289e-05,1.0,254.5590531351626,-1846.5693038948275,1864.0328606598378,-1.4338046397131707,0.0010000000474974513,0,0.0010000000474974513,-0.093414306640625,0.0848388671875,-4.287719930218259e-06,9.341431107756648e-05,off
1781065330.5720017,2026-06-10T12:22:10.572,87808542722416,,1,cf_0V,frequency,frequency,1869781.7349205392,109,109,0.0,0.1,1869781.7349205392,0.099945068359375,1869781.734920437,0,Rp || Cp,Rp,Cp,16970.174753878095,4.044225930792446e-11,4.044225930792446e-11,16970.174753878095,3.293853186462889e-05,3.293853186462889e-05,1.0,257.08208316163007,-2072.8330081946206,2088.7144077982234,-1.4474019368667017,0.0010000000474974513,0,0.0010000000474974513,-0.084808349609375,0.073577880859375,-5.615234641709321e-06,8.480835363755546e-05,off
1781065330.9307117,2026-06-10T12:22:10.930,87808565660016,,1,cf_0V,frequency,frequency,1676202.829991615,110,110,0.0,0.1,1676202.829991615,0.099945068359375,1676202.8299915243,0,Rp || Cp,Rp,Cp,21046.695552902802,4.0356835684485765e-11,4.0356835684485765e-11,21046.695552902802,2.961964930843272e-05,2.961964930843272e-05,1.0,259.76193008033715,-2323.7155588230285,2338.189525815921,-1.4594711948428318,0.0010000000474974513,0,0.0010000000474974513,-0.079864501953125,0.067779541015625,-6.042480755752422e-06,7.986450574648529e-05,off
1781065331.3346462,2026-06-10T12:22:11.334,87808589171056,,1,cf_0V,frequency,frequency,1502665.19070008,111,111,0.0,0.1,1502665.19070008,0.099945068359375,1502665.1907001564,0,Rp || Cp,Rp,Cp,26071.68608923498,4.02939306015224e-11,4.02939306015224e-11,26071.68608923498,2.6624704380457168e-05,2.6624704380457168e-05,1.0,262.3464541576605,-2602.1123606434257,2615.303882806432,-1.470315293891759,0.0010000000474974513,0,0.0010000000474974513,-0.0738525390625,0.06011962890625,-6.866455404264116e-06,7.385254257030738e-05,off
1781065331.721954,2026-06-10T12:22:11.721,87808612108656,,1,cf_0V,frequency,frequency,1347093.9405065936,112,112,0.0,0.1,1347093.9405065936,0.099945068359375,1347093.940506525,0,Rp || Cp,Rp,Cp,32162.328584378574,4.024701612808522e-11,4.024701612808522e-11,32162.328584378574,2.3928379680781575e-05,2.3928379680781575e-05,1.0,265.7214676473503,-2911.2906512453783,2923.39206306602,-1.4797757854685243,0.0010000000474974513,0,0.0010000000474974513,-0.070098876953125,0.0567626953125,-6.668091137029819e-06,7.0098880282643e-05,off
1781065332.175541,2026-06-10T12:22:12.175,87808637340016,,1,cf_0V,frequency,frequency,1207629.01528593,113,113,0.0,0.1,1207629.01528593,0.099945068359375,1207629.0152859315,0,Rp || Cp,Rp,Cp,39665.592381888775,4.0213712441490985e-11,4.0213712441490985e-11,39665.592381888775,2.1496763938366415e-05,2.1496763938366415e-05,1.0,268.9405410273406,-3255.050976674105,3266.142353810551,-1.4883610393715607,0.0010000000474974513,0,0.0010000000474974513,-0.063934326171875,0.05322265625,-5.35583521532601e-06,6.393432920859254e-05,off
1781065332.6439312,2026-06-10T12:22:12.643,87808663144816,,1,cf_0V,frequency,frequency,1082602.9237515721,114,114,0.0,0.1,1082602.9237515721,0.099945068359375,1082602.9237515656,0,Rp || Cp,Rp,Cp,48711.41370372838,4.0193222492838304e-11,4.0193222492838304e-11,48711.41370372838,1.930738038886233e-05,1.930738038886233e-05,1.0,273.10129148258966,-3637.109522274725,3647.3483508476315,-1.4958495155024008,0.0010000000474974513,0,0.0010000000474974513,-0.06060791015625,0.047149658203125,-6.729126296178833e-06,6.060791303497126e-05,off
1781065333.0154216,2026-06-10T12:22:13.015,87808690383216,,1,cf_0V,frequency,frequency,970520.8103483266,115,115,0.0,0.1,970520.8103483266,0.099945068359375,970520.8103482476,0,Rp || Cp,Rp,Cp,59741.426271666176,4.0182964685458875e-11,4.0182964685458875e-11,59741.426271666176,1.733785964757523e-05,1.733785964757523e-05,1.0,277.49111388496095,-4062.10703981515,4071.57401028164,-1.5025901780759678,0.0010000000474974513,0,0.0010000000474974513,-0.053924560546875,0.0430908203125,-5.416870374475025e-06,5.392456310815419e-05,off
1781065333.8841474,2026-06-10T12:22:13.884,87808741706096,,1,cf_0V,frequency,frequency,870042.5822379502,116,116,0.0,0.1,870042.5822379502,0.099945068359375,870042.5822379998,0,Rp || Cp,Rp,Cp,66313.97967133296,4.1408969029193525e-11,4.1408969029193525e-11,66313.97967133296,1.625343330016192e-05,1.625343330016192e-05,1.0,292.98292016691,-4398.07053382352,4407.818441360332,-1.5042783671912077,9.999999747378752e-05,0,9.999999747378752e-05,-0.22857666015625,0.226409912109375,-1.0833739960691702e-07,2.2857665438191788e-05,off
1781065334.2977004,2026-06-10T12:22:14.297,87808766937456,,1,cf_0V,frequency,frequency,779966.8866817983,117,117,0.0,0.1,779966.8866817983,0.099945068359375,779966.88668172,0,Rp || Cp,Rp,Cp,82453.07047144813,4.1143476357323015e-11,4.1143476357323015e-11,82453.07047144813,1.4467778772024157e-05,1.4467778772024157e-05,1.0,297.2423434581318,-4941.67895370665,4950.610456524702,-1.5107186396215921,9.999999747378752e-05,0,9.999999747378752e-05,-0.230377197265625,0.229766845703125,-3.051757735406113e-08,2.303771914458075e-05,off
1781065334.6744995,2026-06-10T12:22:14.674,87808789875056,,1,cf_0V,frequency,frequency,699216.7472484909,118,118,0.0,0.1,699216.7472484909,0.099945068359375,699216.7472483857,0,Rp || Cp,Rp,Cp,101758.39308772303,4.0939714084372066e-11,4.0939714084372066e-11,101758.39308772303,1.2898513597683662e-05,1.2898513597683662e-05,1.0,302.8741479492679,-5543.307122434657,5551.575146130222,-1.516212791930007,9.999999747378752e-05,0,9.999999747378752e-05,-0.230377197265625,0.229766845703125,-3.051757735406113e-08,2.303771914458075e-05,off
1781065335.1003454,2026-06-10T12:22:15.100,87808813959536,,1,cf_0V,frequency,frequency,626826.6871080867,119,119,0.0,0.1,626826.6871080867,0.099945068359375,626826.687107993,0,Rp || Cp,Rp,Cp,124538.24741981905,4.0783161588317156e-11,4.0783161588317156e-11,124538.24741981905,1.1513743306170947e-05,1.1513743306170947e-05,1.0,310.453670889233,-6210.231444626342,6217.986497057901,-1.5208472313666839,9.999999747378752e-05,0,9.999999747378752e-05,-0.230377197265625,0.229766845703125,-3.051757735406113e-08,2.303771914458075e-05,off
1781065335.6022096,2026-06-10T12:22:15.602,87808840911216,,1,cf_0V,frequency,frequency,561931.1854543786,120,120,0.0,0.1,561931.1854543786,0.099945068359375,561931.1854543696,0,Rp || Cp,Rp,Cp,152316.47434643446,4.066387121963579e-11,4.066387121963579e-11,152316.47434643446,1.0287973770480767e-05,1.0287973770480767e-05,1.0,317.83556539969555,-6950.58078846324,6957.843972351438,-1.5251002451669013,9.999999747378752e-05,0,9.999999747378752e-05,-0.22662353515625,0.22802734375,7.01904279143406e-08,2.2802733798954478e-05,off
1781065336.0422692,2026-06-10T12:22:16.042,87808868149616,,1,cf_0V,frequency,frequency,503754.32903627184,121,121,0.0,0.1,503754.32903627184,0.099945068359375,503754.3290362123,0,Rp || Cp,Rp,Cp,185512.5243035736,4.057034979640204e-11,4.057034979640204e-11,185512.5243035736,9.199337354727864e-06,9.199337354727864e-06,1.0,326.3227333841256,-7773.703588471063,7780.549724006085,-1.5288431885801221,9.999999747378752e-05,0,9.999999747378752e-05,-0.206024169921875,0.20819091796875,1.0833739960691702e-07,2.0819091270940504e-05,off
1781065336.4501143,2026-06-10T12:22:16.450,87808896534896,,1,cf_0V,frequency,frequency,451600.5350683417,122,122,0.0,0.1,451600.5350683417,0.099945068359375,451600.5350683372,0,Rp || Cp,Rp,Cp,225200.53575034096,4.049833166641245e-11,4.049833166641245e-11,225200.53575034096,8.231556607940114e-06,8.231556607940114e-06,1.0,335.7682888959908,-8689.215051057503,8695.700003297743,-1.5321735843129387,9.999999747378752e-05,0,9.999999747378752e-05,-0.171661376953125,0.16839599609375,-1.6326903884422705e-07,1.7166137261659387e-05,off
1781065336.9079835,2026-06-10T12:22:16.907,87808922339696,,1,cf_0V,frequency,frequency,404846.2346004526,123,123,0.0,0.1,404846.2346004526,0.099945068359375,404846.23460045556,0,Rp || Cp,Rp,Cp,271700.24385324126,4.044398975309036e-11,4.044398975309036e-11,271700.24385324126,7.369146327456072e-06,7.369146327456072e-06,1.0,347.30141287455245,-9707.793791444401,9714.004249978025,-1.5350360536549856,9.999999747378752e-05,0,9.999999747378752e-05,-0.15496826171875,0.15228271484375,-1.3427734035786898e-07,1.5496825780392243e-05,off
1781065337.3313673,2026-06-10T12:22:17.331,87808948144496,,1,cf_0V,frequency,frequency,362932.4169099164,124,124,0.0,0.1,362932.4169099164,0.099945068359375,362932.41690984246,0,Rp || Cp,Rp,Cp,323259.47986297874,4.040468872809479e-11,4.040468872809479e-11,323259.47986297874,6.6000803039653625e-06,6.6000803039653625e-06,1.0,363.98597976530044,-10841.099238678798,10847.207866375004,-1.5372342962583299,9.999999747378752e-05,0,9.999999747378752e-05,-0.14215087890625,0.13916015625,-1.4953612903489955e-07,1.4215087531521675e-05,off
1781065337.758243,2026-06-10T12:22:17.758,87808973662576,,1,cf_0V,frequency,frequency,325357.9457743241,125,125,0.0,0.1,325357.9457743241,0.099945068359375,325357.9457742717,0,Rp || Cp,Rp,Cp,386860.484689547,4.037878528969011e-11,4.037878528969011e-11,386860.484689547,5.912559003088963e-06,5.912559003088963e-06,1.0,378.9927362468168,-12102.63104222108,12108.563648850395,-1.5394916522382487,9.999999747378752e-05,0,9.999999747378752e-05,-0.137725830078125,0.13671875,-5.035400263420087e-08,1.3772582659887789e-05,off
1781065338.202434,2026-06-10T12:22:18.202,87809000900976,,1,cf_0V,frequency,frequency,291673.56771209295,126,126,0.0,0.1,291673.56771209295,0.099945068359375,291673.56771218067,0,Rp || Cp,Rp,Cp,452809.52984633506,4.037053885795864e-11,4.037053885795864e-11,452809.52984633506,5.298347347905113e-06,5.298347347905113e-06,1.0,403.10174015730263,-13504.288890124866,13510.303824891122,-1.5409552826701065,9.999999747378752e-05,0,9.999999747378752e-05,-0.129150390625,0.12518310546875,-1.9836425280139736e-07,1.2915038736238671e-05,off
1781065338.6166594,2026-06-10T12:22:18.616,87809024698736,,1,cf_0V,frequency,frequency,261476.54055115595,127,127,0.0,0.1,261476.54055115595,0.099945068359375,261476.54055115767,0,Rp || Cp,Rp,Cp,525733.282403027,4.0370186582035656e-11,4.0370186582035656e-11,525733.282403027,4.749040973463205e-06,4.749040973463205e-06,1.0,432.0467756121431,-15065.015933542827,15071.209954552955,-1.5421253723923056,9.999999747378752e-05,0,9.999999747378752e-05,-0.1171875,0.108123779296875,-4.531860237078078e-07,1.1718749703959475e-05,off
1781065339.0075688,2026-06-10T12:22:19.007,87809049069936,,1,cf_0V,frequency,frequency,234405.81810309048,128,128,0.0,0.1,234405.81810309048,0.099945068359375,234405.81810305617,0,Rp || Cp,Rp,Cp,610669.650766525,4.0367986989538046e-11,4.0367986989538046e-11,610669.650766525,4.25723937940215e-06,4.25723937940215e-06,1.0,462.90687658678826,-16806.8110564225,16813.18472695393,-1.54326047400624,9.999999747378752e-05,0,9.999999747378752e-05,-0.106475830078125,0.1014404296875,-2.5177001317100434e-07,1.0647582738831929e-05,off
1781065339.4570615,2026-06-10T12:22:19.457,87809077168496,,1,cf_0V,frequency,frequency,210137.7333689687,129,129,0.0,0.1,210137.7333689687,0.099945068359375,210137.7333689669,0,Rp || Cp,Rp,Cp,712531.8903219989,4.0374628521014464e-11,4.0374628521014464e-11,712531.8903219989,3.816778648379309e-06,3.816778648379309e-06,1.0,493.5258193823393,-18745.91468221315,18752.410111961915,-1.5444752935752266,9.999999747378752e-05,0,9.999999747378752e-05,-0.0928955078125,0.092437744140625,-2.288818301554585e-08,9.289550546576208e-06,off
1781065339.906841,2026-06-10T12:22:19.906,87809101252976,,1,cf_0V,frequency,frequency,188382.12866383453,130,130,0.0,0.1,188382.12866383453,0.099945068359375,188382.12866391757,0,Rp || Cp,Rp,Cp,842263.4894769236,4.038508216707829e-11,4.038508216707829e-11,842263.4894769236,3.422312080195187e-06,3.422312080195187e-06,1.0,519.28180733394,-20906.995323851294,20913.443214042203,-1.5459637262640824,9.999999747378752e-05,0,9.999999747378752e-05,-0.085723876953125,0.08575439453125,1.5258788677030566e-09,8.575439236491178e-06,off
1781065340.321677,2026-06-10T12:22:20.321,87809128491376,,1,cf_0V,frequency,frequency,168878.88639022523,131,131,0.0,0.1,168878.88639022523,0.099945068359375,168878.88639026016,0,Rp || Cp,Rp,Cp,912960.7540368262,4.039790722794162e-11,4.039790722794162e-11,912960.7540368262,3.0687514935527376e-06,3.0687514935527376e-06,1.0,595.711843573078,-23313.22931934939,23320.839047880443,-1.5452493623147094,9.999999747378752e-05,0,9.999999747378752e-05,-0.079498291015625,0.078582763671875,-4.57763660310917e-08,7.949828900732925e-06,off
1781065340.7124996,2026-06-10T12:22:20.712,87809151428976,,1,cf_0V,frequency,frequency,151394.81898145608,132,132,0.0,0.1,151394.81898145608,0.099945068359375,151394.81898145846,0,Rp || Cp,Rp,Cp,1031274.1403009029,4.0413823565500426e-11,4.0413823565500426e-11,1031274.1403009029,2.7521170224319826e-06,2.7521170224319826e-06,1.0,655.7042618779266,-25995.786213937674,26004.054471558793,-1.5455781913916153,9.999999747378752e-05,0,9.999999747378752e-05,-0.07421875,0.073638916015625,-2.8991698486358075e-08,7.421874812507667e-06,off
1781065341.125962,2026-06-10T12:22:21.125,87809175226736,,1,cf_0V,frequency,frequency,135720.88082974532,133,133,0.0,0.1,135720.88082974532,0.099945068359375,135720.88082980827,0,Rp || Cp,Rp,Cp,1211296.9431618003,4.042110485579539e-11,4.042110485579539e-11,1211296.9431618003,2.4679967889694213e-06,2.4679967889694213e-06,1.0,694.4338641248803,-28994.540493873345,29002.855322235166,-1.546850400559953,9.999999747378752e-05,0,9.999999747378752e-05,-0.0726318359375,0.073211669921875,2.8991698486358075e-08,7.3211668072392655e-06,off
1781065341.517739,2026-06-10T12:22:21.517,87809200744816,,1,cf_0V,frequency,frequency,121669.66886401946,134,134,0.0,0.1,121669.66886401946,0.099945068359375,121669.66886411501,0,Rp || Cp,Rp,Cp,1342127.1730704375,4.044295587907253e-11,4.044295587907253e-11,1342127.1730704375,2.213404541700537e-06,2.213404541700537e-06,1.0,779.0117558908427,-32325.3149467503,32334.700334507736,-1.5467018670378663,9.999999747378752e-05,0,9.999999747378752e-05,-0.0726318359375,0.067718505859375,-2.456664977001921e-07,7.263183410266549e-06,off
1781065341.9180765,2026-06-10T12:22:21.918,87809224829296,,1,cf_0V,frequency,frequency,109073.18189343589,135,135,0.0,0.1,109073.18189343589,0.099945068359375,109073.18189339321,0,Rp || Cp,Rp,Cp,1517602.1451637393,4.0461927783747125e-11,4.0461927783747125e-11,1517602.1451637393,1.9852793902829055e-06,1.9852793902829055e-06,1.0,856.4619254386372,-36042.12713294009,36052.301664342354,-1.5470379961463714,9.999999747378752e-05,0,9.999999747378752e-05,-0.061279296875,0.061798095703125,2.5939940750951962e-08,6.179809414197379e-06,off
1781065342.4170601,2026-06-10T12:22:22.417,87809246620016,,1,cf_0V,frequency,frequency,97780.81192655204,136,136,0.0,0.1,97780.81192655204,0.099945068359375,97780.81192649779,0,Rp || Cp,Rp,Cp,1692428.280416524,4.048489145388841e-11,4.048489145388841e-11,1692428.280416524,1.7803896492401522e-06,1.7803896492401522e-06,1.0,954.5347428813963,-40181.71794382643,40193.054045352044,-1.5470453450621173,9.999999747378752e-05,0,9.999999747378752e-05,-0.061279296875,0.0556640625,-2.807617116573624e-07,6.127929532695475e-06,off
1781065342.870311,2026-06-10T12:22:22.870,87809276725616,,1,cf_0V,frequency,frequency,87657.5434496528,137,137,0.0,0.1,87657.5434496528,0.099945068359375,87657.54344956634,0,Rp || Cp,Rp,Cp,1827403.7905021003,4.051150486597268e-11,4.051150486597268e-11,1827403.7905021003,1.596885309751908e-06,1.596885309751908e-06,1.0,1098.523238906242,-44791.05689114172,44804.52578403114,-1.5462757385221693,9.999999747378752e-05,0,9.999999747378752e-05,-0.055999755859375,0.05029296875,-2.853393482604716e-07,5.599975444470218e-06,off
1781065343.284238,2026-06-10T12:22:23.284,87809304824176,,1,cf_0V,frequency,frequency,78582.33913417984,138,138,0.0,0.1,78582.33913417984,0.099945068359375,78582.33913417223,0,Rp || Cp,Rp,Cp,1982489.690615894,4.05311919030691e-11,4.05311919030691e-11,1982489.690615894,1.4320886610303395e-06,1.4320886610303395e-06,1.0,1258.7075705640443,-49937.8657673233,49953.72640898171,-1.5455961887071403,9.999999747378752e-05,0,9.999999747378752e-05,-0.052276611328125,0.04962158203125,-1.3275146149016592e-07,5.227661000750672e-06,off
1781065343.7740912,2026-06-10T12:22:23.774,87809332062576,,1,cf_0V,frequency,frequency,70446.69267221761,139,139,0.0,0.1,70446.69267221761,0.099945068359375,70446.69267216364,0,Rp || Cp,Rp,Cp,2092606.3710538973,4.0534681455172755e-11,4.0534681455172755e-11,2092606.3710538973,1.284615511725714e-06,1.284615511725714e-06,1.0,1483.4400334043112,-55696.099240840565,55715.8511105975,-1.5441680813820267,9.999999747378752e-05,0,9.999999747378752e-05,-0.049224853515625,0.04876708984375,-2.288818301554585e-08,4.9224852272100605e-06,off
1781065344.2115738,2026-06-10T12:22:24.211,87809358154096,,1,cf_0V,frequency,frequency,63153.33143723267,140,140,0.0,0.1,63153.33143723267,0.099945068359375,63153.33143732005,0,Rp || Cp,Rp,Cp,2038893.1620409428,4.054379844765198e-11,4.054379844765198e-11,2038893.1620409428,1.1522635995823734e-06,1.1522635995823734e-06,1.0,1893.2193842591107,-62100.626222062616,62129.478163020685,-1.5403194492319356,9.999999747378752e-05,0,9.999999747378752e-05,-0.048614501953125,0.043121337890625,-2.746581961865502e-07,4.861450072501938e-06,off
1781065344.6110444,2026-06-10T12:22:24.611,87809384532336,,1,cf_0V,frequency,frequency,56615.05345862548,141,141,0.0,0.1,56615.05345862548,0.099945068359375,56615.05345855744,0,Rp || Cp,Rp,Cp,2422047.5711060106,4.054916838172723e-11,4.054916838172723e-11,2422047.5711060106,1.0335118992207944e-06,1.0335118992207944e-06,1.0,1982.7783686825362,-69270.86055369717,69299.23182769831,-1.5421805839437532,9.999999747378752e-05,0,9.999999747378752e-05,-0.044952392578125,0.040313720703125,-2.319335878908646e-07,4.495239144253205e-06,off
1781065345.0128195,2026-06-10T12:22:25.012,87809409190256,,1,cf_0V,frequency,frequency,50753.68480455689,142,142,0.0,0.1,50753.68480455689,0.099945068359375,50753.68480454756,0,Rp || Cp,Rp,Cp,2506388.1240177653,4.0568123649927036e-11,4.0568123649927036e-11,2506388.1240177653,9.272890301513805e-07,9.272890301513805e-07,1.0,2381.628766031549,-77224.43848563335,77261.1548904141,-1.5399657482111282,9.999999747378752e-05,0,9.999999747378752e-05,-0.04290771484375,0.041046142578125,-9.307861092988645e-08,4.290771375980995e-06,off
1781065345.9979842,2026-06-10T12:22:25.997,87809467681136,,1,cf_0V,frequency,frequency,45499.144907154674,143,143,0.0,0.1,45499.144907154674,0.099945068359375,45499.14490716844,0,Rp || Cp,Rp,Cp,2232529.865249004,4.0625463618783086e-11,4.0625463618783086e-11,2232529.865249004,8.353346262294918e-07,8.353346262294918e-07,1.0,3315.8459409179773,-85975.17233108735,86039.09048603471,-1.5322479498120967,9.999999747378752e-06,0,9.999999747378752e-06,-0.34814453125,0.304168701171875,-2.1987914483601045e-07,3.481445224551294e-06,off
1781065346.4350493,2026-06-10T12:22:26.435,87809492912496,,1,cf_0V,frequency,frequency,40788.608654802425,144,144,0.0,0.1,40788.608654802425,0.099945068359375,40788.608654906966,0,Rp || Cp,Rp,Cp,2233515.0911311717,4.064924990357779e-11,4.064924990357779e-11,2233515.0911311717,7.493574903848195e-07,7.493574903848195e-07,1.0,4117.817471478604,-95813.62661095054,95902.07226682364,-1.5278453902137186,9.999999747378752e-06,0,9.999999747378752e-06,-0.349029541015625,0.32305908203125,-1.2985229164153012e-07,3.4902953219839716e-06,off
1781065346.8390841,2026-06-10T12:22:26.839,87809520150896,,1,cf_0V,frequency,frequency,36565.755233193486,145,145,0.0,0.1,36565.755233193486,0.099945068359375,36565.755233297634,0,Rp || Cp,Rp,Cp,2491935.6227344195,4.0673649670491576e-11,4.0673649670491576e-11,2491935.6227344195,6.718809227918112e-07,6.718809227918112e-07,1.0,4586.99117404544,-106815.0093373653,106913.45428790619,-1.5278793748532828,9.999999747378752e-06,0,9.999999747378752e-06,-0.349029541015625,0.325836181640625,-1.159667939454323e-07,3.4902953219839716e-06,off
1781065347.3374739,2026-06-10T12:22:27.337,87809543088496,,1,cf_0V,frequency,frequency,32780.09473403288,146,146,0.0,0.1,32780.09473403288,0.099945068359375,32780.09473397958,0,Rp || Cp,Rp,Cp,2590140.756388042,4.068913111271685e-11,4.068913111271685e-11,2590140.756388042,6.027082034567794e-07,6.027082034567794e-07,1.0,5485.533990917571,-119072.30608862011,119198.59546331721,-1.524759944611483,9.999999747378752e-06,0,9.999999747378752e-06,-0.349029541015625,0.325836181640625,-1.159667939454323e-07,3.4902953219839716e-06,off
1781065347.7027986,2026-06-10T12:22:27.702,87809571760496,,1,cf_0V,frequency,frequency,29386.364480084198,147,147,0.0,0.1,29386.364480084198,0.099945068359375,29386.3644801462,0,Rp || Cp,Rp,Cp,2741494.063809695,4.0699468595048086e-11,4.0699468595048086e-11,2741494.063809695,5.405355318189671e-07,5.405355318189671e-07,1.0,6444.091674078837,-132758.85188426677,132915.1574167996,-1.522294568014196,9.999999747378752e-06,0,9.999999747378752e-06,-0.345062255859375,0.325836181640625,-9.613036866529256e-08,3.450622471423692e-06,off
1781065348.109166,2026-06-10T12:22:28.109,87809595558256,,1,cf_0V,frequency,frequency,26343.98784881462,148,148,0.0,0.1,26343.98784881462,0.099945068359375,26343.987848775898,0,Rp || Cp,Rp,Cp,2899402.819894422,4.072136766977551e-11,4.072136766977551e-11,2899402.819894422,4.847119274376762e-07,4.847119274376762e-07,1.0,7571.611866667847,-147972.3740807836,148165.96369396994,-1.5196718240897105,9.999999747378752e-06,0,9.999999747378752e-06,-0.345062255859375,0.325836181640625,-9.613036866529256e-08,3.450622471423692e-06,off
1781065348.5270662,2026-06-10T12:22:28.527,87809619929456,,1,cf_0V,frequency,frequency,23616.58912414415,149,149,0.0,0.1,23616.58912414415,0.099945068359375,23616.589124202394,0,Rp || Cp,Rp,Cp,3022265.16130235,4.0764107265229495e-11,4.0764107265229495e-11,3022265.16130235,4.3482074964473987e-07,4.3482074964473987e-07,1.0,9016.12533957911,-164826.66952773833,165073.0792823144,-1.5161501405315638,9.999999747378752e-06,0,9.999999747378752e-06,-0.32794189453125,0.32379150390625,-2.075195260076157e-08,3.2794188624674092e-06,off
1781065348.9460678,2026-06-10T12:22:28.946,87809643727216,,1,cf_0V,frequency,frequency,21171.558575697567,150,150,0.0,0.1,21171.558575697567,0.099945068359375,21171.5585756167,0,Rp || Cp,Rp,Cp,3297184.5295859,4.078566984214661e-11,4.078566984214661e-11,3297184.5295859,3.9020646424032377e-07,3.9020646424032377e-07,1.0,10271.199142240703,-183740.4184720184,184027.27763049697,-1.5149538480503884,9.999999747378752e-06,0,9.999999747378752e-06,-0.3211669921875,0.3021240234375,-9.521484134467073e-08,3.2116698407413935e-06,off
1781065349.3598619,2026-06-10T12:22:29.359,87809669532016,,1,cf_0V,frequency,frequency,18979.66256549492,151,151,0.0,0.1,18979.66256549492,0.099945068359375,18979.662565428156,0,Rp || Cp,Rp,Cp,2700737.055652265,4.080781243920614e-11,4.080781243920614e-11,2700737.055652265,3.500891764273789e-07,3.500891764273789e-07,1.0,15544.881895598442,-204306.13110729848,204896.65336744944,-1.4948564196150587,9.999999747378752e-06,0,9.999999747378752e-06,-0.313201904296875,0.3021240234375,-5.5389402897620954e-08,3.132018963847294e-06,off
1781065349.7646208,2026-06-10T12:22:29.764,87809693616496,,1,cf_0V,frequency,frequency,17014.69402038014,152,152,0.0,0.1,17014.69402038014,0.099945068359375,17014.694020431874,0,Rp || Cp,Rp,Cp,3088668.3148610485,4.081662560900768e-11,4.081662560900768e-11,3088668.3148610485,3.138777156807611e-07,3.138777156807611e-07,1.0,16910.722972439835,-227915.86534271186,228542.36855858428,-1.4967348190817797,9.999999747378752e-06,0,9.999999747378752e-06,-0.31146240234375,0.3021240234375,-4.669189335171353e-08,3.114623944755479e-06,off
1781065350.2050247,2026-06-10T12:22:30.205,87809718847856,,1,cf_0V,frequency,frequency,15253.159091114281,153,153,0.0,0.1,15253.159091114281,0.099945068359375,15253.159091201951,0,Rp || Cp,Rp,Cp,3298101.875889567,4.083180598631572e-11,4.083180598631572e-11,3298101.875889567,2.816542274218434e-07,2.816542274218434e-07,1.0,19681.580979720795,-254016.7209453509,254778.05861119513,-1.493469382036856,9.999999747378752e-06,0,9.999999747378752e-06,-0.31146240234375,0.295684814453125,-7.888793746024803e-08,3.114623944755479e-06,off
1781065350.6546135,2026-06-10T12:22:30.654,87809746086256,,1,cf_0V,frequency,frequency,13673.996251720062,154,154,0.0,0.1,13673.996251720062,0.099945068359375,13673.996251668541,0,Rp || Cp,Rp,Cp,2874083.048413391,4.085568981428926e-11,4.085568981428926e-11,2874083.048413391,2.5344422683680376e-07,2.5344422683680376e-07,1.0,27963.961561691947,-282114.80773741513,283497.3507652982,-1.4719964332236926,9.999999747378752e-06,0,9.999999747378752e-06,-0.308197021484375,0.2730712890625,-1.756286576726218e-07,3.0819701369866337e-06,off
1781065351.1087115,2026-06-10T12:22:31.108,87809771891056,,1,cf_0V,frequency,frequency,12258.324480531926,155,155,0.0,0.1,12258.324480531926,0.099945068359375,12258.324480498573,0,Rp || Cp,Rp,Cp,2592535.145466354,4.088241292688607e-11,4.088241292688607e-11,2592535.145466354,2.275911076043425e-07,2.275911076043425e-07,1.0,38327.621674052105,-312884.4829149071,315223.2641035843,-1.4489059140737326,9.999999747378752e-06,0,9.999999747378752e-06,-0.308197021484375,0.2730712890625,-1.756286576726218e-07,3.0819701369866337e-06,off
1781065351.5188146,2026-06-10T12:22:31.518,87809799129456,,1,cf_0V,frequency,frequency,10989.217512115829,156,156,0.0,0.1,10989.217512115829,0.099945068359375,10989.217512076266,0,Rp || Cp,Rp,Cp,2519604.9350534338,4.0892856049372855e-11,4.0892856049372855e-11,2519604.9350534338,2.0352253186351233e-07,2.0352253186351233e-07,1.0,48818.24793644342,-347303.1486896439,350717.40535839525,-1.431147472990699,9.999999747378752e-06,0,9.999999747378752e-06,-0.308197021484375,0.2822265625,-1.2985229164153012e-07,3.0819701369866337e-06,off
1781065351.893592,2026-06-10T12:22:31.893,87809823213936,,1,cf_0V,frequency,frequency,9851.501460936432,157,157,0.0,0.1,9851.501460936432,0.099945068359375,9851.501461000113,0,Rp || Cp,Rp,Cp,3372095.2251984808,4.0919026178795257e-11,4.0919026178795257e-11,3372095.2251984808,1.8270164301626104e-07,1.8270164301626104e-07,1.0,45600.74922292435,-389474.8263885671,392135.26839611935,-1.4542443109690681,9.999999747378752e-06,0,9.999999747378752e-06,-0.2862548828125,0.2822265625,-2.0141601053680347e-08,2.862548755810934e-06,off
1781065352.31344,2026-06-10T12:22:32.313,87809845291376,,1,cf_0V,frequency,frequency,8831.573397089549,158,158,0.0,0.1,8831.573397089549,0.099945068359375,8831.57339707452,0,Rp || Cp,Rp,Cp,3055026.599890451,4.0940754497912185e-11,4.0940754497912185e-11,3055026.599890451,1.640689336140852e-07,1.640689336140852e-07,1.0,62131.79133639474,-431223.74208392063,435676.8013465131,-1.4276986366495537,9.999999747378752e-06,0,9.999999747378752e-06,-0.2862548828125,0.2822265625,-2.0141601053680347e-08,2.862548755810934e-06,off
1781065352.6913774,2026-06-10T12:22:32.691,87809873103216,,1,cf_0V,frequency,frequency,7917.238704927916,159,159,0.0,0.1,7917.238704927916,0.099945068359375,7917.238704848728,0,Rp || Cp,Rp,Cp,3608729.0754685276,4.0971601906806345e-11,4.0971601906806345e-11,3608729.0754685276,1.474177696216545e-07,1.474177696216545e-07,1.0,65496.48611551175,-481735.6994167949,486167.7424367725,-1.4356655125349984,9.999999747378752e-06,0,9.999999747378752e-06,-0.28411865234375,0.2822265625,-9.46044897975895e-09,2.8411864516630914e-06,off
1781065353.1203544,2026-06-10T12:22:33.120,87809893460336,,1,cf_0V,frequency,frequency,7097.565279983502,160,160,0.0,0.1,7097.565279983502,0.099945068359375,7097.565280034246,0,Rp || Cp,Rp,Cp,3720730.5659610294,4.100688445703332e-11,4.100688445703332e-11,3720730.5659610294,1.329993399607238e-07,1.329993399607238e-07,1.0,78668.13685844478,-535270.2734316954,541020.2781563931,-1.4248719922424822,9.999999747378752e-06,0,9.999999747378752e-06,-0.28411865234375,0.273956298828125,-5.0811766294511784e-08,2.8411864516630914e-06,off
1781065353.6123629,2026-06-10T12:22:33.612,87809922419056,,1,cf_0V,frequency,frequency,6362.752820913701,161,161,0.0,0.1,6362.752820913701,0.099945068359375,6362.7528208343165,0,Rp || Cp,Rp,Cp,3156214.4247278124,4.102432041806029e-11,4.102432041806029e-11,3156214.4247278124,1.1910078365303003e-07,1.1910078365303003e-07,1.0,113550.3239662402,-587788.6476973891,598656.1370559593,-1.3799648234050965,9.999999747378752e-06,0,9.999999747378752e-06,-0.288665771484375,0.272216796875,-8.224487096919475e-08,2.8866576419206424e-06,off
1781065354.0670238,2026-06-10T12:22:34.067,87809948510576,,1,cf_0V,frequency,frequency,5704.01565368052,162,162,0.0,0.1,5704.01565368052,0.099945068359375,5704.015653620331,0,Rp || Cp,Rp,Cp,3164629.109419845,4.0989129263029496e-11,4.0989129263029496e-11,3164629.109419845,1.076986255279788e-07,1.076986255279788e-07,1.0,139950.68605619267,-650619.566604868,665501.3260518009,-1.3589210359576378,9.999999747378752e-06,0,9.999999747378752e-06,-0.288665771484375,0.272216796875,-8.224487096919475e-08,2.8866576419206424e-06,off
1781065354.4811583,2026-06-10T12:22:34.481,87809978042736,,1,cf_0V,frequency,frequency,5113.477686967608,163,163,0.0,0.1,5113.477686967608,0.099945068359375,5113.477686933265,0,Rp || Cp,Rp,Cp,3195838.9606146254,4.090036721460714e-11,4.090036721460714e-11,3195838.9606146254,9.717933986907387e-08,9.717933986907387e-08,1.0,171481.19791146216,-720153.103208733,740287.9799769263,-1.337031892678474,9.999999747378752e-06,0,9.999999747378752e-06,-0.288665771484375,0.29705810546875,4.1961668861834056e-08,2.9705809796443106e-06,off
1781065354.8730862,2026-06-10T12:22:34.873,87810002700656,,1,cf_0V,frequency,frequency,4584.078242885572,164,164,0.0,0.1,4584.078242885572,0.099945068359375,4584.078242970691,0,Rp || Cp,Rp,Cp,3547004.009641866,4.096153583744089e-11,4.096153583744089e-11,3547004.009641866,8.691383667299663e-08,8.691383667299663e-08,1.0,191604.05305118577,-801815.5843400321,824390.8929847472,-1.3362323396776503,9.999999747378752e-06,0,9.999999747378752e-06,-0.288665771484375,0.29705810546875,4.1961668861834056e-08,2.9705809796443106e-06,off
1781065355.2688062,2026-06-10T12:22:35.268,87810024778096,,1,cf_0V,frequency,frequency,4109.487637044614,165,165,0.0,0.1,4109.487637044614,0.099945068359375,4109.487637009579,0,Rp || Cp,Rp,Cp,3206154.109658755,4.1046346435671706e-11,4.1046346435671706e-11,3206154.109658755,7.916801891134039e-08,7.916801891134039e-08,1.0,255540.34178907052,-868332.2237075833,905152.869415234,-1.2845874789525016,9.999999747378752e-06,0,9.999999747378752e-06,-0.264404296875,0.29705810546875,1.6326903884422705e-07,2.9705809796443106e-06,off
1781065355.6391304,2026-06-10T12:22:35.639,87810047428976,,1,cf_0V,frequency,frequency,3684.0314986403864,166,166,0.0,0.1,3684.0314986403864,0.099945068359375,3684.0314986363865,0,Rp || Cp,Rp,Cp,3154145.064693918,4.111850945156808e-11,4.111850945156808e-11,3154145.064693918,7.15822698494669e-08,7.15822698494669e-08,1.0,315021.264948476,-945718.970276653,996806.2841449538,-1.2492536208716767,9.999999747378752e-06,0,9.999999747378752e-06,-0.265289306640625,0.29705810546875,1.588439901278882e-07,2.9705809796443106e-06,off
1781065356.091906,2026-06-10T12:22:36.091,87810071226736,,1,cf_0V,frequency,frequency,3302.622925697632,167,167,0.0,0.1,3302.622925697632,0.099945068359375,3302.6229256449824,0,Rp || Cp,Rp,Cp,3264433.495412332,4.109328631302522e-11,4.109328631302522e-11,3264433.495412332,6.484977811237477e-08,6.484977811237477e-08,1.0,373128.7786225295,-1038666.932948834,1103654.874966662,-1.2259153597199783,9.999999747378752e-06,0,9.999999747378752e-06,-0.26995849609375,0.267822265625,-1.0681152073921396e-08,2.6995848927402477e-06,off
1781065356.4910026,2026-06-10T12:22:36.491,87810098465136,,1,cf_0V,frequency,frequency,2960.70166429603,168,168,0.0,0.1,2960.70166429603,0.099945068359375,2960.701664207477,0,Rp || Cp,Rp,Cp,3183993.7050447618,4.109899905424775e-11,4.109899905424775e-11,3183993.7050447618,5.953120287156327e-08,5.953120287156327e-08,1.0,459721.283717349,-1119109.4739695527,1209855.2282943346,-1.1810212106771323,9.999999747378752e-06,0,9.999999747378752e-06,-0.26995849609375,0.267822265625,-1.0681152073921396e-08,2.6995848927402477e-06,off
1781065356.9286578,2026-06-10T12:22:36.928,87810122549616,,1,cf_0V,frequency,frequency,2654.1795845838647,169,169,0.0,0.1,2654.1795845838647,0.099945068359375,2654.179584595795,0,Rp || Cp,Rp,Cp,3143869.5766603565,4.1041195120830414e-11,4.1041195120830414e-11,3143869.5766603565,5.424081746273024e-08,5.424081746273024e-08,1.0,558404.9028738621,-1201555.7207427165,1324972.5225841915,-1.1357566283514096,9.999999747378752e-06,0,9.999999747378752e-06,-0.26995849609375,0.267822265625,-1.0681152073921396e-08,2.6995848927402477e-06,off
1781065357.4223275,2026-06-10T12:22:37.422,87810148641136,,1,cf_0V,frequency,frequency,2379.391801671713,170,170,0.0,0.1,2379.391801671713,0.099945068359375,2379.391801667907,0,Rp || Cp,Rp,Cp,2898160.689261733,4.106227911443842e-11,4.106227911443842e-11,2898160.689261733,5.034325786790393e-08,5.034325786790393e-08,1.0,695777.2812898884,-1237888.6621811388,1420026.1846584936,-1.0587352916935984,9.999999747378752e-06,0,9.999999747378752e-06,-0.26995849609375,0.267822265625,-1.0681152073921396e-08,2.6995848927402477e-06,off
1781065357.8358974,2026-06-10T12:22:37.835,87810178746736,,1,cf_0V,frequency,frequency,2133.052856990533,171,171,0.0,0.1,2133.052856990533,0.099945068359375,2133.0528569052376,0,Rp || Cp,Rp,Cp,2972096.5566409244,4.1067447843422594e-11,4.1067447843422594e-11,2972096.5566409244,4.6615947160620044e-08,4.6615947160620044e-08,1.0,808516.3010438484,-1322607.2377190639,1550157.5772548025,-1.02210583205567,9.999999747378752e-06,0,9.999999747378752e-06,-0.262786865234375,0.268157958984375,2.6855468071573796e-08,2.6815795221013516e-06,off
1781065358.3314786,2026-06-10T12:22:38.331,87810203978096,,1,cf_0V,frequency,frequency,1912.21743620315,172,172,0.0,0.1,1912.21743620315,0.099945068359375,1912.2174361285715,0,Rp || Cp,Rp,Cp,2978781.4978054557,4.1124107210506294e-11,4.1124107210506294e-11,2978781.4978054557,4.2812917494066395e-08,4.2812917494066395e-08,1.0,940797.6034555241,-1384676.9889347376,1674046.1446307353,-0.9740063222764899,9.999999747378752e-06,0,9.999999747378752e-06,-0.279937744140625,0.268157958984375,-5.8898924293337984e-08,2.7993773706880276e-06,off
1781065358.7851586,2026-06-10T12:22:38.785,87810234083696,,1,cf_0V,frequency,frequency,1714.2451539988147,173,173,0.0,0.1,1714.2451539988147,0.099945068359375,1714.2451539342574,0,Rp || Cp,Rp,Cp,2991217.4386841776,4.1171485946226426e-11,4.1171485946226426e-11,2991217.4386841776,3.9622120147045695e-08,3.9622120147045695e-08,1.0,1083962.2472334392,-1437843.0454582258,1800657.3179813959,-0.924816137146128,9.999999747378752e-06,0,9.999999747378752e-06,-0.279937744140625,0.268157958984375,-5.8898924293337984e-08,2.7993773706880276e-06,off
1781065359.2520819,2026-06-10T12:22:39.252,87810260175216,,1,cf_0V,frequency,frequency,1536.7689847255556,174,174,0.0,0.1,1536.7689847255556,0.099945068359375,1536.7689847067822,0,Rp || Cp,Rp,Cp,3111476.3899971396,4.113008709531828e-11,4.113008709531828e-11,3111476.3899971396,3.580467933348532e-08,3.580467933348532e-08,1.0,1231309.4683120153,-1521534.5322002878,1957342.6729708745,-0.8904374978207167,9.999999747378752e-06,0,9.999999747378752e-06,-0.279937744140625,0.287139892578125,3.6010741277792135e-08,2.871398853243612e-06,off
1781065359.6436749,2026-06-10T12:22:39.643,87810285980016,,1,cf_0V,frequency,frequency,1377.6669614059458,175,175,0.0,0.1,1377.6669614059458,0.099945068359375,1377.6669614173898,0,Rp || Cp,Rp,Cp,3297046.731022723,4.1131867043117025e-11,4.1131867043117025e-11,3297046.731022723,3.283670740030712e-08,3.283670740030712e-08,1.0,1386467.6534762203,-1627561.3937503742,2138047.8583423984,-0.8652187259243586,9.999999747378752e-06,0,9.999999747378752e-06,-0.31097412109375,0.287139892578125,-1.1917113956760872e-07,3.1097411323788293e-06,off
1781065360.0449665,2026-06-10T12:22:40.044,87810312358256,,1,cf_0V,frequency,frequency,1235.0368047598533,176,176,0.0,0.1,1235.0368047598533,0.099945068359375,1235.036804771994,0,Rp || Cp,Rp,Cp,3788539.9077679417,4.1258892035181706e-11,4.1258892035181706e-11,3788539.9077679417,3.008885009291095e-08,3.008885009291095e-08,1.0,1533020.9495991615,-1859504.7230622498,2409960.7978140907,-0.8813389076229317,9.999999747378752e-06,0,9.999999747378752e-06,-0.31097412109375,0.287139892578125,-1.1917113956760872e-07,3.1097411323788293e-06,off
1781065360.4620066,2026-06-10T12:22:40.462,87810335295856,,1,cf_0V,frequency,frequency,1107.1731788899117,177,177,0.0,0.1,1107.1731788899117,0.099945068359375,1107.1731789513706,0,Rp || Cp,Rp,Cp,3756722.80765373,4.123353095352344e-11,4.123353095352344e-11,3756722.80765373,2.8002499031344234e-08,2.8002499031344234e-08,1.0,1738250.9880256432,-1873128.5686707254,2555411.3430409916,-0.8227287510022728,9.999999747378752e-06,0,9.999999747378752e-06,-0.31097412109375,0.261993408203125,-2.449035582663406e-07,3.1097411323788293e-06,off
1781065360.8609753,2026-06-10T12:22:40.860,87810359380336,,1,cf_0V,frequency,frequency,992.547301690778,178,178,0.0,0.1,992.547301690778,0.099945068359375,992.5473017347031,0,Rp || Cp,Rp,Cp,3711917.1928051217,4.120958040416701e-11,4.120958040416701e-11,3711917.1928051217,2.6546563144543362e-08,2.6546563144543362e-08,1.0,1943382.9043407715,-1853898.4065859944,2685828.813388162,-0.7618371123423754,9.999999747378752e-06,0,9.999999747378752e-06,-0.31097412109375,0.261993408203125,-2.449035582663406e-07,3.1097411323788293e-06,off
1781065361.2523735,2026-06-10T12:22:41.252,87810384611696,,1,cf_0V,frequency,frequency,889.7886661970878,179,179,0.0,0.1,889.7886661970878,0.099945068359375,889.7886662140309,0,Rp || Cp,Rp,Cp,3503936.050645934,4.133950469015171e-11,4.133950469015171e-11,3503936.050645934,2.631877456875877e-08,2.631877456875877e-08,1.0,2116149.4458556143,-1713698.8809860612,2723022.646231188,-0.6806997697328542,9.999999747378752e-06,0,9.999999747378752e-06,-0.26446533203125,0.25732421875,-3.5705565504251524e-08,2.6446532535029377e-06,off
1781065361.704292,2026-06-10T12:22:41.704,87810411850096,,1,cf_0V,frequency,frequency,797.6686543241938,180,180,0.0,0.1,797.6686543241938,0.099945068359375,797.6686543287315,0,Rp || Cp,Rp,Cp,3656463.361381813,4.136713265422487e-11,4.136713265422487e-11,3656463.361381813,2.6328528810982178e-08,2.6328528810982178e-08,1.0,2322012.4103149325,-1760287.3825980406,2913821.0828721835,-0.648656719248669,9.999999747378752e-06,0,9.999999747378752e-06,-0.2557373046875,0.26904296875,6.652831863185327e-08,2.6904296195340294e-06,off
1781065362.1534295,2026-06-10T12:22:42.153,87810437654896,,1,cf_0V,frequency,frequency,715.0858470818457,181,181,0.0,0.1,715.0858470818457,0.099945068359375,715.0858471760557,0,Rp || Cp,Rp,Cp,3553053.636238997,4.139056706091099e-11,4.139056706091099e-11,3553053.636238997,2.4420494332571878e-08,2.4420494332571878e-08,1.0,2473240.2835956994,-1634208.6410620685,2964381.1129681803,-0.5838995130600769,9.999999747378752e-06,0,9.999999747378752e-06,-0.2557373046875,0.26904296875,6.652831863185327e-08,2.6904296195340294e-06,off
1781065362.5680275,2026-06-10T12:22:42.568,87810462886256,,1,cf_0V,frequency,frequency,641.0528556246055,182,182,0.0,0.1,641.0528556246055,0.099945068359375,641.0528555989004,0,Rp || Cp,Rp,Cp,3614176.539653061,4.138400693509803e-11,4.138400693509803e-11,3614176.539653061,2.5710448303830434e-08,2.5710448303830434e-08,1.0,2651756.1732489024,-1597530.640667871,3095789.8750135414,-0.542213527197445,9.999999747378752e-06,0,9.999999747378752e-06,-0.266357421875,0.26904296875,1.3427734035786898e-08,2.6904296195340294e-06,off
1781065362.957095,2026-06-10T12:22:42.957,87810486110576,,1,cf_0V,frequency,frequency,574.6845156864445,183,183,0.0,0.1,574.6845156864445,0.099945068359375,574.6845156551217,0,Rp || Cp,Rp,Cp,3104222.5943972943,4.141586735684841e-11,4.141586735684841e-11,3104222.5943972943,2.325207571578299e-08,2.325207571578299e-08,1.0,2553853.60049079,-1185563.9319271739,2815622.4976772703,-0.4346206672785097,9.999999747378752e-06,0,9.999999747378752e-06,-0.266357421875,0.26904296875,1.3427734035786898e-08,2.6904296195340294e-06,off
1781065363.3647375,2026-06-10T12:22:43.364,87810511341936,,1,cf_0V,frequency,frequency,515.1873042480629,184,184,0.0,0.1,515.1873042480629,0.099945068359375,515.1873042308353,0,Rp || Cp,Rp,Cp,3037710.0281228395,4.124831988177587e-11,4.124831988177587e-11,3037710.0281228395,2.222329470838724e-08,2.222329470838724e-08,1.0,2608571.1301448755,-1058035.6043571997,2814974.7212209236,-0.38532434325542625,9.999999747378752e-06,0,9.999999747378752e-06,-0.266357421875,0.271484375,2.563476497741135e-08,2.7148436814172783e-06,off
1781065363.7688587,2026-06-10T12:22:43.768,87810535999856,,1,cf_0V,frequency,frequency,461.8498518989187,185,185,0.0,0.1,461.8498518989187,0.099945068359375,461.8498518027536,0,Rp || Cp,Rp,Cp,3625589.071400149,4.1387460072241405e-11,4.1387460072241405e-11,3625589.071400149,2.2010871358052357e-08,2.2010871358052357e-08,1.0,3047718.1255560787,-1327097.4929827899,3324119.9630465,-0.41067984038108674,9.999999747378752e-06,0,9.999999747378752e-06,-0.266357421875,0.271484375,2.563476497741135e-08,2.7148436814172783e-06,off
1781065364.1729236,2026-06-10T12:22:44.172,87810560084336,,1,cf_0V,frequency,frequency,414.03443745645274,186,186,0.0,0.1,414.03443745645274,0.099945068359375,414.0344374548022,0,Rp || Cp,Rp,Cp,3502714.0333353016,4.1363675342928747e-11,4.1363675342928747e-11,3502714.0333353016,2.1747076298396023e-08,2.1747076298396023e-08,1.0,3067006.5871260487,-1155992.0447752427,3277628.2603520215,-0.3604460203857726,9.999999747378752e-06,0,9.999999747378752e-06,-0.288055419921875,0.271484375,-8.285522251627597e-08,2.8805541264498302e-06,off
1781065364.5620315,2026-06-10T12:22:44.562,87810582448496,,1,cf_0V,frequency,frequency,371.1693631492158,187,187,0.0,0.1,371.1693631492158,0.099945068359375,371.1693631913704,0,Rp || Cp,Rp,Cp,3102313.0501796026,4.154758554762663e-11,4.154758554762663e-11,3102313.0501796026,2.136202124216432e-08,2.136202124216432e-08,1.0,2845224.171083749,-855263.4055776916,2970989.0738000968,-0.2920036228799609,9.999999747378752e-06,0,9.999999747378752e-06,-0.288055419921875,0.271484375,-8.285522251627597e-08,2.8805541264498302e-06,off
1781065365.0153244,2026-06-10T12:22:45.015,87810607679856,,1,cf_0V,frequency,frequency,332.7421191989247,188,188,0.0,0.1,332.7421191989247,0.099945068359375,332.74211929779085,0,Rp || Cp,Rp,Cp,3607181.3512259033,4.129875803491269e-11,4.129875803491269e-11,3607181.3512259033,2.113193958979126e-08,2.113193958979126e-08,1.0,3288214.620890248,-1024124.5365028891,3444007.325675085,-0.3019307969817026,9.999999747378752e-06,0,9.999999747378752e-06,-0.29351806640625,0.257598876953125,-1.7959594272864976e-07,2.9351805899135996e-06,off
1781065365.4671178,2026-06-10T12:22:45.467,87810636638576,,1,cf_0V,frequency,frequency,298.2932560748046,189,189,0.0,0.1,298.2932560748046,0.099945068359375,298.2932561224061,0,Rp || Cp,Rp,Cp,3617562.9751717323,4.0561685253197255e-11,4.0561685253197255e-11,3617562.9751717323,2.0529078225885247e-08,2.0529078225885247e-08,1.0,3363194.7800606317,-924926.908469582,3488060.9103968036,-0.2683795746347242,9.999999747378752e-06,0,9.999999747378752e-06,-0.29351806640625,0.257598876953125,-1.7959594272864976e-07,2.9351805899135996e-06,off
1781065365.8686569,2026-06-10T12:22:45.868,87810661869936,,1,cf_0V,frequency,frequency,267.41089115476336,190,190,0.0,0.1,267.41089115476336,0.099945068359375,267.4108910838413,0,Rp || Cp,Rp,Cp,3602643.06073542,4.1626020634922835e-11,4.1626020634922835e-11,3602643.06073542,2.07271583605241e-08,2.07271583605241e-08,1.0,3387573.5188678023,-853559.5379033445,3493453.6250650524,-0.2468298762120208,9.999999747378752e-06,0,9.999999747378752e-06,-0.29351806640625,0.257598876953125,-1.7959594272864976e-07,2.9351805899135996e-06,off
1781065366.2712667,2026-06-10T12:22:46.271,87810684807536,,1,cf_0V,frequency,frequency,239.7257841131082,191,191,0.0,0.1,239.7257841131082,0.099945068359375,239.72578418351986,0,Rp || Cp,Rp,Cp,3117601.9662284586,4.208389132387202e-11,4.208389132387202e-11,3117601.9662284586,2.4597525027886625e-08,2.4597525027886625e-08,1.0,3000424.254086955,-592944.221278686,3058451.986554807,-0.19510617636920335,9.999999747378752e-06,0,9.999999747378752e-06,-0.27557373046875,0.25830078125,-8.6364743911993e-08,2.75573723507172e-06,off
1781065366.652795,2026-06-10T12:22:46.652,87810708892016,,1,cf_0V,frequency,frequency,214.90692215443403,192,192,0.0,0.1,214.90692215443403,0.099945068359375,214.9069221246691,0,Rp || Cp,Rp,Cp,3407459.4520367035,4.146119884348311e-11,4.146119884348311e-11,3407459.4520367035,2.1137507592989097e-08,2.1137507592989097e-08,1.0,3287809.562074191,-627204.9524038172,3347099.9042135505,-0.18850193801847004,9.999999747378752e-06,0,9.999999747378752e-06,-0.26800537109375,0.2752685546875,3.631591705133275e-08,2.752685477336314e-06,off
1781065367.0552623,2026-06-10T12:22:47.055,87810731256176,,1,cf_0V,frequency,frequency,192.65756230919578,193,193,0.0,0.1,192.65756230919578,0.099945068359375,192.65756222353048,0,Rp || Cp,Rp,Cp,3400904.311752563,4.1862486181757306e-11,4.1862486181757306e-11,3400904.311752563,2.1421903312882513e-08,2.1421903312882513e-08,1.0,3302807.7001735717,-569204.9227510489,3351497.120453763,-0.17066326658342026,9.999999747378752e-06,0,9.999999747378752e-06,-0.26611328125,0.2752685546875,4.57763660310917e-08,2.752685477336314e-06,off
1781065367.4636276,2026-06-10T12:22:47.463,87810755340656,,1,cf_0V,frequency,frequency,172.71168347127087,194,194,0.0,0.1,172.71168347127087,0.099945068359375,172.7116834615572,0,Rp || Cp,Rp,Cp,3313096.6770212105,4.258179076328987e-11,4.258179076328987e-11,3313096.6770212105,2.268803887299665e-08,2.268803887299665e-08,1.0,3237222.877394488,-495601.04917814035,3274940.054088429,-0.1519149804738214,9.999999747378752e-06,0,9.999999747378752e-06,-0.2799072265625,0.2752685546875,-2.319335878908646e-08,2.799072194914487e-06,off
1781065367.8861816,2026-06-10T12:22:47.886,87810779998576,,1,cf_0V,frequency,frequency,154.83080575683516,195,195,0.0,0.1,154.83080575683516,0.099945068359375,154.83080566980334,0,Rp || Cp,Rp,Cp,3394132.2784047914,4.213768785139981e-11,4.213768785139981e-11,3394132.2784047914,2.0841298237723284e-08,2.0841298237723284e-08,1.0,3329674.520061317,-463274.6006166723,3361748.9146457827,-0.1382475680735876,9.999999747378752e-06,0,9.999999747378752e-06,-0.2799072265625,0.2752685546875,-2.319335878908646e-08,2.799072194914487e-06,off
1781065368.3282003,2026-06-10T12:22:48.328,87810805229936,,1,cf_0V,frequency,frequency,138.8011391556985,196,196,0.0,0.1,138.8011391556985,0.099945068359375,138.80113911568515,0,Rp || Cp,Rp,Cp,3435780.230696162,4.239642762593864e-11,4.239642762593864e-11,3435780.230696162,2.06941077089942e-08,2.06941077089942e-08,1.0,3381213.5323786344,-429536.5627841786,3408387.684860519,-0.12635937627162913,9.999999747378752e-06,0,9.999999747378752e-06,-0.2799072265625,0.262054443359375,-8.926391376062881e-08,2.799072194914487e-06,off
1781065368.7811348,2026-06-10T12:22:48.781,87810833615216,,1,cf_0V,frequency,frequency,124.43102738338021,197,197,0.0,0.1,124.43102738338021,0.099945068359375,124.43102740178347,0,Rp || Cp,Rp,Cp,3459071.5876372727,4.1897720337899837e-11,4.1897720337899837e-11,3459071.5876372727,2.0571472502330306e-08,2.0571472502330306e-08,1.0,3415224.9482666594,-386970.45969449566,3437078.3499855185,-0.11282625773639271,9.999999747378752e-06,0,9.999999747378752e-06,-0.296783447265625,0.262054443359375,-1.7364501514460784e-07,2.967834397682445e-06,off
1781065369.1949253,2026-06-10T12:22:49.194,87810858273136,,1,cf_0V,frequency,frequency,111.54865637172875,198,198,0.0,0.1,111.54865637172875,0.099945068359375,111.54865639184663,0,Rp || Cp,Rp,Cp,3350636.152690301,4.3430501539709905e-11,4.3430501539709905e-11,3350636.152690301,2.264734855950674e-08,2.264734855950674e-08,1.0,3316140.404919733,-338219.96242076263,3333343.65586885,-0.10164058906097123,9.999999747378752e-06,0,9.999999747378752e-06,-0.296783447265625,0.259765625,-1.8508910665238076e-07,2.967834397682445e-06,off
1781065369.6138685,2026-06-10T12:22:49.613,87810883504496,,1,cf_0V,frequency,frequency,100.0,199,199,0.0,0.1,100.0,0.099945068359375,99.99999996068709,0,Rp || Cp,Rp,Cp,3440003.028155912,4.235282837066413e-11,4.235282837066413e-11,3440003.028155912,2.069146265428993e-08,2.069146265428993e-08,1.0,3411415.4846088113,-312288.31025753636,3425679.435871413,-0.09128772201899332,9.999999747378752e-06,0,9.999999747378752e-06,-0.296783447265625,0.27020263671875,-1.3290404937693623e-07,2.967834397682445e-06,off
1781065370.015148,2026-06-10T12:22:50.015,87810909022576,,1,cf_0V,frequency,frequency,0.0,200,200,0.0,0.1,0.0,0.099945068359375,0.0,0,Rp || Cp,Rp,Cp,108.85831748386911,nan,nan,108.85831748386911,8.646070820944939e-08,8.646070820944939e-08,1.0,-108.85831746930478,0.0017807015697161779,108.85831748386911,3.1415762956154007,9.999999747378752e-06,0,9.999999747378752e-06,-1.0,0.473785400390625,-2.6310729315803805e-06,9.999999747378752e-06,off
