timestamp_unix,timestamp_iso,sample_timestamp,sample_clockbase,block_index,block_name,mode,sweep_variable,sweep_value,point_index_block,point_index_total,set_bias_V,set_amplitude_V,set_frequency_Hz,measured_drive_V,measured_frequency_Hz,model,model_name,param0_name,param1_name,param0,param1,C_F,R_Ohm,demod_R_raw,demod_R,demod_R_gain,Z_real_Ohm,Z_imag_Ohm,Z_abs_Ohm,Z_phase_rad,imps_current_range_A,currin_index,currin_range_A,currin_norm_min,currin_norm_max,currin_est_A,currin_peak_A,iv_autorange_mode
1781064325.3672223,2026-06-10T12:05:25.367,87748207659376,,1,cf_0V,frequency,frequency,0.0,1,1,0.0,0.1,0.0,0.099945068359375,0.0,0,Rp || Cp,Rp,Cp,108.61696845122093,nan,nan,108.61696845122093,108.61696845122091,108.61696845122091,1.0,-108.61696845029894,-0.0004475333132156692,108.61696845122091,-3.1415885333006743,0.0010000000474974513,0,0.0010000000474974513,-0.0223388671875,0.01019287109375,-6.072998335326929e-06,2.2338868248539256e-05,off
1781064325.839251,2026-06-10T12:05:25.839,87748255254896,,1,cf_0V,frequency,frequency,100.0,2,2,0.0,0.1,100.0,0.099945068359375,99.99999996068709,0,Rp || Cp,Rp,Cp,65067.95827380854,3.9372857311921314e-09,3.9372857311921314e-09,65067.95827380854,1.1091196499760106e-06,1.1091196499760106e-06,1.0,63424.550417879516,-10209.42723249007,64240.99937053946,-0.15960055856426775,0.0010000000474974513,0,0.0010000000474974513,-0.025146484375,0.999969482421875,0.00048741152217424144,0.0009999695299178768,off
1781064326.5829773,2026-06-10T12:05:26.582,87748303997296,,1,cf_0V,frequency,frequency,111.67312606580774,3,3,0.0,0.1,111.67312606580774,0.099945068359375,111.6731259998005,0,Rp || Cp,Rp,Cp,65015.619053004324,4.314693826875161e-09,4.314693826875161e-09,65015.619053004324,1.120504667630237e-06,1.120504667630237e-06,1.0,62590.67303240356,-12319.86215412538,63791.62448273206,-0.19434778613548243,9.999999747378752e-05,0,9.999999747378752e-05,-0.0880126953125,0.08306884765625,-2.4719237656789517e-07,8.80126930891123e-06,off
1781064326.98865,2026-06-10T12:05:26.988,87748326361456,,1,cf_0V,frequency,frequency,124.70887085309788,4,4,0.0,0.1,124.70887085309788,0.099945068359375,124.70887085669347,0,Rp || Cp,Rp,Cp,64664.865238508304,4.159041569817862e-09,4.159041569817862e-09,64664.865238508304,1.1190630182242563e-06,1.1190630182242563e-06,1.0,61915.22931833934,-13047.77140124719,63275.113275929834,-0.20769705931391025,9.999999747378752e-05,0,9.999999747378752e-05,-0.0880126953125,0.09100341796875,1.4953612903489955e-07,9.10034156698103e-06,off
1781064327.408791,2026-06-10T12:05:27.408,87748352166256,,1,cf_0V,frequency,frequency,139.2662945630255,5,5,0.0,0.1,139.2662945630255,0.099945068359375,139.26629449656502,0,Rp || Cp,Rp,Cp,65224.15238728716,4.236986314837836e-09,4.236986314837836e-09,65224.15238728716,1.1145247337662143e-06,1.1145247337662143e-06,1.0,61620.77347026757,-14901.10720628512,63396.86679203661,-0.23726471315449266,9.999999747378752e-05,0,9.999999747378752e-05,-0.092864990234375,0.09100341796875,-9.307861092988645e-08,9.286498788840802e-06,off
1781064327.768222,2026-06-10T12:05:27.768,87748376250736,,1,cf_0V,frequency,frequency,155.52302469454662,6,6,0.0,0.1,155.52302469454662,0.099945068359375,155.52302464527656,0,Rp || Cp,Rp,Cp,65459.60694881758,4.206761458726299e-09,4.206761458726299e-09,65459.60694881758,1.126257585748634e-06,1.126257585748634e-06,1.0,61039.7859036428,-16425.131059747553,63211.07809152154,-0.26286247997596945,9.999999747378752e-05,0,9.999999747378752e-05,-0.092864990234375,0.09100341796875,-9.307861092988645e-08,9.286498788840802e-06,off
1781064328.1839304,2026-06-10T12:05:28.183,87748396894576,,1,cf_0V,frequency,frequency,173.67742342849834,7,7,0.0,0.1,173.67742342849834,0.099945068359375,173.6774233762617,0,Rp || Cp,Rp,Cp,65522.18190084537,4.1780267220846905e-09,4.1780267220846905e-09,65522.18190084537,1.1129328260309688e-06,1.1129328260309688e-06,1.0,60153.96722197985,-17969.958537320763,62780.72301571601,-0.29029375156856435,9.999999747378752e-05,0,9.999999747378752e-05,-0.092864990234375,0.09100341796875,-9.307861092988645e-08,9.286498788840802e-06,off
1781064328.6954381,2026-06-10T12:05:28.695,87748426713456,,1,cf_0V,frequency,frequency,193.95100801315368,8,8,0.0,0.1,193.95100801315368,0.099945068359375,193.9510080006812,0,Rp || Cp,Rp,Cp,66333.14743434398,4.286364789339336e-09,4.286364789339336e-09,66333.14743434398,1.141887105346022e-06,1.141887105346022e-06,1.0,59223.07187911317,-20520.246481788654,62677.3703857458,-0.33354512279181125,9.999999747378752e-05,0,9.999999747378752e-05,-0.092864990234375,0.09765625,2.395629822293799e-07,9.765624753299562e-06,off
1781064329.1648364,2026-06-10T12:05:29.164,87748452804976,,1,cf_0V,frequency,frequency,216.59115368443398,9,9,0.0,0.1,216.59115368443398,0.099945068359375,216.5911537588272,0,Rp || Cp,Rp,Cp,65878.61813149408,4.2356503350513145e-09,4.2356503350513145e-09,65878.61813149408,1.1579239113927025e-06,1.1579239113927025e-06,1.0,57576.0542116583,-21863.87134851061,61587.587133512854,-0.36291889420567314,9.999999747378752e-05,0,9.999999747378752e-05,-0.090423583984375,0.09765625,3.616332916456244e-07,9.765624753299562e-06,off
1781064329.659163,2026-06-10T12:05:29.659,87748481190256,,1,cf_0V,frequency,frequency,241.8741121014056,10,10,0.0,0.1,241.8741121014056,0.099945068359375,241.87411220566446,0,Rp || Cp,Rp,Cp,64232.97678947381,4.285397782054094e-09,4.285397782054094e-09,64232.97678947381,1.1934529271652656e-06,1.1934529271652656e-06,1.0,54666.3848938752,-22868.559086383666,59256.93741708836,-0.39620709792724706,9.999999747378752e-05,0,9.999999747378752e-05,-0.090423583984375,0.09765625,3.616332916456244e-07,9.765624753299562e-06,off
1781064330.0198307,2026-06-10T12:05:30.019,87748509862256,,1,cf_0V,frequency,frequency,270.1083821275558,11,11,0.0,0.1,270.1083821275558,0.099945068359375,270.1083821676775,0,Rp || Cp,Rp,Cp,64891.68046266087,4.2677539778200724e-09,4.2677539778200724e-09,64891.68046266087,1.2205599793483004e-06,1.2205599793483004e-06,1.0,53150.31742993511,-24981.13632822734,58728.3016539074,-0.43936839422343377,9.999999747378752e-05,0,9.999999747378752e-05,-0.0904541015625,0.09765625,3.6010741277792135e-07,9.765624753299562e-06,off
1781064330.4205866,2026-06-10T12:05:30.420,87748532513136,,1,cf_0V,frequency,frequency,301.6384740876191,12,12,0.0,0.1,301.6384740876191,0.099945068359375,301.6384739851219,0,Rp || Cp,Rp,Cp,65484.38722351295,4.309316827793616e-09,4.309316827793616e-09,65484.38722351295,1.223273730024164e-06,1.223273730024164e-06,1.0,50919.43226695276,-27233.05413246528,57744.504671618524,-0.4911189892341883,9.999999747378752e-05,0,9.999999747378752e-05,-0.0904541015625,0.089569091796875,-4.425048716338864e-08,9.04540992774372e-06,off
1781064330.824128,2026-06-10T12:05:30.824,87748556310896,,1,cf_0V,frequency,frequency,336.849113430846,13,13,0.0,0.1,336.849113430846,0.099945068359375,336.84911350917446,0,Rp || Cp,Rp,Cp,65351.10336082442,4.299994006064865e-09,4.299994006064865e-09,65351.10336082442,1.266345794655904e-06,1.266345794655904e-06,1.0,48274.83702660688,-28711.565166449654,56167.72974095304,-0.5365518832177804,9.999999747378752e-05,0,9.999999747378752e-05,-0.0904541015625,0.0926513671875,1.0986327847462007e-07,9.26513648469296e-06,off
1781064331.2335913,2026-06-10T12:05:31.233,87748581255536,,1,cf_0V,frequency,frequency,376.169935093184,14,14,0.0,0.1,376.169935093184,0.099945068359375,376.1699350945946,0,Rp || Cp,Rp,Cp,66007.11008899855,4.305836571296926e-09,4.305836571296926e-09,66007.11008899855,1.3108210028620373e-06,1.3108210028620373e-06,1.0,45482.70073126775,-30553.32336266713,54792.16763656796,-0.5915184176063097,9.999999747378752e-05,0,9.999999747378752e-05,-0.090423583984375,0.0926513671875,1.1138915734232313e-07,9.26513648469296e-06,off
1781064331.696154,2026-06-10T12:05:31.696,87748606486896,,1,cf_0V,frequency,frequency,420.08072583827897,15,15,0.0,0.1,420.08072583827897,0.099945068359375,420.08072583143985,0,Rp || Cp,Rp,Cp,66953.51973296289,4.307167391857518e-09,4.307167391857518e-09,66953.51973296289,1.3627443679742285e-06,1.3627443679742285e-06,1.0,42392.56413368318,-32267.660055030483,53275.99252248101,-0.6506073630796422,9.999999747378752e-05,0,9.999999747378752e-05,-0.090423583984375,0.0926513671875,1.1138915734232313e-07,9.26513648469296e-06,off
1781064332.1089175,2026-06-10T12:05:32.108,87748633438576,,1,cf_0V,frequency,frequency,469.11727854354143,16,16,0.0,0.1,469.11727854354143,0.099945068359375,469.11727856979724,0,Rp || Cp,Rp,Cp,64908.03562117864,4.307233981107635e-09,4.307233981107635e-09,64908.03562117864,1.4246607417748838e-06,1.4246607417748838e-06,1.0,38657.06617229339,-31855.69749781677,50091.45863439674,-0.6892397860066092,9.999999747378752e-05,0,9.999999747378752e-05,-0.097198486328125,0.0926513671875,-2.2735595128775543e-07,9.71984838726847e-06,off
1781064332.5000234,2026-06-10T12:05:32.500,87748657809776,,1,cf_0V,frequency,frequency,523.8779298644155,17,17,0.0,0.1,523.8779298644155,0.099945068359375,523.877929836658,0,Rp || Cp,Rp,Cp,65080.32630791674,4.3028249017828465e-09,4.3028249017828465e-09,65080.32630791674,1.4818153211019922e-06,1.4818153211019922e-06,1.0,35185.707484151506,-32432.44229599758,47852.871642603524,-0.7447028009302719,9.999999747378752e-05,0,9.999999747378752e-05,-0.097198486328125,0.094207763671875,-1.4953612903489955e-07,9.71984838726847e-06,off
1781064332.9007137,2026-06-10T12:05:32.900,87748681607536,,1,cf_0V,frequency,frequency,585.0308610484332,18,18,0.0,0.1,585.0308610484332,0.099945068359375,585.0308610888533,0,Rp || Cp,Rp,Cp,65299.594230424555,4.301537630554447e-09,4.301537630554447e-09,65299.594230424555,1.5683798563167e-06,1.5683798563167e-06,1.0,31605.703277410914,-32633.098530822797,45429.501421236535,-0.8013901750704706,9.999999747378752e-05,0,9.999999747378752e-05,-0.098388671875,0.094207763671875,-2.0904540487531875e-07,9.838866938949309e-06,off
1781064333.3136585,2026-06-10T12:05:33.313,87748704831856,,1,cf_0V,frequency,frequency,653.3222509824973,19,19,0.0,0.1,653.3222509824973,0.099945068359375,653.3222509119696,0,Rp || Cp,Rp,Cp,65778.3385590135,4.304215699211196e-09,4.304215699211196e-09,65778.3385590135,1.669686225759078e-06,1.669686225759078e-06,1.0,27982.092116711177,-32521.04010658978,42902.39537418081,-0.8602779486868841,9.999999747378752e-05,0,9.999999747378752e-05,-0.107147216796875,0.094207763671875,-6.46972639906096e-07,1.0714721409010863e-05,off
1781064333.738799,2026-06-10T12:05:33.738,87748731210096,,1,cf_0V,frequency,frequency,729.585380955657,20,20,0.0,0.1,729.585380955657,0.099945068359375,729.5853809097252,0,Rp || Cp,Rp,Cp,65310.36490562185,4.292514683199687e-09,4.292514683199687e-09,65310.36490562185,1.7746273203373242e-06,1.7746273203373242e-06,1.0,24630.72930953876,-31653.895380786867,40107.87851654051,-0.9095360224024249,9.999999747378752e-05,0,9.999999747378752e-05,-0.107147216796875,0.11151123046875,2.182006780815371e-07,1.1151122765173938e-05,off
1781064334.2152479,2026-06-10T12:05:34.215,87748758448496,,1,cf_0V,frequency,frequency,814.7508022323145,21,21,0.0,0.1,814.7508022323145,0.099945068359375,814.7508022915417,0,Rp || Cp,Rp,Cp,65000.561460647805,4.297626212872539e-09,4.297626212872539e-09,65000.561460647805,1.9162936359027415e-06,1.9162936359027415e-06,1.0,21346.4059766806,-30526.370985262918,37249.54192538704,-0.9605553913599492,9.999999747378752e-05,0,9.999999747378752e-05,-0.107147216796875,0.11151123046875,2.182006780815371e-07,1.1151122765173938e-05,off
1781064334.617239,2026-06-10T12:05:34.617,87748785400176,,1,cf_0V,frequency,frequency,909.8576904990725,22,22,0.0,0.1,909.8576904990725,0.099945068359375,909.8576904165157,0,Rp || Cp,Rp,Cp,64602.87394819946,4.296782511233936e-09,4.296782511233936e-09,64602.87394819946,2.074900262733428e-06,2.074900262733428e-06,1.0,18362.27093649876,-29139.01990060628,34442.05967582827,-1.0084944093317294,9.999999747378752e-05,0,9.999999747378752e-05,-0.107147216796875,0.11151123046875,2.182006780815371e-07,1.1151122765173938e-05,off
1781064335.0202808,2026-06-10T12:05:35.020,87748808337776,,1,cf_0V,frequency,frequency,1016.0665257304771,23,23,0.0,0.1,1016.0665257304771,0.099945068359375,1016.0665256364609,0,Rp || Cp,Rp,Cp,64397.62410757124,4.294166832295634e-09,4.294166832295634e-09,64397.62410757124,2.2271628165619444e-06,2.2271628165619444e-06,1.0,15642.84257438538,-27616.36059063862,31738.96494971412,-1.0554235340967792,9.999999747378752e-05,0,9.999999747378752e-05,-0.0985107421875,0.10260009765625,2.0446776827220958e-07,1.0260009506435352e-05,off
1781064335.420758,2026-06-10T12:05:35.420,87748832422256,,1,cf_0V,frequency,frequency,1134.6732521914685,24,24,0.0,0.1,1134.6732521914685,0.099945068359375,1134.67325220995,0,Rp || Cp,Rp,Cp,64964.18429864615,4.292139462722195e-09,4.292139462722195e-09,64964.18429864615,2.437167764686147e-06,2.437167764686147e-06,1.0,13119.25771045919,-26080.010599887846,29193.867091629112,-1.1047206194422163,9.999999747378752e-05,0,9.999999747378752e-05,-0.100860595703125,0.102752685546875,9.460448979758951e-08,1.0275268295112383e-05,off
1781064335.8675444,2026-06-10T12:05:35.867,87748858227056,,1,cf_0V,frequency,frequency,1267.1250913547792,25,25,0.0,0.1,1267.1250913547792,0.099945068359375,1267.1250913598442,0,Rp || Cp,Rp,Cp,64599.52236502475,4.291168211074212e-09,4.291168211074212e-09,64599.52236502475,2.6684277244073046e-06,2.6684277244073046e-06,1.0,11003.359199363438,-24284.51842263839,26661.053030397718,-1.1453659310681226,9.999999747378752e-05,0,9.999999747378752e-05,-0.110809326171875,0.105499267578125,-2.6550292298033185e-07,1.1080932337259597e-05,off
1781064336.3281877,2026-06-10T12:05:36.328,87748885465456,,1,cf_0V,frequency,frequency,1415.0382006801042,26,26,0.0,0.1,1415.0382006801042,0.099945068359375,1415.0382007471762,0,Rp || Cp,Rp,Cp,64379.83389610411,4.290089205515338e-09,4.290089205515338e-09,64379.83389610411,2.929214363154897e-06,2.929214363154897e-06,1.0,9157.670298523686,-22487.916030565797,24281.04801474271,-1.1840759657750721,9.999999747378752e-05,0,9.999999747378752e-05,-0.110809326171875,0.105621337890625,-2.593994075095196e-07,1.1080932337259597e-05,off
1781064336.7482574,2026-06-10T12:05:36.748,87748910696816,,1,cf_0V,frequency,frequency,1580.2173937248301,27,27,0.0,0.1,1580.2173937248301,0.099945068359375,1580.217393737371,0,Rp || Cp,Rp,Cp,63929.76467301021,4.286864987095342e-09,4.286864987095342e-09,63929.76467301021,3.224711486772323e-06,3.224711486772323e-06,1.0,7606.8659420283575,-20698.81011345865,22052.327531873118,-1.2186148913218646,9.999999747378752e-05,0,9.999999747378752e-05,-0.111297607421875,0.118896484375,3.799438380580611e-07,1.1889648137142217e-05,off
1781064337.16737,2026-06-10T12:05:37.167,87748936788336,,1,cf_0V,frequency,frequency,1764.6781622081528,28,28,0.0,0.1,1764.6781622081528,0.099945068359375,1764.6781621039054,0,Rp || Cp,Rp,Cp,64510.308414561965,4.286380814042254e-09,4.286380814042254e-09,64510.308414561965,3.5576417447991695e-06,3.5576417447991695e-06,1.0,6202.880101077683,-19017.72822475716,20003.74235934543,-1.2555128553545567,9.999999747378752e-05,0,9.999999747378752e-05,-0.112762451171875,0.118896484375,3.067016524083144e-07,1.1889648137142217e-05,off
1781064337.5820951,2026-06-10T12:05:37.582,87748962019696,,1,cf_0V,frequency,frequency,1970.6712687384897,29,29,0.0,0.1,1970.6712687384897,0.099945068359375,1970.6712688360994,0,Rp || Cp,Rp,Cp,63609.485619658866,4.28542538453659e-09,4.28542538453659e-09,63609.485619658866,3.933751219529579e-06,3.933751219529579e-06,1.0,5132.894067282373,-17324.957427194095,18069.331790634384,-1.2827635188229092,9.999999747378752e-05,0,9.999999747378752e-05,-0.115814208984375,0.13018798828125,7.186889466881397e-07,1.3018798499242479e-05,off
1781064338.0216105,2026-06-10T12:05:38.021,87748986104176,,1,cf_0V,frequency,frequency,2200.7102102809863,30,30,0.0,0.1,2200.7102102809863,0.099945068359375,2200.7102103316356,0,Rp || Cp,Rp,Cp,63124.060371413776,4.28258914755206e-09,4.28258914755206e-09,63124.060371413776,4.357857943766812e-06,4.357857943766812e-06,1.0,4215.873082774116,-15759.106609995131,16313.277628828966,-1.3093976085474421,9.999999747378752e-05,0,9.999999747378752e-05,-0.1234130859375,0.13018798828125,3.3874510863007856e-07,1.3018798499242479e-05,off
1781064338.4235108,2026-06-10T12:05:38.423,87749014489456,,1,cf_0V,frequency,frequency,2457.6018874701913,31,31,0.0,0.1,2457.6018874701913,0.099945068359375,2457.6018875421823,0,Rp || Cp,Rp,Cp,63251.80854143301,4.279720012109273e-09,4.279720012109273e-09,63251.80854143301,4.831819899956933e-06,4.831819899956933e-06,1.0,3424.0740380789903,-14312.742311311873,14716.6190236842,-1.3359771117176675,9.999999747378752e-05,0,9.999999747378752e-05,-0.13287353515625,0.130584716796875,-1.1444091507772924e-07,1.3287353179958217e-05,off
1781064338.7885466,2026-06-10T12:05:38.788,87749035993456,,1,cf_0V,frequency,frequency,2744.480853990254,32,32,0.0,0.1,2744.480853990254,0.099945068359375,2744.480853991149,0,Rp || Cp,Rp,Cp,64476.40702122933,4.279291489289061e-09,4.279291489289061e-09,64476.40702122933,5.370093660234544e-06,5.370093660234544e-06,1.0,2727.7344094830855,-12978.211703580968,13261.76888773304,-1.3636336694665196,9.999999747378752e-05,0,9.999999747378752e-05,-0.1412353515625,0.1341552734375,-3.5400389730710913e-07,1.4123534799459492e-05,off
1781064339.1905088,2026-06-10T12:05:39.190,87749060364656,,1,cf_0V,frequency,frequency,3064.8475639284966,33,33,0.0,0.1,3064.8475639284966,0.099945068359375,3064.8475640049355,0,Rp || Cp,Rp,Cp,62874.01225116798,4.2779650840169945e-09,4.2779650840169945e-09,62874.01225116798,5.965556130427619e-06,5.965556130427619e-06,1.0,2259.349295671024,-11702.550835430648,11918.655767144535,-1.3800781452587003,9.999999747378752e-05,0,9.999999747378752e-05,-0.143829345703125,0.1448974609375,5.340576036960698e-08,1.4489745727708225e-05,off
1781064339.6098058,2026-06-10T12:05:39.609,87749082442096,,1,cf_0V,frequency,frequency,3422.6110837907077,34,34,0.0,0.1,3422.6110837907077,0.099945068359375,3422.6110837209944,0,Rp || Cp,Rp,Cp,62057.27749745881,4.276646031312146e-09,4.276646031312146e-09,62057.27749745881,6.640062509805613e-06,6.640062509805613e-06,1.0,1848.3904166797322,-10549.385284416538,10710.092297059708,-1.3973439076393324,9.999999747378752e-05,0,9.999999747378752e-05,-0.157073974609375,0.150360107421875,-3.3569335089467245e-07,1.5707397064135264e-05,off
1781064340.0100632,2026-06-10T12:05:40.010,87749107960176,,1,cf_0V,frequency,frequency,3822.1367903439054,35,35,0.0,0.1,3822.1367903439054,0.099945068359375,3822.136790319064,0,Rp || Cp,Rp,Cp,62263.53703589838,4.274880393550537e-09,4.274880393550537e-09,62263.53703589838,7.391393645133107e-06,7.391393645133107e-06,1.0,1487.4588859408532,-9507.992295789372,9623.640238192327,-1.415611185191007,9.999999747378752e-05,0,9.999999747378752e-05,-0.158355712890625,0.157562255859375,-3.967285056027947e-08,1.583557088902232e-05,off
1781064340.4306343,2026-06-10T12:05:40.430,87749133764976,,1,cf_0V,frequency,frequency,4268.299636288371,36,36,0.0,0.1,4268.299636288371,0.099945068359375,4268.299636294159,0,Rp || Cp,Rp,Cp,62191.156186600514,4.273589745629155e-09,4.273589745629155e-09,62191.156186600514,8.235215039631643e-06,8.235215039631643e-06,1.0,1200.4693321738184,-8556.719530109427,8640.519413463866,-1.4314105675328883,9.999999747378752e-05,0,9.999999747378752e-05,-0.16741943359375,0.168060302734375,3.204345622176419e-08,1.6806029848881465e-05,off
1781064340.839901,2026-06-10T12:05:40.839,87749156702576,,1,cf_0V,frequency,frequency,4766.543633698721,37,37,0.0,0.1,4766.543633698721,0.099945068359375,4766.543633607512,0,Rp || Cp,Rp,Cp,61469.05118143675,4.271820123426281e-09,4.271820123426281e-09,61469.05118143675,9.174530870642416e-06,9.174530870642416e-06,1.0,978.1029663972423,-7691.9682714707105,7753.906196375296,-1.444316119011013,9.999999747378752e-05,0,9.999999747378752e-05,-0.182830810546875,0.1793212890625,-1.754760697858515e-07,1.8283080592818024e-05,off
1781064341.2459311,2026-06-10T12:05:41.245,87749183654256,,1,cf_0V,frequency,frequency,5322.948281042111,38,38,0.0,0.1,5322.948281042111,0.099945068359375,5322.948280976902,0,Rp || Cp,Rp,Cp,60185.58543980988,4.27060874755311e-09,4.27060874755311e-09,60185.58543980988,1.0228486409404927e-05,1.0228486409404927e-05,1.0,803.5744541741084,-6907.812031717654,6954.394220127617,-1.4549884753368902,9.999999747378752e-05,0,9.999999747378752e-05,-0.1907958984375,0.19818115234375,3.692626859841397e-07,1.98181147337273e-05,off
1781064341.6479018,2026-06-10T12:05:41.647,87749206018416,,1,cf_0V,frequency,frequency,5944.302744305904,39,39,0.0,0.1,5944.302744305904,0.099945068359375,5944.302744325114,0,Rp || Cp,Rp,Cp,60127.92518445623,4.268866638939029e-09,4.268866638939029e-09,60127.92518445623,1.140383802818575e-05,1.140383802818575e-05,1.0,647.1978747809351,-6204.498392718478,6238.162020528733,-1.4668611338135757,9.999999747378752e-05,0,9.999999747378752e-05,-0.210968017578125,0.206573486328125,-2.1972655694924015e-07,2.109680122486246e-05,off
1781064342.0507224,2026-06-10T12:05:42.050,87749231249776,,1,cf_0V,frequency,frequency,6638.188697382001,40,40,0.0,0.1,6638.188697382001,0.099945068359375,6638.188697394298,0,Rp || Cp,Rp,Cp,58532.22522257805,4.267705691300407e-09,4.267705691300407e-09,58532.22522257805,1.2716424093152855e-05,1.2716424093152855e-05,1.0,534.2870363913818,-5566.645894100704,5592.227565788441,-1.4751093714097325,9.999999747378752e-05,0,9.999999747378752e-05,-0.232269287109375,0.223388671875,-4.4403075050158947e-07,2.3226928124175927e-05,off
1781064342.4876301,2026-06-10T12:05:42.487,87749255334256,,1,cf_0V,frequency,frequency,7413.07283251361,41,41,0.0,0.1,7413.07283251361,0.099945068359375,7413.072832491707,0,Rp || Cp,Rp,Cp,62820.10264330256,4.266482993567465e-09,4.266482993567465e-09,62820.10264330256,1.4187861805997677e-05,1.4187861805997677e-05,1.0,400.52280514931243,-5000.046521085439,5016.062572423043,-1.4908631864031314,9.999999747378752e-05,0,9.999999747378752e-05,-0.236724853515625,0.253021240234375,8.148193153534322e-07,2.5302123384252084e-05,off
1781064342.943527,2026-06-10T12:05:42.943,87749281139056,,1,cf_0V,frequency,frequency,8278.410169603068,42,42,0.0,0.1,8278.410169603068,0.099945068359375,8278.410169637595,0,Rp || Cp,Rp,Cp,56846.40468937025,4.265135942040157e-09,4.265135942040157e-09,56846.40468937025,1.5827169779180995e-05,1.5827169779180995e-05,1.0,355.1857772872365,-4479.383607059306,4493.443494201166,-1.4916684378554113,9.999999747378752e-05,0,9.999999747378752e-05,-0.26812744140625,0.265655517578125,-1.2359618828394758e-07,2.681274346327811e-05,off
1781064343.3898375,2026-06-10T12:05:43.389,87749307230576,,1,cf_0V,frequency,frequency,9244.759424945483,43,43,0.0,0.1,9244.759424945483,0.099945068359375,9244.759424973381,0,Rp || Cp,Rp,Cp,55568.58010876657,4.263222501256071e-09,4.263222501256071e-09,55568.58010876657,1.7660092066230196e-05,1.7660092066230196e-05,1.0,291.9149055409635,-4016.9742968332603,4027.5671085031045,-1.4982535021144234,9.999999747378752e-05,0,9.999999747378752e-05,-0.2818603515625,0.29205322265625,5.096435418128209e-07,2.9205321527836503e-05,off
1781064343.8071604,2026-06-10T12:05:43.807,87749334468976,,1,cf_0V,frequency,frequency,10323.911847100022,44,44,0.0,0.1,10323.911847100022,0.099945068359375,10323.911847009982,0,Rp || Cp,Rp,Cp,53239.2390128477,4.261822388647738e-09,4.261822388647738e-09,53239.2390128477,1.970521381200055e-05,1.970521381200055e-05,1.0,244.6408181181332,-3600.644644810202,3608.945966357753,-1.5029569720447578,9.999999747378752e-05,0,9.999999747378752e-05,-0.315185546875,0.311737060546875,-1.724243120504454e-07,3.151855389127434e-05,off
1781064344.2513878,2026-06-10T12:05:44.251,87749360847216,,1,cf_0V,frequency,frequency,11529.035091934857,45,45,0.0,0.1,11529.035091934857,0.099945068359375,11529.035091939477,0,Rp || Cp,Rp,Cp,52042.68184332108,4.2604244284820555e-09,4.2604244284820555e-09,52042.68184332108,2.1987411368583113e-05,2.1987411368583113e-05,1.0,200.95957016917455,-3227.7066509895735,3233.956550989037,-1.5086157982716157,9.999999747378752e-05,0,9.999999747378752e-05,-0.335357666015625,0.345855712890625,5.249023304898515e-07,3.458557041535748e-05,off
1781064344.7530928,2026-06-10T12:05:44.753,87749389805936,,1,cf_0V,frequency,frequency,12874.833892387638,46,46,0.0,0.1,12874.833892387638,0.099945068359375,12874.83389234012,0,Rp || Cp,Rp,Cp,49265.10681385612,4.25908741503263e-09,4.25908741503263e-09,49265.10681385612,2.4536801777030612e-05,2.4536801777030612e-05,1.0,170.40395287362182,-2892.3919915300776,2897.4072788999274,-1.5119498046373507,9.999999747378752e-05,0,9.999999747378752e-05,-0.37347412109375,0.371185302734375,-1.1444091507772924e-07,3.734741116590001e-05,off
1781064345.2121298,2026-06-10T12:05:45.212,87749419911536,,1,cf_0V,frequency,frequency,14377.729483409405,47,47,0.0,0.1,14377.729483409405,0.099945068359375,14377.729483356916,0,Rp || Cp,Rp,Cp,47562.83429710477,4.257806832533123e-09,4.257806832533123e-09,47562.83429710477,2.7381434517135134e-05,2.7381434517135134e-05,1.0,141.68515795258202,-2592.078896575821,2595.948321915861,-1.516189848054653,9.999999747378752e-05,0,9.999999747378752e-05,-0.4139404296875,0.404388427734375,-4.776000855910567e-07,4.139404192304852e-05,off
1781064345.6344519,2026-06-10T12:05:45.634,87749443996016,,1,cf_0V,frequency,frequency,16056.059971408577,48,48,0.0,0.1,16056.059971408577,0.099945068359375,16056.059971489845,0,Rp || Cp,Rp,Cp,44697.1641282993,4.2562475820252525e-09,4.2562475820252525e-09,44697.1641282993,3.055601919110578e-05,3.055601919110578e-05,1.0,121.01831760544755,-2322.612789800592,2325.7634455252196,-1.5187390144599553,9.999999747378752e-05,0,9.999999747378752e-05,-0.459869384765625,0.45062255859375,-4.6234129691402615e-07,4.598693731483472e-05,off
1781064346.0476344,2026-06-10T12:05:46.047,87749469800816,,1,cf_0V,frequency,frequency,17930.304093072773,49,49,0.0,0.1,17930.304093072773,0.099945068359375,17930.304093098926,0,Rp || Cp,Rp,Cp,44535.19003476138,4.255071285396806e-09,4.255071285396806e-09,44535.19003476138,3.409298261713019e-05,3.409298261713019e-05,1.0,97.49809872846983,-2081.4875631731898,2083.769746133274,-1.523989951755714,9.999999747378752e-05,0,9.999999747378752e-05,-0.492584228515625,0.498382568359375,2.8991698486358075e-07,4.9838255576917234e-05,off
1781064346.4685729,2026-06-10T12:05:46.468,87749495032176,,1,cf_0V,frequency,frequency,20023.331093839864,50,50,0.0,0.1,20023.331093839864,0.099945068359375,20023.331093881323,0,Rp || Cp,Rp,Cp,39393.096481319175,4.253455815671862e-09,4.253455815671862e-09,39393.096481319175,3.8041233836755654e-05,3.8041233836755654e-05,1.0,88.44788102572784,-1864.5141144965341,1866.6108086086765,-1.5233943658522928,9.999999747378752e-05,0,9.999999747378752e-05,-0.544281005859375,0.54962158203125,2.670288018480349e-07,5.49621568146641e-05,off
1781064346.9207785,2026-06-10T12:05:46.920,87749523417456,,1,cf_0V,frequency,frequency,22360.679774997894,51,51,0.0,0.1,22360.679774997894,0.099945068359375,22360.6797749909,0,Rp || Cp,Rp,Cp,38219.5758731472,4.252282180500424e-09,4.252282180500424e-09,38219.5758731472,4.244314422257103e-05,4.244314422257103e-05,1.0,73.16578770089298,-1670.6322581175568,1672.233648253993,-1.5270290266271724,9.999999747378752e-05,0,9.999999747378752e-05,-0.59857177734375,0.60052490234375,9.765624753299562e-08,6.0052488717321495e-05,off
1781064347.355353,2026-06-10T12:05:47.355,87749546355056,,1,cf_0V,frequency,frequency,24970.870114304947,52,52,0.0,0.1,24970.870114304947,0.099945068359375,24970.87011427368,0,Rp || Cp,Rp,Cp,33516.11698200411,4.250653947487937e-09,4.250653947487937e-09,33516.11698200411,4.73494339587899e-05,4.73494339587899e-05,1.0,66.9482680368643,-1496.4504377602939,1497.9472565034162,-1.5260880929502678,9.999999747378752e-05,0,9.999999747378752e-05,-0.673675537109375,0.660919189453125,-6.378173666998777e-07,6.736755200908995e-05,off
1781064347.84689,2026-06-10T12:05:47.846,87749574740336,,1,cf_0V,frequency,frequency,27885.751262476904,53,53,0.0,0.1,27885.751262476904,0.099945068359375,27885.751262459737,0,Rp || Cp,Rp,Cp,30306.2034900506,4.249440517983668e-09,4.249440517983668e-09,30306.2034900506,5.281791704855643e-05,5.281791704855643e-05,1.0,59.40573701413514,-1340.460112363146,1341.7758212260387,-1.526507883889808,9.999999747378752e-05,0,9.999999747378752e-05,-0.730682373046875,0.729461669921875,-6.103515470812226e-08,7.306823545882857e-05,off
1781064348.2462435,2026-06-10T12:05:48.246,87749603699056,,1,cf_0V,frequency,frequency,31140.89016174344,54,54,0.0,0.1,31140.89016174344,0.099945068359375,31140.890161793777,0,Rp || Cp,Rp,Cp,27321.198209948398,4.2484019360453706e-09,4.2484019360453706e-09,27321.198209948398,5.89101055864507e-05,5.89101055864507e-05,1.0,52.86717392465015,-1200.6663148087412,1201.8296624710104,-1.5267932202695016,9.999999747378752e-05,0,9.999999747378752e-05,-0.8116455078125,0.8084716796875,-1.5869140224111788e-07,8.116454873086099e-05,off
1781064348.6678157,2026-06-10T12:05:48.667,87749627783536,,1,cf_0V,frequency,frequency,34776.005528338435,55,55,0.0,0.1,34776.005528338435,0.099945068359375,34776.005528271984,0,Rp || Cp,Rp,Cp,24150.26294362376,4.247384051103303e-09,4.247384051103303e-09,24150.26294362376,6.568644713082644e-05,6.568644713082644e-05,1.0,47.979119760322675,-1075.3633628139057,1076.4331646764733,-1.5262092384624462,9.999999747378752e-05,0,9.999999747378752e-05,-0.89385986328125,0.88934326171875,-2.2583007242005237e-07,8.938598407004505e-05,off
1781064349.6599028,2026-06-10T12:05:49.659,87749686847856,,1,cf_0V,frequency,frequency,38835.452494313686,56,56,0.0,0.1,38835.452494313686,0.099945068359375,38835.45249436793,0,Rp || Cp,Rp,Cp,20775.180817897086,4.2525676236602925e-09,4.2525676236602925e-09,20775.180817897086,7.292549981170207e-05,7.292549981170207e-05,1.0,44.606974323540626,-961.6278776910266,962.661912257283,-1.5244426152653283,0.0010000000474974513,0,0.0010000000474974513,-0.113433837890625,0.103546142578125,-4.943847891070163e-06,0.00011343384327844319,off
1781064350.0281847,2026-06-10T12:05:50.028,87749712079216,,1,cf_0V,frequency,frequency,43368.76382220184,57,57,0.0,0.1,43368.76382220184,0.099945068359375,43368.763822186906,0,Rp || Cp,Rp,Cp,18261.246986116053,4.2512574236759585e-09,4.2512574236759585e-09,18261.246986116053,8.126616684345387e-05,8.126616684345387e-05,1.0,40.714730897533045,-861.3037022914989,862.2654793583596,-1.5235604389349597,0.0010000000474974513,0,0.0010000000474974513,-0.126556396484375,0.1143798828125,-6.088257125114183e-06,0.00012655640249548128,off
1781064350.4848542,2026-06-10T12:05:50.484,87749735016816,,1,cf_0V,frequency,frequency,48431.254296349834,58,58,0.0,0.1,48431.254296349834,0.099945068359375,48431.25429637496,0,Rp || Cp,Rp,Cp,15651.666195134396,4.25025376334655e-09,4.25025376334655e-09,15651.666195134396,9.052704998206555e-05,9.052704998206555e-05,1.0,38.10132041303835,-771.2959471444923,772.2364590581931,-1.5214373571999038,0.0010000000474974513,0,0.0010000000474974513,-0.13525390625,0.124908447265625,-5.172729737878967e-06,0.00013525391267421583,off
1781064350.8866751,2026-06-10T12:05:50.886,87749761395056,,1,cf_0V,frequency,frequency,54084.69566561462,59,59,0.0,0.1,54084.69566561462,0.099945068359375,54084.69566560825,0,Rp || Cp,Rp,Cp,13359.454205390846,4.249320559630313e-09,4.249320559630313e-09,13359.454205390846,0.00010078677063089279,0.00010078677063089279,1.0,35.80126513564532,-690.6544950185996,691.581782636522,-1.519005959183754,0.0010000000474974513,0,0.0010000000474974513,-0.1478271484375,0.136749267578125,-5.538940692773053e-06,0.00014782715545891278,off
1781064351.286159,2026-06-10T12:05:51.286,87749785766256,,1,cf_0V,frequency,frequency,60398.07037297046,60,60,0.0,0.1,60398.07037297046,0.099945068359375,60398.070372897906,0,Rp || Cp,Rp,Cp,11285.068395370528,4.248803511782895e-09,4.248803511782895e-09,11285.068395370528,0.00011213831728513979,0.00011213831728513979,1.0,33.98184194207045,-618.3305304892846,619.2636034169423,-1.5158941504327839,0.0010000000474974513,0,0.0010000000474974513,-0.163482666015625,0.15020751953125,-6.637573557455312e-06,0.00016348267378063497,off
1781064351.7645087,2026-06-10T12:05:51.764,87749811571056,,1,cf_0V,frequency,frequency,67448.41326892251,61,61,0.0,0.1,67448.41326892251,0.099945068359375,67448.4132688491,0,Rp || Cp,Rp,Cp,9464.42846645058,4.2484055637514836e-09,4.2484055637514836e-09,9464.42846645058,0.00012466544175304936,0.00012466544175304936,1.0,32.48309045714012,-553.5148912497291,554.4672091303922,-1.5121784325779692,0.0010000000474974513,0,0.0010000000474974513,-0.17938232421875,0.1732177734375,-3.0822755370252253e-06,0.0001793823327389532,off
1781064352.1804063,2026-06-10T12:05:52.180,87749836802416,,1,cf_0V,frequency,frequency,75321.75157919075,62,62,0.0,0.1,75321.75157919075,0.099945068359375,75321.7515791249,0,Rp || Cp,Rp,Cp,7890.03743396748,4.248526861530345e-09,4.248526861530345e-09,7890.03743396748,0.00013845104537520706,0.00013845104537520706,1.0,31.226364549478568,-495.3807620196045,496.36396446770885,-1.5078445394724485,0.0010000000474974513,0,0.0010000000474974513,-0.194000244140625,0.185394287109375,-4.3029787200055125e-06,0.00019400025335514215,off
1781064352.581773,2026-06-10T12:05:52.581,87749862607216,,1,cf_0V,frequency,frequency,84114.1545960043,63,63,0.0,0.1,84114.1545960043,0.099945068359375,84114.15459598004,0,Rp || Cp,Rp,Cp,6540.602182815996,4.248831813022326e-09,4.248831813022326e-09,6540.602182815996,0.00015356452021109365,0.00015356452021109365,1.0,30.181207834851264,-443.2745972174369,444.3008821110435,-1.5028143151939906,0.0010000000474974513,0,0.0010000000474974513,-0.214111328125,0.20269775390625,-5.706787380432843e-06,0.00021411133829474238,off
1781064352.9844625,2026-06-10T12:05:52.984,87749886691696,,1,cf_0V,frequency,frequency,93932.9059011844,64,64,0.0,0.1,93932.9059011844,0.099945068359375,93932.90590111291,0,Rp || Cp,Rp,Cp,5376.508980931806,4.249697478396594e-09,4.249697478396594e-09,5376.508980931806,0.00017009036501370748,0.00017009036501370748,1.0,29.404017691729592,-396.5178040626251,397.6065457145567,-1.4967762035188168,0.0010000000474974513,0,0.0010000000474974513,-0.232940673828125,0.22247314453125,-5.2337648970279815e-06,0.0002329406848922133,off
1781064353.4842658,2026-06-10T12:05:53.484,87749910776176,,1,cf_0V,frequency,frequency,104897.8124243061,65,65,0.0,0.1,104897.8124243061,0.099945068359375,104897.81242434049,0,Rp || Cp,Rp,Cp,4427.012444364032,4.251526936108574e-09,4.251526936108574e-09,4427.012444364032,0.00018804738773210022,0.00018804738773210022,1.0,28.582075767674322,-354.56490245660353,355.7150616845594,-1.490358571286048,0.0010000000474974513,0,0.0010000000474974513,-0.256011962890625,0.246795654296875,-4.608154515750584e-06,0.00025601197505054074,off
1781064353.9395711,2026-06-10T12:05:53.939,87749942315376,,1,cf_0V,frequency,frequency,117142.66630887002,66,66,0.0,0.1,117142.66630887002,0.099945068359375,117142.66630889369,0,Rp || Cp,Rp,Cp,3606.0288569197114,4.254193562974016e-09,4.254193562974016e-09,3606.0288569197114,0.00020746959543928008,0.00020746959543928008,1.0,28.064234961628173,-316.87985078736824,318.1201677338396,-1.4824625210445628,0.0010000000474974513,0,0.0010000000474974513,-0.281829833984375,0.269073486328125,-6.378174131072001e-06,0.0002818298473705738,off
1781064354.4005463,2026-06-10T12:05:54.400,87749969553776,,1,cf_0V,frequency,frequency,130816.87742395303,67,67,0.0,0.1,130816.87742395303,0.099945068359375,130816.87742399595,0,Rp || Cp,Rp,Cp,2930.5093806060777,4.257835747287172e-09,4.257835747287172e-09,2930.5093806060777,0.0002283146105559114,0.0002283146105559114,1.0,27.5983043392813,-283.04668051874705,284.38897614901543,-1.4735991445023768,0.0010000000474974513,0,0.0010000000474974513,-0.305908203125,0.29443359375,-5.73730496000735e-06,0.00030590821765486,off
1781064354.840301,2026-06-10T12:05:54.840,87749999372656,,1,cf_0V,frequency,frequency,146087.29644100412,68,68,0.0,0.1,146087.29644100412,0.099945068359375,146087.29644095319,0,Rp || Cp,Rp,Cp,2375.3158746612253,4.263217098858371e-09,4.263217098858371e-09,2375.3158746612253,0.0002505054095445011,0.0002505054095445011,1.0,27.178236205629087,-252.62272142717936,254.08049099551747,-1.463624251354226,0.0010000000474974513,0,0.0010000000474974513,-0.333953857421875,0.323699951171875,-5.126953368517206e-06,0.0003339538732838321,off
1781064355.2936485,2026-06-10T12:05:55.293,87750023457136,,1,cf_0V,frequency,frequency,163140.25072069294,69,69,0.0,0.1,163140.25072069294,0.099945068359375,163140.25072077243,0,Rp || Cp,Rp,Cp,1919.2335885856548,4.2698171254708705e-09,4.2698171254708705e-09,1919.2335885856548,0.0002738917240367022,0.0002738917240367022,1.0,26.820065520656332,-225.28793727312464,226.87875747921322,-1.4523060481869812,0.0010000000474974513,0,0.0010000000474974513,-0.3641357421875,0.35467529296875,-4.730224834048613e-06,0.0003641357594830197,off
1781064355.696924,2026-06-10T12:05:55.696,87750050695536,,1,cf_0V,frequency,frequency,182183.81785139444,70,70,0.0,0.1,182183.81785139444,0.099945068359375,182183.81785146677,0,Rp || Cp,Rp,Cp,1545.2784967454913,4.278871446660101e-09,4.278871446660101e-09,1545.2784967454913,0.0002982683221313637,0.0002982683221313637,1.0,26.511830950180062,-200.66211674437682,202.40593439092845,-1.4394353986765762,0.0010000000474974513,0,0.0010000000474974513,-0.39520263671875,0.383941650390625,-5.630493431496575e-06,0.000395202655489868,off
1781064356.1211097,2026-06-10T12:05:56.121,87750074780016,,1,cf_0V,frequency,frequency,203450.36458068906,71,71,0.0,0.1,203450.36458068906,0.099945068359375,203450.36458074616,0,Rp || Cp,Rp,Cp,1240.0229247910802,4.290513201369719e-09,4.290513201369719e-09,1240.0229247910802,0.00032340990144266095,0.00032340990144266095,1.0,26.24133649454333,-178.46918806721422,180.38807840428515,-1.4248067333707986,0.0010000000474974513,0,0.0010000000474974513,-0.42578125,0.41363525390625,-6.072998335326929e-06,0.0004257812702235242,off
1781064356.476956,2026-06-10T12:05:56.476,87750097717616,,1,cf_0V,frequency,frequency,227199.38211953812,72,72,0.0,0.1,227199.38211953812,0.099945068359375,227199.38211963608,0,Rp || Cp,Rp,Cp,990.3015256888526,4.305291589489883e-09,4.305291589489883e-09,990.3015256888526,0.0003488929523466325,0.0003488929523466325,1.0,26.030648280422884,-158.4316763051935,160.5558803244923,-1.407949241635586,0.0010000000474974513,0,0.0010000000474974513,-0.46026611328125,0.450653076171875,-4.806518782984881e-06,0.0004602661351427173,off
1781064356.9470963,2026-06-10T12:05:56.947,87750121802096,,1,cf_0V,frequency,frequency,253720.6524150888,73,73,0.0,0.1,253720.6524150888,0.099945068359375,253720.65241505482,0,Rp || Cp,Rp,Cp,788.1469838037449,4.32417435295279e-09,4.32417435295279e-09,788.1469838037449,0.00037439736791384723,0.00037439736791384723,1.0,25.825339880198023,-140.31113837595677,142.66801930455415,-1.3887758690747336,0.0010000000474974513,0,0.0010000000474974513,-0.49029541015625,0.479736328125,-5.279541266389742e-06,0.0004902954334440324,off
1781064357.3542483,2026-06-10T12:05:57.354,87750147893616,,1,cf_0V,frequency,frequency,283337.78402649175,74,74,0.0,0.1,283337.78402649175,0.099945068359375,283337.7840264717,0,Rp || Cp,Rp,Cp,623.8863982944129,4.347185823370494e-09,4.347185823370494e-09,623.8863982944129,0.00039945870919548825,0.00039945870919548825,1.0,25.66072259599133,-123.89876155110133,126.52816207487203,-1.3665732817797978,0.0010000000474974513,0,0.0010000000474974513,-0.521148681640625,0.510498046875,-5.325317635751503e-06,0.0005211487063938591,off
1781064357.8042,2026-06-10T12:05:57.804,87750174271856,,1,cf_0V,frequency,frequency,316412.1607479698,75,75,0.0,0.1,316412.1607479698,0.099945068359375,316412.1607480297,0,Rp || Cp,Rp,Cp,490.96876997457287,4.376295531533972e-09,4.376295531533972e-09,490.96876997457287,0.0004236573133897634,0.0004236573133897634,1.0,25.509090577553156,-108.9653757940449,111.9114240103808,-1.3408348596089945,0.0010000000474974513,0,0.0010000000474974513,-0.5540771484375,0.540008544921875,-7.034302091923905e-06,0.0005540771747547524,off
1781064358.18727,2026-06-10T12:05:58.187,87750198929776,,1,cf_0V,frequency,frequency,353347.35115962697,76,76,0.0,0.1,353347.35115962697,0.099945068359375,353347.35115966963,0,Rp || Cp,Rp,Cp,383.7476493259369,4.411513446333196e-09,4.411513446333196e-09,383.7476493259369,0.0004465670222648716,0.0004465670222648716,1.0,25.369474184799564,-95.35127614583173,98.66851616930232,-1.31075733859794,0.0010000000474974513,0,0.0010000000474974513,-0.57965087890625,0.567474365234375,-6.088257125114183e-06,0.0005796509064381894,off
1781064358.6030836,2026-06-10T12:05:58.603,87750224161136,,1,cf_0V,frequency,frequency,394594.03291068296,77,77,0.0,0.1,394594.03291068296,0.099945068359375,394594.0329106179,0,Rp || Cp,Rp,Cp,297.38603735546485,4.453634345865469e-09,4.453634345865469e-09,297.38603735546485,0.0004678855814582268,0.0004678855814582268,1.0,25.23902342178272,-82.87777059525932,86.63563448215594,-1.2751859419087659,0.0010000000474974513,0,0.0010000000474974513,-0.607940673828125,0.59490966796875,-6.515503239157283e-06,0.0006079407027037576,off
1781064359.068648,2026-06-10T12:05:59.068,87750249679216,,1,cf_0V,frequency,frequency,440655.49182050145,78,78,0.0,0.1,440655.49182050145,0.099945068359375,440655.49182050745,0,Rp || Cp,Rp,Cp,228.09222640543032,4.5007843508527976e-09,4.5007843508527976e-09,228.09222640543032,0.00048738182112407206,0.00048738182112407206,1.0,25.123165187885956,-71.4088597654276,75.69939684076952,-1.2324997996136022,0.0010000000474974513,0,0.0010000000474974513,-0.6307373046875,0.620147705078125,-5.294800056176996e-06,0.0006307373346459144,off
1781064359.5142725,2026-06-10T12:05:59.514,87750277204336,,1,cf_0V,frequency,frequency,492093.7628966142,79,79,0.0,0.1,492093.7628966142,0.099945068359375,492093.7628966726,0,Rp || Cp,Rp,Cp,172.70623272213177,4.549503929228787e-09,4.549503929228787e-09,172.70623272213177,0.0005046925281537133,0.0005046925281537133,1.0,25.022617958491484,-60.790054046361924,65.73858897524516,-1.1803099800421264,0.0010000000474974513,0,0.0010000000474974513,-0.656585693359375,0.6436767578125,-6.454468080008269e-06,0.000656585724545522,off
1781064359.9627442,2026-06-10T12:05:59.962,87750302435696,,1,cf_0V,frequency,frequency,549536.4882015135,80,80,0.0,0.1,549536.4882015135,0.099945068359375,549536.4882015963,0,Rp || Cp,Rp,Cp,128.88952630159946,4.589800591279238e-09,4.589800591279238e-09,128.88952630159946,0.0005198702713697846,0.0005198702713697846,1.0,24.91918223327751,-50.90045138007204,56.67293528546383,-1.115529883613745,0.0010000000474974513,0,0.0010000000474974513,-0.673095703125,0.659881591796875,-6.607055977880805e-06,0.0006730957350953304,off
1781064360.3768706,2026-06-10T12:06:00.376,87750329674096,,1,cf_0V,frequency,frequency,613684.5752468883,81,81,0.0,0.1,613684.5752468883,0.099945068359375,613684.5752469356,0,Rp || Cp,Rp,Cp,94.5959573371936,4.595552219416693e-09,4.595552219416693e-09,94.5959573371936,0.0005327964860248295,0.0005327964860248295,1.0,24.829836496993437,-41.620684442854326,48.46444216081604,-1.0328994279466883,0.0010000000474974513,0,0.0010000000474974513,-0.690216064453125,0.67547607421875,-7.369995467243484e-06,0.0006902160972366289,off
1781064360.7987933,2026-06-10T12:06:00.798,87750355478896,,1,cf_0V,frequency,frequency,685320.749361875,82,82,0.0,0.1,685320.749361875,0.099945068359375,685320.7493619351,0,Rp || Cp,Rp,Cp,68.32525389071468,4.510679128532819e-09,4.510679128532819e-09,68.32525389071468,0.0005435301926118814,0.0005435301926118814,1.0,24.745306081315707,-32.83898822362439,41.11847906488446,-0.9250370603094369,0.0010000000474974513,0,0.0010000000474974513,-0.702484130859375,0.689727783203125,-6.378174131072001e-06,0.0007024841642255808,off
1781064361.2142475,2026-06-10T12:06:01.214,87750378989936,,1,cf_0V,frequency,frequency,765319.1043900257,83,83,0.0,0.1,765319.1043900257,0.099945068359375,765319.1043900875,0,Rp || Cp,Rp,Cp,48.903123316377936,4.213713402226241e-09,4.213713402226241e-09,48.903123316377936,0.0005521169961093177,0.0005521169961093177,1.0,24.675410591488973,-24.450536991634298,34.73765459897722,-0.780820704023871,0.0010000000474974513,0,0.0010000000474974513,-0.711090087890625,0.699615478515625,-5.73730496000735e-06,0.0007110901216655918,off
1781064361.719428,2026-06-10T12:06:01.719,87750407948656,,1,cf_0V,frequency,frequency,854655.7682511833,84,84,0.0,0.1,854655.7682511833,0.099945068359375,854655.7682512201,0,Rp || Cp,Rp,Cp,35.48402140277879,3.4879858502785063e-09,3.4879858502785063e-09,35.48402140277879,0.000558630475096111,0.000558630475096111,1.0,24.612106010488763,-16.357895163256995,29.552267196336114,-0.5865899010361905,0.0010000000474974513,0,0.0010000000474974513,-0.7216796875,0.7083740234375,-6.6528323472425654e-06,0.0007216797217779458,off
1781064362.163326,2026-06-10T12:06:02.163,87750435187056,,1,cf_0V,frequency,frequency,954420.8135078406,85,85,0.0,0.1,954420.8135078406,0.099945068359375,954420.8135078946,0,Rp || Cp,Rp,Cp,27.47226602617093,2.0930848503381066e-09,2.0930848503381066e-09,27.47226602617093,0.0005631834405335708,0.0005631834405335708,1.0,24.552801347775656,-8.466465395339835,25.971543856956615,-0.33205881859652353,0.0010000000474974513,0,0.0010000000474974513,-0.72589111328125,0.715423583984375,-5.2337648970279815e-06,0.0007258911477592278,off
1781064362.5743706,2026-06-10T12:06:02.574,87750462425456,,1,cf_0V,frequency,frequency,1065831.5582669198,86,86,0.0,0.1,1065831.5582669198,0.099945068359375,1065831.5582669075,0,Rp || Cp,Rp,Cp,24.505362525799722,1.7002412335887578e-10,1.7002412335887578e-10,24.505362525799722,0.0005658560410698577,0.0005658560410698577,1.0,24.4862989929426,-0.6832242423986986,24.495828904880586,-0.02789506980433777,0.0010000000474974513,0,0.0010000000474974513,-0.729156494140625,0.71783447265625,-5.661011011071082e-06,0.0007291565287737001,off
1781064362.9893837,2026-06-10T12:06:02.989,87750486223216,,1,cf_0V,frequency,frequency,1190247.4197125817,87,87,0.0,0.1,1190247.4197125817,0.099945068359375,1190247.4197125202,0,Rp || Cp,Rp,Cp,26.470109473452574,-1.4655353744699264e-09,-1.4655353744699264e-09,26.470109473452574,0.000566687286166,0.000566687286166,1.0,24.415174197218043,7.083191564067321,25.421886905062262,0.28236286666231086,0.0010000000474974513,0,0.0010000000474974513,-0.730438232421875,0.718475341796875,-5.9814455966034075e-06,0.0007304382671158294,off
1781064363.4091067,2026-06-10T12:06:03.409,87750510594416,,1,cf_0V,frequency,frequency,1329186.5015106536,88,88,0.0,0.1,1329186.5015106536,0.099945068359375,1329186.5015105486,0,Rp || Cp,Rp,Cp,33.47453478535743,-2.1950142583134873e-09,-2.1950142583134873e-09,33.47453478535743,0.0005658234995162251,0.0005658234995162251,1.0,24.317508682503803,14.922334326842332,28.530988245865316,0.5503927208002652,0.0010000000474974513,0,0.0010000000474974513,-0.730438232421875,0.71905517578125,-5.691528590645589e-06,0.0007304382671158294,off
1781064363.8366663,2026-06-10T12:06:03.836,87750537546096,,1,cf_0V,frequency,frequency,1484344.1174816934,89,89,0.0,0.1,1484344.1174816934,0.099945068359375,1484344.1174816263,0,Rp || Cp,Rp,Cp,45.92412252035317,-2.212277077380633e-09,-2.212277077380633e-09,45.92412252035317,0.000563214453881763,0.000563214453881763,1.0,24.198344022637105,22.92875622983823,33.3359822966902,0.7584650232859665,0.0010000000474974513,0,0.0010000000474974513,-0.730438232421875,0.719482421875,-5.477905533624039e-06,0.0007304382671158294,off
1781064364.2305734,2026-06-10T12:06:04.230,87750562777456,,1,cf_0V,frequency,frequency,1657613.4775657344,90,90,0.0,0.1,1657613.4775657344,0.099945068359375,1657613.477565718,0,Rp || Cp,Rp,Cp,64.5214434350354,-1.9306186375457347e-09,-1.9306186375457347e-09,64.5214434350354,0.0005588151072166336,0.0005588151072166336,1.0,24.046741891538353,31.197511137164806,39.38947190242322,0.9141216004212314,0.0010000000474974513,0,0.0010000000474974513,-0.730438232421875,0.719482421875,-5.477905533624039e-06,0.0007304382671158294,off
1781064364.6422203,2026-06-10T12:06:04.642,87750584568176,,1,cf_0V,frequency,frequency,1851108.7884858004,91,91,0.0,0.1,1851108.7884858004,0.099945068359375,1851108.7884859024,0,Rp || Cp,Rp,Cp,90.4059605367692,-1.589422977049687e-09,-1.589422977049687e-09,90.4059605367692,0.000552691514593516,0.000552691514593516,1.0,23.833906501501723,39.83305300236834,46.41903931159941,1.0315946563871898,0.0010000000474974513,0,0.0010000000474974513,-0.72991943359375,0.719482421875,-5.218506107240728e-06,0.0007299194682630628,off
1781064365.1343973,2026-06-10T12:06:05.134,87750614100336,,1,cf_0V,frequency,frequency,2067191.0509809963,92,92,0.0,0.1,2067191.0509809963,0.099945068359375,2067191.0509810941,0,Rp || Cp,Rp,Cp,125.27074277543228,-1.2772741484695109e-09,-1.2772741484695109e-09,125.27074277543228,0.0005447569749311511,0.0005447569749311511,1.0,23.551325054662097,48.94514348853025,54.316590310357014,1.122319399379441,0.0010000000474974513,0,0.0010000000474974513,-0.72674560546875,0.71441650390625,-6.1645510740504506e-06,0.000726745639987314,off
1781064365.5403755,2026-06-10T12:06:05.540,87750641338736,,1,cf_0V,frequency,frequency,2308496.8683831017,93,93,0.0,0.1,2308496.8683831017,0.099945068359375,2308496.8683831166,0,Rp || Cp,Rp,Cp,171.67047932620048,-1.0170556473790847e-09,-1.0170556473790847e-09,171.67047932620048,0.0005348419518623599,0.0005348419518623599,1.0,23.15628917458464,58.64330766319433,63.04959367051506,1.194723029261318,0.0010000000474974513,0,0.0010000000474974513,-0.721588134765625,0.708526611328125,-6.530762028944537e-06,0.0007215881690392223,off
1781064365.949885,2026-06-10T12:06:05.949,87750665136496,,1,cf_0V,frequency,frequency,2577970.6180546875,94,94,0.0,0.1,2577970.6180546875,0.099945068359375,2577970.6180546926,0,Rp || Cp,Rp,Cp,233.18524478399058,-8.071018888364545e-10,-8.071018888364545e-10,233.18524478399058,0.0005228665869402467,0.0005228665869402467,1.0,22.65386526764781,69.06047716440466,72.68113316219001,1.2538269048167399,0.0010000000474974513,0,0.0010000000474974513,-0.7132568359375,0.702178955078125,-5.538940692773053e-06,0.0007132568698153818,off
1781064366.3415048,2026-06-10T12:06:06.341,87750689507696,,1,cf_0V,frequency,frequency,2878900.378239697,95,95,0.0,0.1,2878900.378239697,0.099945068359375,2878900.378239635,0,Rp || Cp,Rp,Cp,315.3916458920301,-6.401764338273044e-10,-6.401764338273044e-10,315.3916458920301,0.0005086833693952311,0.0005086833693952311,1.0,21.99586837937677,80.3336474040189,83.29053446218305,1.3035401162352092,0.0010000000474974513,0,0.0010000000474974513,-0.708038330078125,0.697784423828125,-5.126953368517206e-06,0.0007080383637081411,off
1781064366.7545252,2026-06-10T12:06:06.754,87750713305456,,1,cf_0V,frequency,frequency,3214958.0487006293,96,96,0.0,0.1,3214958.0487006293,0.099945068359375,3214958.048700538,0,Rp || Cp,Rp,Cp,426.36520903928033,-5.080626038199979e-10,-5.080626038199979e-10,426.36520903928033,0.0004920533357982681,0.0004920533357982681,1.0,21.16236262627726,92.6015635558693,94.98892127462949,1.3461232237955876,0.0010000000474974513,0,0.0010000000474974513,-0.70123291015625,0.692169189453125,-4.531860566814316e-06,0.000701232943463026,off
1781064367.1446097,2026-06-10T12:06:07.144,87750736529776,,1,cf_0V,frequency,frequency,3590244.1546882903,97,97,0.0,0.1,3590244.1546882903,0.099945068359375,3590244.154688378,0,Rp || Cp,Rp,Cp,580.2093822298472,-4.0383630584399653e-10,-4.0383630584399653e-10,580.2093822298472,0.00047319031289285633,0.00047319031289285633,1.0,20.05041531055137,105.97839367843468,107.85842146437558,1.3838129671252368,0.0010000000474974513,0,0.0010000000474974513,-0.69183349609375,0.678863525390625,-6.484985659582776e-06,0.0006918335289540778,off
1781064367.6025584,2026-06-10T12:06:07.602,87750761761136,,1,cf_0V,frequency,frequency,4009337.880935344,98,98,0.0,0.1,4009337.880935344,0.099945068359375,4009337.8809352485,0,Rp || Cp,Rp,Cp,802.8816169432027,-3.210877759922399e-10,-3.210877759922399e-10,802.8816169432027,0.00045173337917539,0.00045173337917539,1.0,18.595961899481367,120.76649435792541,122.18983574123419,1.4180135229128983,0.0010000000474974513,0,0.0010000000474974513,-0.6773681640625,0.663055419921875,-7.156372410221934e-06,0.0006773681962357614,off
1781064368.006793,2026-06-10T12:06:08.006,87750787565936,,1,cf_0V,frequency,frequency,4477352.946181116,99,99,0.0,0.1,4477352.946181116,0.099945068359375,4477352.946181128,0,Rp || Cp,Rp,Cp,1138.0309520466867,-2.554512652815811e-10,-2.554512652815811e-10,1138.0309520466867,0.00042764837548201786,0.00042764837548201786,1.0,16.764179017980915,137.10257805733266,138.12369314536122,1.4491255811037467,0.0010000000474974513,0,0.0010000000474974513,-0.65740966796875,0.645782470703125,-5.813598908943618e-06,0.0006574096991940337,off
1781064368.4467525,2026-06-10T12:06:08.446,87750811650416,,1,cf_0V,frequency,frequency,4999999.999999999,100,100,0.0,0.1,4999999.999999999,0.099945068359375,4999999.999999929,0,Rp || Cp,Rp,Cp,1673.6428429388936,-2.0318067705457405e-10,-2.0318067705457405e-10,1673.6428429388936,0.0004007458781756375,0.0004007458781756375,1.0,14.537304655754596,155.30268080774303,155.98158831325551,1.4774620253925512,0.0010000000474974513,0,0.0010000000474974513,-0.637481689453125,0.626007080078125,-5.73730496000735e-06,0.0006374817197318805,off
1781064368.852748,2026-06-10T12:06:08.852,87750840035696,,1,cf_0V,frequency,frequency,4482348.925241931,101,101,0.0,0.1,4482348.925241931,0.099945068359375,4482348.925241979,0,Rp || Cp,Rp,Cp,1142.2593259408563,-2.548594077015455e-10,-2.548594077015455e-10,1142.2593259408563,0.0004274053198245261,0.0004274053198245261,1.0,16.743634369834663,137.27790505823137,138.29523675487704,1.4494269099222132,0.0010000000474974513,0,0.0010000000474974513,-0.5877685546875,0.57586669921875,-5.9509280170289e-06,0.0005877685826050083,off
1781064369.2621355,2026-06-10T12:06:09.262,87750862973296,,1,cf_0V,frequency,frequency,4018290.377523501,102,102,0.0,0.1,4018290.377523501,0.099945068359375,4018290.3775235703,0,Rp || Cp,Rp,Cp,808.0308575800832,-3.1959904888509797e-10,-3.1959904888509797e-10,808.0308575800832,0.0004512705119406259,0.0004512705119406259,1.0,18.570395961277086,121.0809372611305,122.49674679024106,1.4186104605566605,0.0010000000474974513,0,0.0010000000474974513,-0.586090087890625,0.574920654296875,-5.584717062134814e-06,0.0005860901157284104,off
1781064369.6866424,2026-06-10T12:06:09.686,87750887057776,,1,cf_0V,frequency,frequency,3602275.9110004925,103,103,0.0,0.1,3602275.9110004925,0.099945068359375,3602275.9110004897,0,Rp || Cp,Rp,Cp,585.9776699882962,-4.0105006825776007e-10,-4.0105006825776007e-10,585.9776699882962,0.00047261270849875816,0.00047261270849875816,1.0,20.004283611077888,106.40438025481865,108.26847879325027,1.3849630404996647,0.0010000000474974513,0,0.0010000000474974513,-0.612213134765625,0.6038818359375,-4.16564961192023e-06,0.0006122131638441886,off
1781064370.1152596,2026-06-10T12:06:10.115,87750912289136,,1,cf_0V,frequency,frequency,3229331.511619592,104,104,0.0,0.1,3229331.511619592,0.099945068359375,3229331.5116196196,0,Rp || Cp,Rp,Cp,431.64287132799427,-5.033782102950251e-10,-5.033782102950251e-10,431.64287132799427,0.0004913389871603994,0.0004913389871603994,1.0,21.120947060771876,93.11612013896523,95.48144445115048,1.347746697451797,0.0010000000474974513,0,0.0010000000474974513,-0.637969970703125,0.6236572265625,-7.156372410221934e-06,0.0006379700010050726,off
1781064370.6120932,2026-06-10T12:06:10.612,87750941247856,,1,cf_0V,frequency,frequency,2894998.1260715965,105,105,0.0,0.1,2894998.1260715965,0.099945068359375,2894998.126071542,0,Rp || Cp,Rp,Cp,320.42776326547545,-6.328260734839773e-10,-6.328260734839773e-10,320.42776326547545,0.0005079418057096799,0.0005079418057096799,1.0,21.94021611247487,80.92515858136682,83.84661218249352,1.3060433376249858,0.0010000000474974513,0,0.0010000000474974513,-0.6580810546875,0.6456298828125,-6.225586233199465e-06,0.0006580810859446729,off
1781064371.061104,2026-06-10T12:06:11.061,87750968486256,,1,cf_0V,frequency,frequency,2595278.3477948857,106,106,0.0,0.1,2595278.3477948857,0.099945068359375,2595278.3477949738,0,Rp || Cp,Rp,Cp,237.57222646786929,-7.958995798409747e-10,-7.958995798409747e-10,237.57222646786929,0.0005221025661335791,0.0005221025661335791,1.0,22.61122853366437,69.71751752690899,73.29256378321378,1.2571738346489993,0.0010000000474974513,0,0.0010000000474974513,-0.675323486328125,0.66290283203125,-6.210327443412211e-06,0.0006753235184042694,off
1781064371.473866,2026-06-10T12:06:11.473,87750995437936,,1,cf_0V,frequency,frequency,2326588.622588413,107,107,0.0,0.1,2326588.622588413,0.099945068359375,2326588.6225883747,0,Rp || Cp,Rp,Cp,175.50751305051608,-1.0006734081753323e-09,-1.0006734081753323e-09,175.50751305051608,0.0005340963461517846,0.0005340963461517846,1.0,23.11937472171236,59.35586300583752,63.69948163596548,1.199370424192512,0.0010000000474974513,0,0.0010000000474974513,-0.69091796875,0.678009033203125,-6.454468080008269e-06,0.0006909180015668426,off
1781064371.9088671,2026-06-10T12:06:11.908,87751019522416,,1,cf_0V,frequency,frequency,2085716.402387856,108,108,0.0,0.1,2085716.402387856,0.099945068359375,2085716.4023878027,0,Rp || Cp,Rp,Cp,128.5844891746012,-1.2545519181050858e-09,-1.2545519181050858e-09,128.5844891746012,0.0005440371443281836,0.0005440371443281836,1.0,23.510883105156417,49.702849714437605,54.98304187765805,1.1289574792691264,0.0010000000474974513,0,0.0010000000474974513,-0.702667236328125,0.6905517578125,-6.057739545539675e-06,0.0007026672697030278,off
1781064372.329173,2026-06-10T12:06:12.329,87751046760816,,1,cf_0V,frequency,frequency,1869781.7349205392,109,109,0.0,0.1,1869781.7349205392,0.099945068359375,1869781.734920437,0,Rp || Cp,Rp,Cp,93.18035234879918,-1.5594025745994148e-09,-1.5594025745994148e-09,93.18035234879918,0.0005520767255143722,0.0005520767255143722,1.0,23.806235039186294,40.63910115035428,47.09854954294991,1.0408861952515884,0.0010000000474974513,0,0.0010000000474974513,-0.712677001953125,0.70135498046875,-5.661011011071082e-06,0.0007126770358034662,off
1781064372.7501109,2026-06-10T12:06:12.750,87751071992176,,1,cf_0V,frequency,frequency,1676202.829991615,110,110,0.0,0.1,1676202.829991615,0.099945068359375,1676202.8299915243,0,Rp || Cp,Rp,Cp,66.78184156151805,-1.8967430583000617e-09,-1.8967430583000617e-09,66.78184156151805,0.0005583173503897787,0.0005583173503897787,1.0,24.02484259877843,32.0504316675447,40.05525223952573,0.9275544829179413,0.0010000000474974513,0,0.0010000000474974513,-0.720947265625,0.709564208984375,-5.691528590645589e-06,0.0007209472998681576,off
1781064373.149882,2026-06-10T12:06:13.149,87751096076656,,1,cf_0V,frequency,frequency,1502665.19070008,111,111,0.0,0.1,1502665.19070008,0.099945068359375,1502665.1907001564,0,Rp || Cp,Rp,Cp,47.666418486400076,-2.1899435161771537e-09,-2.1899435161771537e-09,47.666418486400076,0.0005628116029613204,0.0005628116029613204,1.0,24.179600558219143,23.830691888550678,33.94929983139662,0.7781309190300519,0.0010000000474974513,0,0.0010000000474974513,-0.72509765625,0.713134765625,-5.9814455966034075e-06,0.0007250976906902906,off
1781064373.553014,2026-06-10T12:06:13.553,87751120161136,,1,cf_0V,frequency,frequency,1347093.9405065936,112,112,0.0,0.1,1347093.9405065936,0.099945068359375,1347093.940506525,0,Rp || Cp,Rp,Cp,34.67542557362854,-2.2266648374979717e-09,-2.2266648374979717e-09,34.67542557362854,0.000565615498453126,0.000565615498453126,1.0,24.29817239172896,15.87917777362587,29.026702677786073,0.5788410333799868,0.0010000000474974513,0,0.0010000000474974513,-0.729583740234375,0.721221923828125,-4.180908401707484e-06,0.0007295837748877432,off
1781064373.9560387,2026-06-10T12:06:13.956,87751144819056,,1,cf_0V,frequency,frequency,1207629.01528593,113,113,0.0,0.1,1207629.01528593,0.099945068359375,1207629.0152859315,0,Rp || Cp,Rp,Cp,27.083345837169908,-1.6168182664996272e-09,-1.6168182664996272e-09,27.083345837169908,0.0005667297267074315,0.0005667297267074315,1.0,24.39070619780326,8.10403494195026,25.70178848189186,0.32078346449352607,0.0010000000474974513,0,0.0010000000474974513,-0.729583740234375,0.721221923828125,-4.180908401707484e-06,0.0007295837748877432,off
1781064374.3358424,2026-06-10T12:06:14.335,87751168330096,,1,cf_0V,frequency,frequency,1082602.9237515721,114,114,0.0,0.1,1082602.9237515721,0.099945068359375,1082602.9237515656,0,Rp || Cp,Rp,Cp,24.472304616345507,-1.0110538567673343e-10,-1.0110538567673343e-10,24.472304616345507,0.000566094066059524,0.000566094066059524,1.0,24.46537437572252,0.41176562672870703,24.468839250679938,0.01682895782012197,0.0010000000474974513,0,0.0010000000474974513,-0.7313232421875,0.721221923828125,-5.0506594195809384e-06,0.0007313232769234901,off
1781064374.7566335,2026-06-10T12:06:14.756,87751191267696,,1,cf_0V,frequency,frequency,970520.8103483266,115,115,0.0,0.1,970520.8103483266,0.099945068359375,970520.8103482476,0,Rp || Cp,Rp,Cp,26.709077753995537,1.8217939635595778e-09,1.8217939635595778e-09,26.709077753995537,0.0005636314260929371,0.0005636314260929371,1.0,24.547856091658296,-7.283773633854165,25.605675094517512,-0.2884424307627055,0.0010000000474974513,0,0.0010000000474974513,-0.7313232421875,0.721221923828125,-5.0506594195809384e-06,0.0007313232769234901,off
1781064375.1384645,2026-06-10T12:06:15.138,87751216499056,,1,cf_0V,frequency,frequency,870042.5822379502,116,116,0.0,0.1,870042.5822379502,0.099945068359375,870042.5822379998,0,Rp || Cp,Rp,Cp,33.84174622077374,3.311206023106137e-09,3.311206023106137e-09,33.84174622077374,0.0005594447393216959,0.0005594447393216959,1.0,24.607736037825752,-15.074086544549866,28.857733072088106,-0.549614629006383,0.0010000000474974513,0,0.0010000000474974513,-0.7313232421875,0.719207763671875,-6.057739545539675e-06,0.0007313232769234901,off
1781064375.5806453,2026-06-10T12:06:15.580,87751242590576,,1,cf_0V,frequency,frequency,779966.8866817983,117,117,0.0,0.1,779966.8866817983,0.099945068359375,779966.88668172,0,Rp || Cp,Rp,Cp,46.19896443150932,4.1258960969652604e-09,4.1258960969652604e-09,46.19896443150932,0.0005533708271004858,0.0005533708271004858,1.0,24.671081835360926,-23.045957417118064,33.76060473686298,-0.7513537938159867,0.0010000000474974513,0,0.0010000000474974513,-0.731109619140625,0.718780517578125,-6.1645510740504506e-06,0.0007311096538664685,off
1781064375.9305785,2026-06-10T12:06:15.930,87751265528176,,1,cf_0V,frequency,frequency,699216.7472484909,118,118,0.0,0.1,699216.7472484909,0.099945068359375,699216.7472483857,0,Rp || Cp,Rp,Cp,64.32071617327526,4.475511697136104e-09,4.475511697136104e-09,64.32071617327526,0.0005452376906462303,0.0005452376906462303,1.0,24.743976629217116,-31.293544355646063,39.89423890445875,-0.9017485332867908,0.0010000000474974513,0,0.0010000000474974513,-0.731109619140625,0.717010498046875,-7.049560881711159e-06,0.0007311096538664685,off
1781064376.3436294,2026-06-10T12:06:16.343,87751287605616,,1,cf_0V,frequency,frequency,626826.6871080867,119,119,0.0,0.1,626826.6871080867,0.099945068359375,626826.687107993,0,Rp || Cp,Rp,Cp,88.9838581007733,4.588221936234866e-09,4.588221936234866e-09,88.9838581007733,0.0005349947111635533,0.0005349947111635533,1.0,24.816814723426898,-39.905157897766834,46.9925091888335,-1.0144329992623946,0.0010000000474974513,0,0.0010000000474974513,-0.727752685546875,0.715362548828125,-6.195068653624958e-06,0.0007277527201132727,off
1781064376.7342963,2026-06-10T12:06:16.734,87751311976816,,1,cf_0V,frequency,frequency,561931.1854543786,120,120,0.0,0.1,561931.1854543786,0.099945068359375,561931.1854543696,0,Rp || Cp,Rp,Cp,121.27039479871574,4.594733506203904e-09,4.594733506203904e-09,121.27039479871574,0.0005226763525310148,0.0005226763525310148,1.0,24.89945540278612,-48.98554794644594,54.95058495565711,-1.1005291415789369,0.0010000000474974513,0,0.0010000000474974513,-0.72113037109375,0.7076416015625,-6.744385085966087e-06,0.0007211304053456047,off
1781064377.184385,2026-06-10T12:06:17.184,87751335774576,,1,cf_0V,frequency,frequency,503754.32903627184,121,121,0.0,0.1,503754.32903627184,0.099945068359375,503754.3290362123,0,Rp || Cp,Rp,Cp,162.60798020687562,4.55942927716e-09,4.55942927716e-09,162.60798020687562,0.0005081295301286829,0.0005081295301286829,1.0,24.990337292599058,-58.643936718472666,63.74659419794985,-1.1679632260199144,0.0010000000474974513,0,0.0010000000474974513,-0.71209716796875,0.70245361328125,-4.821777572772135e-06,0.0007120972017915506,off
1781064377.6810944,2026-06-10T12:06:17.681,87751363012976,,1,cf_0V,frequency,frequency,451600.5350683417,122,122,0.0,0.1,451600.5350683417,0.099945068359375,451600.5350683372,0,Rp || Cp,Rp,Cp,214.83255526010714,4.5121991547397275e-09,4.5121991547397275e-09,214.83255526010714,0.0004914027635839393,0.0004914027635839393,1.0,25.080752907342106,-68.9863614675576,73.4041023031524,-1.222091856831339,0.0010000000474974513,0,0.0010000000474974513,-0.702484130859375,0.679412841796875,-1.1535645079163714e-05,0.0007024841642255808,off
1781064378.0743966,2026-06-10T12:06:18.074,87751391971696,,1,cf_0V,frequency,frequency,404846.2346004526,123,123,0.0,0.1,404846.2346004526,0.099945068359375,404846.23460045556,0,Rp || Cp,Rp,Cp,280.0057868649861,4.463930823960436e-09,4.463930823960436e-09,280.0057868649861,0.000472596501156247,0.000472596501156247,1.0,25.205274202591333,-80.1393585488211,84.00965799385402,-1.2660740145267617,0.0010000000474974513,0,0.0010000000474974513,-0.67767333984375,0.665069580078125,-6.301880182135733e-06,0.0006776733720315065,off
1781064378.4418073,2026-06-10T12:06:18.441,87751415482736,,1,cf_0V,frequency,frequency,362932.4169099164,124,124,0.0,0.1,362932.4169099164,0.099945068359375,362932.41690984246,0,Rp || Cp,Rp,Cp,361.209314070301,4.420598760611529e-09,4.420598760611529e-09,361.209314070301,0.000451907567344782,0.000451907567344782,1.0,25.33307707541419,-92.243040927712,95.65847267074896,-1.3027703971296276,0.0010000000474974513,0,0.0010000000474974513,-0.673919677734375,0.6456298828125,-1.4144898132784078e-05,0.0006739197097438421,off
1781064378.8955579,2026-06-10T12:06:18.895,87751438133616,,1,cf_0V,frequency,frequency,325357.9457743241,125,125,0.0,0.1,325357.9457743241,0.099945068359375,325357.9457742717,0,Rp || Cp,Rp,Cp,462.0207342846309,4.384301310194256e-09,4.384301310194256e-09,462.0207342846309,0.000429558348164534,0.000429558348164534,1.0,25.458891151643492,-105.42476201198458,108.45522386660228,-1.3338441796089993,0.0010000000474974513,0,0.0010000000474974513,-0.655029296875,0.624664306640625,-1.5182495838317323e-05,0.0006550293279872221,off
1781064379.2430727,2026-06-10T12:06:19.243,87751464225136,,1,cf_0V,frequency,frequency,291673.56771209295,126,126,0.0,0.1,291673.56771209295,0.099945068359375,291673.56771218067,0,Rp || Cp,Rp,Cp,586.4078508027513,4.353872272263786e-09,4.353872272263786e-09,586.4078508027513,0.0004058778010998674,0.0004058778010998674,1.0,25.61518632576673,-119.85327943240078,122.55997046835843,-1.3602427897018352,0.0010000000474974513,0,0.0010000000474974513,-0.63482666015625,0.62420654296875,-5.3100588459642495e-06,0.0006348266903088984,off
1781064379.6947277,2026-06-10T12:06:19.694,87751485442416,,1,cf_0V,frequency,frequency,261476.54055115595,127,127,0.0,0.1,261476.54055115595,0.099945068359375,261476.54055115767,0,Rp || Cp,Rp,Cp,739.9251954796658,4.329490586948081e-09,4.329490586948081e-09,739.9251954796658,0.0003812608792767838,0.0003812608792767838,1.0,25.78167166599127,-135.69013911614275,138.11773400708233,-1.3830305020599956,0.0010000000474974513,0,0.0010000000474974513,-0.614990234375,0.600494384765625,-7.2479251489454555e-06,0.0006149902635854687,off
1781064380.1449454,2026-06-10T12:06:20.144,87751512394096,,1,cf_0V,frequency,frequency,234405.81810309048,128,128,0.0,0.1,234405.81810309048,0.099945068359375,234405.81810305617,0,Rp || Cp,Rp,Cp,929.1038762745742,4.30942964291218e-09,4.30942964291218e-09,929.1038762745742,0.00035609411097196534,0.00035609411097196534,1.0,25.970903261592706,-153.15083765515212,155.33726819632744,-1.402817039891194,0.0010000000474974513,0,0.0010000000474974513,-0.582916259765625,0.569091796875,-6.9122317736258765e-06,0.0005829162874526617,off
1781064380.5490406,2026-06-10T12:06:20.549,87751539632496,,1,cf_0V,frequency,frequency,210137.7333689687,129,129,0.0,0.1,210137.7333689687,0.099945068359375,210137.7333689669,0,Rp || Cp,Rp,Cp,1161.4761483973787,4.293628528059715e-09,4.293628528059715e-09,1161.4761483973787,0.00033080732883144874,0.00033080732883144874,1.0,26.186020913306585,-172.42021639288245,174.3973586733484,-1.4200748422567533,0.0010000000474974513,0,0.0010000000474974513,-0.557708740234375,0.547821044921875,-4.943847891070163e-06,0.0005577087667241187,off
1781064380.9219627,2026-06-10T12:06:20.921,87751566584176,,1,cf_0V,frequency,frequency,188382.12866383453,130,130,0.0,0.1,188382.12866383453,0.099945068359375,188382.12866391757,0,Rp || Cp,Rp,Cp,1446.3450487204864,4.281018840103846e-09,4.281018840103846e-09,1446.3450487204864,0.00030579078768363675,0.00030579078768363675,1.0,26.435255557994843,-193.741266258766,195.536444142688,-1.4351875776162033,0.0010000000474974513,0,0.0010000000474974513,-0.524993896484375,0.51263427734375,-6.179809863837704e-06,0.000524993921420247,off
1781064381.2882447,2026-06-10T12:06:21.288,87751586081136,,1,cf_0V,frequency,frequency,168878.88639022523,131,131,0.0,0.1,168878.88639022523,0.099945068359375,168878.88639026016,0,Rp || Cp,Rp,Cp,1794.3412572952116,4.271508889700735e-09,4.271508889700735e-09,1794.3412572952116,0.00028138336923514963,0.00028138336923514963,1.0,26.724218532867447,-217.34347017176503,218.9802910823195,-1.44845196575906,0.0010000000474974513,0,0.0010000000474974513,-0.49688720703125,0.484649658203125,-6.11877470468869e-06,0.0004968872306321259,off
1781064381.7020845,2026-06-10T12:06:21.702,87751608158576,,1,cf_0V,frequency,frequency,151394.81898145608,132,132,0.0,0.1,151394.81898145608,0.099945068359375,151394.81898145846,0,Rp || Cp,Rp,Cp,2218.6490161613146,4.2641578162559585e-09,4.2641578162559585e-09,2218.6490161613146,0.00025788156157312406,0.00025788156157312406,1.0,27.060357840904167,-243.52653517474715,245.0253788910348,-1.4601315856103654,0.0010000000474974513,0,0.0010000000474974513,-0.47021484375,0.457794189453125,-6.210327443412211e-06,0.00047021486608400664,off
1781064382.1057744,2026-06-10T12:06:22.105,87751633103216,,1,cf_0V,frequency,frequency,135720.88082974532,133,133,0.0,0.1,135720.88082974532,0.099945068359375,135720.88082980827,0,Rp || Cp,Rp,Cp,2734.721236098559,4.258805125569818e-09,4.258805125569818e-09,2734.721236098559,0.0002355135717997941,0.0002355135717997941,1.0,27.445913258382713,-272.5869470044953,273.96518361247695,-1.4704476994261233,0.0010000000474974513,0,0.0010000000474974513,-0.43499755859375,0.423431396484375,-5.783081329369111e-06,0.00043499757925502536,off
1781064382.5202954,2026-06-10T12:06:22.520,87751658047856,,1,cf_0V,frequency,frequency,121669.66886401946,134,134,0.0,0.1,121669.66886401946,0.099945068359375,121669.66886411501,0,Rp || Cp,Rp,Cp,3357.2317211596355,4.254427045537675e-09,4.254427045537675e-09,3357.2317211596355,0.00021442589649643505,0.00021442589649643505,1.0,27.924454136265698,-304.90832734369553,306.18436149212226,-1.4794679818968575,0.0010000000474974513,0,0.0010000000474974513,-0.4034423828125,0.391632080078125,-5.9051516476671395e-06,0.00040344240197498493,off
1781064382.922227,2026-06-10T12:06:22.922,87751682419056,,1,cf_0V,frequency,frequency,109073.18189343589,135,135,0.0,0.1,109073.18189343589,0.099945068359375,109073.18189339321,0,Rp || Cp,Rp,Cp,4126.841315297176,4.251376496655411e-09,4.251376496655411e-09,4126.841315297176,0.00019470438424968678,0.00019470438424968678,1.0,28.3487410294844,-340.86229565497507,342.0391143087826,-1.4878195652260762,0.0010000000474974513,0,0.0010000000474974513,-0.371917724609375,0.3604736328125,-5.7220461702200964e-06,0.000371917742274519,off
1781064383.322382,2026-06-10T12:06:23.322,87751706503536,,1,cf_0V,frequency,frequency,97780.81192655204,136,136,0.0,0.1,97780.81192655204,0.099945068359375,97780.81192649779,0,Rp || Cp,Rp,Cp,5005.965731778953,4.249103643906366e-09,4.249103643906366e-09,5005.965731778953,0.0001764066817473691,0.0001764066817473691,1.0,29.141699584846116,-380.83212946499566,381.9454797317762,-1.4944240441570704,0.0010000000474974513,0,0.0010000000474974513,-0.344757080078125,0.331878662109375,-6.439209290221015e-06,0.0003447570964532076,off
1781064383.7439067,2026-06-10T12:06:23.743,87751732308336,,1,cf_0V,frequency,frequency,87657.5434496528,137,137,0.0,0.1,87657.5434496528,0.099945068359375,87657.54344956634,0,Rp || Cp,Rp,Cp,6059.260787010036,4.2480323649387816e-09,4.2480323649387816e-09,6059.260787010036,0.00015954711284636063,0.00015954711284636063,1.0,29.999282628920238,-425.2922758687229,426.34900829232356,-1.5003749310128844,0.0010000000474974513,0,0.0010000000474974513,-0.31549072265625,0.303375244140625,-6.057739545539675e-06,0.00031549073764125524,off
1781064384.1931973,2026-06-10T12:06:24.193,87751755819376,,1,cf_0V,frequency,frequency,78582.33913417984,138,138,0.0,0.1,78582.33913417984,0.099945068359375,78582.33913417223,0,Rp || Cp,Rp,Cp,7329.746489968644,4.247107435133828e-09,4.247107435133828e-09,7329.746489968644,0.00014405356857024484,0.00014405356857024484,1.0,30.894453415250272,-474.8621318110167,475.8660646441711,-1.505828050985046,0.0010000000474974513,0,0.0010000000474974513,-0.289581298828125,0.2772216796875,-6.179809863837704e-06,0.00028958131258249864,off
1781064384.5969746,2026-06-10T12:06:24.596,87751783057776,,1,cf_0V,frequency,frequency,70446.69267221761,139,139,0.0,0.1,70446.69267221761,0.099945068359375,70446.69267216364,0,Rp || Cp,Rp,Cp,8814.584782093709,4.2471516624328615e-09,4.2471516624328615e-09,8814.584782093709,0.00012990206377597494,0.00012990206377597494,1.0,31.984745052084875,-530.008700946699,530.9729249173204,-1.5105218408504317,0.0010000000474974513,0,0.0010000000474974513,-0.263885498046875,0.25433349609375,-4.776001203410374e-06,0.0002638855105807636,off
1781064385.0116591,2026-06-10T12:06:25.011,87751807715696,,1,cf_0V,frequency,frequency,63153.33143723267,140,140,0.0,0.1,63153.33143723267,0.099945068359375,63153.33143732005,0,Rp || Cp,Rp,Cp,10501.547330147801,4.247308007623416e-09,4.247308007623416e-09,10501.547330147801,0.00011701964239717038,0.00011701964239717038,1.0,33.418173098662045,-591.4606936977464,592.4040230135776,-1.5143552474085678,0.0010000000474974513,0,0.0010000000474974513,-0.24169921875,0.231964111328125,-4.867553942133895e-06,0.00024169923023009687,off
1781064385.4202836,2026-06-10T12:06:25.420,87751831226736,,1,cf_0V,frequency,frequency,56615.05345862548,141,141,0.0,0.1,56615.05345862548,0.099945068359375,56615.05345855744,0,Rp || Cp,Rp,Cp,12443.561876550348,4.247703917367122e-09,4.247703917367122e-09,12443.561876550348,0.0001053160728145209,0.0001053160728145209,1.0,35.09914223651647,-659.9442388931017,660.8769539285921,-1.517661377081793,0.0010000000474974513,0,0.0010000000474974513,-0.220977783203125,0.1903076171875,-1.533508373618986e-05,0.0002209777936990065,off
1781064385.8334458,2026-06-10T12:06:25.833,87751857031536,,1,cf_0V,frequency,frequency,50753.68480455689,142,142,0.0,0.1,50753.68480455689,0.099945068359375,50753.68480454756,0,Rp || Cp,Rp,Cp,14483.518385216305,4.248422815005105e-09,4.248422815005105e-09,14483.518385216305,9.47170124702109e-05,9.47170124702109e-05,1.0,37.51881297421205,-736.2042897025922,737.1596960655759,-1.5198778751843978,0.0010000000474974513,0,0.0010000000474974513,-0.201934814453125,0.173065185546875,-1.4434815138741897e-05,0.00020193482404451402,off
1781064386.2570224,2026-06-10T12:06:26.257,87751882836336,,1,cf_0V,frequency,frequency,45499.144907154674,143,143,0.0,0.1,45499.144907154674,0.099945068359375,45499.14490716844,0,Rp || Cp,Rp,Cp,17117.8543536612,4.249388456015619e-09,4.249388456015619e-09,17117.8543536612,8.514171730741882e-05,8.514171730741882e-05,1.0,39.49375717232946,-821.2725651689647,822.2216143806962,-1.522744854147978,0.0010000000474974513,0,0.0010000000474974513,-0.184356689453125,0.158294677734375,-1.3031006478314566e-05,0.00018435669820959788,off
1781064386.6720977,2026-06-10T12:06:26.672,87751908354416,,1,cf_0V,frequency,frequency,40788.608654802425,144,144,0.0,0.1,40788.608654802425,0.099945068359375,40788.608654906966,0,Rp || Cp,Rp,Cp,19768.42692961411,4.2504529347123445e-09,4.2504529347123445e-09,19768.42692961411,7.649208261707719e-05,7.649208261707719e-05,1.0,42.53871841788962,-916.0316611115821,917.0188366241343,-1.5243916209397859,0.0010000000474974513,0,0.0010000000474974513,-0.15362548828125,0.141632080078125,-5.996704386390661e-06,0.00015362549557806915,off
1781064387.1784759,2026-06-10T12:06:27.178,87751934159216,,1,cf_0V,frequency,frequency,36565.755233193486,145,145,0.0,0.1,36565.755233193486,0.099945068359375,36565.755233297634,0,Rp || Cp,Rp,Cp,22643.408675071074,4.251636168273318e-09,4.251636168273318e-09,22643.408675071074,6.869939301615054e-05,6.869939301615054e-05,1.0,46.190254535267584,-1021.6512470670147,1022.6948764160397,-1.525615722160351,0.0010000000474974513,0,0.0010000000474974513,-0.1402587890625,0.131744384765625,-4.257202350643752e-06,0.000140258795724435,off
1781064387.589011,2026-06-10T12:06:27.589,87751962544496,,1,cf_0V,frequency,frequency,32780.09473403288,146,146,0.0,0.1,32780.09473403288,0.099945068359375,32780.09473397958,0,Rp || Cp,Rp,Cp,25461.988934043562,4.252755841048383e-09,4.252755841048383e-09,25461.988934043562,6.167852612138387e-05,6.167852612138387e-05,1.0,51.08746782151258,-1139.3764132064723,1140.5211704916574,-1.525988243951254,0.0010000000474974513,0,0.0010000000474974513,-0.131317138671875,0.118743896484375,-6.286621392348479e-06,0.0001313171449091044,off
1781064387.9914777,2026-06-10T12:06:27.991,87751986628976,,1,cf_0V,frequency,frequency,29386.364480084198,147,147,0.0,0.1,29386.364480084198,0.099945068359375,29386.3644801462,0,Rp || Cp,Rp,Cp,28695.900173206264,4.2541385608420655e-09,4.2541385608420655e-09,28695.900173206264,5.5361158901520184e-05,5.5361158901520184e-05,1.0,56.37044406168862,-1270.5994681841373,1271.8492974851717,-1.5264601650644536,0.0010000000474974513,0,0.0010000000474974513,-0.12530517578125,0.114715576171875,-5.294800056176996e-06,0.00012530518173292648,off
1781064388.482965,2026-06-10T12:06:28.482,87752010713456,,1,cf_0V,frequency,frequency,26343.98784881462,148,148,0.0,0.1,26343.98784881462,0.099945068359375,26343.987848775898,0,Rp || Cp,Rp,Cp,31561.88415252671,4.255469544842119e-09,4.255469544842119e-09,31561.88415252671,4.968462348487008e-05,4.968462348487008e-05,1.0,63.72964820587796,-1416.8155510491677,1418.2481354668519,-1.525845719607583,0.0010000000474974513,0,0.0010000000474974513,-0.11676025390625,0.098388671875,-9.185791451926661e-06,0.00011676025945206447,off
1781064388.9351118,2026-06-10T12:06:28.935,87752040819056,,1,cf_0V,frequency,frequency,23616.58912414415,149,149,0.0,0.1,23616.58912414415,0.099945068359375,23616.589124202394,0,Rp || Cp,Rp,Cp,34740.222157810655,4.256820190464535e-09,4.256820190464535e-09,34740.222157810655,4.458495692568187e-05,4.458495692568187e-05,1.0,71.99490382047895,-1579.8530586030872,1581.4926344923804,-1.5252571998617994,0.0010000000474974513,0,0.0010000000474974513,-0.0989990234375,0.088592529296875,-5.203247317453474e-06,9.89990281397013e-05,off
1781064389.3378172,2026-06-10T12:06:29.337,87752067770736,,1,cf_0V,frequency,frequency,21171.558575697567,150,150,0.0,0.1,21171.558575697567,0.099945068359375,21171.5585756167,0,Rp || Cp,Rp,Cp,38128.62810903617,4.25835200993842e-09,4.25835200993842e-09,38128.62810903617,4.000362543578934e-05,4.000362543578934e-05,1.0,81.55870785222058,-1761.5532401617395,1763.4402855642281,-1.5245300524086494,0.0010000000474974513,0,0.0010000000474974513,-0.096221923828125,0.07977294921875,-8.224487695329685e-06,9.622192839842114e-05,off
1781064389.7480297,2026-06-10T12:06:29.748,87752092141936,,1,cf_0V,frequency,frequency,18979.66256549492,151,151,0.0,0.1,18979.66256549492,0.099945068359375,18979.662565428156,0,Rp || Cp,Rp,Cp,41196.20915522154,4.2596340695360925e-09,4.2596340695360925e-09,41196.20915522154,3.5887068351375514e-05,3.5887068351375514e-05,1.0,93.85790647029094,-1964.123376780171,1966.3646523016346,-1.5230464943403401,0.0010000000474974513,0,0.0010000000474974513,-0.084991455078125,0.073333740234375,-5.8288576987308716e-06,8.49914591150025e-05,off
1781064390.1884243,2026-06-10T12:06:30.188,87752117373296,,1,cf_0V,frequency,frequency,17014.69402038014,152,152,0.0,0.1,17014.69402038014,0.099945068359375,17014.694020431874,0,Rp || Cp,Rp,Cp,43738.037606914,4.261368981667356e-09,4.261368981667356e-09,43738.037606914,3.219845064391592e-05,3.219845064391592e-05,1.0,109.88588824290042,-2189.5474884099217,2192.3031524944554,-1.520651823536922,0.0010000000474974513,0,0.0010000000474974513,-0.08380126953125,0.071075439453125,-6.362915341284747e-06,8.380127351159672e-05,off
1781064390.6652744,2026-06-10T12:06:30.665,87752142031216,,1,cf_0V,frequency,frequency,15253.159091114281,153,153,0.0,0.1,15253.159091114281,0.099945068359375,15253.159091201951,0,Rp || Cp,Rp,Cp,45634.230224246334,4.262537981667241e-09,4.262537981667241e-09,45634.230224246334,2.888184469551061e-05,2.888184469551061e-05,1.0,130.93192679652202,-2440.867575613639,2444.376749017355,-1.517206135099124,0.0010000000474974513,0,0.0010000000474974513,-0.077301025390625,0.061492919921875,-7.90405310979736e-06,7.730102906222669e-05,off
1781064391.0242422,2026-06-10T12:06:31.024,87752170416496,,1,cf_0V,frequency,frequency,13673.996251720062,154,154,0.0,0.1,13673.996251720062,0.099945068359375,13673.996251668541,0,Rp || Cp,Rp,Cp,48485.80940850899,4.264118023225993e-09,4.264118023225993e-09,48485.80940850899,2.5907908968674883e-05,2.5907908968674883e-05,1.0,153.17999090113383,-2720.9541955749723,2725.2625275429,-1.5145592632043379,0.0010000000474974513,0,0.0010000000474974513,-0.07049560546875,0.05462646484375,-7.934570689371867e-06,7.049560881711159e-05,off
1781064391.4249523,2026-06-10T12:06:31.424,87752192493936,,1,cf_0V,frequency,frequency,12258.324480531926,155,155,0.0,0.1,12258.324480531926,0.099945068359375,12258.324480498573,0,Rp || Cp,Rp,Cp,50069.684968851,4.265519207131109e-09,4.265519207131109e-09,50069.684968851,2.3243140157189712e-05,2.3243140157189712e-05,1.0,184.35603366544834,-3032.599772569244,3038.1982370701035,-1.5100796322444554,0.0010000000474974513,0,0.0010000000474974513,-0.06585693359375,0.053192138671875,-6.33239776171024e-06,6.58569367217865e-05,off
1781064391.8300264,2026-06-10T12:06:31.830,87752217438576,,1,cf_0V,frequency,frequency,10989.217512115829,156,156,0.0,0.1,10989.217512115829,0.099945068359375,10989.217512076266,0,Rp || Cp,Rp,Cp,52025.90635560346,4.26666755864461e-09,4.26666755864461e-09,52025.90635560346,2.0847848801088974e-05,2.0847848801088974e-05,1.0,220.52846214975548,-3380.023715586961,3387.2102268014637,-1.505644020899443,0.0010000000474974513,0,0.0010000000474974513,-0.0609130859375,0.05059814453125,-5.157470948091714e-06,6.091308883071633e-05,off
1781064392.2334416,2026-06-10T12:06:32.233,87752240949616,,1,cf_0V,frequency,frequency,9851.501460936432,157,157,0.0,0.1,9851.501460936432,0.099945068359375,9851.501461000113,0,Rp || Cp,Rp,Cp,53568.88876523073,4.267972641670882e-09,4.267972641670882e-09,53568.88876523073,1.8704508893923674e-05,1.8704508893923674e-05,1.0,266.14386328048903,-3766.4570157721737,3775.8483824991295,-1.5002519857985206,0.0010000000474974513,0,0.0010000000474974513,-0.05889892578125,0.045196533203125,-6.851196614476862e-06,5.889892857879886e-05,off
1781064392.633076,2026-06-10T12:06:32.633,87752265034096,,1,cf_0V,frequency,frequency,8831.573397089549,158,158,0.0,0.1,8831.573397089549,0.099945068359375,8831.57339707452,0,Rp || Cp,Rp,Cp,54390.439533500285,4.269337853642878e-09,4.269337853642878e-09,54390.439533500285,1.678260234032854e-05,1.678260234032854e-05,1.0,325.62119167013617,-4195.789624837757,4208.40584263933,-1.4933449155895122,0.0010000000474974513,0,0.0010000000474974513,-0.05450439453125,0.040435791015625,-7.034302091923905e-06,5.4504397120069825e-05,off
1781064393.0551078,2026-06-10T12:06:33.055,87752290838896,,1,cf_0V,frequency,frequency,7917.238704927916,159,159,0.0,0.1,7917.238704927916,0.099945068359375,7917.238704848728,0,Rp || Cp,Rp,Cp,56118.604335686636,4.270882720678674e-09,4.270882720678674e-09,56118.604335686636,1.5054820967418638e-05,1.5054820967418638e-05,1.0,392.0181808034498,-4673.952816067362,4690.36386444639,-1.487119230098644,0.0010000000474974513,0,0.0010000000474974513,-0.05450439453125,0.037261962890625,-8.621216229798279e-06,5.4504397120069825e-05,off
1781064393.794656,2026-06-10T12:06:33.794,87752337860976,,1,cf_0V,frequency,frequency,7097.565279983502,160,160,0.0,0.1,7097.565279983502,0.099945068359375,7097.565280034246,0,Rp || Cp,Rp,Cp,56088.33861718304,4.266800255431103e-09,4.266800255431103e-09,56088.33861718304,1.359263281085904e-05,1.359263281085904e-05,1.0,488.14405709623173,-5209.693325705517,5232.512701215256,-1.4773699108465914,9.999999747378752e-05,0,9.999999747378752e-05,-0.236480712890625,0.22772216796875,-4.3792723503077724e-07,2.364807069166197e-05,off
1781064394.3138406,2026-06-10T12:06:34.313,87752361372016,,1,cf_0V,frequency,frequency,6362.752820913701,161,161,0.0,0.1,6362.752820913701,0.099945068359375,6362.7528208343165,0,Rp || Cp,Rp,Cp,58186.04056723262,4.2684854272599685e-09,4.2684854272599685e-09,58186.04056723262,1.2198275955089743e-05,1.2198275955089743e-05,1.0,584.2529362244511,-5801.207939316931,5830.55443750255,-1.4704224865481985,9.999999747378752e-05,0,9.999999747378752e-05,-0.2440185546875,0.23883056640625,-2.593994075095196e-07,2.440185485230728e-05,off
1781064394.7208269,2026-06-10T12:06:34.720,87752390330736,,1,cf_0V,frequency,frequency,5704.01565368052,162,162,0.0,0.1,5704.01565368052,0.099945068359375,5704.015653620331,0,Rp || Cp,Rp,Cp,57904.34311813979,4.269655439927921e-09,4.269655439927921e-09,57904.34311813979,1.0952944488896196e-05,1.0952944488896196e-05,1.0,728.2581010082881,-6452.824737869813,6493.789876439553,-1.458413056007639,9.999999747378752e-05,0,9.999999747378752e-05,-0.2440185546875,0.23883056640625,-2.593994075095196e-07,2.440185485230728e-05,off
1781064395.1223958,2026-06-10T12:06:35.122,87752414415216,,1,cf_0V,frequency,frequency,5113.477686967608,163,163,0.0,0.1,5113.477686967608,0.099945068359375,5113.477686933265,0,Rp || Cp,Rp,Cp,59336.31402972398,4.270853107406809e-09,4.270853107406809e-09,59336.31402972398,9.833333520257387e-06,9.833333520257387e-06,1.0,881.7701864587145,-7179.378387021757,7233.325147244701,-1.4485885129705678,9.999999747378752e-05,0,9.999999747378752e-05,-0.2440185546875,0.23883056640625,-2.593994075095196e-07,2.440185485230728e-05,off
1781064395.560566,2026-06-10T12:06:35.560,87752438499696,,1,cf_0V,frequency,frequency,4584.078242885572,164,164,0.0,0.1,4584.078242885572,0.099945068359375,4584.078242970691,0,Rp || Cp,Rp,Cp,59676.883927168994,4.2725902803343076e-09,4.2725902803343076e-09,59676.883927168994,8.833438546085192e-06,8.833438546085192e-06,1.0,1086.3478740193962,-7978.0764773844985,8051.698950059069,-1.4354620171973451,9.999999747378752e-05,0,9.999999747378752e-05,-0.216705322265625,0.2191162109375,1.2054443054854147e-07,2.1911620540215893e-05,off
1781064396.0154014,2026-06-10T12:06:36.015,87752465451376,,1,cf_0V,frequency,frequency,4109.487637044614,165,165,0.0,0.1,4109.487637044614,0.099945068359375,4109.487637009579,0,Rp || Cp,Rp,Cp,60835.19789184972,4.2742428945187104e-09,4.2742428945187104e-09,60835.19789184972,7.938137667694389e-06,7.938137667694389e-06,1.0,1320.2694540030911,-8864.295915281078,8962.078637506058,-1.4229408728965032,9.999999747378752e-05,0,9.999999747378752e-05,-0.213043212890625,0.20867919921875,-2.182006780815371e-07,2.1304320750870076e-05,off
1781064396.3646567,2026-06-10T12:06:36.364,87752491542896,,1,cf_0V,frequency,frequency,3684.0314986403864,166,166,0.0,0.1,3684.0314986403864,0.099945068359375,3684.0314986363865,0,Rp || Cp,Rp,Cp,60780.649583764425,4.275217532724478e-09,4.275217532724478e-09,60780.649583764425,7.132073428360675e-06,7.132073428360675e-06,1.0,1634.8224533356884,-9833.256134868858,9968.228060586624,-1.4060487654116114,9.999999747378752e-05,0,9.999999747378752e-05,-0.2042236328125,0.197021484375,-3.6010741277792135e-07,2.042236276533771e-05,off
1781064396.7793298,2026-06-10T12:06:36.779,87752513907056,,1,cf_0V,frequency,frequency,3302.622925697632,167,167,0.0,0.1,3302.622925697632,0.099945068359375,3302.6229256449824,0,Rp || Cp,Rp,Cp,61022.996617681536,4.276706858553043e-09,4.276706858553043e-09,61022.996617681536,6.414594597261711e-06,6.414594597261711e-06,1.0,2012.0950981760602,-10896.584129274053,11080.797460943473,-1.388199375121102,9.999999747378752e-05,0,9.999999747378752e-05,-0.18597412109375,0.197021484375,5.523681501085065e-07,1.9702147939781867e-05,off
1781064397.1243448,2026-06-10T12:06:37.124,87752537991536,,1,cf_0V,frequency,frequency,2960.70166429603,168,168,0.0,0.1,2960.70166429603,0.099945068359375,2960.701664207477,0,Rp || Cp,Rp,Cp,60272.13980666528,4.278167597001753e-09,4.278167597001753e-09,60272.13980666528,5.781092687420749e-06,5.781092687420749e-06,1.0,2510.3972232297842,-12041.798793800286,12300.691541891854,-1.3652665031996627,9.999999747378752e-05,0,9.999999747378752e-05,-0.18414306640625,0.175445556640625,-4.3487547729537113e-07,1.8414306175440487e-05,off
1781064397.583051,2026-06-10T12:06:37.583,87752563222896,,1,cf_0V,frequency,frequency,2654.1795845838647,169,169,0.0,0.1,2654.1795845838647,0.099945068359375,2654.179584595795,0,Rp || Cp,Rp,Cp,61625.460210534235,4.280103563126639e-09,4.280103563126639e-09,61625.460210534235,5.209093286442838e-06,5.209093286442838e-06,1.0,3028.4884462057234,-13321.420794003614,13661.332081452138,-1.3472559976418474,9.999999747378752e-05,0,9.999999747378752e-05,-0.162139892578125,0.15960693359375,-1.266479460193537e-07,1.621398884821268e-05,off
1781064398.0001047,2026-06-10T12:06:38.000,87752586160496,,1,cf_0V,frequency,frequency,2379.391801671713,170,170,0.0,0.1,2379.391801671713,0.099945068359375,2379.391801667907,0,Rp || Cp,Rp,Cp,61877.75479828305,4.28189869306715e-09,4.28189869306715e-09,61877.75479828305,4.693298217945928e-06,4.693298217945928e-06,1.0,3707.389875564175,-14685.37442397576,15146.120350168787,-1.3235088183437635,9.999999747378752e-05,0,9.999999747378752e-05,-0.152557373046875,0.14971923828125,-1.4190673469638426e-07,1.525573691929516e-05,off
1781064398.4647844,2026-06-10T12:06:38.464,87752611678576,,1,cf_0V,frequency,frequency,2133.052856990533,171,171,0.0,0.1,2133.052856990533,0.099945068359375,2133.0528569052376,0,Rp || Cp,Rp,Cp,63483.38388083006,4.2826238086777006e-09,4.2826238086777006e-09,63483.38388083006,4.235186890064413e-06,4.235186890064413e-06,1.0,4446.520640650553,-16202.118100937361,16801.19569448715,-1.3029501665306358,9.999999747378752e-05,0,9.999999747378752e-05,-0.143035888671875,0.1396484375,-1.6937255431503928e-07,1.4303588505848452e-05,off
1781064398.90159,2026-06-10T12:06:38.901,87752642070896,,1,cf_0V,frequency,frequency,1912.21743620315,172,172,0.0,0.1,1912.21743620315,0.099945068359375,1912.2174361285715,0,Rp || Cp,Rp,Cp,62581.43416825556,4.284326432168631e-09,4.284326432168631e-09,62581.43416825556,3.828919135282545e-06,3.828919135282545e-06,1.0,5500.482542658152,-17719.27701501709,18553.384762274512,-1.2698042017089377,9.999999747378752e-05,0,9.999999747378752e-05,-0.133514404296875,0.1396484375,3.067016524083144e-07,1.3964843397218374e-05,off
1781064399.2794952,2026-06-10T12:06:39.279,87752665581936,,1,cf_0V,frequency,frequency,1714.2451539988147,173,173,0.0,0.1,1714.2451539988147,0.099945068359375,1714.2451539342574,0,Rp || Cp,Rp,Cp,62853.05841799313,4.286894294068593e-09,4.286894294068593e-09,62853.05841799313,3.4657867014146348e-06,3.4657867014146348e-06,1.0,6670.488273203854,-19358.85263411212,20475.853806672385,-1.2389667012316383,9.999999747378752e-05,0,9.999999747378752e-05,-0.12396240234375,0.132537841796875,4.287719618245589e-07,1.325378384486875e-05,off
1781064399.6851153,2026-06-10T12:06:39.685,87752688519536,,1,cf_0V,frequency,frequency,1536.7689847255556,174,174,0.0,0.1,1536.7689847255556,0.099945068359375,1536.7689847067822,0,Rp || Cp,Rp,Cp,63754.12626781358,4.2865343324828675e-09,4.2865343324828675e-09,63754.12626781358,3.144876969219167e-06,3.144876969219167e-06,1.0,8006.138132105768,-21126.43116102363,22592.57270413948,-1.2085556810881513,9.999999747378752e-05,0,9.999999747378752e-05,-0.1220703125,0.122711181640625,3.204345622176419e-08,1.2271117854067981e-05,off
1781064400.1399121,2026-06-10T12:06:40.139,87752715757936,,1,cf_0V,frequency,frequency,1377.6669614059458,175,175,0.0,0.1,1377.6669614059458,0.099945068359375,1377.6669614173898,0,Rp || Cp,Rp,Cp,65166.6454418288,4.288693760352564e-09,4.288693760352564e-09,65166.6454418288,2.864105112732821e-06,2.864105112732821e-06,1.0,9509.765911454537,-23006.170817758546,24894.16685463781,-1.178828433702694,9.999999747378752e-05,0,9.999999747378752e-05,-0.1141357421875,0.116729736328125,1.296997037547598e-07,1.1672973337928383e-05,off
1781064400.5887964,2026-06-10T12:06:40.588,87752739842416,,1,cf_0V,frequency,frequency,1235.0368047598533,176,176,0.0,0.1,1235.0368047598533,0.099945068359375,1235.036804771994,0,Rp || Cp,Rp,Cp,63918.74926203834,4.292077182347649e-09,4.292077182347649e-09,63918.74926203834,2.618037547672297e-06,2.618037547672297e-06,1.0,11553.902918824308,-24597.120786967058,27175.559307330983,-1.1316600290035257,9.999999747378752e-05,0,9.999999747378752e-05,-0.113433837890625,0.11016845703125,-1.6326903884422705e-07,1.1343383502504523e-05,off
1781064400.9481316,2026-06-10T12:06:40.948,87752765647216,,1,cf_0V,frequency,frequency,1107.1731788899117,177,177,0.0,0.1,1107.1731788899117,0.099945068359375,1107.1731789513706,0,Rp || Cp,Rp,Cp,63641.186955061814,4.292535796073674e-09,4.292535796073674e-09,63641.186955061814,2.3958018117879256e-06,2.3958018117879256e-06,1.0,13800.34957540467,-26226.3413187994,29635.631043956808,-1.0864076180941697,9.999999747378752e-05,0,9.999999747378752e-05,-0.10906982421875,0.1099853515625,4.57763660310917e-08,1.0998534878403632e-05,off
1781064401.3905504,2026-06-10T12:06:41.390,87752789158256,,1,cf_0V,frequency,frequency,992.547301690778,178,178,0.0,0.1,992.547301690778,0.099945068359375,992.5473017347031,0,Rp || Cp,Rp,Cp,63635.4354985763,4.293590710675983e-09,4.293590710675983e-09,63635.4354985763,2.2109786489744827e-06,2.2109786489744827e-06,1.0,16302.716142829917,-27778.622858683342,32209.16704229794,-1.040079800013755,9.999999747378752e-05,0,9.999999747378752e-05,-0.107574462890625,0.10845947265625,4.425048716338864e-08,1.0845946991633326e-05,off
1781064401.8438501,2026-06-10T12:06:41.843,87752819263856,,1,cf_0V,frequency,frequency,889.7886661970878,179,179,0.0,0.1,889.7886661970878,0.099945068359375,889.7886662140309,0,Rp || Cp,Rp,Cp,64713.675356345084,4.296736503483574e-09,4.296736503483574e-09,64713.675356345084,2.0355780373058038e-06,2.0355780373058038e-06,1.0,18941.010564342472,-29444.533064448962,35010.60423046082,-0.9991613481975301,9.999999747378752e-05,0,9.999999747378752e-05,-0.105743408203125,0.10845947265625,1.3580321922557204e-07,1.0845946991633326e-05,off
1781064402.292856,2026-06-10T12:06:42.292,87752844208496,,1,cf_0V,frequency,frequency,797.6686543241938,180,180,0.0,0.1,797.6686543241938,0.099945068359375,797.6686543287315,0,Rp || Cp,Rp,Cp,63772.13168761435,4.2969984201906605e-09,4.2969984201906605e-09,63772.13168761435,1.887403556795229e-06,1.887403556795229e-06,1.0,22095.22512624385,-30345.68557536492,37537.4427261409,-0.9414477265304447,9.999999747378752e-05,0,9.999999747378752e-05,-0.10015869140625,0.097564697265625,-1.296997037547598e-07,1.0015868887602863e-05,off
1781064402.790317,2026-06-10T12:06:42.790,87752873453936,,1,cf_0V,frequency,frequency,715.0858470818457,181,181,0.0,0.1,715.0858470818457,0.099945068359375,715.0858471760557,0,Rp || Cp,Rp,Cp,64234.09599514354,4.293553666728417e-09,4.293553666728417e-09,64234.09599514354,1.7672278770898943e-06,1.7672278770898943e-06,1.0,25334.204210821437,-31392.639300365798,40340.05088294354,-0.8917950007631553,9.999999747378752e-05,0,9.999999747378752e-05,-0.09991455078125,0.095733642578125,-2.0904540487531875e-07,9.991454825719615e-06,off
1781064403.2438269,2026-06-10T12:06:43.243,87752900692336,,1,cf_0V,frequency,frequency,641.0528556246055,182,182,0.0,0.1,641.0528556246055,0.099945068359375,641.0528555989004,0,Rp || Cp,Rp,Cp,63844.882598983226,4.3005235439906894e-09,4.3005235439906894e-09,63844.882598983226,1.6494859344387913e-06,1.6494859344387913e-06,1.0,28719.570187053894,-31761.358207050904,42820.527634368475,-0.8356491653664591,9.999999747378752e-05,0,9.999999747378752e-05,-0.0992431640625,0.097198486328125,-1.0223388413610479e-07,9.92431615554068e-06,off
1781064403.744106,2026-06-10T12:06:43.744,87752927930736,,1,cf_0V,frequency,frequency,574.6845156864445,183,183,0.0,0.1,574.6845156864445,0.099945068359375,574.6845156551217,0,Rp || Cp,Rp,Cp,65553.83108105043,4.301757787955361e-09,4.301757787955361e-09,65553.83108105043,1.5525264639597721e-06,1.5525264639597721e-06,1.0,32184.271535719992,-32771.55726288105,45932.58429175575,-0.7944392261657571,9.999999747378752e-05,0,9.999999747378752e-05,-0.0955810546875,0.097198486328125,8.0871579988262e-08,9.71984838726847e-06,off
1781064404.1483157,2026-06-10T12:06:44.148,87752957749616,,1,cf_0V,frequency,frequency,515.1873042480629,184,184,0.0,0.1,515.1873042480629,0.099945068359375,515.1873042308353,0,Rp || Cp,Rp,Cp,64534.7661968139,4.298273968991913e-09,4.298273968991913e-09,64534.7661968139,1.474014274092873e-06,1.474014274092873e-06,1.0,35728.737804434284,-32081.1944231885,48018.181355778484,-0.7316592585627522,9.999999747378752e-05,0,9.999999747378752e-05,-0.0955810546875,0.097198486328125,8.0871579988262e-08,9.71984838726847e-06,off
1781064404.5531042,2026-06-10T12:06:44.553,87752980973936,,1,cf_0V,frequency,frequency,461.8498518989187,185,185,0.0,0.1,461.8498518989187,0.099945068359375,461.8498518027536,0,Rp || Cp,Rp,Cp,65397.44319615947,4.307293190975338e-09,4.307293190975338e-09,65397.44319615947,1.4185521111682122e-06,1.4185521111682122e-06,1.0,39202.93155890979,-32045.306160718224,50633.699151323424,-0.6852737048944069,9.999999747378752e-05,0,9.999999747378752e-05,-0.092926025390625,0.097198486328125,2.1362304147842792e-07,9.71984838726847e-06,off
1781064404.958308,2026-06-10T12:06:44.958,87753007925616,,1,cf_0V,frequency,frequency,414.03443745645274,186,186,0.0,0.1,414.03443745645274,0.099945068359375,414.0344374548022,0,Rp || Cp,Rp,Cp,65130.17663587752,4.292308683386498e-09,4.292308683386498e-09,65130.17663587752,1.344497105541514e-06,1.344497105541514e-06,1.0,42599.18306751567,-30980.67009784754,52673.44983700401,-0.628787781174746,9.999999747378752e-05,0,9.999999747378752e-05,-0.097015380859375,0.0946044921875,-1.2054443054854147e-07,9.701537840856034e-06,off
1781064405.4134548,2026-06-10T12:06:45.413,87753032010096,,1,cf_0V,frequency,frequency,371.1693631492158,187,187,0.0,0.1,371.1693631492158,0.099945068359375,371.1693631913704,0,Rp || Cp,Rp,Cp,64003.882357896175,4.3006570387664015e-09,4.3006570387664015e-09,64003.882357896175,1.326881257566743e-06,1.326881257566743e-06,1.0,45325.81735618882,-29096.366832207943,53861.194582379976,-0.5706868754480668,9.999999747378752e-05,0,9.999999747378752e-05,-0.097015380859375,0.0946044921875,-1.2054443054854147e-07,9.701537840856034e-06,off
1781064405.857222,2026-06-10T12:06:45.857,87753056094576,,1,cf_0V,frequency,frequency,332.7421191989247,188,188,0.0,0.1,332.7421191989247,0.099945068359375,332.74211929779085,0,Rp || Cp,Rp,Cp,64009.17988863251,4.311925755644095e-09,4.311925755644095e-09,64009.17988863251,1.2793671819677532e-06,1.2793671819677532e-06,1.0,48020.04598365533,-27709.185216383157,55441.173883930336,-0.5233613225381794,9.999999747378752e-05,0,9.999999747378752e-05,-0.097015380859375,0.096343994140625,-3.3569335089467245e-08,9.701537840856034e-06,off
1781064406.3054185,2026-06-10T12:06:46.305,87753087347056,,1,cf_0V,frequency,frequency,298.2932560748046,189,189,0.0,0.1,298.2932560748046,0.099945068359375,298.2932561224061,0,Rp || Cp,Rp,Cp,64169.925170054645,4.308075479604641e-09,4.308075479604641e-09,64169.925170054645,1.2537561473445658e-06,1.2537561473445658e-06,1.0,50588.92559577504,-26211.603861257394,56976.20178560823,-0.47804562470458906,9.999999747378752e-05,0,9.999999747378752e-05,-0.098663330078125,0.096343994140625,-1.159667939454323e-07,9.866332758567964e-06,off
1781064406.7653112,2026-06-10T12:06:46.765,87753110284656,,1,cf_0V,frequency,frequency,267.41089115476336,190,190,0.0,0.1,267.41089115476336,0.099945068359375,267.4108910838413,0,Rp || Cp,Rp,Cp,64763.3580587113,4.332641918674069e-09,4.332641918674069e-09,64763.3580587113,1.2294640004731127e-06,1.2294640004731127e-06,1.0,52986.10009271653,-24980.611870087214,58579.49959191626,-0.4405527361988898,9.999999747378752e-05,0,9.999999747378752e-05,-0.098663330078125,0.096343994140625,-1.159667939454323e-07,9.866332758567964e-06,off
1781064407.1672735,2026-06-10T12:06:47.167,87753140390256,,1,cf_0V,frequency,frequency,239.7257841131082,191,191,0.0,0.1,239.7257841131082,0.099945068359375,239.72578418351986,0,Rp || Cp,Rp,Cp,63571.741470415305,4.317097223352092e-09,4.317097223352092e-09,63571.741470415305,1.2067290310397095e-06,1.2067290310397095e-06,1.0,54293.80513215301,-22444.02966443714,58749.90845359964,-0.3919882708276988,9.999999747378752e-05,0,9.999999747378752e-05,-0.098663330078125,0.09405517578125,-2.3040770902316154e-07,9.866332758567964e-06,off
1781064407.6725912,2026-06-10T12:06:47.672,87753164474736,,1,cf_0V,frequency,frequency,214.90692215443403,192,192,0.0,0.1,214.90692215443403,0.099945068359375,214.9069221246691,0,Rp || Cp,Rp,Cp,64021.965202977444,4.307332207924931e-09,4.307332207924931e-09,64021.965202977444,1.19507256307507e-06,1.19507256307507e-06,1.0,56225.959316567685,-20936.520957432193,59997.470037238425,-0.35645762246582874,9.999999747378752e-05,0,9.999999747378752e-05,-0.091064453125,0.09405517578125,1.4953612903489955e-07,9.40551734052164e-06,off
1781064408.0742643,2026-06-10T12:06:48.074,87753191713136,,1,cf_0V,frequency,frequency,192.65756230919578,193,193,0.0,0.1,192.65756230919578,0.099945068359375,192.65756222353048,0,Rp || Cp,Rp,Cp,63198.4971905334,4.3356405451464726e-09,4.3356405451464726e-09,63198.4971905334,1.1777529594224273e-06,1.1777529594224273e-06,1.0,56934.81372499473,-18884.428806367803,59984.9536570849,-0.3202664024840308,9.999999747378752e-05,0,9.999999747378752e-05,-0.091064453125,0.09405517578125,1.4953612903489955e-07,9.40551734052164e-06,off
1781064408.4757588,2026-06-10T12:06:48.475,87753216944496,,1,cf_0V,frequency,frequency,172.71168347127087,194,194,0.0,0.1,172.71168347127087,0.099945068359375,172.7116834615572,0,Rp || Cp,Rp,Cp,62659.74208089474,4.390526957355973e-09,4.390526957355973e-09,62659.74208089474,1.1761979196981206e-06,1.1761979196981206e-06,1.0,57532.03282043507,-17175.783460046718,60041.17202318783,-0.29011952644642797,9.999999747378752e-05,0,9.999999747378752e-05,-0.09381103515625,0.093597412109375,-1.0681152073921396e-08,9.381103278638392e-06,off
1781064408.9250348,2026-06-10T12:06:48.925,87753243036016,,1,cf_0V,frequency,frequency,154.83080575683516,195,195,0.0,0.1,154.83080575683516,0.099945068359375,154.83080566980334,0,Rp || Cp,Rp,Cp,64245.76611219244,4.3396701408339415e-09,4.3396701408339415e-09,64245.76611219244,1.1184129354784669e-06,1.1184129354784669e-06,1.0,59843.33341483923,-16231.33536540042,62005.490095181995,-0.2648583412874159,9.999999747378752e-05,0,9.999999747378752e-05,-0.095123291015625,0.09613037109375,5.035400263420087e-08,9.613036866529256e-06,off
1781064409.3185856,2026-06-10T12:06:49.318,87753268267376,,1,cf_0V,frequency,frequency,138.8011391556985,196,196,0.0,0.1,138.8011391556985,0.099945068359375,138.80113911568515,0,Rp || Cp,Rp,Cp,64916.51483225214,4.392016063826393e-09,4.392016063826393e-09,64916.51483225214,1.1281749262510417e-06,1.1281749262510417e-06,1.0,61136.572976857315,-15201.733160749254,62998.20034290839,-0.24370958646379529,9.999999747378752e-05,0,9.999999747378752e-05,-0.095123291015625,0.09613037109375,5.035400263420087e-08,9.613036866529256e-06,off
1781064409.7790678,2026-06-10T12:06:49.779,87753291204976,,1,cf_0V,frequency,frequency,124.43102738338021,197,197,0.0,0.1,124.43102738338021,0.099945068359375,124.43102740178347,0,Rp || Cp,Rp,Cp,64682.97648565902,4.424817271388125e-09,4.424817271388125e-09,64682.97648565902,1.1309556849185744e-06,1.1309556849185744e-06,1.0,61598.65922594253,-13783.679038122174,63121.98211605655,-0.2201394923014803,9.999999747378752e-05,0,9.999999747378752e-05,-0.095123291015625,0.09613037109375,5.035400263420087e-08,9.613036866529256e-06,off
1781064410.1756177,2026-06-10T12:06:50.175,87753319303536,,1,cf_0V,frequency,frequency,111.54865637172875,198,198,0.0,0.1,111.54865637172875,0.099945068359375,111.54865639184663,0,Rp || Cp,Rp,Cp,65164.702445652205,4.4336985825343925e-09,4.4336985825343925e-09,65164.702445652205,1.1056157694982754e-06,1.1056157694982754e-06,1.0,62597.826722788675,-12675.994703325816,63868.37051416781,-0.19979724557548809,9.999999747378752e-05,0,9.999999747378752e-05,-0.096405029296875,0.093414306640625,-1.4953612903489955e-07,9.640502686147912e-06,off
1781064410.586468,2026-06-10T12:06:50.586,87753343674736,,1,cf_0V,frequency,frequency,100.0,199,199,0.0,0.1,100.0,0.099945068359375,99.99999996068709,0,Rp || Cp,Rp,Cp,64752.24893379951,4.384041741966057e-09,4.384041741966057e-09,64752.24893379951,1.1097776819698461e-06,1.1097776819698461e-06,1.0,62755.73550911334,-11193.420764895734,63746.176416392125,-0.1765087068339819,9.999999747378752e-05,0,9.999999747378752e-05,-0.096405029296875,0.093414306640625,-1.4953612903489955e-07,9.640502686147912e-06,off
1781064411.0119905,2026-06-10T12:06:51.011,87753366325616,,1,cf_0V,frequency,frequency,0.0,200,200,0.0,0.1,0.0,0.099945068359375,0.0,0,Rp || Cp,Rp,Cp,108.61696845122093,nan,nan,108.61696845122093,8.423847607863666e-08,8.423847607863666e-08,1.0,-108.61696845029894,-0.0004475333132156692,108.61696845122091,-3.1415885333006743,9.999999747378752e-05,0,9.999999747378752e-05,-0.096405029296875,0.999969482421875,4.51782215149521e-05,9.999694571605211e-05,off
